firm_key,stock_code,firm_name,prior_primary_status,prior_selection_status,http_status,irgo_url,date,canonical_keyword_hits,report_window
000100::2024,000100,유한양행,SECONDARY_SUMMARY_ONLY,SECONDARY_HUMAN_REPORT_NO_ACTION,200,https://m.irgo.co.kr/IR-COMP/000100,,,
000670::2024,000670,영풍,PRIMARY_TEXT_REVIEW_PENDING,PRIMARY_UNAVAILABLE_AFTER_PASS2,200,https://m.irgo.co.kr/IR-COMP/000670,,,
000990::2024,000990,DB하이텍,PRIMARY_DOCUMENT_IDENTIFIED,IR_MANAGEMENT_PLAN,200,https://m.irgo.co.kr/IR-COMP/000990,2024-05-31,,"미래에셋증권 김영건 I 2024-05-31 매수 가동률 바닥, ASP 하락 둔화세 흥국증권 이의진 I 2024-05-10 N/R 1Q24 Review: 핵심은 최종 수요 유진투자증권 임소정 I 2024-05-03 N/R 2024년 1분기 경영실적 해당기업 IR팀 I 2024-05-02 매수 슬로우 스타터 흥국증권 이의진 I 2024-04-08 N/R 회복을 기다리는 구간 대신증권 신석환 I 2024-02-26 N/R 4Q23 Review: 회복에 대한 시선을 장기적으로 유진투자증권 임소정 I 2024-02-13 N/R 8인치 업황 반등 기다리기 흥국증권 이의진 I 2024-02-08 N/R 2023년 4분기 경영실적 해당기업 IR팀 I 2024-02-05 매수 소재가 끌고 장비가 민다 미래에셋증권 김영건 I 2023-11-30 매수 수요 회복을 기다리며 유진투자증권 이승우,임소정 I 2023-11-28 N/R 견조한 수익성 유지 흥국증권 이의진 I 2023-11-2"
000990::2024,000990,DB하이텍,PRIMARY_DOCUMENT_IDENTIFIED,IR_MANAGEMENT_PLAN,200,https://m.irgo.co.kr/IR-COMP/000990,2024-07-19,,"국증권 이의진 I 2024-07-19 매수 최악을 반영한 것이 최대 장점 미래에셋증권 김영건 I 2024-05-31 매수 가동률 바닥, ASP 하락 둔화세 흥국증권 이의진 I 2024-05-10 N/R 1Q24 Review: 핵심은 최종 수요 유진투자증권 임소정 I 2024-05-03 N/R 2024년 1분기 경영실적 해당기업 IR팀 I 2024-05-02 매수 슬로우 스타터 흥국증권 이의진 I 2024-04-08 N/R 회복을 기다리는 구간 대신증권 신석환 I 2024-02-26 N/R 4Q23 Review: 회복에 대한 시선을 장기적으로 유진투자증권 임소정 I 2024-02-13 N/R 8인치 업황 반등 기다리기 흥국증권 이의진 I 2024-02-08 N/R 2023년 4분기 경영실적 해당기업 IR팀 I 2024-02-05 매수 소재가 끌고 장비가 민다 미래에셋증권 김영건 I 2023-11-30 매수 수요 회복을 기다리며 유진투자증권 이승우,임소정 I 2023-"
000990::2024,000990,DB하이텍,PRIMARY_DOCUMENT_IDENTIFIED,IR_MANAGEMENT_PLAN,200,https://m.irgo.co.kr/IR-COMP/000990,2024-08-01,,"경영실적 해당기업 IR팀 I 2024-08-01 매수 가동률 반등 시작 흥국증권 이의진 I 2024-07-19 매수 최악을 반영한 것이 최대 장점 미래에셋증권 김영건 I 2024-05-31 매수 가동률 바닥, ASP 하락 둔화세 흥국증권 이의진 I 2024-05-10 N/R 1Q24 Review: 핵심은 최종 수요 유진투자증권 임소정 I 2024-05-03 N/R 2024년 1분기 경영실적 해당기업 IR팀 I 2024-05-02 매수 슬로우 스타터 흥국증권 이의진 I 2024-04-08 N/R 회복을 기다리는 구간 대신증권 신석환 I 2024-02-26 N/R 4Q23 Review: 회복에 대한 시선을 장기적으로 유진투자증권 임소정 I 2024-02-13 N/R 8인치 업황 반등 기다리기 흥국증권 이의진 I 2024-02-08 N/R 2023년 4분기 경영실적 해당기업 IR팀 I 2024-02-05 매수 소재가 끌고 장비가 민다 미래에셋증권 김영건 I 2023-11"
000990::2024,000990,DB하이텍,PRIMARY_DOCUMENT_IDENTIFIED,IR_MANAGEMENT_PLAN,200,https://m.irgo.co.kr/IR-COMP/000990,2024-10-31,,"4 Preview: 안정적인 하반기 유진투자증권 임소정 I 2024-10-31 N/R 2024년 2분기 경영실적 해당기업 IR팀 I 2024-08-01 매수 가동률 반등 시작 흥국증권 이의진 I 2024-07-19 매수 최악을 반영한 것이 최대 장점 미래에셋증권 김영건 I 2024-05-31 매수 가동률 바닥, ASP 하락 둔화세 흥국증권 이의진 I 2024-05-10 N/R 1Q24 Review: 핵심은 최종 수요 유진투자증권 임소정 I 2024-05-03 N/R 2024년 1분기 경영실적 해당기업 IR팀 I 2024-05-02 매수 슬로우 스타터 흥국증권 이의진 I 2024-04-08 N/R 회복을 기다리는 구간 대신증권 신석환 I 2024-02-26 N/R 4Q23 Review: 회복에 대한 시선을 장기적으로 유진투자증권 임소정 I 2024-02-13 N/R 8인치 업황 반등 기다리기 흥국증권 이의진 I 2024-02-08 N/R 2023년 4분기 경영실적 해"
000990::2024,000990,DB하이텍,PRIMARY_DOCUMENT_IDENTIFIED,IR_MANAGEMENT_PLAN,200,https://m.irgo.co.kr/IR-COMP/000990,2024-11-05,,"3분기 실적발표 해당기업 IR팀 I 2024-11-05 매수 3Q24 Preview: 안정적인 하반기 유진투자증권 임소정 I 2024-10-31 N/R 2024년 2분기 경영실적 해당기업 IR팀 I 2024-08-01 매수 가동률 반등 시작 흥국증권 이의진 I 2024-07-19 매수 최악을 반영한 것이 최대 장점 미래에셋증권 김영건 I 2024-05-31 매수 가동률 바닥, ASP 하락 둔화세 흥국증권 이의진 I 2024-05-10 N/R 1Q24 Review: 핵심은 최종 수요 유진투자증권 임소정 I 2024-05-03 N/R 2024년 1분기 경영실적 해당기업 IR팀 I 2024-05-02 매수 슬로우 스타터 흥국증권 이의진 I 2024-04-08 N/R 회복을 기다리는 구간 대신증권 신석환 I 2024-02-26 N/R 4Q23 Review: 회복에 대한 시선을 장기적으로 유진투자증권 임소정 I 2024-02-13 N/R 8인치 업황 반등 기다리기 흥국증권"
000990::2024,000990,DB하이텍,PRIMARY_DOCUMENT_IDENTIFIED,IR_MANAGEMENT_PLAN,200,https://m.irgo.co.kr/IR-COMP/000990,2024-11-05,,"s 해당기업 IR팀 I 2024-11-05 N/R 2024년 3분기 실적발표 해당기업 IR팀 I 2024-11-05 매수 3Q24 Preview: 안정적인 하반기 유진투자증권 임소정 I 2024-10-31 N/R 2024년 2분기 경영실적 해당기업 IR팀 I 2024-08-01 매수 가동률 반등 시작 흥국증권 이의진 I 2024-07-19 매수 최악을 반영한 것이 최대 장점 미래에셋증권 김영건 I 2024-05-31 매수 가동률 바닥, ASP 하락 둔화세 흥국증권 이의진 I 2024-05-10 N/R 1Q24 Review: 핵심은 최종 수요 유진투자증권 임소정 I 2024-05-03 N/R 2024년 1분기 경영실적 해당기업 IR팀 I 2024-05-02 매수 슬로우 스타터 흥국증권 이의진 I 2024-04-08 N/R 회복을 기다리는 구간 대신증권 신석환 I 2024-02-26 N/R 4Q23 Review: 회복에 대한 시선을 장기적으로 유진투자증권 임소정 I 2"
000990::2024,000990,DB하이텍,PRIMARY_DOCUMENT_IDENTIFIED,IR_MANAGEMENT_PLAN,200,https://m.irgo.co.kr/IR-COMP/000990,2024-11-08,,"투자증권 임소정 I 2024-11-08 N/R 2024.3Q Earnings 해당기업 IR팀 I 2024-11-05 N/R 2024년 3분기 실적발표 해당기업 IR팀 I 2024-11-05 매수 3Q24 Preview: 안정적인 하반기 유진투자증권 임소정 I 2024-10-31 N/R 2024년 2분기 경영실적 해당기업 IR팀 I 2024-08-01 매수 가동률 반등 시작 흥국증권 이의진 I 2024-07-19 매수 최악을 반영한 것이 최대 장점 미래에셋증권 김영건 I 2024-05-31 매수 가동률 바닥, ASP 하락 둔화세 흥국증권 이의진 I 2024-05-10 N/R 1Q24 Review: 핵심은 최종 수요 유진투자증권 임소정 I 2024-05-03 N/R 2024년 1분기 경영실적 해당기업 IR팀 I 2024-05-02 매수 슬로우 스타터 흥국증권 이의진 I 2024-04-08 N/R 회복을 기다리는 구간 대신증권 신석환 I 2024-02-26 N/R 4Q2"
000990::2024,000990,DB하이텍,PRIMARY_DOCUMENT_IDENTIFIED,IR_MANAGEMENT_PLAN,200,https://m.irgo.co.kr/IR-COMP/000990,2024-11-12,,"개선세 흥국증권 이의진 I 2024-11-12 매수 3Q24 Review: 내년을 향해 유진투자증권 임소정 I 2024-11-08 N/R 2024.3Q Earnings 해당기업 IR팀 I 2024-11-05 N/R 2024년 3분기 실적발표 해당기업 IR팀 I 2024-11-05 매수 3Q24 Preview: 안정적인 하반기 유진투자증권 임소정 I 2024-10-31 N/R 2024년 2분기 경영실적 해당기업 IR팀 I 2024-08-01 매수 가동률 반등 시작 흥국증권 이의진 I 2024-07-19 매수 최악을 반영한 것이 최대 장점 미래에셋증권 김영건 I 2024-05-31 매수 가동률 바닥, ASP 하락 둔화세 흥국증권 이의진 I 2024-05-10 N/R 1Q24 Review: 핵심은 최종 수요 유진투자증권 임소정 I 2024-05-03 N/R 2024년 1분기 경영실적 해당기업 IR팀 I 2024-05-02 매수 슬로우 스타터 흥국증권 이의진 I 2024-"
000990::2024,000990,DB하이텍,PRIMARY_DOCUMENT_IDENTIFIED,IR_MANAGEMENT_PLAN,200,https://m.irgo.co.kr/IR-COMP/000990,2024-11-13,,"유지 DS투자증권 이수림,김진형 I 2024-11-13 매수 예상보다 지연되는 개선세 흥국증권 이의진 I 2024-11-12 매수 3Q24 Review: 내년을 향해 유진투자증권 임소정 I 2024-11-08 N/R 2024.3Q Earnings 해당기업 IR팀 I 2024-11-05 N/R 2024년 3분기 실적발표 해당기업 IR팀 I 2024-11-05 매수 3Q24 Preview: 안정적인 하반기 유진투자증권 임소정 I 2024-10-31 N/R 2024년 2분기 경영실적 해당기업 IR팀 I 2024-08-01 매수 가동률 반등 시작 흥국증권 이의진 I 2024-07-19 매수 최악을 반영한 것이 최대 장점 미래에셋증권 김영건 I 2024-05-31 매수 가동률 바닥, ASP 하락 둔화세 흥국증권 이의진 I 2024-05-10 N/R 1Q24 Review: 핵심은 최종 수요 유진투자증권 임소정 I 2024-05-03 N/R 2024년 1분기 경영실적 해당기업"
000990::2024,000990,DB하이텍,PRIMARY_DOCUMENT_IDENTIFIED,IR_MANAGEMENT_PLAN,200,https://m.irgo.co.kr/IR-COMP/000990,2024-11-29,"{""CX"": [""보수적""]}","04-28 매수 1Q25 Preview: 무풍을 넘어선 훈풍 유진투자증권 임소정 I 2025-04-18 매수 사실상 중국 내수주 DS투자증권 이수림,김진형 I 2025-04-03 N/R 2024.4Q Earnings 해당기업 IR팀 I 2025-02-06 N/R 2024년 4분기 실적발표 해당기업 IR팀 I 2025-02-06 매수 회복에 시간이 조금 더 필요 미래에셋증권 김영건 I 2024-11-29 매수 3Q24 NDR 후기: 아직은 보수적 관점 유지 DS투자증권 이수림,김진형 I 2024-11-13 매수 예상보다 지연되는 개선세 흥국증권 이의진 I 2024-11-12 매수 3Q24 Review: 내년을 향해 유진투자증권 임소정 I 2024-11-08 N/R 2024.3Q Earnings 해당기업 IR팀 I 2024-11-05 N/R 2024년 3분기 실적발표 해당기업 IR팀 I 2024-11-05 매수 3Q24 Preview: 안정적인 하반기 유진투자증권 임소"
000990::2024,000990,DB하이텍,PRIMARY_DOCUMENT_IDENTIFIED,IR_MANAGEMENT_PLAN,200,https://m.irgo.co.kr/IR-COMP/000990,2024-11-29,"{""CX"": [""보수적""]}","2025-04-28 N/R 2025년 1분기 실적발표 해당기업 IR팀 I 2025-04-28 매수 1Q25 Preview: 무풍을 넘어선 훈풍 유진투자증권 임소정 I 2025-04-18 매수 사실상 중국 내수주 DS투자증권 이수림,김진형 I 2025-04-03 N/R 2024.4Q Earnings 해당기업 IR팀 I 2025-02-06 N/R 2024년 4분기 실적발표 해당기업 IR팀 I 2025-02-06 매수 회복에 시간이 조금 더 필요 미래에셋증권 김영건 I 2024-11-29 매수 3Q24 NDR 후기: 아직은 보수적 관점 유지 DS투자증권 이수림,김진형 I 2024-11-13 매수 예상보다 지연되는 개선세 흥국증권 이의진 I 2024-11-12 매수 3Q24 Review: 내년을 향해 유진투자증권 임소정 I 2024-11-08 N/R 2024.3Q Earnings 해당기업 IR팀 I 2024-11-05 N/R 2024년 3분기 실적발표 해당기업 IR팀 I"
000990::2024,000990,DB하이텍,PRIMARY_DOCUMENT_IDENTIFIED,IR_MANAGEMENT_PLAN,200,https://m.irgo.co.kr/IR-COMP/000990,2024-11-29,"{""CX"": [""보수적""]}","25-02-06 N/R 2024년 4분기 실적발표 해당기업 IR팀 I 2025-02-06 매수 회복에 시간이 조금 더 필요 미래에셋증권 김영건 I 2024-11-29 매수 3Q24 NDR 후기: 아직은 보수적 관점 유지 DS투자증권 이수림,김진형 I 2024-11-13 매수 예상보다 지연되는 개선세 흥국증권 이의진 I 2024-11-12 매수 3Q24 Review: 내년을 향해 유진투자증권 임소정 I 2024-11-08 N/R 2024.3Q Earnings 해당기업 IR팀 I 2024-11-05 N/R 2024년 3분기 실적발표 해당기업 IR팀 I 2024-11-05 매수 3Q24 Preview: 안정적인 하반기 유진투자증권 임소정 I 2024-10-31 N/R 2024년 2분기 경영실적 해당기업 IR팀 I 2024-08-01 매수 가동률 반등 시작 흥국증권 이의진 I 2024-07-19 매수 최악을 반영한 것이 최대 장점 미래에셋증권 김영건 I 2024-05-31"
000990::2024,000990,DB하이텍,PRIMARY_DOCUMENT_IDENTIFIED,IR_MANAGEMENT_PLAN,200,https://m.irgo.co.kr/IR-COMP/000990,2024-11-29,"{""CX"": [""보수적""]}","25-02-06 매수 회복에 시간이 조금 더 필요 미래에셋증권 김영건 I 2024-11-29 매수 3Q24 NDR 후기: 아직은 보수적 관점 유지 DS투자증권 이수림,김진형 I 2024-11-13 매수 예상보다 지연되는 개선세 흥국증권 이의진 I 2024-11-12 매수 3Q24 Review: 내년을 향해 유진투자증권 임소정 I 2024-11-08 N/R 2024.3Q Earnings 해당기업 IR팀 I 2024-11-05 N/R 2024년 3분기 실적발표 해당기업 IR팀 I 2024-11-05 매수 3Q24 Preview: 안정적인 하반기 유진투자증권 임소정 I 2024-10-31 N/R 2024년 2분기 경영실적 해당기업 IR팀 I 2024-08-01 매수 가동률 반등 시작 흥국증권 이의진 I 2024-07-19 매수 최악을 반영한 것이 최대 장점 미래에셋증권 김영건 I 2024-05-31 매수 가동률 바닥, ASP 하락 둔화세 흥국증권 이의진 I 2024-05"
000990::2024,000990,DB하이텍,PRIMARY_DOCUMENT_IDENTIFIED,IR_MANAGEMENT_PLAN,200,https://m.irgo.co.kr/IR-COMP/000990,2024-11-29,"{""CX"": [""보수적""]}","5-05-19 N/R 2025.1Q Earnings 해당기업 IR팀 I 2025-04-28 N/R 2025년 1분기 실적발표 해당기업 IR팀 I 2025-04-28 매수 1Q25 Preview: 무풍을 넘어선 훈풍 유진투자증권 임소정 I 2025-04-18 매수 사실상 중국 내수주 DS투자증권 이수림,김진형 I 2025-04-03 N/R 2024.4Q Earnings 해당기업 IR팀 I 2025-02-06 N/R 2024년 4분기 실적발표 해당기업 IR팀 I 2025-02-06 매수 회복에 시간이 조금 더 필요 미래에셋증권 김영건 I 2024-11-29 매수 3Q24 NDR 후기: 아직은 보수적 관점 유지 DS투자증권 이수림,김진형 I 2024-11-13 매수 예상보다 지연되는 개선세 흥국증권 이의진 I 2024-11-12 매수 3Q24 Review: 내년을 향해 유진투자증권 임소정 I 2024-11-08 N/R 2024.3Q Earnings 해당기업 IR팀 I 2"
000990::2024,000990,DB하이텍,PRIMARY_DOCUMENT_IDENTIFIED,IR_MANAGEMENT_PLAN,200,https://m.irgo.co.kr/IR-COMP/000990,2024-11-29,"{""CX"": [""보수적""]}","LS증권 차용호 I 2025-06-02 매수 높은 가동률과 신사업 효과 기대 상상인증권 정민규 I 2025-05-19 N/R 2025.1Q Earnings 해당기업 IR팀 I 2025-04-28 N/R 2025년 1분기 실적발표 해당기업 IR팀 I 2025-04-28 매수 1Q25 Preview: 무풍을 넘어선 훈풍 유진투자증권 임소정 I 2025-04-18 매수 사실상 중국 내수주 DS투자증권 이수림,김진형 I 2025-04-03 N/R 2024.4Q Earnings 해당기업 IR팀 I 2025-02-06 N/R 2024년 4분기 실적발표 해당기업 IR팀 I 2025-02-06 매수 회복에 시간이 조금 더 필요 미래에셋증권 김영건 I 2024-11-29 매수 3Q24 NDR 후기: 아직은 보수적 관점 유지 DS투자증권 이수림,김진형 I 2024-11-13 매수 예상보다 지연되는 개선세 흥국증권 이의진 I 2024-11-12 매수 3Q24 Review: 내년을 향해"
000990::2024,000990,DB하이텍,PRIMARY_DOCUMENT_IDENTIFIED,IR_MANAGEMENT_PLAN,200,https://m.irgo.co.kr/IR-COMP/000990,2024-11-29,"{""CX"": [""보수적""]}","김영건 I 2024-11-29 매수 3Q24 NDR 후기: 아직은 보수적 관점 유지 DS투자증권 이수림,김진형 I 2024-11-13 매수 예상보다 지연되는 개선세 흥국증권 이의진 I 2024-11-12 매수 3Q24 Review: 내년을 향해 유진투자증권 임소정 I 2024-11-08 N/R 2024.3Q Earnings 해당기업 IR팀 I 2024-11-05 N/R 2024년 3분기 실적발표 해당기업 IR팀 I 2024-11-05 매수 3Q24 Preview: 안정적인 하반기 유진투자증권 임소정 I 2024-10-31 N/R 2024년 2분기 경영실적 해당기업 IR팀 I 2024-08-01 매수 가동률 반등 시작 흥국증권 이의진 I 2024-07-19 매수 최악을 반영한 것이 최대 장점 미래에셋증권 김영건 I 2024-05-31 매수 가동률 바닥, ASP 하락 둔화세 흥국증권 이의진 I 2024-05-10 N/R 1Q24 Review: 핵심은 최종 수요 유진투자"
000990::2024,000990,DB하이텍,PRIMARY_DOCUMENT_IDENTIFIED,IR_MANAGEMENT_PLAN,200,https://m.irgo.co.kr/IR-COMP/000990,2024-11-29,"{""CX"": [""보수적""]}","정 I 2025-04-18 매수 사실상 중국 내수주 DS투자증권 이수림,김진형 I 2025-04-03 N/R 2024.4Q Earnings 해당기업 IR팀 I 2025-02-06 N/R 2024년 4분기 실적발표 해당기업 IR팀 I 2025-02-06 매수 회복에 시간이 조금 더 필요 미래에셋증권 김영건 I 2024-11-29 매수 3Q24 NDR 후기: 아직은 보수적 관점 유지 DS투자증권 이수림,김진형 I 2024-11-13 매수 예상보다 지연되는 개선세 흥국증권 이의진 I 2024-11-12 매수 3Q24 Review: 내년을 향해 유진투자증권 임소정 I 2024-11-08 N/R 2024.3Q Earnings 해당기업 IR팀 I 2024-11-05 N/R 2024년 3분기 실적발표 해당기업 IR팀 I 2024-11-05 매수 3Q24 Preview: 안정적인 하반기 유진투자증권 임소정 I 2024-10-31 N/R 2024년 2분기 경영실적 해당기업 IR팀"
000990::2024,000990,DB하이텍,PRIMARY_DOCUMENT_IDENTIFIED,IR_MANAGEMENT_PLAN,200,https://m.irgo.co.kr/IR-COMP/000990,2024-11-29,"{""CX"": [""보수적""]}","진형 I 2025-04-03 N/R 2024.4Q Earnings 해당기업 IR팀 I 2025-02-06 N/R 2024년 4분기 실적발표 해당기업 IR팀 I 2025-02-06 매수 회복에 시간이 조금 더 필요 미래에셋증권 김영건 I 2024-11-29 매수 3Q24 NDR 후기: 아직은 보수적 관점 유지 DS투자증권 이수림,김진형 I 2024-11-13 매수 예상보다 지연되는 개선세 흥국증권 이의진 I 2024-11-12 매수 3Q24 Review: 내년을 향해 유진투자증권 임소정 I 2024-11-08 N/R 2024.3Q Earnings 해당기업 IR팀 I 2024-11-05 N/R 2024년 3분기 실적발표 해당기업 IR팀 I 2024-11-05 매수 3Q24 Preview: 안정적인 하반기 유진투자증권 임소정 I 2024-10-31 N/R 2024년 2분기 경영실적 해당기업 IR팀 I 2024-08-01 매수 가동률 반등 시작 흥국증권 이의진 I 2024"
001060::2024,001060,JW중외제약,SECONDARY_SUMMARY_ONLY,SECONDARY_SUMMARY,200,https://m.irgo.co.kr/IR-COMP/001060,2024-02-06,"{""OE"": [""마진""]}","2024-02-06 매수 확연히 개선되는 수익성 한국투자증권 오의림,김정찬 I 2024-02-06 매수 24년 실적도 안정적 DB금융투자 이명선 I 2024-01-31 매수 4Q23 Preview: 외형 성장 지속 IBK투자증권 이선경 I 2024-01-22 매수 4Q23 Pre: 확실하게 올라온 이익 체력에 주목 하나증권 박재경,이준호 I 2024-01-18 매수 4Q23 Preview: 성장은 계속된다 한국투자증권 오의림,김정찬 I 2024-01-18 매수 신약 개발에 진심인 제약사, 밸류에이션 Re-Rating 기대 교보증권 김정현 I 2024-01-17 매수 4Q23 Preview: 이어지는 호실적 다올투자증권 이지수,임도영 I 2024-01-15 매수 근간이 탄탄한 기업 한국투자증권 오의림,김정찬 I 2023-12-07 매수 고마진구조 안착, R&D 기반도 좋다 상상인증권 하태기 I 2023-12-01 매수 저평가된 제약 성장주 IBK투자증권 이선경 I 2"
001060::2024,001060,JW중외제약,SECONDARY_SUMMARY_ONLY,SECONDARY_SUMMARY,200,https://m.irgo.co.kr/IR-COMP/001060,2024-02-06,"{""OE"": [""마진""]}","수 4Q23 Re: 어닝 서프라이즈, 연간 영업이익 1,000억 달성 하나증권 박재경,이준호 I 2024-02-06 매수 확연히 개선되는 수익성 한국투자증권 오의림,김정찬 I 2024-02-06 매수 24년 실적도 안정적 DB금융투자 이명선 I 2024-01-31 매수 4Q23 Preview: 외형 성장 지속 IBK투자증권 이선경 I 2024-01-22 매수 4Q23 Pre: 확실하게 올라온 이익 체력에 주목 하나증권 박재경,이준호 I 2024-01-18 매수 4Q23 Preview: 성장은 계속된다 한국투자증권 오의림,김정찬 I 2024-01-18 매수 신약 개발에 진심인 제약사, 밸류에이션 Re-Rating 기대 교보증권 김정현 I 2024-01-17 매수 4Q23 Preview: 이어지는 호실적 다올투자증권 이지수,임도영 I 2024-01-15 매수 근간이 탄탄한 기업 한국투자증권 오의림,김정찬 I 2023-12-07 매수 고마진구조 안착, R&D 기반도 좋다"
001060::2024,001060,JW중외제약,SECONDARY_SUMMARY_ONLY,SECONDARY_SUMMARY,200,https://m.irgo.co.kr/IR-COMP/001060,2024-03-20,"{""OE"": [""마진""]}","2024-03-20 매수 고마진제품 성장, 구조적 수익성 개선 상상인증권 하태기 I 2024-02-07 매수 4Q23 Re: 어닝 서프라이즈, 연간 영업이익 1,000억 달성 하나증권 박재경,이준호 I 2024-02-06 매수 확연히 개선되는 수익성 한국투자증권 오의림,김정찬 I 2024-02-06 매수 24년 실적도 안정적 DB금융투자 이명선 I 2024-01-31 매수 4Q23 Preview: 외형 성장 지속 IBK투자증권 이선경 I 2024-01-22 매수 4Q23 Pre: 확실하게 올라온 이익 체력에 주목 하나증권 박재경,이준호 I 2024-01-18 매수 4Q23 Preview: 성장은 계속된다 한국투자증권 오의림,김정찬 I 2024-01-18 매수 신약 개발에 진심인 제약사, 밸류에이션 Re-Rating 기대 교보증권 김정현 I 2024-01-17 매수 4Q23 Preview: 이어지는 호실적 다올투자증권 이지수,임도영 I 2024-01-15 매수 근간"
001060::2024,001060,JW중외제약,SECONDARY_SUMMARY_ONLY,SECONDARY_SUMMARY,200,https://m.irgo.co.kr/IR-COMP/001060,2024-04-01,"{""OE"": [""마진""]}","움증권 신민수 I 2024-04-01 매수 수익성 개선, 기업가치 상승 지속 상상인증권 하태기 I 2024-03-20 매수 고마진제품 성장, 구조적 수익성 개선 상상인증권 하태기 I 2024-02-07 매수 4Q23 Re: 어닝 서프라이즈, 연간 영업이익 1,000억 달성 하나증권 박재경,이준호 I 2024-02-06 매수 확연히 개선되는 수익성 한국투자증권 오의림,김정찬 I 2024-02-06 매수 24년 실적도 안정적 DB금융투자 이명선 I 2024-01-31 매수 4Q23 Preview: 외형 성장 지속 IBK투자증권 이선경 I 2024-01-22 매수 4Q23 Pre: 확실하게 올라온 이익 체력에 주목 하나증권 박재경,이준호 I 2024-01-18 매수 4Q23 Preview: 성장은 계속된다 한국투자증권 오의림,김정찬 I 2024-01-18 매수 신약 개발에 진심인 제약사, 밸류에이션 Re-Rating 기대 교보증권 김정현 I 2024-01-17 매수 4Q"
001060::2024,001060,JW중외제약,SECONDARY_SUMMARY_ONLY,SECONDARY_SUMMARY,200,https://m.irgo.co.kr/IR-COMP/001060,2024-04-12,"{""OE"": [""마진""]}","R 회사소개 및 주요 경영현황 해당기업 IR팀 I 2024-04-12 매수 라이선스 인(L/I)의 힘 키움증권 신민수 I 2024-04-01 매수 수익성 개선, 기업가치 상승 지속 상상인증권 하태기 I 2024-03-20 매수 고마진제품 성장, 구조적 수익성 개선 상상인증권 하태기 I 2024-02-07 매수 4Q23 Re: 어닝 서프라이즈, 연간 영업이익 1,000억 달성 하나증권 박재경,이준호 I 2024-02-06 매수 확연히 개선되는 수익성 한국투자증권 오의림,김정찬 I 2024-02-06 매수 24년 실적도 안정적 DB금융투자 이명선 I 2024-01-31 매수 4Q23 Preview: 외형 성장 지속 IBK투자증권 이선경 I 2024-01-22 매수 4Q23 Pre: 확실하게 올라온 이익 체력에 주목 하나증권 박재경,이준호 I 2024-01-18 매수 4Q23 Preview: 성장은 계속된다 한국투자증권 오의림,김정찬 I 2024-01-18 매수 신약 개"
001060::2024,001060,JW중외제약,SECONDARY_SUMMARY_ONLY,SECONDARY_SUMMARY,200,https://m.irgo.co.kr/IR-COMP/001060,2024-04-22,"{""OE"": [""마진""]}","수 2024년에도 외형 고성장세 지속 전망 BNK투자증권 이달미 I 2024-04-22 N/R 회사소개 및 주요 경영현황 해당기업 IR팀 I 2024-04-12 매수 라이선스 인(L/I)의 힘 키움증권 신민수 I 2024-04-01 매수 수익성 개선, 기업가치 상승 지속 상상인증권 하태기 I 2024-03-20 매수 고마진제품 성장, 구조적 수익성 개선 상상인증권 하태기 I 2024-02-07 매수 4Q23 Re: 어닝 서프라이즈, 연간 영업이익 1,000억 달성 하나증권 박재경,이준호 I 2024-02-06 매수 확연히 개선되는 수익성 한국투자증권 오의림,김정찬 I 2024-02-06 매수 24년 실적도 안정적 DB금융투자 이명선 I 2024-01-31 매수 4Q23 Preview: 외형 성장 지속 IBK투자증권 이선경 I 2024-01-22 매수 4Q23 Pre: 확실하게 올라온 이익 체력에 주목 하나증권 박재경,이준호 I 2024-01-18 매수 4Q23 Pr"
001060::2024,001060,JW중외제약,SECONDARY_SUMMARY_ONLY,SECONDARY_SUMMARY,200,https://m.irgo.co.kr/IR-COMP/001060,2024-04-29,"{""OE"": [""마진""]}","양호한 실적 예상 다올투자증권 이지수,임도영 I 2024-04-29 매수 2024년에도 외형 고성장세 지속 전망 BNK투자증권 이달미 I 2024-04-22 N/R 회사소개 및 주요 경영현황 해당기업 IR팀 I 2024-04-12 매수 라이선스 인(L/I)의 힘 키움증권 신민수 I 2024-04-01 매수 수익성 개선, 기업가치 상승 지속 상상인증권 하태기 I 2024-03-20 매수 고마진제품 성장, 구조적 수익성 개선 상상인증권 하태기 I 2024-02-07 매수 4Q23 Re: 어닝 서프라이즈, 연간 영업이익 1,000억 달성 하나증권 박재경,이준호 I 2024-02-06 매수 확연히 개선되는 수익성 한국투자증권 오의림,김정찬 I 2024-02-06 매수 24년 실적도 안정적 DB금융투자 이명선 I 2024-01-31 매수 4Q23 Preview: 외형 성장 지속 IBK투자증권 이선경 I 2024-01-22 매수 4Q23 Pre: 확실하게 올라온 이익 체력에"
001060::2024,001060,JW중외제약,SECONDARY_SUMMARY_ONLY,SECONDARY_SUMMARY,200,https://m.irgo.co.kr/IR-COMP/001060,2024-05-29,"{""OE"": [""마진""]}","주요 경영현황 해당기업 IR팀 I 2024-05-29 매수 의료 파업 영향에도 양호한 실적 예상 다올투자증권 이지수,임도영 I 2024-04-29 매수 2024년에도 외형 고성장세 지속 전망 BNK투자증권 이달미 I 2024-04-22 N/R 회사소개 및 주요 경영현황 해당기업 IR팀 I 2024-04-12 매수 라이선스 인(L/I)의 힘 키움증권 신민수 I 2024-04-01 매수 수익성 개선, 기업가치 상승 지속 상상인증권 하태기 I 2024-03-20 매수 고마진제품 성장, 구조적 수익성 개선 상상인증권 하태기 I 2024-02-07 매수 4Q23 Re: 어닝 서프라이즈, 연간 영업이익 1,000억 달성 하나증권 박재경,이준호 I 2024-02-06 매수 확연히 개선되는 수익성 한국투자증권 오의림,김정찬 I 2024-02-06 매수 24년 실적도 안정적 DB금융투자 이명선 I 2024-01-31 매수 4Q23 Preview: 외형 성장 지속 IBK투자증권 이선"
001060::2024,001060,JW중외제약,SECONDARY_SUMMARY_ONLY,SECONDARY_SUMMARY,200,https://m.irgo.co.kr/IR-COMP/001060,2024-06-19,"{""OE"": [""마진""]}","024-07-12 매수 성장은 둔화, 수익성은 크게 개선 상상인증권 하태기 I 2024-06-19 N/R 회사소개 및 주요 경영현황 해당기업 IR팀 I 2024-05-29 매수 의료 파업 영향에도 양호한 실적 예상 다올투자증권 이지수,임도영 I 2024-04-29 매수 2024년에도 외형 고성장세 지속 전망 BNK투자증권 이달미 I 2024-04-22 N/R 회사소개 및 주요 경영현황 해당기업 IR팀 I 2024-04-12 매수 라이선스 인(L/I)의 힘 키움증권 신민수 I 2024-04-01 매수 수익성 개선, 기업가치 상승 지속 상상인증권 하태기 I 2024-03-20 매수 고마진제품 성장, 구조적 수익성 개선 상상인증권 하태기 I 2024-02-07 매수 4Q23 Re: 어닝 서프라이즈, 연간 영업이익 1,000억 달성 하나증권 박재경,이준호 I 2024-02-06 매수 확연히 개선되는 수익성 한국투자증권 오의림,김정찬 I 2024-02-06 매수 24년 실적"
001060::2024,001060,JW중외제약,SECONDARY_SUMMARY_ONLY,SECONDARY_SUMMARY,200,https://m.irgo.co.kr/IR-COMP/001060,2024-07-12,"{""OE"": [""마진""]}","2Q24 Preview: 의료 파업 영향 줄이는 중 다올투자증권 이지수,임도영 I 2024-07-12 매수 성장은 둔화, 수익성은 크게 개선 상상인증권 하태기 I 2024-06-19 N/R 회사소개 및 주요 경영현황 해당기업 IR팀 I 2024-05-29 매수 의료 파업 영향에도 양호한 실적 예상 다올투자증권 이지수,임도영 I 2024-04-29 매수 2024년에도 외형 고성장세 지속 전망 BNK투자증권 이달미 I 2024-04-22 N/R 회사소개 및 주요 경영현황 해당기업 IR팀 I 2024-04-12 매수 라이선스 인(L/I)의 힘 키움증권 신민수 I 2024-04-01 매수 수익성 개선, 기업가치 상승 지속 상상인증권 하태기 I 2024-03-20 매수 고마진제품 성장, 구조적 수익성 개선 상상인증권 하태기 I 2024-02-07 매수 4Q23 Re: 어닝 서프라이즈, 연간 영업이익 1,000억 달성 하나증권 박재경,이준호 I 2024-02-06 매수 확연히"
001060::2024,001060,JW중외제약,SECONDARY_SUMMARY_ONLY,SECONDARY_SUMMARY,200,https://m.irgo.co.kr/IR-COMP/001060,2024-07-22,"{""OE"": [""마진""]}","매수 의료파업에 영향받은 수액제 DB금융투자 이명선 I 2024-07-22 매수 2Q24 Preview: 의료 파업 영향 줄이는 중 다올투자증권 이지수,임도영 I 2024-07-12 매수 성장은 둔화, 수익성은 크게 개선 상상인증권 하태기 I 2024-06-19 N/R 회사소개 및 주요 경영현황 해당기업 IR팀 I 2024-05-29 매수 의료 파업 영향에도 양호한 실적 예상 다올투자증권 이지수,임도영 I 2024-04-29 매수 2024년에도 외형 고성장세 지속 전망 BNK투자증권 이달미 I 2024-04-22 N/R 회사소개 및 주요 경영현황 해당기업 IR팀 I 2024-04-12 매수 라이선스 인(L/I)의 힘 키움증권 신민수 I 2024-04-01 매수 수익성 개선, 기업가치 상승 지속 상상인증권 하태기 I 2024-03-20 매수 고마진제품 성장, 구조적 수익성 개선 상상인증권 하태기 I 2024-02-07 매수 4Q23 Re: 어닝 서프라이즈, 연간 영업"
001060::2024,001060,JW중외제약,SECONDARY_SUMMARY_ONLY,SECONDARY_SUMMARY,200,https://m.irgo.co.kr/IR-COMP/001060,2024-08-21,"{""OE"": [""마진""]}","감소, 2025년에 성장 전환 상상인증권 하태기 I 2024-08-21 매수 의료파업에 영향받은 수액제 DB금융투자 이명선 I 2024-07-22 매수 2Q24 Preview: 의료 파업 영향 줄이는 중 다올투자증권 이지수,임도영 I 2024-07-12 매수 성장은 둔화, 수익성은 크게 개선 상상인증권 하태기 I 2024-06-19 N/R 회사소개 및 주요 경영현황 해당기업 IR팀 I 2024-05-29 매수 의료 파업 영향에도 양호한 실적 예상 다올투자증권 이지수,임도영 I 2024-04-29 매수 2024년에도 외형 고성장세 지속 전망 BNK투자증권 이달미 I 2024-04-22 N/R 회사소개 및 주요 경영현황 해당기업 IR팀 I 2024-04-12 매수 라이선스 인(L/I)의 힘 키움증권 신민수 I 2024-04-01 매수 수익성 개선, 기업가치 상승 지속 상상인증권 하태기 I 2024-03-20 매수 고마진제품 성장, 구조적 수익성 개선 상상인증권 하태기"
001060::2024,001060,JW중외제약,SECONDARY_SUMMARY_ONLY,SECONDARY_SUMMARY,200,https://m.irgo.co.kr/IR-COMP/001060,2024-08-21,,"및 주요 경영현황 해당기업 IR팀 I 2024-08-21 매수 영업실적 감소, 2025년에 성장 전환 상상인증권 하태기 I 2024-08-21 매수 의료파업에 영향받은 수액제 DB금융투자 이명선 I 2024-07-22 매수 2Q24 Preview: 의료 파업 영향 줄이는 중 다올투자증권 이지수,임도영 I 2024-07-12 매수 성장은 둔화, 수익성은 크게 개선 상상인증권 하태기 I 2024-06-19 N/R 회사소개 및 주요 경영현황 해당기업 IR팀 I 2024-05-29 매수 의료 파업 영향에도 양호한 실적 예상 다올투자증권 이지수,임도영 I 2024-04-29 매수 2024년에도 외형 고성장세 지속 전망 BNK투자증권 이달미 I 2024-04-22 N/R 회사소개 및 주요 경영현황 해당기업 IR팀 I 2024-04-12 매수 라이선스 인(L/I)의 힘 키움증권 신민수 I 2024-04-01 매수 수익성 개선, 기업가치 상승 지속 상상인증권 하태기 I 2024"
001060::2024,001060,JW중외제약,SECONDARY_SUMMARY_ONLY,SECONDARY_SUMMARY,200,https://m.irgo.co.kr/IR-COMP/001060,2024-09-30,,"-29 매수 느껴지는 정상화의 흐름 키움증권 신민수 I 2024-09-30 N/R 회사소개 및 주요 경영현황 해당기업 IR팀 I 2024-08-21 매수 영업실적 감소, 2025년에 성장 전환 상상인증권 하태기 I 2024-08-21 매수 의료파업에 영향받은 수액제 DB금융투자 이명선 I 2024-07-22 매수 2Q24 Preview: 의료 파업 영향 줄이는 중 다올투자증권 이지수,임도영 I 2024-07-12 매수 성장은 둔화, 수익성은 크게 개선 상상인증권 하태기 I 2024-06-19 N/R 회사소개 및 주요 경영현황 해당기업 IR팀 I 2024-05-29 매수 의료 파업 영향에도 양호한 실적 예상 다올투자증권 이지수,임도영 I 2024-04-29 매수 2024년에도 외형 고성장세 지속 전망 BNK투자증권 이달미 I 2024-04-22 N/R 회사소개 및 주요 경영현황 해당기업 IR팀 I 2024-04-12 매수 라이선스 인(L/I)의 힘 키움증권 신민수 I"
001060::2024,001060,JW중외제약,SECONDARY_SUMMARY_ONLY,SECONDARY_SUMMARY,200,https://m.irgo.co.kr/IR-COMP/001060,2024-10-29,,"025년에는 회복될 실적 다올투자증권 이지수,임도영 I 2025-01-22 매수 2024년 3분기 실적은 2분기대비 개선세 전망 BNK투자증권 이달미 I 2024-10-29 매수 느껴지는 정상화의 흐름 키움증권 신민수 I 2024-09-30 N/R 회사소개 및 주요 경영현황 해당기업 IR팀 I 2024-08-21 매수 영업실적 감소, 2025년에 성장 전환 상상인증권 하태기 I 2024-08-21 매수 의료파업에 영향받은 수액제 DB금융투자 이명선 I 2024-07-22 매수 2Q24 Preview: 의료 파업 영향 줄이는 중 다올투자증권 이지수,임도영 I 2024-07-12 매수 성장은 둔화, 수익성은 크게 개선 상상인증권 하태기 I 2024-06-19 N/R 회사소개 및 주요 경영현황 해당기업 IR팀 I 2024-05-29 매수 의료 파업 영향에도 양호한 실적 예상 다올투자증권 이지수,임도영 I 2024-04-29 매수 2024년에도 외형 고성장세 지속 전망 B"
001060::2024,001060,JW중외제약,SECONDARY_SUMMARY_ONLY,SECONDARY_SUMMARY,200,https://m.irgo.co.kr/IR-COMP/001060,2024-10-29,,"2025-08-27 매수 아쉽지만 방향성은 유지 다올투자증권 이지수,임도영 I 2025-07-16 매수 2025년 하반기 수액제 성수기 돌입 상상인증권 이달미 I 2025-07-15 N/R 회사소개 및 주요 경영현황 해당기업 IR팀 I 2025-05-30 N/R 회사소개 및 주요 경영현황 해당기업 IR팀 I 2025-04-08 매수 25년은 약가 조정 없이 성장 전망 DB금융투자 이명선 I 2025-01-24 매수 2025년에는 회복될 실적 다올투자증권 이지수,임도영 I 2025-01-22 매수 2024년 3분기 실적은 2분기대비 개선세 전망 BNK투자증권 이달미 I 2024-10-29 매수 느껴지는 정상화의 흐름 키움증권 신민수 I 2024-09-30 N/R 회사소개 및 주요 경영현황 해당기업 IR팀 I 2024-08-21 매수 영업실적 감소, 2025년에 성장 전환 상상인증권 하태기 I 2024-08-21 매수 의료파업에 영향받은 수액제 DB금융투자 이명선 I"
001060::2024,001060,JW중외제약,SECONDARY_SUMMARY_ONLY,SECONDARY_SUMMARY,200,https://m.irgo.co.kr/IR-COMP/001060,2024-10-29,,"I 2025-05-30 N/R 회사소개 및 주요 경영현황 해당기업 IR팀 I 2025-04-08 매수 25년은 약가 조정 없이 성장 전망 DB금융투자 이명선 I 2025-01-24 매수 2025년에는 회복될 실적 다올투자증권 이지수,임도영 I 2025-01-22 매수 2024년 3분기 실적은 2분기대비 개선세 전망 BNK투자증권 이달미 I 2024-10-29 매수 느껴지는 정상화의 흐름 키움증권 신민수 I 2024-09-30 N/R 회사소개 및 주요 경영현황 해당기업 IR팀 I 2024-08-21 매수 영업실적 감소, 2025년에 성장 전환 상상인증권 하태기 I 2024-08-21 매수 의료파업에 영향받은 수액제 DB금융투자 이명선 I 2024-07-22 매수 2Q24 Preview: 의료 파업 영향 줄이는 중 다올투자증권 이지수,임도영 I 2024-07-12 매수 성장은 둔화, 수익성은 크게 개선 상상인증권 하태기 I 2024-06-19 N/R 회사소개 및 주요"
001060::2024,001060,JW중외제약,SECONDARY_SUMMARY_ONLY,SECONDARY_SUMMARY,200,https://m.irgo.co.kr/IR-COMP/001060,2024-10-29,,"I 2025-07-15 N/R 회사소개 및 주요 경영현황 해당기업 IR팀 I 2025-05-30 N/R 회사소개 및 주요 경영현황 해당기업 IR팀 I 2025-04-08 매수 25년은 약가 조정 없이 성장 전망 DB금융투자 이명선 I 2025-01-24 매수 2025년에는 회복될 실적 다올투자증권 이지수,임도영 I 2025-01-22 매수 2024년 3분기 실적은 2분기대비 개선세 전망 BNK투자증권 이달미 I 2024-10-29 매수 느껴지는 정상화의 흐름 키움증권 신민수 I 2024-09-30 N/R 회사소개 및 주요 경영현황 해당기업 IR팀 I 2024-08-21 매수 영업실적 감소, 2025년에 성장 전환 상상인증권 하태기 I 2024-08-21 매수 의료파업에 영향받은 수액제 DB금융투자 이명선 I 2024-07-22 매수 2Q24 Preview: 의료 파업 영향 줄이는 중 다올투자증권 이지수,임도영 I 2024-07-12 매수 성장은 둔화, 수익성은 크"
001060::2024,001060,JW중외제약,SECONDARY_SUMMARY_ONLY,SECONDARY_SUMMARY,200,https://m.irgo.co.kr/IR-COMP/001060,2024-10-29,,"리포트 N/R 회사소개 및 주요 경영현황 해당기업 IR팀 I 2025-08-27 매수 아쉽지만 방향성은 유지 다올투자증권 이지수,임도영 I 2025-07-16 매수 2025년 하반기 수액제 성수기 돌입 상상인증권 이달미 I 2025-07-15 N/R 회사소개 및 주요 경영현황 해당기업 IR팀 I 2025-05-30 N/R 회사소개 및 주요 경영현황 해당기업 IR팀 I 2025-04-08 매수 25년은 약가 조정 없이 성장 전망 DB금융투자 이명선 I 2025-01-24 매수 2025년에는 회복될 실적 다올투자증권 이지수,임도영 I 2025-01-22 매수 2024년 3분기 실적은 2분기대비 개선세 전망 BNK투자증권 이달미 I 2024-10-29 매수 느껴지는 정상화의 흐름 키움증권 신민수 I 2024-09-30 N/R 회사소개 및 주요 경영현황 해당기업 IR팀 I 2024-08-21 매수 영업실적 감소, 2025년에 성장 전환 상상인증권 하태기 I 202"
001060::2024,001060,JW중외제약,SECONDARY_SUMMARY_ONLY,SECONDARY_SUMMARY,200,https://m.irgo.co.kr/IR-COMP/001060,2024-10-29,,"매수 2024년 3분기 실적은 2분기대비 개선세 전망 BNK투자증권 이달미 I 2024-10-29 매수 느껴지는 정상화의 흐름 키움증권 신민수 I 2024-09-30 N/R 회사소개 및 주요 경영현황 해당기업 IR팀 I 2024-08-21 매수 영업실적 감소, 2025년에 성장 전환 상상인증권 하태기 I 2024-08-21 매수 의료파업에 영향받은 수액제 DB금융투자 이명선 I 2024-07-22 매수 2Q24 Preview: 의료 파업 영향 줄이는 중 다올투자증권 이지수,임도영 I 2024-07-12 매수 성장은 둔화, 수익성은 크게 개선 상상인증권 하태기 I 2024-06-19 N/R 회사소개 및 주요 경영현황 해당기업 IR팀 I 2024-05-29 매수 의료 파업 영향에도 양호한 실적 예상 다올투자증권 이지수,임도영 I 2024-04-29 매수 2024년에도 외형 고성장세 지속 전망 BNK투자증권 이달미 I 2024-04-22 N/R 회사소개 및 주요 경영현"
001060::2024,001060,JW중외제약,SECONDARY_SUMMARY_ONLY,SECONDARY_SUMMARY,200,https://m.irgo.co.kr/IR-COMP/001060,2024-10-29,,"영 I 2025-07-16 매수 2025년 하반기 수액제 성수기 돌입 상상인증권 이달미 I 2025-07-15 N/R 회사소개 및 주요 경영현황 해당기업 IR팀 I 2025-05-30 N/R 회사소개 및 주요 경영현황 해당기업 IR팀 I 2025-04-08 매수 25년은 약가 조정 없이 성장 전망 DB금융투자 이명선 I 2025-01-24 매수 2025년에는 회복될 실적 다올투자증권 이지수,임도영 I 2025-01-22 매수 2024년 3분기 실적은 2분기대비 개선세 전망 BNK투자증권 이달미 I 2024-10-29 매수 느껴지는 정상화의 흐름 키움증권 신민수 I 2024-09-30 N/R 회사소개 및 주요 경영현황 해당기업 IR팀 I 2024-08-21 매수 영업실적 감소, 2025년에 성장 전환 상상인증권 하태기 I 2024-08-21 매수 의료파업에 영향받은 수액제 DB금융투자 이명선 I 2024-07-22 매수 2Q24 Preview: 의료 파업 영향 줄이는"
001060::2024,001060,JW중외제약,SECONDARY_SUMMARY_ONLY,SECONDARY_SUMMARY,200,https://m.irgo.co.kr/IR-COMP/001060,2024-10-29,,"은 약가 조정 없이 성장 전망 DB금융투자 이명선 I 2025-01-24 매수 2025년에는 회복될 실적 다올투자증권 이지수,임도영 I 2025-01-22 매수 2024년 3분기 실적은 2분기대비 개선세 전망 BNK투자증권 이달미 I 2024-10-29 매수 느껴지는 정상화의 흐름 키움증권 신민수 I 2024-09-30 N/R 회사소개 및 주요 경영현황 해당기업 IR팀 I 2024-08-21 매수 영업실적 감소, 2025년에 성장 전환 상상인증권 하태기 I 2024-08-21 매수 의료파업에 영향받은 수액제 DB금융투자 이명선 I 2024-07-22 매수 2Q24 Preview: 의료 파업 영향 줄이는 중 다올투자증권 이지수,임도영 I 2024-07-12 매수 성장은 둔화, 수익성은 크게 개선 상상인증권 하태기 I 2024-06-19 N/R 회사소개 및 주요 경영현황 해당기업 IR팀 I 2024-05-29 매수 의료 파업 영향에도 양호한 실적 예상 다올투자증권 이지"
001230::2024,001230,동국홀딩스,PENDING_FULLTEXT_REVIEW,PRIMARY_UNAVAILABLE_AFTER_PASS2,200,https://m.irgo.co.kr/IR-COMP/001230,2024-11-14,,-11-14 N/R 2025.2Q Earnings Release 해당기업 IR팀 I 2025-08-14 N/R 2025년 2분기 경영실적 해당기업 IR팀 I 2025-08-14 N/R 2025.1Q Earnings Release 해당기업 IR팀 I 2025-05-15 N/R 2025년 1분기 경영실적 해당기업 IR팀 I 2025-05-15 N/R 2024 Earnings Release 해당기업 IR팀 I 2025-03-18 N/R 2024년 연간 경영실적 해당기업 IR팀 I 2025-03-18 N/R 2024.3Q Earnings Release 해당기업 IR팀 I 2024-11-14 N/R 2024년 3분기 경영실적 해당기업 IR팀 I 2024-11-14 매수 1Q 영업이익 양호. 분할 후 주가가 관건 현대차증권 박현욱 I 2023-05-17 매수 인적 분할을 통해 사업 경쟁력 제고 추진 BNK투자증권 김현태 I 2023-04-10 매수 새로운 시작을 앞두다 유안타
001230::2024,001230,동국홀딩스,PENDING_FULLTEXT_REVIEW,PRIMARY_UNAVAILABLE_AFTER_PASS2,200,https://m.irgo.co.kr/IR-COMP/001230,2024-11-14,,-11-14 N/R 2025년 3분기 경영실적 해당기업 IR팀 I 2025-11-14 N/R 2025.2Q Earnings Release 해당기업 IR팀 I 2025-08-14 N/R 2025년 2분기 경영실적 해당기업 IR팀 I 2025-08-14 N/R 2025.1Q Earnings Release 해당기업 IR팀 I 2025-05-15 N/R 2025년 1분기 경영실적 해당기업 IR팀 I 2025-05-15 N/R 2024 Earnings Release 해당기업 IR팀 I 2025-03-18 N/R 2024년 연간 경영실적 해당기업 IR팀 I 2025-03-18 N/R 2024.3Q Earnings Release 해당기업 IR팀 I 2024-11-14 N/R 2024년 3분기 경영실적 해당기업 IR팀 I 2024-11-14 매수 1Q 영업이익 양호. 분할 후 주가가 관건 현대차증권 박현욱 I 2023-05-17 매수 인적 분할을 통해 사업 경쟁력 제고 추진 BN
003160::2024,003160,디아이,DISCOVERY_INDEX_ONLY,EQUITY_SECONDARY_NONCANONICAL_PRODUCT_LOCALIZATION,200,https://m.irgo.co.kr/IR-COMP/003160,,,
003850::2024,003850,보령,SECONDARY_SUMMARY_ONLY,SECONDARY_SUMMARY_ONLY,200,https://m.irgo.co.kr/IR-COMP/003850,2024-03-11,,올해 실적으로 보여줄 중견 제약사 부국증권 유대웅 I 2024-03-11 매수 지금은 영업실적 도약 시기 상상인증권 하태기 I 2024-03-06 매수 2024년 성장에 주목해야할 중견제약사 DB금융투자 이명선 I 2024-02-26 매수 4Q23 Review: 역대 최대 분기 매출 시현 IBK투자증권 이선경 I 2024-01-31 N/R 2023년 4분기 실적발표 해당기업 IR팀 I 2024-01-29 매수 외형 1조원 도약의 가치 평가받는다 상상인증권 하태기 I 2024-01-26 매수 24년 1조원 매출이 보인다 DB금융투자 이명선 I 2024-01-17 매수 4Q23 Preview: 24년 성장에 주목 IBK투자증권 이선경 I 2024-01-16 매수 카나브 특허만료효과 극복 기대 상상인증권 하태기 I 2023-10-27 매수 3분기 주요제품 부진에도 실적 개선 DB금융투자 이명선 I 2023-10-26 매수 GLP-1이 밉다 신한투자증권 정재원 I 202
003850::2024,003850,보령,SECONDARY_SUMMARY_ONLY,SECONDARY_SUMMARY_ONLY,200,https://m.irgo.co.kr/IR-COMP/003850,2024-04-01,,"24-04-23 매수 성장 의지와 능력, 모두 완비 키움증권 신민수 I 2024-04-01 매수 올해 실적으로 보여줄 중견 제약사 부국증권 유대웅 I 2024-03-11 매수 지금은 영업실적 도약 시기 상상인증권 하태기 I 2024-03-06 매수 2024년 성장에 주목해야할 중견제약사 DB금융투자 이명선 I 2024-02-26 매수 4Q23 Review: 역대 최대 분기 매출 시현 IBK투자증권 이선경 I 2024-01-31 N/R 2023년 4분기 실적발표 해당기업 IR팀 I 2024-01-29 매수 외형 1조원 도약의 가치 평가받는다 상상인증권 하태기 I 2024-01-26 매수 24년 1조원 매출이 보인다 DB금융투자 이명선 I 2024-01-17 매수 4Q23 Preview: 24년 성장에 주목 IBK투자증권 이선경 I 2024-01-16 매수 카나브 특허만료효과 극복 기대 상상인증권 하태기 I 2023-10-27 매수 3분기 주요제품 부진에도 실적 개선"
003850::2024,003850,보령,SECONDARY_SUMMARY_ONLY,SECONDARY_SUMMARY_ONLY,200,https://m.irgo.co.kr/IR-COMP/003850,2024-04-23,"{""OE"": [""비용""]}","1Q24 Preview: 비용 증가로 컨센 하회 IBK투자증권 이선경 I 2024-04-23 매수 성장 의지와 능력, 모두 완비 키움증권 신민수 I 2024-04-01 매수 올해 실적으로 보여줄 중견 제약사 부국증권 유대웅 I 2024-03-11 매수 지금은 영업실적 도약 시기 상상인증권 하태기 I 2024-03-06 매수 2024년 성장에 주목해야할 중견제약사 DB금융투자 이명선 I 2024-02-26 매수 4Q23 Review: 역대 최대 분기 매출 시현 IBK투자증권 이선경 I 2024-01-31 N/R 2023년 4분기 실적발표 해당기업 IR팀 I 2024-01-29 매수 외형 1조원 도약의 가치 평가받는다 상상인증권 하태기 I 2024-01-26 매수 24년 1조원 매출이 보인다 DB금융투자 이명선 I 2024-01-17 매수 4Q23 Preview: 24년 성장에 주목 IBK투자증권 이선경 I 2024-01-16 매수 카나브 특허만료효과 극복 기대 상상인"
003850::2024,003850,보령,SECONDARY_SUMMARY_ONLY,SECONDARY_SUMMARY_ONLY,200,https://m.irgo.co.kr/IR-COMP/003850,2024-05-02,"{""OE"": [""비용""]}","24년 1분기 실적발표 해당기업 IR팀 I 2024-05-02 매수 2024년 하반기에 대한 기대감 존재 BNK투자증권 이달미 I 2024-05-02 매수 1Q24 Preview: 비용 증가로 컨센 하회 IBK투자증권 이선경 I 2024-04-23 매수 성장 의지와 능력, 모두 완비 키움증권 신민수 I 2024-04-01 매수 올해 실적으로 보여줄 중견 제약사 부국증권 유대웅 I 2024-03-11 매수 지금은 영업실적 도약 시기 상상인증권 하태기 I 2024-03-06 매수 2024년 성장에 주목해야할 중견제약사 DB금융투자 이명선 I 2024-02-26 매수 4Q23 Review: 역대 최대 분기 매출 시현 IBK투자증권 이선경 I 2024-01-31 N/R 2023년 4분기 실적발표 해당기업 IR팀 I 2024-01-29 매수 외형 1조원 도약의 가치 평가받는다 상상인증권 하태기 I 2024-01-26 매수 24년 1조원 매출이 보인다 DB금융투자 이명선 I"
003850::2024,003850,보령,SECONDARY_SUMMARY_ONLY,SECONDARY_SUMMARY_ONLY,200,https://m.irgo.co.kr/IR-COMP/003850,2024-05-02,"{""OE"": [""비용""]}","4년 하반기에 대한 기대감 존재 BNK투자증권 이달미 I 2024-05-02 매수 1Q24 Preview: 비용 증가로 컨센 하회 IBK투자증권 이선경 I 2024-04-23 매수 성장 의지와 능력, 모두 완비 키움증권 신민수 I 2024-04-01 매수 올해 실적으로 보여줄 중견 제약사 부국증권 유대웅 I 2024-03-11 매수 지금은 영업실적 도약 시기 상상인증권 하태기 I 2024-03-06 매수 2024년 성장에 주목해야할 중견제약사 DB금융투자 이명선 I 2024-02-26 매수 4Q23 Review: 역대 최대 분기 매출 시현 IBK투자증권 이선경 I 2024-01-31 N/R 2023년 4분기 실적발표 해당기업 IR팀 I 2024-01-29 매수 외형 1조원 도약의 가치 평가받는다 상상인증권 하태기 I 2024-01-26 매수 24년 1조원 매출이 보인다 DB금융투자 이명선 I 2024-01-17 매수 4Q23 Preview: 24년 성장에 주목 IB"
003850::2024,003850,보령,SECONDARY_SUMMARY_ONLY,SECONDARY_SUMMARY_ONLY,200,https://m.irgo.co.kr/IR-COMP/003850,2024-05-13,"{""OE"": [""비용""]}","05-22 매수 연간 실적 목표치는 정조준 그대로 키움증권 신민수 I 2024-05-13 N/R 2024년 1분기 실적발표 해당기업 IR팀 I 2024-05-02 매수 2024년 하반기에 대한 기대감 존재 BNK투자증권 이달미 I 2024-05-02 매수 1Q24 Preview: 비용 증가로 컨센 하회 IBK투자증권 이선경 I 2024-04-23 매수 성장 의지와 능력, 모두 완비 키움증권 신민수 I 2024-04-01 매수 올해 실적으로 보여줄 중견 제약사 부국증권 유대웅 I 2024-03-11 매수 지금은 영업실적 도약 시기 상상인증권 하태기 I 2024-03-06 매수 2024년 성장에 주목해야할 중견제약사 DB금융투자 이명선 I 2024-02-26 매수 4Q23 Review: 역대 최대 분기 매출 시현 IBK투자증권 이선경 I 2024-01-31 N/R 2023년 4분기 실적발표 해당기업 IR팀 I 2024-01-29 매수 외형 1조원 도약의 가치 평가받는다"
003850::2024,003850,보령,SECONDARY_SUMMARY_ONLY,SECONDARY_SUMMARY_ONLY,200,https://m.irgo.co.kr/IR-COMP/003850,2024-05-22,"{""OE"": [""비용""]}","-07-23 매수 외형 고성장, 시차를 두고 수익성 개선 상상인증권 하태기 I 2024-05-22 매수 연간 실적 목표치는 정조준 그대로 키움증권 신민수 I 2024-05-13 N/R 2024년 1분기 실적발표 해당기업 IR팀 I 2024-05-02 매수 2024년 하반기에 대한 기대감 존재 BNK투자증권 이달미 I 2024-05-02 매수 1Q24 Preview: 비용 증가로 컨센 하회 IBK투자증권 이선경 I 2024-04-23 매수 성장 의지와 능력, 모두 완비 키움증권 신민수 I 2024-04-01 매수 올해 실적으로 보여줄 중견 제약사 부국증권 유대웅 I 2024-03-11 매수 지금은 영업실적 도약 시기 상상인증권 하태기 I 2024-03-06 매수 2024년 성장에 주목해야할 중견제약사 DB금융투자 이명선 I 2024-02-26 매수 4Q23 Review: 역대 최대 분기 매출 시현 IBK투자증권 이선경 I 2024-01-31 N/R 2023년 4분기"
003850::2024,003850,보령,SECONDARY_SUMMARY_ONLY,SECONDARY_SUMMARY_ONLY,200,https://m.irgo.co.kr/IR-COMP/003850,2024-07-23,"{""OE"": [""비용""]}","큰 폭의 매출 성장, 조금 아쉬운 영업이익 DB금융투자 이명선 I 2024-07-23 매수 외형 고성장, 시차를 두고 수익성 개선 상상인증권 하태기 I 2024-05-22 매수 연간 실적 목표치는 정조준 그대로 키움증권 신민수 I 2024-05-13 N/R 2024년 1분기 실적발표 해당기업 IR팀 I 2024-05-02 매수 2024년 하반기에 대한 기대감 존재 BNK투자증권 이달미 I 2024-05-02 매수 1Q24 Preview: 비용 증가로 컨센 하회 IBK투자증권 이선경 I 2024-04-23 매수 성장 의지와 능력, 모두 완비 키움증권 신민수 I 2024-04-01 매수 올해 실적으로 보여줄 중견 제약사 부국증권 유대웅 I 2024-03-11 매수 지금은 영업실적 도약 시기 상상인증권 하태기 I 2024-03-06 매수 2024년 성장에 주목해야할 중견제약사 DB금융투자 이명선 I 2024-02-26 매수 4Q23 Review: 역대 최대 분기 매출 시"
003850::2024,003850,보령,SECONDARY_SUMMARY_ONLY,SECONDARY_SUMMARY_ONLY,200,https://m.irgo.co.kr/IR-COMP/003850,2024-07-31,"{""OE"": [""비용""]}","N/R 2024년 2분기 실적발표 해당기업 IR팀 I 2024-07-31 매수 큰 폭의 매출 성장, 조금 아쉬운 영업이익 DB금융투자 이명선 I 2024-07-23 매수 외형 고성장, 시차를 두고 수익성 개선 상상인증권 하태기 I 2024-05-22 매수 연간 실적 목표치는 정조준 그대로 키움증권 신민수 I 2024-05-13 N/R 2024년 1분기 실적발표 해당기업 IR팀 I 2024-05-02 매수 2024년 하반기에 대한 기대감 존재 BNK투자증권 이달미 I 2024-05-02 매수 1Q24 Preview: 비용 증가로 컨센 하회 IBK투자증권 이선경 I 2024-04-23 매수 성장 의지와 능력, 모두 완비 키움증권 신민수 I 2024-04-01 매수 올해 실적으로 보여줄 중견 제약사 부국증권 유대웅 I 2024-03-11 매수 지금은 영업실적 도약 시기 상상인증권 하태기 I 2024-03-06 매수 2024년 성장에 주목해야할 중견제약사 DB금융투자 이명"
003850::2024,003850,보령,SECONDARY_SUMMARY_ONLY,SECONDARY_SUMMARY_ONLY,200,https://m.irgo.co.kr/IR-COMP/003850,2024-10-07,"{""OE"": [""비용""]}","형 고성장, 수익성 개선은 점진적 상상인증권 하태기 I 2024-10-07 N/R 2024년 2분기 실적발표 해당기업 IR팀 I 2024-07-31 매수 큰 폭의 매출 성장, 조금 아쉬운 영업이익 DB금융투자 이명선 I 2024-07-23 매수 외형 고성장, 시차를 두고 수익성 개선 상상인증권 하태기 I 2024-05-22 매수 연간 실적 목표치는 정조준 그대로 키움증권 신민수 I 2024-05-13 N/R 2024년 1분기 실적발표 해당기업 IR팀 I 2024-05-02 매수 2024년 하반기에 대한 기대감 존재 BNK투자증권 이달미 I 2024-05-02 매수 1Q24 Preview: 비용 증가로 컨센 하회 IBK투자증권 이선경 I 2024-04-23 매수 성장 의지와 능력, 모두 완비 키움증권 신민수 I 2024-04-01 매수 올해 실적으로 보여줄 중견 제약사 부국증권 유대웅 I 2024-03-11 매수 지금은 영업실적 도약 시기 상상인증권 하태기 I 202"
003850::2024,003850,보령,SECONDARY_SUMMARY_ONLY,SECONDARY_SUMMARY_ONLY,200,https://m.irgo.co.kr/IR-COMP/003850,2024-10-08,"{""OE"": [""비용""]}","4년 3분기 영업이익 시장 컨센서스 하회 전망 BNK투자증권 이달미 I 2024-10-08 매수 외형 고성장, 수익성 개선은 점진적 상상인증권 하태기 I 2024-10-07 N/R 2024년 2분기 실적발표 해당기업 IR팀 I 2024-07-31 매수 큰 폭의 매출 성장, 조금 아쉬운 영업이익 DB금융투자 이명선 I 2024-07-23 매수 외형 고성장, 시차를 두고 수익성 개선 상상인증권 하태기 I 2024-05-22 매수 연간 실적 목표치는 정조준 그대로 키움증권 신민수 I 2024-05-13 N/R 2024년 1분기 실적발표 해당기업 IR팀 I 2024-05-02 매수 2024년 하반기에 대한 기대감 존재 BNK투자증권 이달미 I 2024-05-02 매수 1Q24 Preview: 비용 증가로 컨센 하회 IBK투자증권 이선경 I 2024-04-23 매수 성장 의지와 능력, 모두 완비 키움증권 신민수 I 2024-04-01 매수 올해 실적으로 보여줄 중견 제약사"
003850::2024,003850,보령,SECONDARY_SUMMARY_ONLY,SECONDARY_SUMMARY_ONLY,200,https://m.irgo.co.kr/IR-COMP/003850,2024-10-28,"{""OE"": [""비용""]}",".3Q Earnings Release 해당기업 IR팀 I 2024-10-28 N/R 2024년 3분기 경영실적 해당기업 IR팀 I 2024-10-28 매수 2024년 3분기 영업이익 시장 컨센서스 하회 전망 BNK투자증권 이달미 I 2024-10-08 매수 외형 고성장, 수익성 개선은 점진적 상상인증권 하태기 I 2024-10-07 N/R 2024년 2분기 실적발표 해당기업 IR팀 I 2024-07-31 매수 큰 폭의 매출 성장, 조금 아쉬운 영업이익 DB금융투자 이명선 I 2024-07-23 매수 외형 고성장, 시차를 두고 수익성 개선 상상인증권 하태기 I 2024-05-22 매수 연간 실적 목표치는 정조준 그대로 키움증권 신민수 I 2024-05-13 N/R 2024년 1분기 실적발표 해당기업 IR팀 I 2024-05-02 매수 2024년 하반기에 대한 기대감 존재 BNK투자증권 이달미 I 2024-05-02 매수 1Q24 Preview: 비용 증가로 컨센 하회"
003850::2024,003850,보령,SECONDARY_SUMMARY_ONLY,SECONDARY_SUMMARY_ONLY,200,https://m.irgo.co.kr/IR-COMP/003850,2024-10-28,"{""OE"": [""비용""]}","8 N/R 2024년 3분기 경영실적 해당기업 IR팀 I 2024-10-28 매수 2024년 3분기 영업이익 시장 컨센서스 하회 전망 BNK투자증권 이달미 I 2024-10-08 매수 외형 고성장, 수익성 개선은 점진적 상상인증권 하태기 I 2024-10-07 N/R 2024년 2분기 실적발표 해당기업 IR팀 I 2024-07-31 매수 큰 폭의 매출 성장, 조금 아쉬운 영업이익 DB금융투자 이명선 I 2024-07-23 매수 외형 고성장, 시차를 두고 수익성 개선 상상인증권 하태기 I 2024-05-22 매수 연간 실적 목표치는 정조준 그대로 키움증권 신민수 I 2024-05-13 N/R 2024년 1분기 실적발표 해당기업 IR팀 I 2024-05-02 매수 2024년 하반기에 대한 기대감 존재 BNK투자증권 이달미 I 2024-05-02 매수 1Q24 Preview: 비용 증가로 컨센 하회 IBK투자증권 이선경 I 2024-04-23 매수 성장 의지와 능력, 모"
003850::2024,003850,보령,SECONDARY_SUMMARY_ONLY,SECONDARY_SUMMARY_ONLY,200,https://m.irgo.co.kr/IR-COMP/003850,2024-11-05,,"/R 2024년 4분기 경영실적 해당기업 IR팀 I 2025-02-03 매수 24년 매출 1조원 달성 전망 DB금융투자 이명선 I 2025-01-22 매수 무난한 실적의 3분기, 신성장을 위한 유상증자 키움증권 신민수 I 2024-11-05 N/R 2024.3Q Earnings Release 해당기업 IR팀 I 2024-10-28 N/R 2024년 3분기 경영실적 해당기업 IR팀 I 2024-10-28 매수 2024년 3분기 영업이익 시장 컨센서스 하회 전망 BNK투자증권 이달미 I 2024-10-08 매수 외형 고성장, 수익성 개선은 점진적 상상인증권 하태기 I 2024-10-07 N/R 2024년 2분기 실적발표 해당기업 IR팀 I 2024-07-31 매수 큰 폭의 매출 성장, 조금 아쉬운 영업이익 DB금융투자 이명선 I 2024-07-23 매수 외형 고성장, 시차를 두고 수익성 개선 상상인증권 하태기 I 2024-05-22 매수 연간 실적 목표치는 정조준 그대"
003850::2024,003850,보령,SECONDARY_SUMMARY_ONLY,SECONDARY_SUMMARY_ONLY,200,https://m.irgo.co.kr/IR-COMP/003850,2024-11-05,,"29 N/R 2025년 1분기 경영실적 해당기업 IR팀 I 2025-04-29 매수 외형 성장이 둔화, 수익성 유지는 가능 상상인증권 하태기 I 2025-04-28 N/R 2024.4Q Earnings Release 해당기업 IR팀 I 2025-02-03 N/R 2024년 4분기 경영실적 해당기업 IR팀 I 2025-02-03 매수 24년 매출 1조원 달성 전망 DB금융투자 이명선 I 2025-01-22 매수 무난한 실적의 3분기, 신성장을 위한 유상증자 키움증권 신민수 I 2024-11-05 N/R 2024.3Q Earnings Release 해당기업 IR팀 I 2024-10-28 N/R 2024년 3분기 경영실적 해당기업 IR팀 I 2024-10-28 매수 2024년 3분기 영업이익 시장 컨센서스 하회 전망 BNK투자증권 이달미 I 2024-10-08 매수 외형 고성장, 수익성 개선은 점진적 상상인증권 하태기 I 2024-10-07 N/R 2024년 2분기 실적"
003850::2024,003850,보령,SECONDARY_SUMMARY_ONLY,SECONDARY_SUMMARY_ONLY,200,https://m.irgo.co.kr/IR-COMP/003850,2024-11-05,,"31 N/R 2025년 2분기 경영실적 해당기업 IR팀 I 2025-07-31 N/R 2025.1Q Earnings Release 해당기업 IR팀 I 2025-04-29 N/R 2025년 1분기 경영실적 해당기업 IR팀 I 2025-04-29 매수 외형 성장이 둔화, 수익성 유지는 가능 상상인증권 하태기 I 2025-04-28 N/R 2024.4Q Earnings Release 해당기업 IR팀 I 2025-02-03 N/R 2024년 4분기 경영실적 해당기업 IR팀 I 2025-02-03 매수 24년 매출 1조원 달성 전망 DB금융투자 이명선 I 2025-01-22 매수 무난한 실적의 3분기, 신성장을 위한 유상증자 키움증권 신민수 I 2024-11-05 N/R 2024.3Q Earnings Release 해당기업 IR팀 I 2024-10-28 N/R 2024년 3분기 경영실적 해당기업 IR팀 I 2024-10-28 매수 2024년 3분기 영업이익 시장 컨센서스 하"
003850::2024,003850,보령,SECONDARY_SUMMARY_ONLY,SECONDARY_SUMMARY_ONLY,200,https://m.irgo.co.kr/IR-COMP/003850,2024-11-05,,"5.1Q Earnings Release 해당기업 IR팀 I 2025-04-29 N/R 2025년 1분기 경영실적 해당기업 IR팀 I 2025-04-29 매수 외형 성장이 둔화, 수익성 유지는 가능 상상인증권 하태기 I 2025-04-28 N/R 2024.4Q Earnings Release 해당기업 IR팀 I 2025-02-03 N/R 2024년 4분기 경영실적 해당기업 IR팀 I 2025-02-03 매수 24년 매출 1조원 달성 전망 DB금융투자 이명선 I 2025-01-22 매수 무난한 실적의 3분기, 신성장을 위한 유상증자 키움증권 신민수 I 2024-11-05 N/R 2024.3Q Earnings Release 해당기업 IR팀 I 2024-10-28 N/R 2024년 3분기 경영실적 해당기업 IR팀 I 2024-10-28 매수 2024년 3분기 영업이익 시장 컨센서스 하회 전망 BNK투자증권 이달미 I 2024-10-08 매수 외형 고성장, 수익성 개선은 점진"
003850::2024,003850,보령,SECONDARY_SUMMARY_ONLY,SECONDARY_SUMMARY_ONLY,200,https://m.irgo.co.kr/IR-COMP/003850,2024-11-05,,"Earnings Release 해당기업 IR팀 I 2025-02-03 N/R 2024년 4분기 경영실적 해당기업 IR팀 I 2025-02-03 매수 24년 매출 1조원 달성 전망 DB금융투자 이명선 I 2025-01-22 매수 무난한 실적의 3분기, 신성장을 위한 유상증자 키움증권 신민수 I 2024-11-05 N/R 2024.3Q Earnings Release 해당기업 IR팀 I 2024-10-28 N/R 2024년 3분기 경영실적 해당기업 IR팀 I 2024-10-28 매수 2024년 3분기 영업이익 시장 컨센서스 하회 전망 BNK투자증권 이달미 I 2024-10-08 매수 외형 고성장, 수익성 개선은 점진적 상상인증권 하태기 I 2024-10-07 N/R 2024년 2분기 실적발표 해당기업 IR팀 I 2024-07-31 매수 큰 폭의 매출 성장, 조금 아쉬운 영업이익 DB금융투자 이명선 I 2024-07-23 매수 외형 고성장, 시차를 두고 수익성 개선 상상"
003850::2024,003850,보령,SECONDARY_SUMMARY_ONLY,SECONDARY_SUMMARY_ONLY,200,https://m.irgo.co.kr/IR-COMP/003850,2024-11-05,,"수익성 유지는 가능 상상인증권 하태기 I 2025-04-28 N/R 2024.4Q Earnings Release 해당기업 IR팀 I 2025-02-03 N/R 2024년 4분기 경영실적 해당기업 IR팀 I 2025-02-03 매수 24년 매출 1조원 달성 전망 DB금융투자 이명선 I 2025-01-22 매수 무난한 실적의 3분기, 신성장을 위한 유상증자 키움증권 신민수 I 2024-11-05 N/R 2024.3Q Earnings Release 해당기업 IR팀 I 2024-10-28 N/R 2024년 3분기 경영실적 해당기업 IR팀 I 2024-10-28 매수 2024년 3분기 영업이익 시장 컨센서스 하회 전망 BNK투자증권 이달미 I 2024-10-08 매수 외형 고성장, 수익성 개선은 점진적 상상인증권 하태기 I 2024-10-07 N/R 2024년 2분기 실적발표 해당기업 IR팀 I 2024-07-31 매수 큰 폭의 매출 성장, 조금 아쉬운 영업이익 DB금융투"
003850::2024,003850,보령,SECONDARY_SUMMARY_ONLY,SECONDARY_SUMMARY_ONLY,200,https://m.irgo.co.kr/IR-COMP/003850,2024-11-05,,"신성장을 위한 유상증자 키움증권 신민수 I 2024-11-05 N/R 2024.3Q Earnings Release 해당기업 IR팀 I 2024-10-28 N/R 2024년 3분기 경영실적 해당기업 IR팀 I 2024-10-28 매수 2024년 3분기 영업이익 시장 컨센서스 하회 전망 BNK투자증권 이달미 I 2024-10-08 매수 외형 고성장, 수익성 개선은 점진적 상상인증권 하태기 I 2024-10-07 N/R 2024년 2분기 실적발표 해당기업 IR팀 I 2024-07-31 매수 큰 폭의 매출 성장, 조금 아쉬운 영업이익 DB금융투자 이명선 I 2024-07-23 매수 외형 고성장, 시차를 두고 수익성 개선 상상인증권 하태기 I 2024-05-22 매수 연간 실적 목표치는 정조준 그대로 키움증권 신민수 I 2024-05-13 N/R 2024년 1분기 실적발표 해당기업 IR팀 I 2024-05-02 매수 2024년 하반기에 대한 기대감 존재 BNK투자증권 이달"
003850::2024,003850,보령,SECONDARY_SUMMARY_ONLY,SECONDARY_SUMMARY_ONLY,200,https://m.irgo.co.kr/IR-COMP/003850,2024-11-05,,"조원 달성 전망 DB금융투자 이명선 I 2025-01-22 매수 무난한 실적의 3분기, 신성장을 위한 유상증자 키움증권 신민수 I 2024-11-05 N/R 2024.3Q Earnings Release 해당기업 IR팀 I 2024-10-28 N/R 2024년 3분기 경영실적 해당기업 IR팀 I 2024-10-28 매수 2024년 3분기 영업이익 시장 컨센서스 하회 전망 BNK투자증권 이달미 I 2024-10-08 매수 외형 고성장, 수익성 개선은 점진적 상상인증권 하태기 I 2024-10-07 N/R 2024년 2분기 실적발표 해당기업 IR팀 I 2024-07-31 매수 큰 폭의 매출 성장, 조금 아쉬운 영업이익 DB금융투자 이명선 I 2024-07-23 매수 외형 고성장, 시차를 두고 수익성 개선 상상인증권 하태기 I 2024-05-22 매수 연간 실적 목표치는 정조준 그대로 키움증권 신민수 I 2024-05-13 N/R 2024년 1분기 실적발표 해당기업 IR팀"
004090::2024,004090,한국석유공업,PENDING_FULLTEXT_REVIEW,EQUITY_HUMAN_QUOTED_NONCANONICAL_INVESTMENT_EXPANSION,200,https://m.irgo.co.kr/IR-COMP/004090,2024-12-05,,"/R 2025년 1분기 실적발표 해당기업 IR팀 I 2025-06-11 매수 비수기에 쉬어갈 때도 흥국증권 최종경 I 2025-05-21 N/R 2024년 4분기 실적발표 해당기업 IR팀 I 2025-03-06 매수 60년 전통의 안정성과 신사업 성장성 흥국증권 최종경 I 2025-02-26 N/R 2024년 3분기 실적발표 해당기업 IR팀 I 2024-12-05 N/R 2024년 2분기 경영실적 해당기업 IR팀 I 2024-09-10 매수 흔들려도 복원되는 실적 안정성 흥국증권 최종경 I 2024-08-22 N/R 2024년 1분기 경영실적 해당기업 IR팀 I 2024-06-03 매수 신제품, 신시장, 신사업 확대 흥국증권 최종경 I 2024-05-13 N/R 2023년 4분기 경영실적 해당기업 IR팀 I 2024-02-27 매수 리사이클 설비 증설과 사업 영역 확장 흥국증권 최종경 I 2023-11-07 매수 친환경 리사이클 증설 흥국증권 최종경 I 2023-0"
004090::2024,004090,한국석유공업,PENDING_FULLTEXT_REVIEW,EQUITY_HUMAN_QUOTED_NONCANONICAL_INVESTMENT_EXPANSION,200,https://m.irgo.co.kr/IR-COMP/004090,2024-12-05,,"05 N/R 2025년 3분기 실적발표 해당기업 IR팀 I 2025-12-04 매수 실적 회복과 호의적 전망 흥국증권 최종경 I 2025-11-24 N/R 2025년 2분기 실적발표 해당기업 IR팀 I 2025-09-04 N/R 2025년 1분기 실적발표 해당기업 IR팀 I 2025-06-11 매수 비수기에 쉬어갈 때도 흥국증권 최종경 I 2025-05-21 N/R 2024년 4분기 실적발표 해당기업 IR팀 I 2025-03-06 매수 60년 전통의 안정성과 신사업 성장성 흥국증권 최종경 I 2025-02-26 N/R 2024년 3분기 실적발표 해당기업 IR팀 I 2024-12-05 N/R 2024년 2분기 경영실적 해당기업 IR팀 I 2024-09-10 매수 흔들려도 복원되는 실적 안정성 흥국증권 최종경 I 2024-08-22 N/R 2024년 1분기 경영실적 해당기업 IR팀 I 2024-06-03 매수 신제품, 신시장, 신사업 확대 흥국증권 최종경 I 2024-"
004090::2024,004090,한국석유공업,PENDING_FULLTEXT_REVIEW,EQUITY_HUMAN_QUOTED_NONCANONICAL_INVESTMENT_EXPANSION,200,https://m.irgo.co.kr/IR-COMP/004090,2024-12-05,,25 N/R 2025년 4분기 실적발표 해당기업 IR팀 I 2026-03-05 N/R 2025년 3분기 실적발표 해당기업 IR팀 I 2025-12-04 매수 실적 회복과 호의적 전망 흥국증권 최종경 I 2025-11-24 N/R 2025년 2분기 실적발표 해당기업 IR팀 I 2025-09-04 N/R 2025년 1분기 실적발표 해당기업 IR팀 I 2025-06-11 매수 비수기에 쉬어갈 때도 흥국증권 최종경 I 2025-05-21 N/R 2024년 4분기 실적발표 해당기업 IR팀 I 2025-03-06 매수 60년 전통의 안정성과 신사업 성장성 흥국증권 최종경 I 2025-02-26 N/R 2024년 3분기 실적발표 해당기업 IR팀 I 2024-12-05 N/R 2024년 2분기 경영실적 해당기업 IR팀 I 2024-09-10 매수 흔들려도 복원되는 실적 안정성 흥국증권 최종경 I 2024-08-22 N/R 2024년 1분기 경영실적 해당기업 IR팀 I 2024-0
004090::2024,004090,한국석유공업,PENDING_FULLTEXT_REVIEW,EQUITY_HUMAN_QUOTED_NONCANONICAL_INVESTMENT_EXPANSION,200,https://m.irgo.co.kr/IR-COMP/004090,2024-12-05,,"4 매수 실적 회복과 호의적 전망 흥국증권 최종경 I 2025-11-24 N/R 2025년 2분기 실적발표 해당기업 IR팀 I 2025-09-04 N/R 2025년 1분기 실적발표 해당기업 IR팀 I 2025-06-11 매수 비수기에 쉬어갈 때도 흥국증권 최종경 I 2025-05-21 N/R 2024년 4분기 실적발표 해당기업 IR팀 I 2025-03-06 매수 60년 전통의 안정성과 신사업 성장성 흥국증권 최종경 I 2025-02-26 N/R 2024년 3분기 실적발표 해당기업 IR팀 I 2024-12-05 N/R 2024년 2분기 경영실적 해당기업 IR팀 I 2024-09-10 매수 흔들려도 복원되는 실적 안정성 흥국증권 최종경 I 2024-08-22 N/R 2024년 1분기 경영실적 해당기업 IR팀 I 2024-06-03 매수 신제품, 신시장, 신사업 확대 흥국증권 최종경 I 2024-05-13 N/R 2023년 4분기 경영실적 해당기업 IR팀 I 2024-0"
004090::2024,004090,한국석유공업,PENDING_FULLTEXT_REVIEW,EQUITY_HUMAN_QUOTED_NONCANONICAL_INVESTMENT_EXPANSION,200,https://m.irgo.co.kr/IR-COMP/004090,2024-12-05,,"N/R 2025년 2분기 실적발표 해당기업 IR팀 I 2025-09-04 N/R 2025년 1분기 실적발표 해당기업 IR팀 I 2025-06-11 매수 비수기에 쉬어갈 때도 흥국증권 최종경 I 2025-05-21 N/R 2024년 4분기 실적발표 해당기업 IR팀 I 2025-03-06 매수 60년 전통의 안정성과 신사업 성장성 흥국증권 최종경 I 2025-02-26 N/R 2024년 3분기 실적발표 해당기업 IR팀 I 2024-12-05 N/R 2024년 2분기 경영실적 해당기업 IR팀 I 2024-09-10 매수 흔들려도 복원되는 실적 안정성 흥국증권 최종경 I 2024-08-22 N/R 2024년 1분기 경영실적 해당기업 IR팀 I 2024-06-03 매수 신제품, 신시장, 신사업 확대 흥국증권 최종경 I 2024-05-13 N/R 2023년 4분기 경영실적 해당기업 IR팀 I 2024-02-27 매수 리사이클 설비 증설과 사업 영역 확장 흥국증권 최종경 I 2"
004090::2024,004090,한국석유공업,PENDING_FULLTEXT_REVIEW,EQUITY_HUMAN_QUOTED_NONCANONICAL_INVESTMENT_EXPANSION,200,https://m.irgo.co.kr/IR-COMP/004090,2024-12-05,,"수 비수기에 쉬어갈 때도 흥국증권 최종경 I 2025-05-21 N/R 2024년 4분기 실적발표 해당기업 IR팀 I 2025-03-06 매수 60년 전통의 안정성과 신사업 성장성 흥국증권 최종경 I 2025-02-26 N/R 2024년 3분기 실적발표 해당기업 IR팀 I 2024-12-05 N/R 2024년 2분기 경영실적 해당기업 IR팀 I 2024-09-10 매수 흔들려도 복원되는 실적 안정성 흥국증권 최종경 I 2024-08-22 N/R 2024년 1분기 경영실적 해당기업 IR팀 I 2024-06-03 매수 신제품, 신시장, 신사업 확대 흥국증권 최종경 I 2024-05-13 N/R 2023년 4분기 경영실적 해당기업 IR팀 I 2024-02-27 매수 리사이클 설비 증설과 사업 영역 확장 흥국증권 최종경 I 2023-11-07 매수 친환경 리사이클 증설 흥국증권 최종경 I 2023-05-30 매수 친환경 리사이클링 수익 기여 개시 흥국증권 최종경 I 202"
005160::2024,005160,동국산업,SECONDARY_SUMMARY_ONLY,SECONDARY_SUMMARY_ONLY,200,https://m.irgo.co.kr/IR-COMP/005160,2024-03-12,"{""WC"": [""회수""]}","리포트 매수 니켈도금강판 가동과 함께 리레이팅 기대 이베스트투자증권 안회수 I 2024-03-12 N/R 핵심은 니켈도금강판 신한투자증권 박윤,이병화 I 2023-06-13 N/R 신규사업(니켈도금강판&텅스텐)을 통한 도약준비 리딩투자증권 유성만 I 2023-04-25 N/R 전기차/신소재 사업으로 재평가 예상"
005180::2024,005180,빙그레,SECONDARY_SUMMARY_ONLY,SECONDARY_SUMMARY_ONLY,200,https://m.irgo.co.kr/IR-COMP/005180,2024-05-23,,"견조 하나증권 심은주 I 2024-05-23 매수 1Q24 Review: 드러나는 진가 상상인증권 김혜미 I 2024-05-21 매수 K-바나나맛 우유에 반하나? DS투자증권 장지혜 I 2024-05-17 매수 氷? 그래! IBK투자증권 김태현,백종민 I 2024-05-17 매수 비수기가 걱정 없는 수준의 체질개선 하이투자증권 이경신,이윤경 I 2024-05-17 매수 내년부터 IBK투자증권 김태현 I 2024-04-29 매수 날씨, 벌써부터 심상치 않다 IBK투자증권 김태현 I 2024-04-11 매수 1Q24 Preview 하이투자증권 이경신,이윤경 I 2024-04-04 매수 4Q23 Preview 하이투자증권 이경신,이윤경 I 2024-01-10 매수 다음 여름은 더 뜨겁게 온다 DS투자증권 장지혜 I 2023-11-20 매수 3Q23 Review: 좋다고 말했잖아 상상인증권 김혜미 I 2023-11-15 N/R 3Q23 Review 메리츠증권 김정욱 I"
005180::2024,005180,빙그레,SECONDARY_SUMMARY_ONLY,SECONDARY_SUMMARY_ONLY,200,https://m.irgo.co.kr/IR-COMP/005180,2024-05-27,,"가 빙그레 DS투자증권 장지혜 I 2024-05-27 N/R 내수 회복 + 수출 견조 하나증권 심은주 I 2024-05-23 매수 1Q24 Review: 드러나는 진가 상상인증권 김혜미 I 2024-05-21 매수 K-바나나맛 우유에 반하나? DS투자증권 장지혜 I 2024-05-17 매수 氷? 그래! IBK투자증권 김태현,백종민 I 2024-05-17 매수 비수기가 걱정 없는 수준의 체질개선 하이투자증권 이경신,이윤경 I 2024-05-17 매수 내년부터 IBK투자증권 김태현 I 2024-04-29 매수 날씨, 벌써부터 심상치 않다 IBK투자증권 김태현 I 2024-04-11 매수 1Q24 Preview 하이투자증권 이경신,이윤경 I 2024-04-04 매수 4Q23 Preview 하이투자증권 이경신,이윤경 I 2024-01-10 매수 다음 여름은 더 뜨겁게 온다 DS투자증권 장지혜 I 2023-11-20 매수 3Q23 Review: 좋다고 말했잖아 상상인증권 김"
005180::2024,005180,빙그레,SECONDARY_SUMMARY_ONLY,SECONDARY_SUMMARY_ONLY,200,https://m.irgo.co.kr/IR-COMP/005180,2024-05-29,,"iM증권 이경신,이윤경 I 2024-05-29 매수 과일 맛 K-디저트로 전세계가 빙그레 DS투자증권 장지혜 I 2024-05-27 N/R 내수 회복 + 수출 견조 하나증권 심은주 I 2024-05-23 매수 1Q24 Review: 드러나는 진가 상상인증권 김혜미 I 2024-05-21 매수 K-바나나맛 우유에 반하나? DS투자증권 장지혜 I 2024-05-17 매수 氷? 그래! IBK투자증권 김태현,백종민 I 2024-05-17 매수 비수기가 걱정 없는 수준의 체질개선 하이투자증권 이경신,이윤경 I 2024-05-17 매수 내년부터 IBK투자증권 김태현 I 2024-04-29 매수 날씨, 벌써부터 심상치 않다 IBK투자증권 김태현 I 2024-04-11 매수 1Q24 Preview 하이투자증권 이경신,이윤경 I 2024-04-04 매수 4Q23 Preview 하이투자증권 이경신,이윤경 I 2024-01-10 매수 다음 여름은 더 뜨겁게 온다 DS투자증권 장지혜 I"
005180::2024,005180,빙그레,SECONDARY_SUMMARY_ONLY,SECONDARY_SUMMARY_ONLY,200,https://m.irgo.co.kr/IR-COMP/005180,2024-06-17,,"편 IBK투자증권 김태현 I 2024-06-17 매수 2H24 Outlook iM증권 이경신,이윤경 I 2024-05-29 매수 과일 맛 K-디저트로 전세계가 빙그레 DS투자증권 장지혜 I 2024-05-27 N/R 내수 회복 + 수출 견조 하나증권 심은주 I 2024-05-23 매수 1Q24 Review: 드러나는 진가 상상인증권 김혜미 I 2024-05-21 매수 K-바나나맛 우유에 반하나? DS투자증권 장지혜 I 2024-05-17 매수 氷? 그래! IBK투자증권 김태현,백종민 I 2024-05-17 매수 비수기가 걱정 없는 수준의 체질개선 하이투자증권 이경신,이윤경 I 2024-05-17 매수 내년부터 IBK투자증권 김태현 I 2024-04-29 매수 날씨, 벌써부터 심상치 않다 IBK투자증권 김태현 I 2024-04-11 매수 1Q24 Preview 하이투자증권 이경신,이윤경 I 2024-04-04 매수 4Q23 Preview 하이투자증권 이경신,이윤경"
005180::2024,005180,빙그레,SECONDARY_SUMMARY_ONLY,SECONDARY_SUMMARY_ONLY,200,https://m.irgo.co.kr/IR-COMP/005180,2024-07-02,,"더 빙그레 DS투자증권 장지혜 I 2024-07-02 매수 2Q24 Preview 하이투자증권 이경신,이윤경 I 2024-07-02 매수 날씨는 우리 편 IBK투자증권 김태현 I 2024-06-17 매수 2H24 Outlook iM증권 이경신,이윤경 I 2024-05-29 매수 과일 맛 K-디저트로 전세계가 빙그레 DS투자증권 장지혜 I 2024-05-27 N/R 내수 회복 + 수출 견조 하나증권 심은주 I 2024-05-23 매수 1Q24 Review: 드러나는 진가 상상인증권 김혜미 I 2024-05-21 매수 K-바나나맛 우유에 반하나? DS투자증권 장지혜 I 2024-05-17 매수 氷? 그래! IBK투자증권 김태현,백종민 I 2024-05-17 매수 비수기가 걱정 없는 수준의 체질개선 하이투자증권 이경신,이윤경 I 2024-05-17 매수 내년부터 IBK투자증권 김태현 I 2024-04-29 매수 날씨, 벌써부터 심상치 않다 IBK투자증권 김태현 I 20"
005180::2024,005180,빙그레,SECONDARY_SUMMARY_ONLY,SECONDARY_SUMMARY_ONLY,200,https://m.irgo.co.kr/IR-COMP/005180,2024-07-02,,"증권 이경신,이윤경 I 2024-07-02 매수 날씨는 우리 편 IBK투자증권 김태현 I 2024-06-17 매수 2H24 Outlook iM증권 이경신,이윤경 I 2024-05-29 매수 과일 맛 K-디저트로 전세계가 빙그레 DS투자증권 장지혜 I 2024-05-27 N/R 내수 회복 + 수출 견조 하나증권 심은주 I 2024-05-23 매수 1Q24 Review: 드러나는 진가 상상인증권 김혜미 I 2024-05-21 매수 K-바나나맛 우유에 반하나? DS투자증권 장지혜 I 2024-05-17 매수 氷? 그래! IBK투자증권 김태현,백종민 I 2024-05-17 매수 비수기가 걱정 없는 수준의 체질개선 하이투자증권 이경신,이윤경 I 2024-05-17 매수 내년부터 IBK투자증권 김태현 I 2024-04-29 매수 날씨, 벌써부터 심상치 않다 IBK투자증권 김태현 I 2024-04-11 매수 1Q24 Preview 하이투자증권 이경신,이윤경 I 2024-04-0"
005180::2024,005180,빙그레,SECONDARY_SUMMARY_ONLY,SECONDARY_SUMMARY_ONLY,200,https://m.irgo.co.kr/IR-COMP/005180,2024-07-18,,"매수 숨은 강자 대신증권 정한솔 I 2024-07-18 매수 더울수록 더 빙그레 DS투자증권 장지혜 I 2024-07-02 매수 2Q24 Preview 하이투자증권 이경신,이윤경 I 2024-07-02 매수 날씨는 우리 편 IBK투자증권 김태현 I 2024-06-17 매수 2H24 Outlook iM증권 이경신,이윤경 I 2024-05-29 매수 과일 맛 K-디저트로 전세계가 빙그레 DS투자증권 장지혜 I 2024-05-27 N/R 내수 회복 + 수출 견조 하나증권 심은주 I 2024-05-23 매수 1Q24 Review: 드러나는 진가 상상인증권 김혜미 I 2024-05-21 매수 K-바나나맛 우유에 반하나? DS투자증권 장지혜 I 2024-05-17 매수 氷? 그래! IBK투자증권 김태현,백종민 I 2024-05-17 매수 비수기가 걱정 없는 수준의 체질개선 하이투자증권 이경신,이윤경 I 2024-05-17 매수 내년부터 IBK투자증권 김태현 I 2024-04"
005180::2024,005180,빙그레,SECONDARY_SUMMARY_ONLY,SECONDARY_SUMMARY_ONLY,200,https://m.irgo.co.kr/IR-COMP/005180,2024-07-23,,"I 2024-07-23 매수 숨은 강자 대신증권 정한솔 I 2024-07-19 매수 숨은 강자 대신증권 정한솔 I 2024-07-18 매수 더울수록 더 빙그레 DS투자증권 장지혜 I 2024-07-02 매수 2Q24 Preview 하이투자증권 이경신,이윤경 I 2024-07-02 매수 날씨는 우리 편 IBK투자증권 김태현 I 2024-06-17 매수 2H24 Outlook iM증권 이경신,이윤경 I 2024-05-29 매수 과일 맛 K-디저트로 전세계가 빙그레 DS투자증권 장지혜 I 2024-05-27 N/R 내수 회복 + 수출 견조 하나증권 심은주 I 2024-05-23 매수 1Q24 Review: 드러나는 진가 상상인증권 김혜미 I 2024-05-21 매수 K-바나나맛 우유에 반하나? DS투자증권 장지혜 I 2024-05-17 매수 氷? 그래! IBK투자증권 김태현,백종민 I 2024-05-17 매수 비수기가 걱정 없는 수준의 체질개선 하이투자증권 이경신,이윤경"
005180::2024,005180,빙그레,SECONDARY_SUMMARY_ONLY,SECONDARY_SUMMARY_ONLY,200,https://m.irgo.co.kr/IR-COMP/005180,2024-08-16,,"2024-08-16 매수 제로 아이스크림, 성장 촉매제 될 것 IBK투자증권 김태현 I 2024-07-23 매수 숨은 강자 대신증권 정한솔 I 2024-07-19 매수 숨은 강자 대신증권 정한솔 I 2024-07-18 매수 더울수록 더 빙그레 DS투자증권 장지혜 I 2024-07-02 매수 2Q24 Preview 하이투자증권 이경신,이윤경 I 2024-07-02 매수 날씨는 우리 편 IBK투자증권 김태현 I 2024-06-17 매수 2H24 Outlook iM증권 이경신,이윤경 I 2024-05-29 매수 과일 맛 K-디저트로 전세계가 빙그레 DS투자증권 장지혜 I 2024-05-27 N/R 내수 회복 + 수출 견조 하나증권 심은주 I 2024-05-23 매수 1Q24 Review: 드러나는 진가 상상인증권 김혜미 I 2024-05-21 매수 K-바나나맛 우유에 반하나? DS투자증권 장지혜 I 2024-05-17 매수 氷? 그래! IBK투자증권 김태현,백종민 I 2"
005180::2024,005180,빙그레,SECONDARY_SUMMARY_ONLY,SECONDARY_SUMMARY_ONLY,200,https://m.irgo.co.kr/IR-COMP/005180,2024-08-16,,"I 2024-08-16 매수 더운 여름에 대한 기대 대신증권 정한솔 I 2024-08-16 매수 제로 아이스크림, 성장 촉매제 될 것 IBK투자증권 김태현 I 2024-07-23 매수 숨은 강자 대신증권 정한솔 I 2024-07-19 매수 숨은 강자 대신증권 정한솔 I 2024-07-18 매수 더울수록 더 빙그레 DS투자증권 장지혜 I 2024-07-02 매수 2Q24 Preview 하이투자증권 이경신,이윤경 I 2024-07-02 매수 날씨는 우리 편 IBK투자증권 김태현 I 2024-06-17 매수 2H24 Outlook iM증권 이경신,이윤경 I 2024-05-29 매수 과일 맛 K-디저트로 전세계가 빙그레 DS투자증권 장지혜 I 2024-05-27 N/R 내수 회복 + 수출 견조 하나증권 심은주 I 2024-05-23 매수 1Q24 Review: 드러나는 진가 상상인증권 김혜미 I 2024-05-21 매수 K-바나나맛 우유에 반하나? DS투자증권 장지혜 I"
005180::2024,005180,빙그레,SECONDARY_SUMMARY_ONLY,SECONDARY_SUMMARY_ONLY,200,https://m.irgo.co.kr/IR-COMP/005180,2024-08-16,"{""OE"": [""판관비""]}","권 장지혜,김대성 I 2024-08-16 매수 판관비 부담 증가 IBK투자증권 김태현 I 2024-08-16 매수 더운 여름에 대한 기대 대신증권 정한솔 I 2024-08-16 매수 제로 아이스크림, 성장 촉매제 될 것 IBK투자증권 김태현 I 2024-07-23 매수 숨은 강자 대신증권 정한솔 I 2024-07-19 매수 숨은 강자 대신증권 정한솔 I 2024-07-18 매수 더울수록 더 빙그레 DS투자증권 장지혜 I 2024-07-02 매수 2Q24 Preview 하이투자증권 이경신,이윤경 I 2024-07-02 매수 날씨는 우리 편 IBK투자증권 김태현 I 2024-06-17 매수 2H24 Outlook iM증권 이경신,이윤경 I 2024-05-29 매수 과일 맛 K-디저트로 전세계가 빙그레 DS투자증권 장지혜 I 2024-05-27 N/R 내수 회복 + 수출 견조 하나증권 심은주 I 2024-05-23 매수 1Q24 Review: 드러나는 진가 상상인증권 김"
005180::2024,005180,빙그레,SECONDARY_SUMMARY_ONLY,SECONDARY_SUMMARY_ONLY,200,https://m.irgo.co.kr/IR-COMP/005180,2024-09-25,"{""OE"": [""판관비""]}","024-10-02 매수 낮아진 기대치에는 부합할 듯 IBK투자증권 김태현,강민구 I 2024-09-25 매수 단지 광고비를 썼을 뿐 DS투자증권 장지혜,김대성 I 2024-08-16 매수 판관비 부담 증가 IBK투자증권 김태현 I 2024-08-16 매수 더운 여름에 대한 기대 대신증권 정한솔 I 2024-08-16 매수 제로 아이스크림, 성장 촉매제 될 것 IBK투자증권 김태현 I 2024-07-23 매수 숨은 강자 대신증권 정한솔 I 2024-07-19 매수 숨은 강자 대신증권 정한솔 I 2024-07-18 매수 더울수록 더 빙그레 DS투자증권 장지혜 I 2024-07-02 매수 2Q24 Preview 하이투자증권 이경신,이윤경 I 2024-07-02 매수 날씨는 우리 편 IBK투자증권 김태현 I 2024-06-17 매수 2H24 Outlook iM증권 이경신,이윤경 I 2024-05-29 매수 과일 맛 K-디저트로 전세계가 빙그레 DS투자증권 장지혜 I 202"
005180::2024,005180,빙그레,SECONDARY_SUMMARY_ONLY,SECONDARY_SUMMARY_ONLY,200,https://m.irgo.co.kr/IR-COMP/005180,2024-09-25,"{""OE"": [""판관비""]}","김태현,강민구 I 2024-09-25 매수 단지 광고비를 썼을 뿐 DS투자증권 장지혜,김대성 I 2024-08-16 매수 판관비 부담 증가 IBK투자증권 김태현 I 2024-08-16 매수 더운 여름에 대한 기대 대신증권 정한솔 I 2024-08-16 매수 제로 아이스크림, 성장 촉매제 될 것 IBK투자증권 김태현 I 2024-07-23 매수 숨은 강자 대신증권 정한솔 I 2024-07-19 매수 숨은 강자 대신증권 정한솔 I 2024-07-18 매수 더울수록 더 빙그레 DS투자증권 장지혜 I 2024-07-02 매수 2Q24 Preview 하이투자증권 이경신,이윤경 I 2024-07-02 매수 날씨는 우리 편 IBK투자증권 김태현 I 2024-06-17 매수 2H24 Outlook iM증권 이경신,이윤경 I 2024-05-29 매수 과일 맛 K-디저트로 전세계가 빙그레 DS투자증권 장지혜 I 2024-05-27 N/R 내수 회복 + 수출 견조 하나증권 심은주 I"
005180::2024,005180,빙그레,SECONDARY_SUMMARY_ONLY,SECONDARY_SUMMARY_ONLY,200,https://m.irgo.co.kr/IR-COMP/005180,2024-10-18,"{""OE"": [""판관비""]}","혜미 I 2024-10-18 매수 3Q24 Preview iM증권 이경신 I 2024-10-02 매수 낮아진 기대치에는 부합할 듯 IBK투자증권 김태현,강민구 I 2024-09-25 매수 단지 광고비를 썼을 뿐 DS투자증권 장지혜,김대성 I 2024-08-16 매수 판관비 부담 증가 IBK투자증권 김태현 I 2024-08-16 매수 더운 여름에 대한 기대 대신증권 정한솔 I 2024-08-16 매수 제로 아이스크림, 성장 촉매제 될 것 IBK투자증권 김태현 I 2024-07-23 매수 숨은 강자 대신증권 정한솔 I 2024-07-19 매수 숨은 강자 대신증권 정한솔 I 2024-07-18 매수 더울수록 더 빙그레 DS투자증권 장지혜 I 2024-07-02 매수 2Q24 Preview 하이투자증권 이경신,이윤경 I 2024-07-02 매수 날씨는 우리 편 IBK투자증권 김태현 I 2024-06-17 매수 2H24 Outlook iM증권 이경신,이윤경 I 2024-05"
005180::2024,005180,빙그레,SECONDARY_SUMMARY_ONLY,SECONDARY_SUMMARY_ONLY,200,https://m.irgo.co.kr/IR-COMP/005180,2024-11-25,,"-05 매수 역대급 4분기 실적. 비수기의 반전 DS투자증권 장지혜,김대성 I 2025-03-05 매수 확대되는 수출, 견고한 국내 대신증권 정한솔 I 2025-02-28 매수 K-디저트 대표주자, 꾸준한 수출 성장 DS투자증권 장지혜,김대성 I 2025-01-21 N/R 분할 및 지주사 전환 영향 분석 한화투자증권 한유정,이다연 I 2025-01-21 매수 4Q24 Preview iM증권 이경신 I 2025-01-14 매수 이유 있는 상승세 IBK투자증권 김태현,박은명 I 2025-01-14 N/R 지주사 전환 및 자사주 소각 Comment 메리츠증권 김정욱,황홍진 I 2024-11-25 매수 마케팅 씨앗 뿌리기 상상인증권 김혜미 I 2024-10-18 매수 3Q24 Preview iM증권 이경신 I 2024-10-02 매수 낮아진 기대치에는 부합할 듯 IBK투자증권 김태현,강민구 I 2024-09-25 매수 단지 광고비를 썼을 뿐 DS투자증권 장지혜,김대성 I"
005180::2024,005180,빙그레,SECONDARY_SUMMARY_ONLY,SECONDARY_SUMMARY_ONLY,200,https://m.irgo.co.kr/IR-COMP/005180,2024-11-25,"{""OE"": [""판관비""]}","025-02-28 매수 K-디저트 대표주자, 꾸준한 수출 성장 DS투자증권 장지혜,김대성 I 2025-01-21 N/R 분할 및 지주사 전환 영향 분석 한화투자증권 한유정,이다연 I 2025-01-21 매수 4Q24 Preview iM증권 이경신 I 2025-01-14 매수 이유 있는 상승세 IBK투자증권 김태현,박은명 I 2025-01-14 N/R 지주사 전환 및 자사주 소각 Comment 메리츠증권 김정욱,황홍진 I 2024-11-25 매수 마케팅 씨앗 뿌리기 상상인증권 김혜미 I 2024-10-18 매수 3Q24 Preview iM증권 이경신 I 2024-10-02 매수 낮아진 기대치에는 부합할 듯 IBK투자증권 김태현,강민구 I 2024-09-25 매수 단지 광고비를 썼을 뿐 DS투자증권 장지혜,김대성 I 2024-08-16 매수 판관비 부담 증가 IBK투자증권 김태현 I 2024-08-16 매수 더운 여름에 대한 기대 대신증권 정한솔 I 2024-08-16"
005180::2024,005180,빙그레,SECONDARY_SUMMARY_ONLY,SECONDARY_SUMMARY_ONLY,200,https://m.irgo.co.kr/IR-COMP/005180,2024-11-25,"{""OE"": [""판관비""]}","Preview iM증권 이경신 I 2025-01-14 매수 이유 있는 상승세 IBK투자증권 김태현,박은명 I 2025-01-14 N/R 지주사 전환 및 자사주 소각 Comment 메리츠증권 김정욱,황홍진 I 2024-11-25 매수 마케팅 씨앗 뿌리기 상상인증권 김혜미 I 2024-10-18 매수 3Q24 Preview iM증권 이경신 I 2024-10-02 매수 낮아진 기대치에는 부합할 듯 IBK투자증권 김태현,강민구 I 2024-09-25 매수 단지 광고비를 썼을 뿐 DS투자증권 장지혜,김대성 I 2024-08-16 매수 판관비 부담 증가 IBK투자증권 김태현 I 2024-08-16 매수 더운 여름에 대한 기대 대신증권 정한솔 I 2024-08-16 매수 제로 아이스크림, 성장 촉매제 될 것 IBK투자증권 김태현 I 2024-07-23 매수 숨은 강자 대신증권 정한솔 I 2024-07-19 매수 숨은 강자 대신증권 정한솔 I 2024-07-18 매수 더울수록"
005180::2024,005180,빙그레,SECONDARY_SUMMARY_ONLY,SECONDARY_SUMMARY_ONLY,200,https://m.irgo.co.kr/IR-COMP/005180,2024-11-25,"{""OE"": [""판관비""]}","김대성 I 2025-03-05 매수 확대되는 수출, 견고한 국내 대신증권 정한솔 I 2025-02-28 매수 K-디저트 대표주자, 꾸준한 수출 성장 DS투자증권 장지혜,김대성 I 2025-01-21 N/R 분할 및 지주사 전환 영향 분석 한화투자증권 한유정,이다연 I 2025-01-21 매수 4Q24 Preview iM증권 이경신 I 2025-01-14 매수 이유 있는 상승세 IBK투자증권 김태현,박은명 I 2025-01-14 N/R 지주사 전환 및 자사주 소각 Comment 메리츠증권 김정욱,황홍진 I 2024-11-25 매수 마케팅 씨앗 뿌리기 상상인증권 김혜미 I 2024-10-18 매수 3Q24 Preview iM증권 이경신 I 2024-10-02 매수 낮아진 기대치에는 부합할 듯 IBK투자증권 김태현,강민구 I 2024-09-25 매수 단지 광고비를 썼을 뿐 DS투자증권 장지혜,김대성 I 2024-08-16 매수 판관비 부담 증가 IBK투자증권 김태현 I"
005180::2024,005180,빙그레,SECONDARY_SUMMARY_ONLY,SECONDARY_SUMMARY_ONLY,200,https://m.irgo.co.kr/IR-COMP/005180,2024-11-25,,"매수 4분기에 영업이익 흑자 IBK투자증권 김태현 I 2025-03-05 매수 역대급 4분기 실적. 비수기의 반전 DS투자증권 장지혜,김대성 I 2025-03-05 매수 확대되는 수출, 견고한 국내 대신증권 정한솔 I 2025-02-28 매수 K-디저트 대표주자, 꾸준한 수출 성장 DS투자증권 장지혜,김대성 I 2025-01-21 N/R 분할 및 지주사 전환 영향 분석 한화투자증권 한유정,이다연 I 2025-01-21 매수 4Q24 Preview iM증권 이경신 I 2025-01-14 매수 이유 있는 상승세 IBK투자증권 김태현,박은명 I 2025-01-14 N/R 지주사 전환 및 자사주 소각 Comment 메리츠증권 김정욱,황홍진 I 2024-11-25 매수 마케팅 씨앗 뿌리기 상상인증권 김혜미 I 2024-10-18 매수 3Q24 Preview iM증권 이경신 I 2024-10-02 매수 낮아진 기대치에는 부합할 듯 IBK투자증권 김태현,강민구 I 2024-09"
005180::2024,005180,빙그레,SECONDARY_SUMMARY_ONLY,SECONDARY_SUMMARY_ONLY,200,https://m.irgo.co.kr/IR-COMP/005180,2024-11-25,"{""OE"": [""판관비""]}","분석 한화투자증권 한유정,이다연 I 2025-01-21 매수 4Q24 Preview iM증권 이경신 I 2025-01-14 매수 이유 있는 상승세 IBK투자증권 김태현,박은명 I 2025-01-14 N/R 지주사 전환 및 자사주 소각 Comment 메리츠증권 김정욱,황홍진 I 2024-11-25 매수 마케팅 씨앗 뿌리기 상상인증권 김혜미 I 2024-10-18 매수 3Q24 Preview iM증권 이경신 I 2024-10-02 매수 낮아진 기대치에는 부합할 듯 IBK투자증권 김태현,강민구 I 2024-09-25 매수 단지 광고비를 썼을 뿐 DS투자증권 장지혜,김대성 I 2024-08-16 매수 판관비 부담 증가 IBK투자증권 김태현 I 2024-08-16 매수 더운 여름에 대한 기대 대신증권 정한솔 I 2024-08-16 매수 제로 아이스크림, 성장 촉매제 될 것 IBK투자증권 김태현 I 2024-07-23 매수 숨은 강자 대신증권 정한솔 I 2024-07-19 매"
005180::2024,005180,빙그레,SECONDARY_SUMMARY_ONLY,SECONDARY_SUMMARY_ONLY,200,https://m.irgo.co.kr/IR-COMP/005180,2024-11-25,"{""OE"": [""판관비""]}","전환 및 자사주 소각 Comment 메리츠증권 김정욱,황홍진 I 2024-11-25 매수 마케팅 씨앗 뿌리기 상상인증권 김혜미 I 2024-10-18 매수 3Q24 Preview iM증권 이경신 I 2024-10-02 매수 낮아진 기대치에는 부합할 듯 IBK투자증권 김태현,강민구 I 2024-09-25 매수 단지 광고비를 썼을 뿐 DS투자증권 장지혜,김대성 I 2024-08-16 매수 판관비 부담 증가 IBK투자증권 김태현 I 2024-08-16 매수 더운 여름에 대한 기대 대신증권 정한솔 I 2024-08-16 매수 제로 아이스크림, 성장 촉매제 될 것 IBK투자증권 김태현 I 2024-07-23 매수 숨은 강자 대신증권 정한솔 I 2024-07-19 매수 숨은 강자 대신증권 정한솔 I 2024-07-18 매수 더울수록 더 빙그레 DS투자증권 장지혜 I 2024-07-02 매수 2Q24 Preview 하이투자증권 이경신,이윤경 I 2024-07-02 매수 날씨는"
005180::2024,005180,빙그레,SECONDARY_SUMMARY_ONLY,SECONDARY_SUMMARY_ONLY,200,https://m.irgo.co.kr/IR-COMP/005180,2024-11-25,"{""OE"": [""판관비""]}","증권 김태현,박은명 I 2025-01-14 N/R 지주사 전환 및 자사주 소각 Comment 메리츠증권 김정욱,황홍진 I 2024-11-25 매수 마케팅 씨앗 뿌리기 상상인증권 김혜미 I 2024-10-18 매수 3Q24 Preview iM증권 이경신 I 2024-10-02 매수 낮아진 기대치에는 부합할 듯 IBK투자증권 김태현,강민구 I 2024-09-25 매수 단지 광고비를 썼을 뿐 DS투자증권 장지혜,김대성 I 2024-08-16 매수 판관비 부담 증가 IBK투자증권 김태현 I 2024-08-16 매수 더운 여름에 대한 기대 대신증권 정한솔 I 2024-08-16 매수 제로 아이스크림, 성장 촉매제 될 것 IBK투자증권 김태현 I 2024-07-23 매수 숨은 강자 대신증권 정한솔 I 2024-07-19 매수 숨은 강자 대신증권 정한솔 I 2024-07-18 매수 더울수록 더 빙그레 DS투자증권 장지혜 I 2024-07-02 매수 2Q24 Preview 하이투"
005180::2024,005180,빙그레,SECONDARY_SUMMARY_ONLY,SECONDARY_SUMMARY_ONLY,200,https://m.irgo.co.kr/IR-COMP/005180,2024-11-25,"{""OE"": [""판관비""]}","혜,김대성 I 2025-01-21 N/R 분할 및 지주사 전환 영향 분석 한화투자증권 한유정,이다연 I 2025-01-21 매수 4Q24 Preview iM증권 이경신 I 2025-01-14 매수 이유 있는 상승세 IBK투자증권 김태현,박은명 I 2025-01-14 N/R 지주사 전환 및 자사주 소각 Comment 메리츠증권 김정욱,황홍진 I 2024-11-25 매수 마케팅 씨앗 뿌리기 상상인증권 김혜미 I 2024-10-18 매수 3Q24 Preview iM증권 이경신 I 2024-10-02 매수 낮아진 기대치에는 부합할 듯 IBK투자증권 김태현,강민구 I 2024-09-25 매수 단지 광고비를 썼을 뿐 DS투자증권 장지혜,김대성 I 2024-08-16 매수 판관비 부담 증가 IBK투자증권 김태현 I 2024-08-16 매수 더운 여름에 대한 기대 대신증권 정한솔 I 2024-08-16 매수 제로 아이스크림, 성장 촉매제 될 것 IBK투자증권 김태현 I 2024-"
005180::2024,005180,빙그레,SECONDARY_SUMMARY_ONLY,SECONDARY_SUMMARY_ONLY,200,https://m.irgo.co.kr/IR-COMP/005180,2024-11-25,"{""OE"": [""판관비""]}","황홍진 I 2024-11-25 매수 마케팅 씨앗 뿌리기 상상인증권 김혜미 I 2024-10-18 매수 3Q24 Preview iM증권 이경신 I 2024-10-02 매수 낮아진 기대치에는 부합할 듯 IBK투자증권 김태현,강민구 I 2024-09-25 매수 단지 광고비를 썼을 뿐 DS투자증권 장지혜,김대성 I 2024-08-16 매수 판관비 부담 증가 IBK투자증권 김태현 I 2024-08-16 매수 더운 여름에 대한 기대 대신증권 정한솔 I 2024-08-16 매수 제로 아이스크림, 성장 촉매제 될 것 IBK투자증권 김태현 I 2024-07-23 매수 숨은 강자 대신증권 정한솔 I 2024-07-19 매수 숨은 강자 대신증권 정한솔 I 2024-07-18 매수 더울수록 더 빙그레 DS투자증권 장지혜 I 2024-07-02 매수 2Q24 Preview 하이투자증권 이경신,이윤경 I 2024-07-02 매수 날씨는 우리 편 IBK투자증권 김태현 I 2024-06-17"
005380::2024,005380,현대자동차,SECONDARY_SUMMARY_ONLY,SECONDARY_SUMMARY_ONLY,200,https://m.irgo.co.kr/IR-COMP/005380,,,
005850::2024,005850,에스엘,SECONDARY_SUMMARY_ONLY,SECONDARY_SUMMARY_ONLY,200,https://m.irgo.co.kr/IR-COMP/005850,2024-05-17,"{""OE"": [""마진""]}","가동률 110%가 견인한 실적 신영증권 문용권 I 2024-05-17 매수 역시 에스엘은 상반기다 대신증권 김귀연 I 2024-05-17 매수 미국과 인도 호조로 이익 서프라이즈 하나증권 송선재,강민아 I 2024-05-16 매수 높아진 기대치 소폭 하회 전망 DB금융투자 김평모 I 2024-04-17 매수 꾸준한 high-single 마진 대신증권 김귀연 I 2024-04-01 매수 4Q23 Review: 주주환원 강화 모멘텀 예상 삼성증권 임은영,강희진 I 2024-02-20 매수 4Q23 Preview: 자동차부품주 Top-pick 교보증권 남주신 I 2024-01-16 매수 어려운 환경에서도 빛날 LED DB금융투자 김평모 I 2024-01-10 매수 4Q23 Preview: 중장기 우상향 시각 유효 다올투자증권 유지웅,강민정 I 2024-01-08 매수 2024년 전망: LED 램프에 이어 SDV 물결에 합류하다 삼성증권 임은영,강희진 I 2023-11-"
005850::2024,005850,에스엘,SECONDARY_SUMMARY_ONLY,SECONDARY_SUMMARY_ONLY,200,https://m.irgo.co.kr/IR-COMP/005850,2024-05-17,"{""OE"": [""마진""]}","권 김귀연 I 2024-05-17 매수 미국과 인도 호조로 이익 서프라이즈 하나증권 송선재,강민아 I 2024-05-16 매수 높아진 기대치 소폭 하회 전망 DB금융투자 김평모 I 2024-04-17 매수 꾸준한 high-single 마진 대신증권 김귀연 I 2024-04-01 매수 4Q23 Review: 주주환원 강화 모멘텀 예상 삼성증권 임은영,강희진 I 2024-02-20 매수 4Q23 Preview: 자동차부품주 Top-pick 교보증권 남주신 I 2024-01-16 매수 어려운 환경에서도 빛날 LED DB금융투자 김평모 I 2024-01-10 매수 4Q23 Preview: 중장기 우상향 시각 유효 다올투자증권 유지웅,강민정 I 2024-01-08 매수 2024년 전망: LED 램프에 이어 SDV 물결에 합류하다 삼성증권 임은영,강희진 I 2023-11-24 매수 수주 안정성과 실적 유진투자증권 이재일 I 2023-11-23 매수 든든한 역대급 신규 수주 신"
005850::2024,005850,에스엘,SECONDARY_SUMMARY_ONLY,SECONDARY_SUMMARY_ONLY,200,https://m.irgo.co.kr/IR-COMP/005850,2024-05-17,"{""OE"": [""마진""]}","어 또 대형 아이템 추가 삼성증권 임은영 I 2024-05-17 매수 GM 북미 가동률 110%가 견인한 실적 신영증권 문용권 I 2024-05-17 매수 역시 에스엘은 상반기다 대신증권 김귀연 I 2024-05-17 매수 미국과 인도 호조로 이익 서프라이즈 하나증권 송선재,강민아 I 2024-05-16 매수 높아진 기대치 소폭 하회 전망 DB금융투자 김평모 I 2024-04-17 매수 꾸준한 high-single 마진 대신증권 김귀연 I 2024-04-01 매수 4Q23 Review: 주주환원 강화 모멘텀 예상 삼성증권 임은영,강희진 I 2024-02-20 매수 4Q23 Preview: 자동차부품주 Top-pick 교보증권 남주신 I 2024-01-16 매수 어려운 환경에서도 빛날 LED DB금융투자 김평모 I 2024-01-10 매수 4Q23 Preview: 중장기 우상향 시각 유효 다올투자증권 유지웅,강민정 I 2024-01-08 매수 2024년 전망: LED"
005850::2024,005850,에스엘,SECONDARY_SUMMARY_ONLY,SECONDARY_SUMMARY_ONLY,200,https://m.irgo.co.kr/IR-COMP/005850,2024-05-20,"{""OE"": [""마진""]}","의 이중 수혜 유진투자증권 이재일 I 2024-05-20 매수 1Q24 Review: 그릴램프에 이어 또 대형 아이템 추가 삼성증권 임은영 I 2024-05-17 매수 GM 북미 가동률 110%가 견인한 실적 신영증권 문용권 I 2024-05-17 매수 역시 에스엘은 상반기다 대신증권 김귀연 I 2024-05-17 매수 미국과 인도 호조로 이익 서프라이즈 하나증권 송선재,강민아 I 2024-05-16 매수 높아진 기대치 소폭 하회 전망 DB금융투자 김평모 I 2024-04-17 매수 꾸준한 high-single 마진 대신증권 김귀연 I 2024-04-01 매수 4Q23 Review: 주주환원 강화 모멘텀 예상 삼성증권 임은영,강희진 I 2024-02-20 매수 4Q23 Preview: 자동차부품주 Top-pick 교보증권 남주신 I 2024-01-16 매수 어려운 환경에서도 빛날 LED DB금융투자 김평모 I 2024-01-10 매수 4Q23 Preview: 중장기"
005850::2024,005850,에스엘,SECONDARY_SUMMARY_ONLY,SECONDARY_SUMMARY_ONLY,200,https://m.irgo.co.kr/IR-COMP/005850,2024-05-29,"{""OE"": [""마진""]}","인도 완성차 구조적 수혜 기대 다올투자증권 유지웅,강민정 I 2024-05-29 매수 미국과 인도 시장의 이중 수혜 유진투자증권 이재일 I 2024-05-20 매수 1Q24 Review: 그릴램프에 이어 또 대형 아이템 추가 삼성증권 임은영 I 2024-05-17 매수 GM 북미 가동률 110%가 견인한 실적 신영증권 문용권 I 2024-05-17 매수 역시 에스엘은 상반기다 대신증권 김귀연 I 2024-05-17 매수 미국과 인도 호조로 이익 서프라이즈 하나증권 송선재,강민아 I 2024-05-16 매수 높아진 기대치 소폭 하회 전망 DB금융투자 김평모 I 2024-04-17 매수 꾸준한 high-single 마진 대신증권 김귀연 I 2024-04-01 매수 4Q23 Review: 주주환원 강화 모멘텀 예상 삼성증권 임은영,강희진 I 2024-02-20 매수 4Q23 Preview: 자동차부품주 Top-pick 교보증권 남주신 I 2024-01-16 매수 어려운"
005850::2024,005850,에스엘,SECONDARY_SUMMARY_ONLY,SECONDARY_SUMMARY_ONLY,200,https://m.irgo.co.kr/IR-COMP/005850,2024-07-01,"{""OE"": [""마진""]}","로 매출 2배가 확보된 회사 삼성증권 임은영 I 2024-07-01 매수 미국/인도 완성차 구조적 수혜 기대 다올투자증권 유지웅,강민정 I 2024-05-29 매수 미국과 인도 시장의 이중 수혜 유진투자증권 이재일 I 2024-05-20 매수 1Q24 Review: 그릴램프에 이어 또 대형 아이템 추가 삼성증권 임은영 I 2024-05-17 매수 GM 북미 가동률 110%가 견인한 실적 신영증권 문용권 I 2024-05-17 매수 역시 에스엘은 상반기다 대신증권 김귀연 I 2024-05-17 매수 미국과 인도 호조로 이익 서프라이즈 하나증권 송선재,강민아 I 2024-05-16 매수 높아진 기대치 소폭 하회 전망 DB금융투자 김평모 I 2024-04-17 매수 꾸준한 high-single 마진 대신증권 김귀연 I 2024-04-01 매수 4Q23 Review: 주주환원 강화 모멘텀 예상 삼성증권 임은영,강희진 I 2024-02-20 매수 4Q23 Preview: 자"
005850::2024,005850,에스엘,SECONDARY_SUMMARY_ONLY,SECONDARY_SUMMARY_ONLY,200,https://m.irgo.co.kr/IR-COMP/005850,2024-07-08,"{""OE"": [""마진""]}","와 모멘텀으로 타개 대신증권 김귀연 I 2024-07-08 매수 ASP 상승만으로 매출 2배가 확보된 회사 삼성증권 임은영 I 2024-07-01 매수 미국/인도 완성차 구조적 수혜 기대 다올투자증권 유지웅,강민정 I 2024-05-29 매수 미국과 인도 시장의 이중 수혜 유진투자증권 이재일 I 2024-05-20 매수 1Q24 Review: 그릴램프에 이어 또 대형 아이템 추가 삼성증권 임은영 I 2024-05-17 매수 GM 북미 가동률 110%가 견인한 실적 신영증권 문용권 I 2024-05-17 매수 역시 에스엘은 상반기다 대신증권 김귀연 I 2024-05-17 매수 미국과 인도 호조로 이익 서프라이즈 하나증권 송선재,강민아 I 2024-05-16 매수 높아진 기대치 소폭 하회 전망 DB금융투자 김평모 I 2024-04-17 매수 꾸준한 high-single 마진 대신증권 김귀연 I 2024-04-01 매수 4Q23 Review: 주주환원 강화 모멘텀 예상"
005850::2024,005850,에스엘,SECONDARY_SUMMARY_ONLY,SECONDARY_SUMMARY_ONLY,200,https://m.irgo.co.kr/IR-COMP/005850,2024-08-16,,"매수 추천! 대신증권 김귀연 I 2024-08-16 매수 계절성에 매몰되지 말자 하나증권 송선재,강민아 I 2024-08-16 매수 상고하저 이익패턴, 수주와 모멘텀으로 타개 대신증권 김귀연 I 2024-07-08 매수 ASP 상승만으로 매출 2배가 확보된 회사 삼성증권 임은영 I 2024-07-01 매수 미국/인도 완성차 구조적 수혜 기대 다올투자증권 유지웅,강민정 I 2024-05-29 매수 미국과 인도 시장의 이중 수혜 유진투자증권 이재일 I 2024-05-20 매수 1Q24 Review: 그릴램프에 이어 또 대형 아이템 추가 삼성증권 임은영 I 2024-05-17 매수 GM 북미 가동률 110%가 견인한 실적 신영증권 문용권 I 2024-05-17 매수 역시 에스엘은 상반기다 대신증권 김귀연 I 2024-05-17 매수 미국과 인도 호조로 이익 서프라이즈 하나증권 송선재,강민아 I 2024-05-16 매수 높아진 기대치 소폭 하회 전망 DB금융투자 김평모 I"
005850::2024,005850,에스엘,SECONDARY_SUMMARY_ONLY,SECONDARY_SUMMARY_ONLY,200,https://m.irgo.co.kr/IR-COMP/005850,2024-08-16,"{""OE"": [""마진""]}","몰되지 말자 하나증권 송선재,강민아 I 2024-08-16 매수 상고하저 이익패턴, 수주와 모멘텀으로 타개 대신증권 김귀연 I 2024-07-08 매수 ASP 상승만으로 매출 2배가 확보된 회사 삼성증권 임은영 I 2024-07-01 매수 미국/인도 완성차 구조적 수혜 기대 다올투자증권 유지웅,강민정 I 2024-05-29 매수 미국과 인도 시장의 이중 수혜 유진투자증권 이재일 I 2024-05-20 매수 1Q24 Review: 그릴램프에 이어 또 대형 아이템 추가 삼성증권 임은영 I 2024-05-17 매수 GM 북미 가동률 110%가 견인한 실적 신영증권 문용권 I 2024-05-17 매수 역시 에스엘은 상반기다 대신증권 김귀연 I 2024-05-17 매수 미국과 인도 호조로 이익 서프라이즈 하나증권 송선재,강민아 I 2024-05-16 매수 높아진 기대치 소폭 하회 전망 DB금융투자 김평모 I 2024-04-17 매수 꾸준한 high-single 마진 대신증권"
005850::2024,005850,에스엘,SECONDARY_SUMMARY_ONLY,SECONDARY_SUMMARY_ONLY,200,https://m.irgo.co.kr/IR-COMP/005850,2024-08-16,,"사도 믹스 향상이 답 삼성증권 임은영 I 2024-08-16 매수 2Q24 Review: 추세적 실적개선 확인 다올투자증권 유지웅 I 2024-08-16 매수 주가 Upside +73%. 적극매수 추천! 대신증권 김귀연 I 2024-08-16 매수 계절성에 매몰되지 말자 하나증권 송선재,강민아 I 2024-08-16 매수 상고하저 이익패턴, 수주와 모멘텀으로 타개 대신증권 김귀연 I 2024-07-08 매수 ASP 상승만으로 매출 2배가 확보된 회사 삼성증권 임은영 I 2024-07-01 매수 미국/인도 완성차 구조적 수혜 기대 다올투자증권 유지웅,강민정 I 2024-05-29 매수 미국과 인도 시장의 이중 수혜 유진투자증권 이재일 I 2024-05-20 매수 1Q24 Review: 그릴램프에 이어 또 대형 아이템 추가 삼성증권 임은영 I 2024-05-17 매수 GM 북미 가동률 110%가 견인한 실적 신영증권 문용권 I 2024-05-17 매수 역시 에스엘은 상"
005850::2024,005850,에스엘,SECONDARY_SUMMARY_ONLY,SECONDARY_SUMMARY_ONLY,200,https://m.irgo.co.kr/IR-COMP/005850,2024-08-16,,"확인 다올투자증권 유지웅 I 2024-08-16 매수 주가 Upside +73%. 적극매수 추천! 대신증권 김귀연 I 2024-08-16 매수 계절성에 매몰되지 말자 하나증권 송선재,강민아 I 2024-08-16 매수 상고하저 이익패턴, 수주와 모멘텀으로 타개 대신증권 김귀연 I 2024-07-08 매수 ASP 상승만으로 매출 2배가 확보된 회사 삼성증권 임은영 I 2024-07-01 매수 미국/인도 완성차 구조적 수혜 기대 다올투자증권 유지웅,강민정 I 2024-05-29 매수 미국과 인도 시장의 이중 수혜 유진투자증권 이재일 I 2024-05-20 매수 1Q24 Review: 그릴램프에 이어 또 대형 아이템 추가 삼성증권 임은영 I 2024-05-17 매수 GM 북미 가동률 110%가 견인한 실적 신영증권 문용권 I 2024-05-17 매수 역시 에스엘은 상반기다 대신증권 김귀연 I 2024-05-17 매수 미국과 인도 호조로 이익 서프라이즈 하나증권 송선재,강"
005850::2024,005850,에스엘,SECONDARY_SUMMARY_ONLY,SECONDARY_SUMMARY_ONLY,200,https://m.irgo.co.kr/IR-COMP/005850,2024-09-09,,"다 DB금융투자 남주신 I 2024-09-09 매수 2Q24 Review: 부품사도 믹스 향상이 답 삼성증권 임은영 I 2024-08-16 매수 2Q24 Review: 추세적 실적개선 확인 다올투자증권 유지웅 I 2024-08-16 매수 주가 Upside +73%. 적극매수 추천! 대신증권 김귀연 I 2024-08-16 매수 계절성에 매몰되지 말자 하나증권 송선재,강민아 I 2024-08-16 매수 상고하저 이익패턴, 수주와 모멘텀으로 타개 대신증권 김귀연 I 2024-07-08 매수 ASP 상승만으로 매출 2배가 확보된 회사 삼성증권 임은영 I 2024-07-01 매수 미국/인도 완성차 구조적 수혜 기대 다올투자증권 유지웅,강민정 I 2024-05-29 매수 미국과 인도 시장의 이중 수혜 유진투자증권 이재일 I 2024-05-20 매수 1Q24 Review: 그릴램프에 이어 또 대형 아이템 추가 삼성증권 임은영 I 2024-05-17 매수 GM 북미 가동률 110"
005850::2024,005850,에스엘,SECONDARY_SUMMARY_ONLY,SECONDARY_SUMMARY_ONLY,200,https://m.irgo.co.kr/IR-COMP/005850,2024-10-14,,"고 대신증권 김귀연 I 2024-10-14 매수 밤이 없어지지 않는 한 빛(LED)은 계속된다 DB금융투자 남주신 I 2024-09-09 매수 2Q24 Review: 부품사도 믹스 향상이 답 삼성증권 임은영 I 2024-08-16 매수 2Q24 Review: 추세적 실적개선 확인 다올투자증권 유지웅 I 2024-08-16 매수 주가 Upside +73%. 적극매수 추천! 대신증권 김귀연 I 2024-08-16 매수 계절성에 매몰되지 말자 하나증권 송선재,강민아 I 2024-08-16 매수 상고하저 이익패턴, 수주와 모멘텀으로 타개 대신증권 김귀연 I 2024-07-08 매수 ASP 상승만으로 매출 2배가 확보된 회사 삼성증권 임은영 I 2024-07-01 매수 미국/인도 완성차 구조적 수혜 기대 다올투자증권 유지웅,강민정 I 2024-05-29 매수 미국과 인도 시장의 이중 수혜 유진투자증권 이재일 I 2024-05-20 매수 1Q24 Review: 그릴램프에 이어"
005850::2024,005850,에스엘,SECONDARY_SUMMARY_ONLY,SECONDARY_SUMMARY_ONLY,200,https://m.irgo.co.kr/IR-COMP/005850,2024-11-15,,", 1H25으로 갑니다 대신증권 김귀연 I 2024-11-15 매수 지나갈 상고하저의 파고 대신증권 김귀연 I 2024-10-14 매수 밤이 없어지지 않는 한 빛(LED)은 계속된다 DB금융투자 남주신 I 2024-09-09 매수 2Q24 Review: 부품사도 믹스 향상이 답 삼성증권 임은영 I 2024-08-16 매수 2Q24 Review: 추세적 실적개선 확인 다올투자증권 유지웅 I 2024-08-16 매수 주가 Upside +73%. 적극매수 추천! 대신증권 김귀연 I 2024-08-16 매수 계절성에 매몰되지 말자 하나증권 송선재,강민아 I 2024-08-16 매수 상고하저 이익패턴, 수주와 모멘텀으로 타개 대신증권 김귀연 I 2024-07-08 매수 ASP 상승만으로 매출 2배가 확보된 회사 삼성증권 임은영 I 2024-07-01 매수 미국/인도 완성차 구조적 수혜 기대 다올투자증권 유지웅,강민정 I 2024-05-29 매수 미국과 인도 시장의 이중 수혜"
005850::2024,005850,에스엘,SECONDARY_SUMMARY_ONLY,SECONDARY_SUMMARY_ONLY,200,https://m.irgo.co.kr/IR-COMP/005850,2024-11-18,,"-18 매수 상고하저 패턴 지속 유진투자증권 이재일 I 2024-11-18 매수 수주받고, 1H25으로 갑니다 대신증권 김귀연 I 2024-11-15 매수 지나갈 상고하저의 파고 대신증권 김귀연 I 2024-10-14 매수 밤이 없어지지 않는 한 빛(LED)은 계속된다 DB금융투자 남주신 I 2024-09-09 매수 2Q24 Review: 부품사도 믹스 향상이 답 삼성증권 임은영 I 2024-08-16 매수 2Q24 Review: 추세적 실적개선 확인 다올투자증권 유지웅 I 2024-08-16 매수 주가 Upside +73%. 적극매수 추천! 대신증권 김귀연 I 2024-08-16 매수 계절성에 매몰되지 말자 하나증권 송선재,강민아 I 2024-08-16 매수 상고하저 이익패턴, 수주와 모멘텀으로 타개 대신증권 김귀연 I 2024-07-08 매수 ASP 상승만으로 매출 2배가 확보된 회사 삼성증권 임은영 I 2024-07-01 매수 미국/인도 완성차 구조적 수혜 기"
005850::2024,005850,에스엘,SECONDARY_SUMMARY_ONLY,SECONDARY_SUMMARY_ONLY,200,https://m.irgo.co.kr/IR-COMP/005850,2024-11-18,,"22 매수 하반기가 가면, 상반기가 옵니다 대신증권 김귀연 I 2024-11-18 매수 상고하저 패턴 지속 유진투자증권 이재일 I 2024-11-18 매수 수주받고, 1H25으로 갑니다 대신증권 김귀연 I 2024-11-15 매수 지나갈 상고하저의 파고 대신증권 김귀연 I 2024-10-14 매수 밤이 없어지지 않는 한 빛(LED)은 계속된다 DB금융투자 남주신 I 2024-09-09 매수 2Q24 Review: 부품사도 믹스 향상이 답 삼성증권 임은영 I 2024-08-16 매수 2Q24 Review: 추세적 실적개선 확인 다올투자증권 유지웅 I 2024-08-16 매수 주가 Upside +73%. 적극매수 추천! 대신증권 김귀연 I 2024-08-16 매수 계절성에 매몰되지 말자 하나증권 송선재,강민아 I 2024-08-16 매수 상고하저 이익패턴, 수주와 모멘텀으로 타개 대신증권 김귀연 I 2024-07-08 매수 ASP 상승만으로 매출 2배가 확보된 회사 삼"
005850::2024,005850,에스엘,SECONDARY_SUMMARY_ONLY,SECONDARY_SUMMARY_ONLY,200,https://m.irgo.co.kr/IR-COMP/005850,2024-11-22,,"매수 2025년 전망: LED 램프의 확장은 계속된다 삼성증권 임은영 I 2024-11-22 매수 하반기가 가면, 상반기가 옵니다 대신증권 김귀연 I 2024-11-18 매수 상고하저 패턴 지속 유진투자증권 이재일 I 2024-11-18 매수 수주받고, 1H25으로 갑니다 대신증권 김귀연 I 2024-11-15 매수 지나갈 상고하저의 파고 대신증권 김귀연 I 2024-10-14 매수 밤이 없어지지 않는 한 빛(LED)은 계속된다 DB금융투자 남주신 I 2024-09-09 매수 2Q24 Review: 부품사도 믹스 향상이 답 삼성증권 임은영 I 2024-08-16 매수 2Q24 Review: 추세적 실적개선 확인 다올투자증권 유지웅 I 2024-08-16 매수 주가 Upside +73%. 적극매수 추천! 대신증권 김귀연 I 2024-08-16 매수 계절성에 매몰되지 말자 하나증권 송선재,강민아 I 2024-08-16 매수 상고하저 이익패턴, 수주와 모멘텀으로 타개"
005850::2024,005850,에스엘,SECONDARY_SUMMARY_ONLY,SECONDARY_SUMMARY_ONLY,200,https://m.irgo.co.kr/IR-COMP/005850,2024-11-26,,"-03-19 매수 ’25년 안정적 성장, ’26년부터 실적 한단계 레벨 업 한화투자증권 김성래,권지우 I 2025-03-04 매수 4Q24 Preview: 계절성 반영, 미래차 램프 수주 성장 스토리는 지속 DB금융투자 남주신 I 2025-01-17 매수 4Q24 Preview: 뚜렷한 비수기 다올투자증권 유지웅 I 2025-01-13 매수 현재는 상반기 대신증권 김귀연 I 2025-01-13 매수 작은 숫자는 바뀌었지만, 큰 그림은 변함없다 하나증권 송선재,강민아 I 2024-11-26 매수 2025년 전망: LED 램프의 확장은 계속된다 삼성증권 임은영 I 2024-11-22 매수 하반기가 가면, 상반기가 옵니다 대신증권 김귀연 I 2024-11-18 매수 상고하저 패턴 지속 유진투자증권 이재일 I 2024-11-18 매수 수주받고, 1H25으로 갑니다 대신증권 김귀연 I 2024-11-15 매수 지나갈 상고하저의 파고 대신증권 김귀연 I 2024-10-14 매"
005850::2024,005850,에스엘,SECONDARY_SUMMARY_ONLY,SECONDARY_SUMMARY_ONLY,200,https://m.irgo.co.kr/IR-COMP/005850,2024-11-26,,"-03-24 매수 쇼크는 과거고, 에스엘은 미래다 대신증권 김귀연 I 2025-03-19 매수 ’25년 안정적 성장, ’26년부터 실적 한단계 레벨 업 한화투자증권 김성래,권지우 I 2025-03-04 매수 4Q24 Preview: 계절성 반영, 미래차 램프 수주 성장 스토리는 지속 DB금융투자 남주신 I 2025-01-17 매수 4Q24 Preview: 뚜렷한 비수기 다올투자증권 유지웅 I 2025-01-13 매수 현재는 상반기 대신증권 김귀연 I 2025-01-13 매수 작은 숫자는 바뀌었지만, 큰 그림은 변함없다 하나증권 송선재,강민아 I 2024-11-26 매수 2025년 전망: LED 램프의 확장은 계속된다 삼성증권 임은영 I 2024-11-22 매수 하반기가 가면, 상반기가 옵니다 대신증권 김귀연 I 2024-11-18 매수 상고하저 패턴 지속 유진투자증권 이재일 I 2024-11-18 매수 수주받고, 1H25으로 갑니다 대신증권 김귀연 I 2024-11"
005850::2024,005850,에스엘,SECONDARY_SUMMARY_ONLY,SECONDARY_SUMMARY_ONLY,200,https://m.irgo.co.kr/IR-COMP/005850,2024-11-26,,"eview: 계절성 반영, 미래차 램프 수주 성장 스토리는 지속 DB금융투자 남주신 I 2025-01-17 매수 4Q24 Preview: 뚜렷한 비수기 다올투자증권 유지웅 I 2025-01-13 매수 현재는 상반기 대신증권 김귀연 I 2025-01-13 매수 작은 숫자는 바뀌었지만, 큰 그림은 변함없다 하나증권 송선재,강민아 I 2024-11-26 매수 2025년 전망: LED 램프의 확장은 계속된다 삼성증권 임은영 I 2024-11-22 매수 하반기가 가면, 상반기가 옵니다 대신증권 김귀연 I 2024-11-18 매수 상고하저 패턴 지속 유진투자증권 이재일 I 2024-11-18 매수 수주받고, 1H25으로 갑니다 대신증권 김귀연 I 2024-11-15 매수 지나갈 상고하저의 파고 대신증권 김귀연 I 2024-10-14 매수 밤이 없어지지 않는 한 빛(LED)은 계속된다 DB금융투자 남주신 I 2024-09-09 매수 2Q24 Review: 부품사도 믹스 향상이"
005850::2024,005850,에스엘,SECONDARY_SUMMARY_ONLY,SECONDARY_SUMMARY_ONLY,200,https://m.irgo.co.kr/IR-COMP/005850,2024-11-26,,"금융투자 남주신 I 2025-01-17 매수 4Q24 Preview: 뚜렷한 비수기 다올투자증권 유지웅 I 2025-01-13 매수 현재는 상반기 대신증권 김귀연 I 2025-01-13 매수 작은 숫자는 바뀌었지만, 큰 그림은 변함없다 하나증권 송선재,강민아 I 2024-11-26 매수 2025년 전망: LED 램프의 확장은 계속된다 삼성증권 임은영 I 2024-11-22 매수 하반기가 가면, 상반기가 옵니다 대신증권 김귀연 I 2024-11-18 매수 상고하저 패턴 지속 유진투자증권 이재일 I 2024-11-18 매수 수주받고, 1H25으로 갑니다 대신증권 김귀연 I 2024-11-15 매수 지나갈 상고하저의 파고 대신증권 김귀연 I 2024-10-14 매수 밤이 없어지지 않는 한 빛(LED)은 계속된다 DB금융투자 남주신 I 2024-09-09 매수 2Q24 Review: 부품사도 믹스 향상이 답 삼성증권 임은영 I 2024-08-16 매수 2Q24 Review"
005850::2024,005850,에스엘,SECONDARY_SUMMARY_ONLY,SECONDARY_SUMMARY_ONLY,200,https://m.irgo.co.kr/IR-COMP/005850,2024-11-26,,"벨 업 한화투자증권 김성래,권지우 I 2025-03-04 매수 4Q24 Preview: 계절성 반영, 미래차 램프 수주 성장 스토리는 지속 DB금융투자 남주신 I 2025-01-17 매수 4Q24 Preview: 뚜렷한 비수기 다올투자증권 유지웅 I 2025-01-13 매수 현재는 상반기 대신증권 김귀연 I 2025-01-13 매수 작은 숫자는 바뀌었지만, 큰 그림은 변함없다 하나증권 송선재,강민아 I 2024-11-26 매수 2025년 전망: LED 램프의 확장은 계속된다 삼성증권 임은영 I 2024-11-22 매수 하반기가 가면, 상반기가 옵니다 대신증권 김귀연 I 2024-11-18 매수 상고하저 패턴 지속 유진투자증권 이재일 I 2024-11-18 매수 수주받고, 1H25으로 갑니다 대신증권 김귀연 I 2024-11-15 매수 지나갈 상고하저의 파고 대신증권 김귀연 I 2024-10-14 매수 밤이 없어지지 않는 한 빛(LED)은 계속된다 DB금융투자 남주신"
005850::2024,005850,에스엘,SECONDARY_SUMMARY_ONLY,SECONDARY_SUMMARY_ONLY,200,https://m.irgo.co.kr/IR-COMP/005850,2024-11-26,,"수 작은 숫자는 바뀌었지만, 큰 그림은 변함없다 하나증권 송선재,강민아 I 2024-11-26 매수 2025년 전망: LED 램프의 확장은 계속된다 삼성증권 임은영 I 2024-11-22 매수 하반기가 가면, 상반기가 옵니다 대신증권 김귀연 I 2024-11-18 매수 상고하저 패턴 지속 유진투자증권 이재일 I 2024-11-18 매수 수주받고, 1H25으로 갑니다 대신증권 김귀연 I 2024-11-15 매수 지나갈 상고하저의 파고 대신증권 김귀연 I 2024-10-14 매수 밤이 없어지지 않는 한 빛(LED)은 계속된다 DB금융투자 남주신 I 2024-09-09 매수 2Q24 Review: 부품사도 믹스 향상이 답 삼성증권 임은영 I 2024-08-16 매수 2Q24 Review: 추세적 실적개선 확인 다올투자증권 유지웅 I 2024-08-16 매수 주가 Upside +73%. 적극매수 추천! 대신증권 김귀연 I 2024-08-16 매수 계절성에 매몰되지 말자 하"
005850::2024,005850,에스엘,SECONDARY_SUMMARY_ONLY,SECONDARY_SUMMARY_ONLY,200,https://m.irgo.co.kr/IR-COMP/005850,2024-11-26,,"유지웅 I 2025-01-13 매수 현재는 상반기 대신증권 김귀연 I 2025-01-13 매수 작은 숫자는 바뀌었지만, 큰 그림은 변함없다 하나증권 송선재,강민아 I 2024-11-26 매수 2025년 전망: LED 램프의 확장은 계속된다 삼성증권 임은영 I 2024-11-22 매수 하반기가 가면, 상반기가 옵니다 대신증권 김귀연 I 2024-11-18 매수 상고하저 패턴 지속 유진투자증권 이재일 I 2024-11-18 매수 수주받고, 1H25으로 갑니다 대신증권 김귀연 I 2024-11-15 매수 지나갈 상고하저의 파고 대신증권 김귀연 I 2024-10-14 매수 밤이 없어지지 않는 한 빛(LED)은 계속된다 DB금융투자 남주신 I 2024-09-09 매수 2Q24 Review: 부품사도 믹스 향상이 답 삼성증권 임은영 I 2024-08-16 매수 2Q24 Review: 추세적 실적개선 확인 다올투자증권 유지웅 I 2024-08-16 매수 주가 Upside +7"
005850::2024,005850,에스엘,SECONDARY_SUMMARY_ONLY,SECONDARY_SUMMARY_ONLY,200,https://m.irgo.co.kr/IR-COMP/005850,2024-11-26,,"증권 김귀연 I 2025-04-07 매수 현시점 최선호 부품주 다올투자증권 유지웅 I 2025-03-24 매수 쇼크는 과거고, 에스엘은 미래다 대신증권 김귀연 I 2025-03-19 매수 ’25년 안정적 성장, ’26년부터 실적 한단계 레벨 업 한화투자증권 김성래,권지우 I 2025-03-04 매수 4Q24 Preview: 계절성 반영, 미래차 램프 수주 성장 스토리는 지속 DB금융투자 남주신 I 2025-01-17 매수 4Q24 Preview: 뚜렷한 비수기 다올투자증권 유지웅 I 2025-01-13 매수 현재는 상반기 대신증권 김귀연 I 2025-01-13 매수 작은 숫자는 바뀌었지만, 큰 그림은 변함없다 하나증권 송선재,강민아 I 2024-11-26 매수 2025년 전망: LED 램프의 확장은 계속된다 삼성증권 임은영 I 2024-11-22 매수 하반기가 가면, 상반기가 옵니다 대신증권 김귀연 I 2024-11-18 매수 상고하저 패턴 지속 유진투자증권 이재일"
006280::2024,006280,녹십자,SECONDARY_SUMMARY_ONLY,SECONDARY_SUMMARY_ONLY,200,https://m.irgo.co.kr/IR-COMP/006280,,,
006890::2024,006890,태경케미컬,PRIMARY_REPORT_IDENTIFIED,EQUITY_NONMAPPABLE,200,https://m.irgo.co.kr/IR-COMP/006890,2024-10-17,,"리포트 N/R 내년이 기대되는 이유 NH투자증권 강경근,황지현 I 2024-10-17 N/R 탄산가스 Capa 증설 기대감 LS증권 정홍식 I 2024-07-04 매수 여전히 견조한 수요 흥국증권 장현구 I 2024-04-24 N/R [맨투맨 종목연구소] 전방산업과 CAPA 동시확장 상상인증권 이종"
006890::2024,006890,태경케미컬,PRIMARY_REPORT_IDENTIFIED,EQUITY_NONMAPPABLE,200,https://m.irgo.co.kr/IR-COMP/006890,2024-10-17,,"리포트 N/R 내년이 기대되는 이유 NH투자증권 강경근,황지현 I 2024-10-17 N/R 탄산가스 Capa 증설 기대감 LS증권 정홍식 I 2024-07-04 매수 여전히 견조한 수요 흥국증권 장현구 I 2024-04-24 N/R [맨투맨 종목연구소] 전방산업과 CAPA 동시확장 상상인증권 이종원 I 2024-01-26 매수 톡 쏘는 실적 성장 흥국증권 장현구 I 202"
006890::2024,006890,태경케미컬,PRIMARY_REPORT_IDENTIFIED,EQUITY_NONMAPPABLE,200,https://m.irgo.co.kr/IR-COMP/006890,2024-10-17,,"리포트 N/R 내년이 기대되는 이유 NH투자증권 강경근,황지현 I 2024-10-17 N/R 탄산가스 Capa 증설 기대감 LS증권 정홍식 I 2024-07-04 매수 여전히 견조한 수요 흥국증권 장현구 I 2024-04-24 N/R [맨투맨 종목연구소] 전방산업과 CAPA 동시확장 상상인증권 이종원 I 2024-01-26 매수 톡 쏘는 실적 성장 흥국증권 장현구 I 2023-11-14 N/R 증설, 진행시켜 NH투자증권 강경근,황지현"
006890::2024,006890,태경케미컬,PRIMARY_REPORT_IDENTIFIED,EQUITY_NONMAPPABLE,200,https://m.irgo.co.kr/IR-COMP/006890,2024-10-17,,"리포트 N/R 내년이 기대되는 이유 NH투자증권 강경근,황지현 I 2024-10-17 N/R 탄산가스 Capa 증설 기대감 LS증권 정홍식 I 2024-07-04 매수 여전히 견조한 수요 흥국증권 장현구 I 2024-04-24 N/R [맨투맨 종목연구소] 전방산업과 CAPA 동시확장 상상인증권 이종원 I 2024-01-26 매수 톡 쏘는 실적 성장 흥국증권 장현구 I 2023-11-14 N/R 증설, 진행시켜 NH투자증권 강경근,황지현 I 2023-09-08 N/R 용접용 액체탄산 수요 증가 수혜 NH투자증권 강경근,황지현 I 202"
009450::2024,009450,경동나비엔,SECONDARY_SUMMARY_ONLY,SECONDARY_SUMMARY_ONLY,200,https://m.irgo.co.kr/IR-COMP/009450,2024-11-13,,"High card 신한투자증권 허성규,최승환 I 2025-11-14 매수 2Q25 Review: 훌륭한 관세 대응 신한투자증권 허성규,이병화 I 2025-08-13 매수 신성장 동력은 1) 북미 하이드로 퍼니스, 2) 국내 나비엔매직 신한투자증권 허성규 I 2025-07-03 매수 멀리서 보기 신한투자증권 허성규,이병화 I 2025-05-14 매수 트리플 에이스 신한투자증권 허성규,이병화 I 2025-02-10 매수 1분기부터 성장과 수익성 반등 DS투자증권 김수현,강태호 I 2025-02-06 매수 Forever royal 신한투자증권 허성규,이병화 I 2024-11-13 매수 Forever royal 신한투자증권 허성규,이병화 I 2024-11-13 매수 높아진 기대감마저 넘어선 실적 DS투자증권 김수현,강태호 I 2024-11-13 매수 한국에서 좀처럼 찾아보기 힘든 기업 DS투자증권 김수현 I 2024-10-11 매수 풀하우스가 아니라 포카드 신한투자증권"
009450::2024,009450,경동나비엔,SECONDARY_SUMMARY_ONLY,SECONDARY_SUMMARY_ONLY,200,https://m.irgo.co.kr/IR-COMP/009450,2024-11-13,,"I 2025-05-14 매수 트리플 에이스 신한투자증권 허성규,이병화 I 2025-02-10 매수 1분기부터 성장과 수익성 반등 DS투자증권 김수현,강태호 I 2025-02-06 매수 Forever royal 신한투자증권 허성규,이병화 I 2024-11-13 매수 Forever royal 신한투자증권 허성규,이병화 I 2024-11-13 매수 높아진 기대감마저 넘어선 실적 DS투자증권 김수현,강태호 I 2024-11-13 매수 한국에서 좀처럼 찾아보기 힘든 기업 DS투자증권 김수현 I 2024-10-11 매수 풀하우스가 아니라 포카드 신한투자증권 허성규,이병화 I 2024-08-13 매수 투페어가 아니라 풀하우스 신한투자증권 허성규 I 2024-06-19 매수 방망이를 길게 잡아라! IBK투자증권 박용희 I 2021-05-12 매수 박스권 돌파에 대한 자신감을 가져야 할 시기 IBK투자증권 박용희 I 2021-04-21 매수 바닥에서 적극 매수를 고려해야 하는 시점"
009450::2024,009450,경동나비엔,SECONDARY_SUMMARY_ONLY,SECONDARY_SUMMARY_ONLY,200,https://m.irgo.co.kr/IR-COMP/009450,2024-11-13,,"eview: 훌륭한 관세 대응 신한투자증권 허성규,이병화 I 2025-08-13 매수 신성장 동력은 1) 북미 하이드로 퍼니스, 2) 국내 나비엔매직 신한투자증권 허성규 I 2025-07-03 매수 멀리서 보기 신한투자증권 허성규,이병화 I 2025-05-14 매수 트리플 에이스 신한투자증권 허성규,이병화 I 2025-02-10 매수 1분기부터 성장과 수익성 반등 DS투자증권 김수현,강태호 I 2025-02-06 매수 Forever royal 신한투자증권 허성규,이병화 I 2024-11-13 매수 Forever royal 신한투자증권 허성규,이병화 I 2024-11-13 매수 높아진 기대감마저 넘어선 실적 DS투자증권 김수현,강태호 I 2024-11-13 매수 한국에서 좀처럼 찾아보기 힘든 기업 DS투자증권 김수현 I 2024-10-11 매수 풀하우스가 아니라 포카드 신한투자증권 허성규,이병화 I 2024-08-13 매수 투페어가 아니라 풀하우스 신한투자증권 허성규"
009450::2024,009450,경동나비엔,SECONDARY_SUMMARY_ONLY,SECONDARY_SUMMARY_ONLY,200,https://m.irgo.co.kr/IR-COMP/009450,2024-11-13,,"관세는 단기, 성장은 장기 DS투자증권 김수현,강태호 I 2025-11-28 매수 High card 신한투자증권 허성규,최승환 I 2025-11-14 매수 2Q25 Review: 훌륭한 관세 대응 신한투자증권 허성규,이병화 I 2025-08-13 매수 신성장 동력은 1) 북미 하이드로 퍼니스, 2) 국내 나비엔매직 신한투자증권 허성규 I 2025-07-03 매수 멀리서 보기 신한투자증권 허성규,이병화 I 2025-05-14 매수 트리플 에이스 신한투자증권 허성규,이병화 I 2025-02-10 매수 1분기부터 성장과 수익성 반등 DS투자증권 김수현,강태호 I 2025-02-06 매수 Forever royal 신한투자증권 허성규,이병화 I 2024-11-13 매수 Forever royal 신한투자증권 허성규,이병화 I 2024-11-13 매수 높아진 기대감마저 넘어선 실적 DS투자증권 김수현,강태호 I 2024-11-13 매수 한국에서 좀처럼 찾아보기 힘든 기업 DS투"
009450::2024,009450,경동나비엔,SECONDARY_SUMMARY_ONLY,SECONDARY_SUMMARY_ONLY,200,https://m.irgo.co.kr/IR-COMP/009450,2024-11-13,,"성규 I 2025-07-03 매수 멀리서 보기 신한투자증권 허성규,이병화 I 2025-05-14 매수 트리플 에이스 신한투자증권 허성규,이병화 I 2025-02-10 매수 1분기부터 성장과 수익성 반등 DS투자증권 김수현,강태호 I 2025-02-06 매수 Forever royal 신한투자증권 허성규,이병화 I 2024-11-13 매수 Forever royal 신한투자증권 허성규,이병화 I 2024-11-13 매수 높아진 기대감마저 넘어선 실적 DS투자증권 김수현,강태호 I 2024-11-13 매수 한국에서 좀처럼 찾아보기 힘든 기업 DS투자증권 김수현 I 2024-10-11 매수 풀하우스가 아니라 포카드 신한투자증권 허성규,이병화 I 2024-08-13 매수 투페어가 아니라 풀하우스 신한투자증권 허성규 I 2024-06-19 매수 방망이를 길게 잡아라! IBK투자증권 박용희 I 2021-05-12 매수 박스권 돌파에 대한 자신감을 가져야 할 시기 IBK투자증권 박"
009450::2024,009450,경동나비엔,SECONDARY_SUMMARY_ONLY,SECONDARY_SUMMARY_ONLY,200,https://m.irgo.co.kr/IR-COMP/009450,2024-11-13,,"신성장 동력은 1) 북미 하이드로 퍼니스, 2) 국내 나비엔매직 신한투자증권 허성규 I 2025-07-03 매수 멀리서 보기 신한투자증권 허성규,이병화 I 2025-05-14 매수 트리플 에이스 신한투자증권 허성규,이병화 I 2025-02-10 매수 1분기부터 성장과 수익성 반등 DS투자증권 김수현,강태호 I 2025-02-06 매수 Forever royal 신한투자증권 허성규,이병화 I 2024-11-13 매수 Forever royal 신한투자증권 허성규,이병화 I 2024-11-13 매수 높아진 기대감마저 넘어선 실적 DS투자증권 김수현,강태호 I 2024-11-13 매수 한국에서 좀처럼 찾아보기 힘든 기업 DS투자증권 김수현 I 2024-10-11 매수 풀하우스가 아니라 포카드 신한투자증권 허성규,이병화 I 2024-08-13 매수 투페어가 아니라 풀하우스 신한투자증권 허성규 I 2024-06-19 매수 방망이를 길게 잡아라! IBK투자증권 박용희 I 202"
009540::2024,009540,HD한국조선해양,SECONDARY_SUMMARY_ONLY,SECONDARY_SUMMARY_ONLY,200,https://m.irgo.co.kr/IR-COMP/009540,,,
010060::2024,010060,OCI홀딩스,SECONDARY_SUMMARY_ONLY,SECONDARY_SUMMARY_ONLY,200,https://m.irgo.co.kr/IR-COMP/010060,2024-11-01,,"24.4Q Financial Results 해당기업 IR팀 I 2025-02-10 N/R 2024년 4분기 경영실적 해당기업 IR팀 I 2025-02-10 매수 대중국 추가 관세, 비중국 폴리실리콘 선호도 더욱 높아질 것 현대차증권 강동진,김성훈 I 2025-02-05 매수 미국으로 향하는 가장 확실한 티켓 현대차증권 강동진,김성훈 I 2025-01-15 매수 트럼프 불확실성, 2Q 이후 점진적 해소 기대 DB금융투자 한승재 I 2025-01-06 매수 미국내 숏티지인 웨이퍼 및 셀 증설로 성장 모멘텀 확보 기대 현대차증권 강동진,김성훈 I 2025-01-06 매수 “제약/바이오보다는 태양광에 집중하겠다” 미래에셋증권 이진호,김태형 I 2024-11-01 매수 부진한 실적. 회사 방향성과 주주환원은 긍정적 현대차증권 강동진,김성훈 I 2024-11-01 N/R 2024.3Q Financial Results 해당기업 IR팀 I 2024-10-31 N/R 2024년 3"
010060::2024,010060,OCI홀딩스,SECONDARY_SUMMARY_ONLY,SECONDARY_SUMMARY_ONLY,200,https://m.irgo.co.kr/IR-COMP/010060,2024-11-01,"{""WC"": [""재고""]}","4분기 경영실적 해당기업 IR팀 I 2025-02-10 매수 대중국 추가 관세, 비중국 폴리실리콘 선호도 더욱 높아질 것 현대차증권 강동진,김성훈 I 2025-02-05 매수 미국으로 향하는 가장 확실한 티켓 현대차증권 강동진,김성훈 I 2025-01-15 매수 트럼프 불확실성, 2Q 이후 점진적 해소 기대 DB금융투자 한승재 I 2025-01-06 매수 미국내 숏티지인 웨이퍼 및 셀 증설로 성장 모멘텀 확보 기대 현대차증권 강동진,김성훈 I 2025-01-06 매수 “제약/바이오보다는 태양광에 집중하겠다” 미래에셋증권 이진호,김태형 I 2024-11-01 매수 부진한 실적. 회사 방향성과 주주환원은 긍정적 현대차증권 강동진,김성훈 I 2024-11-01 N/R 2024.3Q Financial Results 해당기업 IR팀 I 2024-10-31 N/R 2024년 3분기 경영실적 해당기업 IR팀 I 2024-10-31 매수 하반기 실적은 미국 재고 소진 기간이 관건"
010060::2024,010060,OCI홀딩스,SECONDARY_SUMMARY_ONLY,SECONDARY_SUMMARY_ONLY,200,https://m.irgo.co.kr/IR-COMP/010060,2024-11-01,"{""WC"": [""재고""]}","5 매수 미국으로 향하는 가장 확실한 티켓 현대차증권 강동진,김성훈 I 2025-01-15 매수 트럼프 불확실성, 2Q 이후 점진적 해소 기대 DB금융투자 한승재 I 2025-01-06 매수 미국내 숏티지인 웨이퍼 및 셀 증설로 성장 모멘텀 확보 기대 현대차증권 강동진,김성훈 I 2025-01-06 매수 “제약/바이오보다는 태양광에 집중하겠다” 미래에셋증권 이진호,김태형 I 2024-11-01 매수 부진한 실적. 회사 방향성과 주주환원은 긍정적 현대차증권 강동진,김성훈 I 2024-11-01 N/R 2024.3Q Financial Results 해당기업 IR팀 I 2024-10-31 N/R 2024년 3분기 경영실적 해당기업 IR팀 I 2024-10-31 매수 하반기 실적은 미국 재고 소진 기간이 관건 미래에셋증권 이진호,김태형 I 2024-08-06 매수 관망세 지속 유진투자증권 황성현 I 2024-08-06 더보기"
010060::2024,010060,OCI홀딩스,SECONDARY_SUMMARY_ONLY,SECONDARY_SUMMARY_ONLY,200,https://m.irgo.co.kr/IR-COMP/010060,2024-11-01,"{""WC"": [""재고""]}","럼프 불확실성, 2Q 이후 점진적 해소 기대 DB금융투자 한승재 I 2025-01-06 매수 미국내 숏티지인 웨이퍼 및 셀 증설로 성장 모멘텀 확보 기대 현대차증권 강동진,김성훈 I 2025-01-06 매수 “제약/바이오보다는 태양광에 집중하겠다” 미래에셋증권 이진호,김태형 I 2024-11-01 매수 부진한 실적. 회사 방향성과 주주환원은 긍정적 현대차증권 강동진,김성훈 I 2024-11-01 N/R 2024.3Q Financial Results 해당기업 IR팀 I 2024-10-31 N/R 2024년 3분기 경영실적 해당기업 IR팀 I 2024-10-31 매수 하반기 실적은 미국 재고 소진 기간이 관건 미래에셋증권 이진호,김태형 I 2024-08-06 매수 관망세 지속 유진투자증권 황성현 I 2024-08-06 더보기"
010060::2024,010060,OCI홀딩스,SECONDARY_SUMMARY_ONLY,SECONDARY_SUMMARY_ONLY,200,https://m.irgo.co.kr/IR-COMP/010060,2024-11-01,"{""WC"": [""재고""]}","리콘 선호도 더욱 높아질 것 현대차증권 강동진,김성훈 I 2025-02-05 매수 미국으로 향하는 가장 확실한 티켓 현대차증권 강동진,김성훈 I 2025-01-15 매수 트럼프 불확실성, 2Q 이후 점진적 해소 기대 DB금융투자 한승재 I 2025-01-06 매수 미국내 숏티지인 웨이퍼 및 셀 증설로 성장 모멘텀 확보 기대 현대차증권 강동진,김성훈 I 2025-01-06 매수 “제약/바이오보다는 태양광에 집중하겠다” 미래에셋증권 이진호,김태형 I 2024-11-01 매수 부진한 실적. 회사 방향성과 주주환원은 긍정적 현대차증권 강동진,김성훈 I 2024-11-01 N/R 2024.3Q Financial Results 해당기업 IR팀 I 2024-10-31 N/R 2024년 3분기 경영실적 해당기업 IR팀 I 2024-10-31 매수 하반기 실적은 미국 재고 소진 기간이 관건 미래에셋증권 이진호,김태형 I 2024-08-06 매수 관망세 지속 유진투자증권 황성현 I"
010060::2024,010060,OCI홀딩스,SECONDARY_SUMMARY_ONLY,SECONDARY_SUMMARY_ONLY,200,https://m.irgo.co.kr/IR-COMP/010060,2024-11-01,"{""WC"": [""재고""]}","재 I 2025-01-06 매수 미국내 숏티지인 웨이퍼 및 셀 증설로 성장 모멘텀 확보 기대 현대차증권 강동진,김성훈 I 2025-01-06 매수 “제약/바이오보다는 태양광에 집중하겠다” 미래에셋증권 이진호,김태형 I 2024-11-01 매수 부진한 실적. 회사 방향성과 주주환원은 긍정적 현대차증권 강동진,김성훈 I 2024-11-01 N/R 2024.3Q Financial Results 해당기업 IR팀 I 2024-10-31 N/R 2024년 3분기 경영실적 해당기업 IR팀 I 2024-10-31 매수 하반기 실적은 미국 재고 소진 기간이 관건 미래에셋증권 이진호,김태형 I 2024-08-06 매수 관망세 지속 유진투자증권 황성현 I 2024-08-06 더보기"
010140::2024,010140,삼성중공업,SECONDARY_SUMMARY_ONLY,SECONDARY_SUMMARY_ONLY,200,https://m.irgo.co.kr/IR-COMP/010140,,,
010170::2024,010170,대한광통신,SECONDARY_SUMMARY_ONLY,SECONDARY_SUMMARY_ONLY,200,https://m.irgo.co.kr/IR-COMP/010170,2024-06-19,,"데이터센터 수요 증가로 인한 수혜 + 방산 Valuation은 보너스 한양증권 이준석 I 2025-10-22 매수 중소형 독점 방산 업체로 리레이팅될 전망 SK증권 허선재 I 2025-10-15 N/R 光(빛) 다시 켜지다, 데이터센터 증가로 인한 공급 타이트 한양증권 이준석 I 2025-09-25 N/R BABA도 충족시킨 미국 광통신 인프라 대전환의 수혜주 유진투자증권 이찬영 I 2025-08-27 N/R 미국 광섬유 시장이 주는 기회 신한투자증권 김아람 I 2025-08-26 N/R 턴어라운드를 앞둔 AI 인프라+방산 수혜주 SK증권 허선재 I 2025-07-08 N/R AI시대, 통신은 충분히 준비되었나요? SK증권 나승두 I 2024-06-19 N/R 가격상승&수요회복으로 흑자전환 및 전성기의 도래 리딩투자증권 유성만 I 2022-06-07 N/R 3년 만에 찾아온 기회 메리츠증권 정지수 I 2021-07-19 N/R 긴 터널의 끝이 다가온다 SK증권 나"
010690::2024,010690,화신,SECONDARY_SUMMARY_ONLY,SECONDARY_SUMMARY_ONLY,200,https://m.irgo.co.kr/IR-COMP/010690,2024-08-19,,"권 임은영 I 2024-08-19 매수 눈높이 상향조정 다올투자증권 유지웅,강민정 I 2024-06-14 N/R 한국과 미국에 공장을 짓고 있어요 하나증권 송선재,강민아 I 2024-05-22 매수 하반기 부터 본 게임 유진투자증권 이재일 I 2024-05-20 매수 1Q24 Review: 현대차그룹과 다시 달릴 준비 삼성증권 임은영 I 2024-05-16 매수 1Q24 Preview: 인고의 시간이 끝나간다 다올투자증권 유지웅,강민정 I 2024-04-23 매수 4Q23 Preview: 미국 UAW 파업 영향 반영 교보증권 남주신 I 2024-01-16 매수 4Q23 Preview: 진가가 드러나기 직전 다올투자증권 유지웅,강민정 I 2024-01-08 매수 신공장 가동 모멘텀 유진투자증권 이재일 I 2023-11-23 매수 3Q23 Review: 끝나가는 휴식 다올투자증권 유지웅 I 2023-11-16 매수 3Q23 Review: 고비를 넘어, 다시 성장 구간으"
010690::2024,010690,화신,SECONDARY_SUMMARY_ONLY,SECONDARY_SUMMARY_ONLY,200,https://m.irgo.co.kr/IR-COMP/010690,2024-12-06,,"나증권 송선재,강민아 I 2024-12-06 매수 2Q24 Review: 정체의 시간이 끝나간다 삼성증권 임은영 I 2024-08-19 매수 눈높이 상향조정 다올투자증권 유지웅,강민정 I 2024-06-14 N/R 한국과 미국에 공장을 짓고 있어요 하나증권 송선재,강민아 I 2024-05-22 매수 하반기 부터 본 게임 유진투자증권 이재일 I 2024-05-20 매수 1Q24 Review: 현대차그룹과 다시 달릴 준비 삼성증권 임은영 I 2024-05-16 매수 1Q24 Preview: 인고의 시간이 끝나간다 다올투자증권 유지웅,강민정 I 2024-04-23 매수 4Q23 Preview: 미국 UAW 파업 영향 반영 교보증권 남주신 I 2024-01-16 매수 4Q23 Preview: 진가가 드러나기 직전 다올투자증권 유지웅,강민정 I 2024-01-08 매수 신공장 가동 모멘텀 유진투자증권 이재일 I 2023-11-23 매수 3Q23 Review: 끝나가는 휴식"
010690::2024,010690,화신,SECONDARY_SUMMARY_ONLY,SECONDARY_SUMMARY_ONLY,200,https://m.irgo.co.kr/IR-COMP/010690,2024-12-26,,"09 N/R 신공장 효과의 시작 하나증권 송선재,강민아 I 2025-05-19 매수 성장궤도로 복귀 삼성증권 임은영,김현지 I 2025-03-26 매수 EV 캐즘 돌파의 수혜주를 찾아라 다올투자증권 유지웅 I 2025-02-24 N/R Coverage 제외 다올투자증권 유지웅,강민정 I 2024-12-26 N/R 배터리팩 케이스는 시작. 미국과 인도는 내년 하반기 하나증권 송선재,강민아 I 2024-12-06 매수 2Q24 Review: 정체의 시간이 끝나간다 삼성증권 임은영 I 2024-08-19 매수 눈높이 상향조정 다올투자증권 유지웅,강민정 I 2024-06-14 N/R 한국과 미국에 공장을 짓고 있어요 하나증권 송선재,강민아 I 2024-05-22 매수 하반기 부터 본 게임 유진투자증권 이재일 I 2024-05-20 매수 1Q24 Review: 현대차그룹과 다시 달릴 준비 삼성증권 임은영 I 2024-05-16 매수 1Q24 Preview: 인고의 시간이 끝"
010690::2024,010690,화신,SECONDARY_SUMMARY_ONLY,SECONDARY_SUMMARY_ONLY,200,https://m.irgo.co.kr/IR-COMP/010690,2024-12-26,,"5-19 매수 성장궤도로 복귀 삼성증권 임은영,김현지 I 2025-03-26 매수 EV 캐즘 돌파의 수혜주를 찾아라 다올투자증권 유지웅 I 2025-02-24 N/R Coverage 제외 다올투자증권 유지웅,강민정 I 2024-12-26 N/R 배터리팩 케이스는 시작. 미국과 인도는 내년 하반기 하나증권 송선재,강민아 I 2024-12-06 매수 2Q24 Review: 정체의 시간이 끝나간다 삼성증권 임은영 I 2024-08-19 매수 눈높이 상향조정 다올투자증권 유지웅,강민정 I 2024-06-14 N/R 한국과 미국에 공장을 짓고 있어요 하나증권 송선재,강민아 I 2024-05-22 매수 하반기 부터 본 게임 유진투자증권 이재일 I 2024-05-20 매수 1Q24 Review: 현대차그룹과 다시 달릴 준비 삼성증권 임은영 I 2024-05-16 매수 1Q24 Preview: 인고의 시간이 끝나간다 다올투자증권 유지웅,강민정 I 2024-04-23 매수 4Q23"
010690::2024,010690,화신,SECONDARY_SUMMARY_ONLY,SECONDARY_SUMMARY_ONLY,200,https://m.irgo.co.kr/IR-COMP/010690,2024-12-26,,"담, 점차 개선될 전망 삼성증권 임은영,김현지 I 2026-05-18 매수 섀시 기술을 기반으로, 두번째 피봇을 기대 삼성증권 임은영,김현지 I 2026-02-19 매수 ‘26년부터 구조적인 미국과 인도 성장을 기대 신영증권 문용권 I 2025-06-09 N/R 신공장 효과의 시작 하나증권 송선재,강민아 I 2025-05-19 매수 성장궤도로 복귀 삼성증권 임은영,김현지 I 2025-03-26 매수 EV 캐즘 돌파의 수혜주를 찾아라 다올투자증권 유지웅 I 2025-02-24 N/R Coverage 제외 다올투자증권 유지웅,강민정 I 2024-12-26 N/R 배터리팩 케이스는 시작. 미국과 인도는 내년 하반기 하나증권 송선재,강민아 I 2024-12-06 매수 2Q24 Review: 정체의 시간이 끝나간다 삼성증권 임은영 I 2024-08-19 매수 눈높이 상향조정 다올투자증권 유지웅,강민정 I 2024-06-14 N/R 한국과 미국에 공장을 짓고 있어요 하나증권"
010690::2024,010690,화신,SECONDARY_SUMMARY_ONLY,SECONDARY_SUMMARY_ONLY,200,https://m.irgo.co.kr/IR-COMP/010690,2024-12-26,,"더 크다 삼성증권 임은영,김현지 I 2026-06-15 매수 1Q26 Review: 신공장 감가상각비 부담, 점차 개선될 전망 삼성증권 임은영,김현지 I 2026-05-18 매수 섀시 기술을 기반으로, 두번째 피봇을 기대 삼성증권 임은영,김현지 I 2026-02-19 매수 ‘26년부터 구조적인 미국과 인도 성장을 기대 신영증권 문용권 I 2025-06-09 N/R 신공장 효과의 시작 하나증권 송선재,강민아 I 2025-05-19 매수 성장궤도로 복귀 삼성증권 임은영,김현지 I 2025-03-26 매수 EV 캐즘 돌파의 수혜주를 찾아라 다올투자증권 유지웅 I 2025-02-24 N/R Coverage 제외 다올투자증권 유지웅,강민정 I 2024-12-26 N/R 배터리팩 케이스는 시작. 미국과 인도는 내년 하반기 하나증권 송선재,강민아 I 2024-12-06 매수 2Q24 Review: 정체의 시간이 끝나간다 삼성증권 임은영 I 2024-08-19 매수 눈높이 상향"
010690::2024,010690,화신,SECONDARY_SUMMARY_ONLY,SECONDARY_SUMMARY_ONLY,200,https://m.irgo.co.kr/IR-COMP/010690,2024-12-26,,"매수 ‘26년부터 구조적인 미국과 인도 성장을 기대 신영증권 문용권 I 2025-06-09 N/R 신공장 효과의 시작 하나증권 송선재,강민아 I 2025-05-19 매수 성장궤도로 복귀 삼성증권 임은영,김현지 I 2025-03-26 매수 EV 캐즘 돌파의 수혜주를 찾아라 다올투자증권 유지웅 I 2025-02-24 N/R Coverage 제외 다올투자증권 유지웅,강민정 I 2024-12-26 N/R 배터리팩 케이스는 시작. 미국과 인도는 내년 하반기 하나증권 송선재,강민아 I 2024-12-06 매수 2Q24 Review: 정체의 시간이 끝나간다 삼성증권 임은영 I 2024-08-19 매수 눈높이 상향조정 다올투자증권 유지웅,강민정 I 2024-06-14 N/R 한국과 미국에 공장을 짓고 있어요 하나증권 송선재,강민아 I 2024-05-22 매수 하반기 부터 본 게임 유진투자증권 이재일 I 2024-05-20 매수 1Q24 Review: 현대차그룹과 다시 달릴 준비"
010690::2024,010690,화신,SECONDARY_SUMMARY_ONLY,SECONDARY_SUMMARY_ONLY,200,https://m.irgo.co.kr/IR-COMP/010690,2024-12-26,,"유지웅,강민정 I 2024-12-26 N/R 배터리팩 케이스는 시작. 미국과 인도는 내년 하반기 하나증권 송선재,강민아 I 2024-12-06 매수 2Q24 Review: 정체의 시간이 끝나간다 삼성증권 임은영 I 2024-08-19 매수 눈높이 상향조정 다올투자증권 유지웅,강민정 I 2024-06-14 N/R 한국과 미국에 공장을 짓고 있어요 하나증권 송선재,강민아 I 2024-05-22 매수 하반기 부터 본 게임 유진투자증권 이재일 I 2024-05-20 매수 1Q24 Review: 현대차그룹과 다시 달릴 준비 삼성증권 임은영 I 2024-05-16 매수 1Q24 Preview: 인고의 시간이 끝나간다 다올투자증권 유지웅,강민정 I 2024-04-23 매수 4Q23 Preview: 미국 UAW 파업 영향 반영 교보증권 남주신 I 2024-01-16 매수 4Q23 Preview: 진가가 드러나기 직전 다올투자증권 유지웅,강민정 I 2024-01-08 매수 신공장"
010690::2024,010690,화신,SECONDARY_SUMMARY_ONLY,SECONDARY_SUMMARY_ONLY,200,https://m.irgo.co.kr/IR-COMP/010690,2024-12-26,,"으로, 두번째 피봇을 기대 삼성증권 임은영,김현지 I 2026-02-19 매수 ‘26년부터 구조적인 미국과 인도 성장을 기대 신영증권 문용권 I 2025-06-09 N/R 신공장 효과의 시작 하나증권 송선재,강민아 I 2025-05-19 매수 성장궤도로 복귀 삼성증권 임은영,김현지 I 2025-03-26 매수 EV 캐즘 돌파의 수혜주를 찾아라 다올투자증권 유지웅 I 2025-02-24 N/R Coverage 제외 다올투자증권 유지웅,강민정 I 2024-12-26 N/R 배터리팩 케이스는 시작. 미국과 인도는 내년 하반기 하나증권 송선재,강민아 I 2024-12-06 매수 2Q24 Review: 정체의 시간이 끝나간다 삼성증권 임은영 I 2024-08-19 매수 눈높이 상향조정 다올투자증권 유지웅,강민정 I 2024-06-14 N/R 한국과 미국에 공장을 짓고 있어요 하나증권 송선재,강민아 I 2024-05-22 매수 하반기 부터 본 게임 유진투자증권 이재일 I 20"
010690::2024,010690,화신,SECONDARY_SUMMARY_ONLY,SECONDARY_SUMMARY_ONLY,200,https://m.irgo.co.kr/IR-COMP/010690,2024-12-26,,"의 수혜주를 찾아라 다올투자증권 유지웅 I 2025-02-24 N/R Coverage 제외 다올투자증권 유지웅,강민정 I 2024-12-26 N/R 배터리팩 케이스는 시작. 미국과 인도는 내년 하반기 하나증권 송선재,강민아 I 2024-12-06 매수 2Q24 Review: 정체의 시간이 끝나간다 삼성증권 임은영 I 2024-08-19 매수 눈높이 상향조정 다올투자증권 유지웅,강민정 I 2024-06-14 N/R 한국과 미국에 공장을 짓고 있어요 하나증권 송선재,강민아 I 2024-05-22 매수 하반기 부터 본 게임 유진투자증권 이재일 I 2024-05-20 매수 1Q24 Review: 현대차그룹과 다시 달릴 준비 삼성증권 임은영 I 2024-05-16 매수 1Q24 Preview: 인고의 시간이 끝나간다 다올투자증권 유지웅,강민정 I 2024-04-23 매수 4Q23 Preview: 미국 UAW 파업 영향 반영 교보증권 남주신 I 2024-01-16 매수 4Q2"
011760::2024,011760,현대코퍼레이션,SECONDARY_SUMMARY_ONLY,SECONDARY_SUMMARY_ONLY,200,https://m.irgo.co.kr/IR-COMP/011760,2024-05-07,,"이익 성장, 저평가의 늪 탈출 기대 대신증권 이태환 I 2024-05-07 매수 분기 최대 이익 달성 하나증권 유재선,채운샘 I 2024-05-07 매수 1Q24 Review: 올해도 호실적 전망 현대차증권 신동현 I 2024-05-03 매수 이제는 믿고 보는 실적, 올해는 밸류업 성과 기대 대신증권 이태환 I 2024-03-07 매수 4Q23 Review: 실적과 주가의 큰 괴리 현대차증권 신동현 I 2024-02-06 매수 비수기에도 양호한 실적 전망 하나증권 유재선,채운샘 I 2024-01-29 매수 열심히 번 돈, 정승같이 써야할 때 대신증권 이태환 I 2024-01-25 매수 실적과 가치 대비 지나친 저평가 흥국증권 박종렬 I 2024-01-05 매수 3Q23 Review: 퍼포먼스 유지 현대차증권 신동현 I 2023-11-01 매수 3분기도 좋은 모습 기대 하나증권 유재선,채운샘 I 2023-10-20 매수 실적에 따른 재평가 필요 흥국증권 박종렬 I 2"
011760::2024,011760,현대코퍼레이션,SECONDARY_SUMMARY_ONLY,SECONDARY_SUMMARY_ONLY,200,https://m.irgo.co.kr/IR-COMP/011760,2024-05-08,,"양호한 실적과 재평가 흥국증권 박종렬 I 2024-05-08 매수 문제 없는 이익 성장, 저평가의 늪 탈출 기대 대신증권 이태환 I 2024-05-07 매수 분기 최대 이익 달성 하나증권 유재선,채운샘 I 2024-05-07 매수 1Q24 Review: 올해도 호실적 전망 현대차증권 신동현 I 2024-05-03 매수 이제는 믿고 보는 실적, 올해는 밸류업 성과 기대 대신증권 이태환 I 2024-03-07 매수 4Q23 Review: 실적과 주가의 큰 괴리 현대차증권 신동현 I 2024-02-06 매수 비수기에도 양호한 실적 전망 하나증권 유재선,채운샘 I 2024-01-29 매수 열심히 번 돈, 정승같이 써야할 때 대신증권 이태환 I 2024-01-25 매수 실적과 가치 대비 지나친 저평가 흥국증권 박종렬 I 2024-01-05 매수 3Q23 Review: 퍼포먼스 유지 현대차증권 신동현 I 2023-11-01 매수 3분기도 좋은 모습 기대 하나증권 유재선,채운샘"
011760::2024,011760,현대코퍼레이션,SECONDARY_SUMMARY_ONLY,SECONDARY_SUMMARY_ONLY,200,https://m.irgo.co.kr/IR-COMP/011760,2024-06-28,,"-05 매수 새 역사를 쓰다 흥국증권 박종렬,마건우 I 2024-06-28 매수 양호한 실적과 재평가 흥국증권 박종렬 I 2024-05-08 매수 문제 없는 이익 성장, 저평가의 늪 탈출 기대 대신증권 이태환 I 2024-05-07 매수 분기 최대 이익 달성 하나증권 유재선,채운샘 I 2024-05-07 매수 1Q24 Review: 올해도 호실적 전망 현대차증권 신동현 I 2024-05-03 매수 이제는 믿고 보는 실적, 올해는 밸류업 성과 기대 대신증권 이태환 I 2024-03-07 매수 4Q23 Review: 실적과 주가의 큰 괴리 현대차증권 신동현 I 2024-02-06 매수 비수기에도 양호한 실적 전망 하나증권 유재선,채운샘 I 2024-01-29 매수 열심히 번 돈, 정승같이 써야할 때 대신증권 이태환 I 2024-01-25 매수 실적과 가치 대비 지나친 저평가 흥국증권 박종렬 I 2024-01-05 매수 3Q23 Review: 퍼포먼스 유지 현대차증권 신"
011760::2024,011760,현대코퍼레이션,SECONDARY_SUMMARY_ONLY,SECONDARY_SUMMARY_ONLY,200,https://m.irgo.co.kr/IR-COMP/011760,2024-07-05,,"8-06 매수 최대 실적에도 저평가 구간 하나증권 유재선,채운샘 I 2024-07-05 매수 새 역사를 쓰다 흥국증권 박종렬,마건우 I 2024-06-28 매수 양호한 실적과 재평가 흥국증권 박종렬 I 2024-05-08 매수 문제 없는 이익 성장, 저평가의 늪 탈출 기대 대신증권 이태환 I 2024-05-07 매수 분기 최대 이익 달성 하나증권 유재선,채운샘 I 2024-05-07 매수 1Q24 Review: 올해도 호실적 전망 현대차증권 신동현 I 2024-05-03 매수 이제는 믿고 보는 실적, 올해는 밸류업 성과 기대 대신증권 이태환 I 2024-03-07 매수 4Q23 Review: 실적과 주가의 큰 괴리 현대차증권 신동현 I 2024-02-06 매수 비수기에도 양호한 실적 전망 하나증권 유재선,채운샘 I 2024-01-29 매수 열심히 번 돈, 정승같이 써야할 때 대신증권 이태환 I 2024-01-25 매수 실적과 가치 대비 지나친 저평가 흥국증권 박종렬"
011760::2024,011760,현대코퍼레이션,SECONDARY_SUMMARY_ONLY,SECONDARY_SUMMARY_ONLY,200,https://m.irgo.co.kr/IR-COMP/011760,2024-08-06,,"6 매수 2Q24 Review: 24년 역대 최대 이익 전망 현대차증권 신동현 I 2024-08-06 매수 최대 실적에도 저평가 구간 하나증권 유재선,채운샘 I 2024-07-05 매수 새 역사를 쓰다 흥국증권 박종렬,마건우 I 2024-06-28 매수 양호한 실적과 재평가 흥국증권 박종렬 I 2024-05-08 매수 문제 없는 이익 성장, 저평가의 늪 탈출 기대 대신증권 이태환 I 2024-05-07 매수 분기 최대 이익 달성 하나증권 유재선,채운샘 I 2024-05-07 매수 1Q24 Review: 올해도 호실적 전망 현대차증권 신동현 I 2024-05-03 매수 이제는 믿고 보는 실적, 올해는 밸류업 성과 기대 대신증권 이태환 I 2024-03-07 매수 4Q23 Review: 실적과 주가의 큰 괴리 현대차증권 신동현 I 2024-02-06 매수 비수기에도 양호한 실적 전망 하나증권 유재선,채운샘 I 2024-01-29 매수 열심히 번 돈, 정승같이 써야할 때"
011760::2024,011760,현대코퍼레이션,SECONDARY_SUMMARY_ONLY,SECONDARY_SUMMARY_ONLY,200,https://m.irgo.co.kr/IR-COMP/011760,2024-10-25,,"2024-10-25 매수 ROE는 두 자리 수. PER은 두 배 수준 하나증권 유재선,채운샘 I 2024-10-25 매수 습관이 되어가는 서프라이즈 대신증권 이태환 I 2024-08-16 매수 2Q24 Review: 24년 역대 최대 이익 전망 현대차증권 신동현 I 2024-08-06 매수 최대 실적에도 저평가 구간 하나증권 유재선,채운샘 I 2024-07-05 매수 새 역사를 쓰다 흥국증권 박종렬,마건우 I 2024-06-28 매수 양호한 실적과 재평가 흥국증권 박종렬 I 2024-05-08 매수 문제 없는 이익 성장, 저평가의 늪 탈출 기대 대신증권 이태환 I 2024-05-07 매수 분기 최대 이익 달성 하나증권 유재선,채운샘 I 2024-05-07 매수 1Q24 Review: 올해도 호실적 전망 현대차증권 신동현 I 2024-05-03 매수 이제는 믿고 보는 실적, 올해는 밸류업 성과 기대 대신증권 이태환 I 2024-03-07 매수 4Q23 Review:"
011760::2024,011760,현대코퍼레이션,SECONDARY_SUMMARY_ONLY,SECONDARY_SUMMARY_ONLY,200,https://m.irgo.co.kr/IR-COMP/011760,2024-10-25,,"샘 I 2024-10-25 매수 습관이 되어가는 서프라이즈 대신증권 이태환 I 2024-08-16 매수 2Q24 Review: 24년 역대 최대 이익 전망 현대차증권 신동현 I 2024-08-06 매수 최대 실적에도 저평가 구간 하나증권 유재선,채운샘 I 2024-07-05 매수 새 역사를 쓰다 흥국증권 박종렬,마건우 I 2024-06-28 매수 양호한 실적과 재평가 흥국증권 박종렬 I 2024-05-08 매수 문제 없는 이익 성장, 저평가의 늪 탈출 기대 대신증권 이태환 I 2024-05-07 매수 분기 최대 이익 달성 하나증권 유재선,채운샘 I 2024-05-07 매수 1Q24 Review: 올해도 호실적 전망 현대차증권 신동현 I 2024-05-03 매수 이제는 믿고 보는 실적, 올해는 밸류업 성과 기대 대신증권 이태환 I 2024-03-07 매수 4Q23 Review: 실적과 주가의 큰 괴리 현대차증권 신동현 I 2024-02-06 매수 비수기에도 양호한 실"
011760::2024,011760,현대코퍼레이션,SECONDARY_SUMMARY_ONLY,SECONDARY_SUMMARY_ONLY,200,https://m.irgo.co.kr/IR-COMP/011760,2024-11-04,,"I 2024-11-04 매수 훌쩍 커버린 상용에너지 대신증권 이태환 I 2024-10-25 매수 ROE는 두 자리 수. PER은 두 배 수준 하나증권 유재선,채운샘 I 2024-10-25 매수 습관이 되어가는 서프라이즈 대신증권 이태환 I 2024-08-16 매수 2Q24 Review: 24년 역대 최대 이익 전망 현대차증권 신동현 I 2024-08-06 매수 최대 실적에도 저평가 구간 하나증권 유재선,채운샘 I 2024-07-05 매수 새 역사를 쓰다 흥국증권 박종렬,마건우 I 2024-06-28 매수 양호한 실적과 재평가 흥국증권 박종렬 I 2024-05-08 매수 문제 없는 이익 성장, 저평가의 늪 탈출 기대 대신증권 이태환 I 2024-05-07 매수 분기 최대 이익 달성 하나증권 유재선,채운샘 I 2024-05-07 매수 1Q24 Review: 올해도 호실적 전망 현대차증권 신동현 I 2024-05-03 매수 이제는 믿고 보는 실적, 올해는 밸류업 성과"
011760::2024,011760,현대코퍼레이션,SECONDARY_SUMMARY_ONLY,SECONDARY_SUMMARY_ONLY,200,https://m.irgo.co.kr/IR-COMP/011760,2024-11-12,,"-02-17 매수 주주환원 확대가 답이다 흥국증권 박종렬,송지원 I 2024-11-12 매수 3Q24 Review: 올해는 계속 좋으려나보다 현대차증권 신동현 I 2024-11-04 매수 훌쩍 커버린 상용에너지 대신증권 이태환 I 2024-10-25 매수 ROE는 두 자리 수. PER은 두 배 수준 하나증권 유재선,채운샘 I 2024-10-25 매수 습관이 되어가는 서프라이즈 대신증권 이태환 I 2024-08-16 매수 2Q24 Review: 24년 역대 최대 이익 전망 현대차증권 신동현 I 2024-08-06 매수 최대 실적에도 저평가 구간 하나증권 유재선,채운샘 I 2024-07-05 매수 새 역사를 쓰다 흥국증권 박종렬,마건우 I 2024-06-28 매수 양호한 실적과 재평가 흥국증권 박종렬 I 2024-05-08 매수 문제 없는 이익 성장, 저평가의 늪 탈출 기대 대신증권 이태환 I 2024-05-07 매수 분기 최대 이익 달성 하나증권 유재선,채운샘 I 2"
011760::2024,011760,현대코퍼레이션,SECONDARY_SUMMARY_ONLY,SECONDARY_SUMMARY_ONLY,200,https://m.irgo.co.kr/IR-COMP/011760,2024-11-12,,"04-23 매수 최대 실적 경신. 저평가된 멀티플 하나증권 유재선,채운샘 I 2025-02-25 매수 25년 우호적 업황 지속 전망 현대차증권 신동현 I 2025-02-21 매수 탄탄한 실적 순항, 올해도 지속 흥국증권 박종렬,송지원 I 2025-02-17 매수 주주환원 확대가 답이다 흥국증권 박종렬,송지원 I 2024-11-12 매수 3Q24 Review: 올해는 계속 좋으려나보다 현대차증권 신동현 I 2024-11-04 매수 훌쩍 커버린 상용에너지 대신증권 이태환 I 2024-10-25 매수 ROE는 두 자리 수. PER은 두 배 수준 하나증권 유재선,채운샘 I 2024-10-25 매수 습관이 되어가는 서프라이즈 대신증권 이태환 I 2024-08-16 매수 2Q24 Review: 24년 역대 최대 이익 전망 현대차증권 신동현 I 2024-08-06 매수 최대 실적에도 저평가 구간 하나증권 유재선,채운샘 I 2024-07-05 매수 새 역사를 쓰다 흥국증권 박종렬"
011760::2024,011760,현대코퍼레이션,SECONDARY_SUMMARY_ONLY,SECONDARY_SUMMARY_ONLY,200,https://m.irgo.co.kr/IR-COMP/011760,2024-11-12,,"2024-11-12 매수 3Q24 Review: 올해는 계속 좋으려나보다 현대차증권 신동현 I 2024-11-04 매수 훌쩍 커버린 상용에너지 대신증권 이태환 I 2024-10-25 매수 ROE는 두 자리 수. PER은 두 배 수준 하나증권 유재선,채운샘 I 2024-10-25 매수 습관이 되어가는 서프라이즈 대신증권 이태환 I 2024-08-16 매수 2Q24 Review: 24년 역대 최대 이익 전망 현대차증권 신동현 I 2024-08-06 매수 최대 실적에도 저평가 구간 하나증권 유재선,채운샘 I 2024-07-05 매수 새 역사를 쓰다 흥국증권 박종렬,마건우 I 2024-06-28 매수 양호한 실적과 재평가 흥국증권 박종렬 I 2024-05-08 매수 문제 없는 이익 성장, 저평가의 늪 탈출 기대 대신증권 이태환 I 2024-05-07 매수 분기 최대 이익 달성 하나증권 유재선,채운샘 I 2024-05-07 매수 1Q24 Review: 올해도 호실적 전망"
011760::2024,011760,현대코퍼레이션,SECONDARY_SUMMARY_ONLY,SECONDARY_SUMMARY_ONLY,200,https://m.irgo.co.kr/IR-COMP/011760,2024-11-12,,"는 준비됐으니 그림을 그릴 차례 신한투자증권 한승훈,박광래 I 2025-04-23 매수 최대 실적 경신. 저평가된 멀티플 하나증권 유재선,채운샘 I 2025-02-25 매수 25년 우호적 업황 지속 전망 현대차증권 신동현 I 2025-02-21 매수 탄탄한 실적 순항, 올해도 지속 흥국증권 박종렬,송지원 I 2025-02-17 매수 주주환원 확대가 답이다 흥국증권 박종렬,송지원 I 2024-11-12 매수 3Q24 Review: 올해는 계속 좋으려나보다 현대차증권 신동현 I 2024-11-04 매수 훌쩍 커버린 상용에너지 대신증권 이태환 I 2024-10-25 매수 ROE는 두 자리 수. PER은 두 배 수준 하나증권 유재선,채운샘 I 2024-10-25 매수 습관이 되어가는 서프라이즈 대신증권 이태환 I 2024-08-16 매수 2Q24 Review: 24년 역대 최대 이익 전망 현대차증권 신동현 I 2024-08-06 매수 최대 실적에도 저평가 구간 하나증권 유"
011760::2024,011760,현대코퍼레이션,SECONDARY_SUMMARY_ONLY,SECONDARY_SUMMARY_ONLY,200,https://m.irgo.co.kr/IR-COMP/011760,2024-11-12,,"분기 최대 실적 경신 하나증권 유재선,채운샘 I 2025-05-02 매수 양호한 실적이 주주환원으로 연결 흥국증권 박종렬,송지원 I 2025-05-02 N/R 역대 최대 실적 지속, 그리고 PBR 0.4배 유진투자증권 조태나 I 2025-04-23 매수 캔버스는 준비됐으니 그림을 그릴 차례 신한투자증권 한승훈,박광래 I 2025-04-23 매수 최대 실적 경신. 저평가된 멀티플 하나증권 유재선,채운샘 I 2025-02-25 매수 25년 우호적 업황 지속 전망 현대차증권 신동현 I 2025-02-21 매수 탄탄한 실적 순항, 올해도 지속 흥국증권 박종렬,송지원 I 2025-02-17 매수 주주환원 확대가 답이다 흥국증권 박종렬,송지원 I 2024-11-12 매수 3Q24 Review: 올해는 계속 좋으려나보다 현대차증권 신동현 I 2024-11-04 매수 훌쩍 커버린 상용에너지 대신증권 이태환 I 2024-10-25 매수 ROE는 두 자리 수. PER은 두 배 수준"
011760::2024,011760,현대코퍼레이션,SECONDARY_SUMMARY_ONLY,SECONDARY_SUMMARY_ONLY,200,https://m.irgo.co.kr/IR-COMP/011760,2024-11-12,,"수 25년 우호적 업황 지속 전망 현대차증권 신동현 I 2025-02-21 매수 탄탄한 실적 순항, 올해도 지속 흥국증권 박종렬,송지원 I 2025-02-17 매수 주주환원 확대가 답이다 흥국증권 박종렬,송지원 I 2024-11-12 매수 3Q24 Review: 올해는 계속 좋으려나보다 현대차증권 신동현 I 2024-11-04 매수 훌쩍 커버린 상용에너지 대신증권 이태환 I 2024-10-25 매수 ROE는 두 자리 수. PER은 두 배 수준 하나증권 유재선,채운샘 I 2024-10-25 매수 습관이 되어가는 서프라이즈 대신증권 이태환 I 2024-08-16 매수 2Q24 Review: 24년 역대 최대 이익 전망 현대차증권 신동현 I 2024-08-06 매수 최대 실적에도 저평가 구간 하나증권 유재선,채운샘 I 2024-07-05 매수 새 역사를 쓰다 흥국증권 박종렬,마건우 I 2024-06-28 매수 양호한 실적과 재평가 흥국증권 박종렬 I 2024-05-08"
011760::2024,011760,현대코퍼레이션,SECONDARY_SUMMARY_ONLY,SECONDARY_SUMMARY_ONLY,200,https://m.irgo.co.kr/IR-COMP/011760,2024-11-12,,"으로 연결 흥국증권 박종렬,송지원 I 2025-05-02 N/R 역대 최대 실적 지속, 그리고 PBR 0.4배 유진투자증권 조태나 I 2025-04-23 매수 캔버스는 준비됐으니 그림을 그릴 차례 신한투자증권 한승훈,박광래 I 2025-04-23 매수 최대 실적 경신. 저평가된 멀티플 하나증권 유재선,채운샘 I 2025-02-25 매수 25년 우호적 업황 지속 전망 현대차증권 신동현 I 2025-02-21 매수 탄탄한 실적 순항, 올해도 지속 흥국증권 박종렬,송지원 I 2025-02-17 매수 주주환원 확대가 답이다 흥국증권 박종렬,송지원 I 2024-11-12 매수 3Q24 Review: 올해는 계속 좋으려나보다 현대차증권 신동현 I 2024-11-04 매수 훌쩍 커버린 상용에너지 대신증권 이태환 I 2024-10-25 매수 ROE는 두 자리 수. PER은 두 배 수준 하나증권 유재선,채운샘 I 2024-10-25 매수 습관이 되어가는 서프라이즈 대신증권 이태환"
011760::2024,011760,현대코퍼레이션,SECONDARY_SUMMARY_ONLY,SECONDARY_SUMMARY_ONLY,200,https://m.irgo.co.kr/IR-COMP/011760,2024-11-12,,"최대 실적 지속, 그리고 PBR 0.4배 유진투자증권 조태나 I 2025-04-23 매수 캔버스는 준비됐으니 그림을 그릴 차례 신한투자증권 한승훈,박광래 I 2025-04-23 매수 최대 실적 경신. 저평가된 멀티플 하나증권 유재선,채운샘 I 2025-02-25 매수 25년 우호적 업황 지속 전망 현대차증권 신동현 I 2025-02-21 매수 탄탄한 실적 순항, 올해도 지속 흥국증권 박종렬,송지원 I 2025-02-17 매수 주주환원 확대가 답이다 흥국증권 박종렬,송지원 I 2024-11-12 매수 3Q24 Review: 올해는 계속 좋으려나보다 현대차증권 신동현 I 2024-11-04 매수 훌쩍 커버린 상용에너지 대신증권 이태환 I 2024-10-25 매수 ROE는 두 자리 수. PER은 두 배 수준 하나증권 유재선,채운샘 I 2024-10-25 매수 습관이 되어가는 서프라이즈 대신증권 이태환 I 2024-08-16 매수 2Q24 Review: 24년 역대 최대"
011760::2024,011760,현대코퍼레이션,SECONDARY_SUMMARY_ONLY,SECONDARY_SUMMARY_ONLY,200,https://m.irgo.co.kr/IR-COMP/011760,2024-11-12,,"탄탄한 실적 순항, 올해도 지속 흥국증권 박종렬,송지원 I 2025-02-17 매수 주주환원 확대가 답이다 흥국증권 박종렬,송지원 I 2024-11-12 매수 3Q24 Review: 올해는 계속 좋으려나보다 현대차증권 신동현 I 2024-11-04 매수 훌쩍 커버린 상용에너지 대신증권 이태환 I 2024-10-25 매수 ROE는 두 자리 수. PER은 두 배 수준 하나증권 유재선,채운샘 I 2024-10-25 매수 습관이 되어가는 서프라이즈 대신증권 이태환 I 2024-08-16 매수 2Q24 Review: 24년 역대 최대 이익 전망 현대차증권 신동현 I 2024-08-06 매수 최대 실적에도 저평가 구간 하나증권 유재선,채운샘 I 2024-07-05 매수 새 역사를 쓰다 흥국증권 박종렬,마건우 I 2024-06-28 매수 양호한 실적과 재평가 흥국증권 박종렬 I 2024-05-08 매수 문제 없는 이익 성장, 저평가의 늪 탈출 기대 대신증권 이태환 I 2024"
012330::2024,012330,현대모비스,SECONDARY_SUMMARY_ONLY,SECONDARY_SUMMARY_ONLY,200,https://m.irgo.co.kr/IR-COMP/012330,,,
012750::2024,012750,에스원,SECONDARY_SUMMARY_ONLY,SECONDARY_SUMMARY_ONLY,200,https://m.irgo.co.kr/IR-COMP/012750,2024-04-26,,024-04-29 N/R 2024년 1분기 경영실적 해당기업 IR팀 I 2024-04-26 매수 올해 견조한 매출 상승세 및 주주환원정책 확대 하이투자증권 이상헌 I 2024-02-06 매수 실적 증가 + 배당성향 증가 유안타증권 이창영 I 2024-01-30 매수 이익 성장과 주주환원정책 확대 흥국증권 황성진 I 2024-01-30 매수 성장을 향해 묵묵히 나아가는 중 삼성증권 최민하 I 2024-01-29 매수 4Q23 Review: 주주가치 제고할 결심 이베스트투자증권 김세련 I 2024-01-29 매수 안정적인 실적 대비 주가는 저평가 DS투자증권 김영규 I 2024-01-29 N/R 2023년 연간 경영실적 해당기업 IR팀 I 2024-01-26 매수 NDR 후기: ‘실적’과 ‘배당’의 쌍두마차 DS투자증권 김영규 I 2023-12-06 매수 의무화? 신사업? 진행시켜! DS투자증권 김영규 I 2023-11-07 N/R 3Q23 Review: 안정적인 실적
012750::2024,012750,에스원,SECONDARY_SUMMARY_ONLY,SECONDARY_SUMMARY_ONLY,200,https://m.irgo.co.kr/IR-COMP/012750,2024-04-29,,"24-05-02 매수 준비된 밸류업 유안타증권 이창영 I 2024-04-29 매수 아쉬운 성적표지만 성장의 기틀 마련은 지속 삼성증권 최민하,강영훈 I 2024-04-29 N/R 2024년 1분기 경영실적 해당기업 IR팀 I 2024-04-26 매수 올해 견조한 매출 상승세 및 주주환원정책 확대 하이투자증권 이상헌 I 2024-02-06 매수 실적 증가 + 배당성향 증가 유안타증권 이창영 I 2024-01-30 매수 이익 성장과 주주환원정책 확대 흥국증권 황성진 I 2024-01-30 매수 성장을 향해 묵묵히 나아가는 중 삼성증권 최민하 I 2024-01-29 매수 4Q23 Review: 주주가치 제고할 결심 이베스트투자증권 김세련 I 2024-01-29 매수 안정적인 실적 대비 주가는 저평가 DS투자증권 김영규 I 2024-01-29 N/R 2023년 연간 경영실적 해당기업 IR팀 I 2024-01-26 매수 NDR 후기: ‘실적’과 ‘배당’의 쌍두마차 DS투자증"
012750::2024,012750,에스원,SECONDARY_SUMMARY_ONLY,SECONDARY_SUMMARY_ONLY,200,https://m.irgo.co.kr/IR-COMP/012750,2024-04-29,,"아쉬운 성적표지만 성장의 기틀 마련은 지속 삼성증권 최민하,강영훈 I 2024-04-29 N/R 2024년 1분기 경영실적 해당기업 IR팀 I 2024-04-26 매수 올해 견조한 매출 상승세 및 주주환원정책 확대 하이투자증권 이상헌 I 2024-02-06 매수 실적 증가 + 배당성향 증가 유안타증권 이창영 I 2024-01-30 매수 이익 성장과 주주환원정책 확대 흥국증권 황성진 I 2024-01-30 매수 성장을 향해 묵묵히 나아가는 중 삼성증권 최민하 I 2024-01-29 매수 4Q23 Review: 주주가치 제고할 결심 이베스트투자증권 김세련 I 2024-01-29 매수 안정적인 실적 대비 주가는 저평가 DS투자증권 김영규 I 2024-01-29 N/R 2023년 연간 경영실적 해당기업 IR팀 I 2024-01-26 매수 NDR 후기: ‘실적’과 ‘배당’의 쌍두마차 DS투자증권 김영규 I 2023-12-06 매수 의무화? 신사업? 진행시켜! DS투자증권 김"
012750::2024,012750,에스원,SECONDARY_SUMMARY_ONLY,SECONDARY_SUMMARY_ONLY,200,https://m.irgo.co.kr/IR-COMP/012750,2024-07-09,,"김세련 I 2024-07-09 매수 시큐리티와 인프라 사업 모두 순항중 흥국증권 황성진 I 2024-05-02 매수 준비된 밸류업 유안타증권 이창영 I 2024-04-29 매수 아쉬운 성적표지만 성장의 기틀 마련은 지속 삼성증권 최민하,강영훈 I 2024-04-29 N/R 2024년 1분기 경영실적 해당기업 IR팀 I 2024-04-26 매수 올해 견조한 매출 상승세 및 주주환원정책 확대 하이투자증권 이상헌 I 2024-02-06 매수 실적 증가 + 배당성향 증가 유안타증권 이창영 I 2024-01-30 매수 이익 성장과 주주환원정책 확대 흥국증권 황성진 I 2024-01-30 매수 성장을 향해 묵묵히 나아가는 중 삼성증권 최민하 I 2024-01-29 매수 4Q23 Review: 주주가치 제고할 결심 이베스트투자증권 김세련 I 2024-01-29 매수 안정적인 실적 대비 주가는 저평가 DS투자증권 김영규 I 2024-01-29 N/R 2023년 연간 경영실적 해"
012750::2024,012750,에스원,SECONDARY_SUMMARY_ONLY,SECONDARY_SUMMARY_ONLY,200,https://m.irgo.co.kr/IR-COMP/012750,2024-07-25,,"해당기업 IR팀 I 2024-07-25 매수 2Q24 Preview LS증권 김세련 I 2024-07-09 매수 시큐리티와 인프라 사업 모두 순항중 흥국증권 황성진 I 2024-05-02 매수 준비된 밸류업 유안타증권 이창영 I 2024-04-29 매수 아쉬운 성적표지만 성장의 기틀 마련은 지속 삼성증권 최민하,강영훈 I 2024-04-29 N/R 2024년 1분기 경영실적 해당기업 IR팀 I 2024-04-26 매수 올해 견조한 매출 상승세 및 주주환원정책 확대 하이투자증권 이상헌 I 2024-02-06 매수 실적 증가 + 배당성향 증가 유안타증권 이창영 I 2024-01-30 매수 이익 성장과 주주환원정책 확대 흥국증권 황성진 I 2024-01-30 매수 성장을 향해 묵묵히 나아가는 중 삼성증권 최민하 I 2024-01-29 매수 4Q23 Review: 주주가치 제고할 결심 이베스트투자증권 김세련 I 2024-01-29 매수 안정적인 실적 대비 주가는 저평가"
012750::2024,012750,에스원,SECONDARY_SUMMARY_ONLY,SECONDARY_SUMMARY_ONLY,200,https://m.irgo.co.kr/IR-COMP/012750,2024-07-26,,"성 LS증권 김세련 I 2024-07-26 N/R 2024년 2분기 경영실적 해당기업 IR팀 I 2024-07-25 매수 2Q24 Preview LS증권 김세련 I 2024-07-09 매수 시큐리티와 인프라 사업 모두 순항중 흥국증권 황성진 I 2024-05-02 매수 준비된 밸류업 유안타증권 이창영 I 2024-04-29 매수 아쉬운 성적표지만 성장의 기틀 마련은 지속 삼성증권 최민하,강영훈 I 2024-04-29 N/R 2024년 1분기 경영실적 해당기업 IR팀 I 2024-04-26 매수 올해 견조한 매출 상승세 및 주주환원정책 확대 하이투자증권 이상헌 I 2024-02-06 매수 실적 증가 + 배당성향 증가 유안타증권 이창영 I 2024-01-30 매수 이익 성장과 주주환원정책 확대 흥국증권 황성진 I 2024-01-30 매수 성장을 향해 묵묵히 나아가는 중 삼성증권 최민하 I 2024-01-29 매수 4Q23 Review: 주주가치 제고할 결심 이베스트투자"
012750::2024,012750,에스원,SECONDARY_SUMMARY_ONLY,SECONDARY_SUMMARY_ONLY,200,https://m.irgo.co.kr/IR-COMP/012750,2024-07-26,,"증권 황성진 I 2024-07-26 매수 2Q24 Review: 무난한 성장성 LS증권 김세련 I 2024-07-26 N/R 2024년 2분기 경영실적 해당기업 IR팀 I 2024-07-25 매수 2Q24 Preview LS증권 김세련 I 2024-07-09 매수 시큐리티와 인프라 사업 모두 순항중 흥국증권 황성진 I 2024-05-02 매수 준비된 밸류업 유안타증권 이창영 I 2024-04-29 매수 아쉬운 성적표지만 성장의 기틀 마련은 지속 삼성증권 최민하,강영훈 I 2024-04-29 N/R 2024년 1분기 경영실적 해당기업 IR팀 I 2024-04-26 매수 올해 견조한 매출 상승세 및 주주환원정책 확대 하이투자증권 이상헌 I 2024-02-06 매수 실적 증가 + 배당성향 증가 유안타증권 이창영 I 2024-01-30 매수 이익 성장과 주주환원정책 확대 흥국증권 황성진 I 2024-01-30 매수 성장을 향해 묵묵히 나아가는 중 삼성증권 최민하 I 202"
012750::2024,012750,에스원,SECONDARY_SUMMARY_ONLY,SECONDARY_SUMMARY_ONLY,200,https://m.irgo.co.kr/IR-COMP/012750,2024-07-29,,"이는 안정된 실적 성장 유안타증권 이창영 I 2024-07-29 매수 조금씩 그리고 천천히 흥국증권 황성진 I 2024-07-26 매수 2Q24 Review: 무난한 성장성 LS증권 김세련 I 2024-07-26 N/R 2024년 2분기 경영실적 해당기업 IR팀 I 2024-07-25 매수 2Q24 Preview LS증권 김세련 I 2024-07-09 매수 시큐리티와 인프라 사업 모두 순항중 흥국증권 황성진 I 2024-05-02 매수 준비된 밸류업 유안타증권 이창영 I 2024-04-29 매수 아쉬운 성적표지만 성장의 기틀 마련은 지속 삼성증권 최민하,강영훈 I 2024-04-29 N/R 2024년 1분기 경영실적 해당기업 IR팀 I 2024-04-26 매수 올해 견조한 매출 상승세 및 주주환원정책 확대 하이투자증권 이상헌 I 2024-02-06 매수 실적 증가 + 배당성향 증가 유안타증권 이창영 I 2024-01-30 매수 이익 성장과 주주환원정책 확대 흥국증권"
012750::2024,012750,에스원,SECONDARY_SUMMARY_ONLY,SECONDARY_SUMMARY_ONLY,200,https://m.irgo.co.kr/IR-COMP/012750,2024-08-05,,"환원정책 확대 iM증권 이상헌 I 2024-08-05 매수 어려울 때 돋보이는 안정된 실적 성장 유안타증권 이창영 I 2024-07-29 매수 조금씩 그리고 천천히 흥국증권 황성진 I 2024-07-26 매수 2Q24 Review: 무난한 성장성 LS증권 김세련 I 2024-07-26 N/R 2024년 2분기 경영실적 해당기업 IR팀 I 2024-07-25 매수 2Q24 Preview LS증권 김세련 I 2024-07-09 매수 시큐리티와 인프라 사업 모두 순항중 흥국증권 황성진 I 2024-05-02 매수 준비된 밸류업 유안타증권 이창영 I 2024-04-29 매수 아쉬운 성적표지만 성장의 기틀 마련은 지속 삼성증권 최민하,강영훈 I 2024-04-29 N/R 2024년 1분기 경영실적 해당기업 IR팀 I 2024-04-26 매수 올해 견조한 매출 상승세 및 주주환원정책 확대 하이투자증권 이상헌 I 2024-02-06 매수 실적 증가 + 배당성향 증가 유안타증권"
012750::2024,012750,에스원,SECONDARY_SUMMARY_ONLY,SECONDARY_SUMMARY_ONLY,200,https://m.irgo.co.kr/IR-COMP/012750,2024-08-13,,"선을 보여줄 차례 삼성증권 최민하,강영훈 I 2024-08-13 매수 AI GOP 수혜 및 주주환원정책 확대 iM증권 이상헌 I 2024-08-05 매수 어려울 때 돋보이는 안정된 실적 성장 유안타증권 이창영 I 2024-07-29 매수 조금씩 그리고 천천히 흥국증권 황성진 I 2024-07-26 매수 2Q24 Review: 무난한 성장성 LS증권 김세련 I 2024-07-26 N/R 2024년 2분기 경영실적 해당기업 IR팀 I 2024-07-25 매수 2Q24 Preview LS증권 김세련 I 2024-07-09 매수 시큐리티와 인프라 사업 모두 순항중 흥국증권 황성진 I 2024-05-02 매수 준비된 밸류업 유안타증권 이창영 I 2024-04-29 매수 아쉬운 성적표지만 성장의 기틀 마련은 지속 삼성증권 최민하,강영훈 I 2024-04-29 N/R 2024년 1분기 경영실적 해당기업 IR팀 I 2024-04-26 매수 올해 견조한 매출 상승세 및 주주환원정책"
012750::2024,012750,에스원,SECONDARY_SUMMARY_ONLY,SECONDARY_SUMMARY_ONLY,200,https://m.irgo.co.kr/IR-COMP/012750,2024-10-24,,"arnings 해당기업 IR팀 I 2024-10-24 N/R 2024년 3분기 경영실적 해당기업 IR팀 I 2024-10-24 매수 수익성 개선을 보여줄 차례 삼성증권 최민하,강영훈 I 2024-08-13 매수 AI GOP 수혜 및 주주환원정책 확대 iM증권 이상헌 I 2024-08-05 매수 어려울 때 돋보이는 안정된 실적 성장 유안타증권 이창영 I 2024-07-29 매수 조금씩 그리고 천천히 흥국증권 황성진 I 2024-07-26 매수 2Q24 Review: 무난한 성장성 LS증권 김세련 I 2024-07-26 N/R 2024년 2분기 경영실적 해당기업 IR팀 I 2024-07-25 매수 2Q24 Preview LS증권 김세련 I 2024-07-09 매수 시큐리티와 인프라 사업 모두 순항중 흥국증권 황성진 I 2024-05-02 매수 준비된 밸류업 유안타증권 이창영 I 2024-04-29 매수 아쉬운 성적표지만 성장의 기틀 마련은 지속 삼성증권 최민하,강영훈"
012750::2024,012750,에스원,SECONDARY_SUMMARY_ONLY,SECONDARY_SUMMARY_ONLY,200,https://m.irgo.co.kr/IR-COMP/012750,2024-10-24,,"영실적 해당기업 IR팀 I 2024-10-24 매수 수익성 개선을 보여줄 차례 삼성증권 최민하,강영훈 I 2024-08-13 매수 AI GOP 수혜 및 주주환원정책 확대 iM증권 이상헌 I 2024-08-05 매수 어려울 때 돋보이는 안정된 실적 성장 유안타증권 이창영 I 2024-07-29 매수 조금씩 그리고 천천히 흥국증권 황성진 I 2024-07-26 매수 2Q24 Review: 무난한 성장성 LS증권 김세련 I 2024-07-26 N/R 2024년 2분기 경영실적 해당기업 IR팀 I 2024-07-25 매수 2Q24 Preview LS증권 김세련 I 2024-07-09 매수 시큐리티와 인프라 사업 모두 순항중 흥국증권 황성진 I 2024-05-02 매수 준비된 밸류업 유안타증권 이창영 I 2024-04-29 매수 아쉬운 성적표지만 성장의 기틀 마련은 지속 삼성증권 최민하,강영훈 I 2024-04-29 N/R 2024년 1분기 경영실적 해당기업 IR팀 I 20"
012750::2024,012750,에스원,SECONDARY_SUMMARY_ONLY,SECONDARY_SUMMARY_ONLY,200,https://m.irgo.co.kr/IR-COMP/012750,2024-10-25,,"I 2025-01-24 매수 4Q24 Preview: 두드리고 가는 돌다리 LS증권 김세련 I 2025-01-10 매수 안정적 사업성과로 밸류업 흥국증권 황성진 I 2024-10-25 매수 안정적 성장을 이끄는 쌍두마차 삼성증권 최민하,강영훈 I 2024-10-25 N/R 2024.3Q Earnings 해당기업 IR팀 I 2024-10-24 N/R 2024년 3분기 경영실적 해당기업 IR팀 I 2024-10-24 매수 수익성 개선을 보여줄 차례 삼성증권 최민하,강영훈 I 2024-08-13 매수 AI GOP 수혜 및 주주환원정책 확대 iM증권 이상헌 I 2024-08-05 매수 어려울 때 돋보이는 안정된 실적 성장 유안타증권 이창영 I 2024-07-29 매수 조금씩 그리고 천천히 흥국증권 황성진 I 2024-07-26 매수 2Q24 Review: 무난한 성장성 LS증권 김세련 I 2024-07-26 N/R 2024년 2분기 경영실적 해당기업 IR팀 I 2024-0"
012750::2024,012750,에스원,SECONDARY_SUMMARY_ONLY,SECONDARY_SUMMARY_ONLY,200,https://m.irgo.co.kr/IR-COMP/012750,2024-10-25,,"P 본격화 수혜 iM증권 이상헌 I 2025-02-03 매수 상반기 부진을 만회 삼성증권 최민하,강영훈 I 2025-01-31 매수 25년에도 견조한 성장 흥국증권 황성진 I 2025-01-31 N/R 2024.4Q Earnings 해당기업 IR팀 I 2025-01-24 N/R 2024년 연간 경영실적 해당기업 IR팀 I 2025-01-24 매수 4Q24 Preview: 두드리고 가는 돌다리 LS증권 김세련 I 2025-01-10 매수 안정적 사업성과로 밸류업 흥국증권 황성진 I 2024-10-25 매수 안정적 성장을 이끄는 쌍두마차 삼성증권 최민하,강영훈 I 2024-10-25 N/R 2024.3Q Earnings 해당기업 IR팀 I 2024-10-24 N/R 2024년 3분기 경영실적 해당기업 IR팀 I 2024-10-24 매수 수익성 개선을 보여줄 차례 삼성증권 최민하,강영훈 I 2024-08-13 매수 AI GOP 수혜 및 주주환원정책 확대 iM증권 이상헌"
012750::2024,012750,에스원,SECONDARY_SUMMARY_ONLY,SECONDARY_SUMMARY_ONLY,200,https://m.irgo.co.kr/IR-COMP/012750,2024-10-25,,"권 이창영 I 2025-02-04 매수 AI CCTV 수요 증가 및 AI GOP 본격화 수혜 iM증권 이상헌 I 2025-02-03 매수 상반기 부진을 만회 삼성증권 최민하,강영훈 I 2025-01-31 매수 25년에도 견조한 성장 흥국증권 황성진 I 2025-01-31 N/R 2024.4Q Earnings 해당기업 IR팀 I 2025-01-24 N/R 2024년 연간 경영실적 해당기업 IR팀 I 2025-01-24 매수 4Q24 Preview: 두드리고 가는 돌다리 LS증권 김세련 I 2025-01-10 매수 안정적 사업성과로 밸류업 흥국증권 황성진 I 2024-10-25 매수 안정적 성장을 이끄는 쌍두마차 삼성증권 최민하,강영훈 I 2024-10-25 N/R 2024.3Q Earnings 해당기업 IR팀 I 2024-10-24 N/R 2024년 3분기 경영실적 해당기업 IR팀 I 2024-10-24 매수 수익성 개선을 보여줄 차례 삼성증권 최민하,강영훈 I 20"
012750::2024,012750,에스원,SECONDARY_SUMMARY_ONLY,SECONDARY_SUMMARY_ONLY,200,https://m.irgo.co.kr/IR-COMP/012750,2024-10-25,,"기업 IR팀 I 2025-01-24 N/R 2024년 연간 경영실적 해당기업 IR팀 I 2025-01-24 매수 4Q24 Preview: 두드리고 가는 돌다리 LS증권 김세련 I 2025-01-10 매수 안정적 사업성과로 밸류업 흥국증권 황성진 I 2024-10-25 매수 안정적 성장을 이끄는 쌍두마차 삼성증권 최민하,강영훈 I 2024-10-25 N/R 2024.3Q Earnings 해당기업 IR팀 I 2024-10-24 N/R 2024년 3분기 경영실적 해당기업 IR팀 I 2024-10-24 매수 수익성 개선을 보여줄 차례 삼성증권 최민하,강영훈 I 2024-08-13 매수 AI GOP 수혜 및 주주환원정책 확대 iM증권 이상헌 I 2024-08-05 매수 어려울 때 돋보이는 안정된 실적 성장 유안타증권 이창영 I 2024-07-29 매수 조금씩 그리고 천천히 흥국증권 황성진 I 2024-07-26 매수 2Q24 Review: 무난한 성장성 LS증권 김세련 I"
012750::2024,012750,에스원,SECONDARY_SUMMARY_ONLY,SECONDARY_SUMMARY_ONLY,200,https://m.irgo.co.kr/IR-COMP/012750,2024-10-25,,"돌다리 LS증권 김세련 I 2025-01-10 매수 안정적 사업성과로 밸류업 흥국증권 황성진 I 2024-10-25 매수 안정적 성장을 이끄는 쌍두마차 삼성증권 최민하,강영훈 I 2024-10-25 N/R 2024.3Q Earnings 해당기업 IR팀 I 2024-10-24 N/R 2024년 3분기 경영실적 해당기업 IR팀 I 2024-10-24 매수 수익성 개선을 보여줄 차례 삼성증권 최민하,강영훈 I 2024-08-13 매수 AI GOP 수혜 및 주주환원정책 확대 iM증권 이상헌 I 2024-08-05 매수 어려울 때 돋보이는 안정된 실적 성장 유안타증권 이창영 I 2024-07-29 매수 조금씩 그리고 천천히 흥국증권 황성진 I 2024-07-26 매수 2Q24 Review: 무난한 성장성 LS증권 김세련 I 2024-07-26 N/R 2024년 2분기 경영실적 해당기업 IR팀 I 2024-07-25 매수 2Q24 Preview LS증권 김세련 I 2024-"
012750::2024,012750,에스원,SECONDARY_SUMMARY_ONLY,SECONDARY_SUMMARY_ONLY,200,https://m.irgo.co.kr/IR-COMP/012750,2024-10-25,,"만회 삼성증권 최민하,강영훈 I 2025-01-31 매수 25년에도 견조한 성장 흥국증권 황성진 I 2025-01-31 N/R 2024.4Q Earnings 해당기업 IR팀 I 2025-01-24 N/R 2024년 연간 경영실적 해당기업 IR팀 I 2025-01-24 매수 4Q24 Preview: 두드리고 가는 돌다리 LS증권 김세련 I 2025-01-10 매수 안정적 사업성과로 밸류업 흥국증권 황성진 I 2024-10-25 매수 안정적 성장을 이끄는 쌍두마차 삼성증권 최민하,강영훈 I 2024-10-25 N/R 2024.3Q Earnings 해당기업 IR팀 I 2024-10-24 N/R 2024년 3분기 경영실적 해당기업 IR팀 I 2024-10-24 매수 수익성 개선을 보여줄 차례 삼성증권 최민하,강영훈 I 2024-08-13 매수 AI GOP 수혜 및 주주환원정책 확대 iM증권 이상헌 I 2024-08-05 매수 어려울 때 돋보이는 안정된 실적 성장 유안타증"
012750::2024,012750,에스원,SECONDARY_SUMMARY_ONLY,SECONDARY_SUMMARY_ONLY,200,https://m.irgo.co.kr/IR-COMP/012750,2024-10-25,,"성증권 최민하,강영훈 I 2024-10-25 N/R 2024.3Q Earnings 해당기업 IR팀 I 2024-10-24 N/R 2024년 3분기 경영실적 해당기업 IR팀 I 2024-10-24 매수 수익성 개선을 보여줄 차례 삼성증권 최민하,강영훈 I 2024-08-13 매수 AI GOP 수혜 및 주주환원정책 확대 iM증권 이상헌 I 2024-08-05 매수 어려울 때 돋보이는 안정된 실적 성장 유안타증권 이창영 I 2024-07-29 매수 조금씩 그리고 천천히 흥국증권 황성진 I 2024-07-26 매수 2Q24 Review: 무난한 성장성 LS증권 김세련 I 2024-07-26 N/R 2024년 2분기 경영실적 해당기업 IR팀 I 2024-07-25 매수 2Q24 Preview LS증권 김세련 I 2024-07-09 매수 시큐리티와 인프라 사업 모두 순항중 흥국증권 황성진 I 2024-05-02 매수 준비된 밸류업 유안타증권 이창영 I 2024-04-29 매수"
012750::2024,012750,에스원,SECONDARY_SUMMARY_ONLY,SECONDARY_SUMMARY_ONLY,200,https://m.irgo.co.kr/IR-COMP/012750,2024-10-25,,"수저 LS증권 김세련 I 2025-02-06 매수 경기보다 보안이 더 중요 유안타증권 이창영 I 2025-02-04 매수 AI CCTV 수요 증가 및 AI GOP 본격화 수혜 iM증권 이상헌 I 2025-02-03 매수 상반기 부진을 만회 삼성증권 최민하,강영훈 I 2025-01-31 매수 25년에도 견조한 성장 흥국증권 황성진 I 2025-01-31 N/R 2024.4Q Earnings 해당기업 IR팀 I 2025-01-24 N/R 2024년 연간 경영실적 해당기업 IR팀 I 2025-01-24 매수 4Q24 Preview: 두드리고 가는 돌다리 LS증권 김세련 I 2025-01-10 매수 안정적 사업성과로 밸류업 흥국증권 황성진 I 2024-10-25 매수 안정적 성장을 이끄는 쌍두마차 삼성증권 최민하,강영훈 I 2024-10-25 N/R 2024.3Q Earnings 해당기업 IR팀 I 2024-10-24 N/R 2024년 3분기 경영실적 해당기업 IR팀 I"
012750::2024,012750,에스원,SECONDARY_SUMMARY_ONLY,SECONDARY_SUMMARY_ONLY,200,https://m.irgo.co.kr/IR-COMP/012750,2024-10-25,,"장 흥국증권 황성진 I 2025-01-31 N/R 2024.4Q Earnings 해당기업 IR팀 I 2025-01-24 N/R 2024년 연간 경영실적 해당기업 IR팀 I 2025-01-24 매수 4Q24 Preview: 두드리고 가는 돌다리 LS증권 김세련 I 2025-01-10 매수 안정적 사업성과로 밸류업 흥국증권 황성진 I 2024-10-25 매수 안정적 성장을 이끄는 쌍두마차 삼성증권 최민하,강영훈 I 2024-10-25 N/R 2024.3Q Earnings 해당기업 IR팀 I 2024-10-24 N/R 2024년 3분기 경영실적 해당기업 IR팀 I 2024-10-24 매수 수익성 개선을 보여줄 차례 삼성증권 최민하,강영훈 I 2024-08-13 매수 AI GOP 수혜 및 주주환원정책 확대 iM증권 이상헌 I 2024-08-05 매수 어려울 때 돋보이는 안정된 실적 성장 유안타증권 이창영 I 2024-07-29 매수 조금씩 그리고 천천히 흥국증권 황성진 I"
012750::2024,012750,에스원,SECONDARY_SUMMARY_ONLY,SECONDARY_SUMMARY_ONLY,200,https://m.irgo.co.kr/IR-COMP/012750,2024-10-25,,"증권 황성진 I 2024-10-25 매수 안정적 성장을 이끄는 쌍두마차 삼성증권 최민하,강영훈 I 2024-10-25 N/R 2024.3Q Earnings 해당기업 IR팀 I 2024-10-24 N/R 2024년 3분기 경영실적 해당기업 IR팀 I 2024-10-24 매수 수익성 개선을 보여줄 차례 삼성증권 최민하,강영훈 I 2024-08-13 매수 AI GOP 수혜 및 주주환원정책 확대 iM증권 이상헌 I 2024-08-05 매수 어려울 때 돋보이는 안정된 실적 성장 유안타증권 이창영 I 2024-07-29 매수 조금씩 그리고 천천히 흥국증권 황성진 I 2024-07-26 매수 2Q24 Review: 무난한 성장성 LS증권 김세련 I 2024-07-26 N/R 2024년 2분기 경영실적 해당기업 IR팀 I 2024-07-25 매수 2Q24 Preview LS증권 김세련 I 2024-07-09 매수 시큐리티와 인프라 사업 모두 순항중 흥국증권 황성진 I 2024-0"
013030::2024,013030,하이록코리아,SECONDARY_SUMMARY_ONLY,SECONDARY_SUMMARY_ONLY,200,https://m.irgo.co.kr/IR-COMP/013030,2024-07-12,,"024-10-11 매수 2Q24 Preview 삼성전자향 수주 양호 메리츠증권 배기연 I 2024-07-12 매수 고수익성 속에 주주환원정책 지속 메리츠증권 배기연 I 2024-05-30 매수 1Q24 review: 성장하는 한해 현대차증권 곽민정,윤서영 I 2024-05-27 매수 올해도 무난하다 대신증권 박장욱 I 2024-05-23 N/R 회사소개 및 주요 경영현황 해당기업 IR팀 I 2024-05-21 N/R 우호적인 환경과 주주환원 정책에 주목! 유안타증권 권명준 I 2024-05-03 매수 주주 수익률 10% 대신증권 박장욱 I 2024-02-28 매수 4분기 영업이익 125억원(-6.2% YoY) 전망 메리츠증권 배기연 I 2024-01-19 매수 3Q23 review: 쉬어가는 하반기 현대차증권 곽민정,김유진 I 2023-11-08 매수 조용하지만 강한 행보 메리츠증권 배기연 I 2023-11-03 N/R 고유가로 수주도 실적도 증가 하이투자증권 이상"
013030::2024,013030,하이록코리아,SECONDARY_SUMMARY_ONLY,SECONDARY_SUMMARY_ONLY,200,https://m.irgo.co.kr/IR-COMP/013030,2024-10-11,,"매수 3분기 영업이익 117억원(-17.6% YoY, -20.7% QoQ) 메리츠증권 배기연 I 2024-10-11 매수 2Q24 Preview 삼성전자향 수주 양호 메리츠증권 배기연 I 2024-07-12 매수 고수익성 속에 주주환원정책 지속 메리츠증권 배기연 I 2024-05-30 매수 1Q24 review: 성장하는 한해 현대차증권 곽민정,윤서영 I 2024-05-27 매수 올해도 무난하다 대신증권 박장욱 I 2024-05-23 N/R 회사소개 및 주요 경영현황 해당기업 IR팀 I 2024-05-21 N/R 우호적인 환경과 주주환원 정책에 주목! 유안타증권 권명준 I 2024-05-03 매수 주주 수익률 10% 대신증권 박장욱 I 2024-02-28 매수 4분기 영업이익 125억원(-6.2% YoY) 전망 메리츠증권 배기연 I 2024-01-19 매수 3Q23 review: 쉬어가는 하반기 현대차증권 곽민정,김유진 I 2023-11-08 매수 조용하지만 강한"
013030::2024,013030,하이록코리아,SECONDARY_SUMMARY_ONLY,SECONDARY_SUMMARY_ONLY,200,https://m.irgo.co.kr/IR-COMP/013030,2024-11-15,,", -7.1% QoQ) 메리츠증권 배기연 I 2024-11-15 매수 3분기 영업이익 117억원(-17.6% YoY, -20.7% QoQ) 메리츠증권 배기연 I 2024-10-11 매수 2Q24 Preview 삼성전자향 수주 양호 메리츠증권 배기연 I 2024-07-12 매수 고수익성 속에 주주환원정책 지속 메리츠증권 배기연 I 2024-05-30 매수 1Q24 review: 성장하는 한해 현대차증권 곽민정,윤서영 I 2024-05-27 매수 올해도 무난하다 대신증권 박장욱 I 2024-05-23 N/R 회사소개 및 주요 경영현황 해당기업 IR팀 I 2024-05-21 N/R 우호적인 환경과 주주환원 정책에 주목! 유안타증권 권명준 I 2024-05-03 매수 주주 수익률 10% 대신증권 박장욱 I 2024-02-28 매수 4분기 영업이익 125억원(-6.2% YoY) 전망 메리츠증권 배기연 I 2024-01-19 매수 3Q23 review: 쉬어가는 하반기 현대차"
013030::2024,013030,하이록코리아,SECONDARY_SUMMARY_ONLY,SECONDARY_SUMMARY_ONLY,200,https://m.irgo.co.kr/IR-COMP/013030,2024-12-02,,"07 매수 어쩌면, 상승 국면에 이미 진입 했을 수 있다 메리츠증권 배기연 I 2025-09-30 N/R 에너지 안보가 부른 해양플랜트 붐의 수혜 대신증권 박장욱 I 2025-09-22 매수 계장용피팅에도 온기는 시차를 두고 전해진다 메리츠증권 배기연 I 2025-01-20 매수 에너지 자립 수요 수혜 대신증권 박장욱 I 2024-12-02 매수 3분기 영업이익 137억원(-3.5% YoY, -7.1% QoQ) 메리츠증권 배기연 I 2024-11-15 매수 3분기 영업이익 117억원(-17.6% YoY, -20.7% QoQ) 메리츠증권 배기연 I 2024-10-11 매수 2Q24 Preview 삼성전자향 수주 양호 메리츠증권 배기연 I 2024-07-12 매수 고수익성 속에 주주환원정책 지속 메리츠증권 배기연 I 2024-05-30 매수 1Q24 review: 성장하는 한해 현대차증권 곽민정,윤서영 I 2024-05-27 매수 올해도 무난하다 대신증권 박장욱 I 2"
013030::2024,013030,하이록코리아,SECONDARY_SUMMARY_ONLY,SECONDARY_SUMMARY_ONLY,200,https://m.irgo.co.kr/IR-COMP/013030,2024-12-02,,"2025-09-30 N/R 에너지 안보가 부른 해양플랜트 붐의 수혜 대신증권 박장욱 I 2025-09-22 매수 계장용피팅에도 온기는 시차를 두고 전해진다 메리츠증권 배기연 I 2025-01-20 매수 에너지 자립 수요 수혜 대신증권 박장욱 I 2024-12-02 매수 3분기 영업이익 137억원(-3.5% YoY, -7.1% QoQ) 메리츠증권 배기연 I 2024-11-15 매수 3분기 영업이익 117억원(-17.6% YoY, -20.7% QoQ) 메리츠증권 배기연 I 2024-10-11 매수 2Q24 Preview 삼성전자향 수주 양호 메리츠증권 배기연 I 2024-07-12 매수 고수익성 속에 주주환원정책 지속 메리츠증권 배기연 I 2024-05-30 매수 1Q24 review: 성장하는 한해 현대차증권 곽민정,윤서영 I 2024-05-27 매수 올해도 무난하다 대신증권 박장욱 I 2024-05-23 N/R 회사소개 및 주요 경영현황 해당기업 IR팀 I 2024"
013030::2024,013030,하이록코리아,SECONDARY_SUMMARY_ONLY,SECONDARY_SUMMARY_ONLY,200,https://m.irgo.co.kr/IR-COMP/013030,2024-12-02,,"25-09-22 매수 계장용피팅에도 온기는 시차를 두고 전해진다 메리츠증권 배기연 I 2025-01-20 매수 에너지 자립 수요 수혜 대신증권 박장욱 I 2024-12-02 매수 3분기 영업이익 137억원(-3.5% YoY, -7.1% QoQ) 메리츠증권 배기연 I 2024-11-15 매수 3분기 영업이익 117억원(-17.6% YoY, -20.7% QoQ) 메리츠증권 배기연 I 2024-10-11 매수 2Q24 Preview 삼성전자향 수주 양호 메리츠증권 배기연 I 2024-07-12 매수 고수익성 속에 주주환원정책 지속 메리츠증권 배기연 I 2024-05-30 매수 1Q24 review: 성장하는 한해 현대차증권 곽민정,윤서영 I 2024-05-27 매수 올해도 무난하다 대신증권 박장욱 I 2024-05-23 N/R 회사소개 및 주요 경영현황 해당기업 IR팀 I 2024-05-21 N/R 우호적인 환경과 주주환원 정책에 주목! 유안타증권 권명준 I 2024-0"
013030::2024,013030,하이록코리아,SECONDARY_SUMMARY_ONLY,SECONDARY_SUMMARY_ONLY,200,https://m.irgo.co.kr/IR-COMP/013030,2024-12-02,,"N/R 회사소개 및 주요 사업현황 해당기업 IR팀 I 2026-05-22 매수 1Q26 Review: 우등생은 조용히 성장중 한국투자증권 김건우 I 2026-05-19 N/R 1Q26 Preview: 무던한 실적 메리츠증권 배기연 I 2026-04-17 매수 흔들리지 않는 편안함 한국투자증권 김건우 I 2026-04-07 매수 어쩌면, 상승 국면에 이미 진입 했을 수 있다 메리츠증권 배기연 I 2025-09-30 N/R 에너지 안보가 부른 해양플랜트 붐의 수혜 대신증권 박장욱 I 2025-09-22 매수 계장용피팅에도 온기는 시차를 두고 전해진다 메리츠증권 배기연 I 2025-01-20 매수 에너지 자립 수요 수혜 대신증권 박장욱 I 2024-12-02 매수 3분기 영업이익 137억원(-3.5% YoY, -7.1% QoQ) 메리츠증권 배기연 I 2024-11-15 매수 3분기 영업이익 117억원(-17.6% YoY, -20.7% QoQ) 메리츠증권 배기연 I 20"
013030::2024,013030,하이록코리아,SECONDARY_SUMMARY_ONLY,SECONDARY_SUMMARY_ONLY,200,https://m.irgo.co.kr/IR-COMP/013030,2024-12-02,,"다 메리츠증권 배기연 I 2025-01-20 매수 에너지 자립 수요 수혜 대신증권 박장욱 I 2024-12-02 매수 3분기 영업이익 137억원(-3.5% YoY, -7.1% QoQ) 메리츠증권 배기연 I 2024-11-15 매수 3분기 영업이익 117억원(-17.6% YoY, -20.7% QoQ) 메리츠증권 배기연 I 2024-10-11 매수 2Q24 Preview 삼성전자향 수주 양호 메리츠증권 배기연 I 2024-07-12 매수 고수익성 속에 주주환원정책 지속 메리츠증권 배기연 I 2024-05-30 매수 1Q24 review: 성장하는 한해 현대차증권 곽민정,윤서영 I 2024-05-27 매수 올해도 무난하다 대신증권 박장욱 I 2024-05-23 N/R 회사소개 및 주요 경영현황 해당기업 IR팀 I 2024-05-21 N/R 우호적인 환경과 주주환원 정책에 주목! 유안타증권 권명준 I 2024-05-03 매수 주주 수익률 10% 대신증권 박장욱 I 2024"
013030::2024,013030,하이록코리아,SECONDARY_SUMMARY_ONLY,SECONDARY_SUMMARY_ONLY,200,https://m.irgo.co.kr/IR-COMP/013030,2024-12-02,,"대신증권 박장욱 I 2024-12-02 매수 3분기 영업이익 137억원(-3.5% YoY, -7.1% QoQ) 메리츠증권 배기연 I 2024-11-15 매수 3분기 영업이익 117억원(-17.6% YoY, -20.7% QoQ) 메리츠증권 배기연 I 2024-10-11 매수 2Q24 Preview 삼성전자향 수주 양호 메리츠증권 배기연 I 2024-07-12 매수 고수익성 속에 주주환원정책 지속 메리츠증권 배기연 I 2024-05-30 매수 1Q24 review: 성장하는 한해 현대차증권 곽민정,윤서영 I 2024-05-27 매수 올해도 무난하다 대신증권 박장욱 I 2024-05-23 N/R 회사소개 및 주요 경영현황 해당기업 IR팀 I 2024-05-21 N/R 우호적인 환경과 주주환원 정책에 주목! 유안타증권 권명준 I 2024-05-03 매수 주주 수익률 10% 대신증권 박장욱 I 2024-02-28 매수 4분기 영업이익 125억원(-6.2% YoY) 전망 메리"
013030::2024,013030,하이록코리아,SECONDARY_SUMMARY_ONLY,SECONDARY_SUMMARY_ONLY,200,https://m.irgo.co.kr/IR-COMP/013030,2024-12-02,,"연 I 2026-04-17 매수 흔들리지 않는 편안함 한국투자증권 김건우 I 2026-04-07 매수 어쩌면, 상승 국면에 이미 진입 했을 수 있다 메리츠증권 배기연 I 2025-09-30 N/R 에너지 안보가 부른 해양플랜트 붐의 수혜 대신증권 박장욱 I 2025-09-22 매수 계장용피팅에도 온기는 시차를 두고 전해진다 메리츠증권 배기연 I 2025-01-20 매수 에너지 자립 수요 수혜 대신증권 박장욱 I 2024-12-02 매수 3분기 영업이익 137억원(-3.5% YoY, -7.1% QoQ) 메리츠증권 배기연 I 2024-11-15 매수 3분기 영업이익 117억원(-17.6% YoY, -20.7% QoQ) 메리츠증권 배기연 I 2024-10-11 매수 2Q24 Preview 삼성전자향 수주 양호 메리츠증권 배기연 I 2024-07-12 매수 고수익성 속에 주주환원정책 지속 메리츠증권 배기연 I 2024-05-30 매수 1Q24 review: 성장하는 한해"
013030::2024,013030,하이록코리아,SECONDARY_SUMMARY_ONLY,SECONDARY_SUMMARY_ONLY,200,https://m.irgo.co.kr/IR-COMP/013030,2024-12-02,,"조용히 성장중 한국투자증권 김건우 I 2026-05-19 N/R 1Q26 Preview: 무던한 실적 메리츠증권 배기연 I 2026-04-17 매수 흔들리지 않는 편안함 한국투자증권 김건우 I 2026-04-07 매수 어쩌면, 상승 국면에 이미 진입 했을 수 있다 메리츠증권 배기연 I 2025-09-30 N/R 에너지 안보가 부른 해양플랜트 붐의 수혜 대신증권 박장욱 I 2025-09-22 매수 계장용피팅에도 온기는 시차를 두고 전해진다 메리츠증권 배기연 I 2025-01-20 매수 에너지 자립 수요 수혜 대신증권 박장욱 I 2024-12-02 매수 3분기 영업이익 137억원(-3.5% YoY, -7.1% QoQ) 메리츠증권 배기연 I 2024-11-15 매수 3분기 영업이익 117억원(-17.6% YoY, -20.7% QoQ) 메리츠증권 배기연 I 2024-10-11 매수 2Q24 Preview 삼성전자향 수주 양호 메리츠증권 배기연 I 2024-07-12 매수"
013120::2024,013120,동원개발,SECONDARY_SUMMARY_ONLY,SECONDARY_SUMMARY_ONLY,200,https://m.irgo.co.kr/IR-COMP/013120,2024-11-18,"{""CX"": [""보수적""]}",리포트 N/R 자체사업 공백 여파 지속 BNK투자증권 이선일 I 2026-05-27 N/R 보유 용지의 사업화 시기가 관건 BNK투자증권 이선일 I 2025-11-24 N/R 터닝포인트가 될 새로운 자체사업이 필요 BNK투자증권 이선일 I 2025-05-22 N/R 자체사업 재개 시점이 관건 BNK투자증권 이선일 I 2024-11-18 N/R 수익성 위주의 보수적 경영 지속 BNK투자증권 이선일 I 2024-05-28 N/R 보유 용지의 사업화 여부와 시기가 관건 BNK투자증권 이선일 I 2023-11-29 N/R 중소형 건설사 탐방 기록 KTB
013120::2024,013120,동원개발,SECONDARY_SUMMARY_ONLY,SECONDARY_SUMMARY_ONLY,200,https://m.irgo.co.kr/IR-COMP/013120,2024-11-18,"{""CX"": [""보수적""]}",리포트 N/R 자체사업 공백 여파 지속 BNK투자증권 이선일 I 2026-05-27 N/R 보유 용지의 사업화 시기가 관건 BNK투자증권 이선일 I 2025-11-24 N/R 터닝포인트가 될 새로운 자체사업이 필요 BNK투자증권 이선일 I 2025-05-22 N/R 자체사업 재개 시점이 관건 BNK투자증권 이선일 I 2024-11-18 N/R 수익성 위주의 보수적 경영 지속 BNK투자증권 이선일 I 2024-05-28 N/R 보유 용지의 사업화 여부와 시기가 관건 BNK투자증권 이선일 I 2023-11-29 N/R 중소형 건설사 탐방 기록 KTB투자증권 김선미 I 2019-10-01 N/R 탄탄한 중견 건설업체 대신증권 이동헌
014830::2024,014830,유니드,SECONDARY_SUMMARY_ONLY,EQUITY_EXPANSION_CAPEX_COST_EFFECT_NONCANONICAL,200,https://m.irgo.co.kr/IR-COMP/014830,2024-12-17,,"I 2025-02-03 매수 4Q24 일회성 요인 반영. 큰 그림에 집중할 필요 하나증권 윤재성,김형준 I 2025-02-03 N/R 2024년 4분기 실적발표 해당기업 IR팀 I 2025-02-03 매수 일회성 요인으로 시장기대치 하회 대신증권 위정원 I 2025-01-31 매수 일회성 요인으로 4Q 추정치 하향조정 대신증권 위정원 I 2025-01-21 매수 4Q24 일회성 손실 반영. 중장기 긍정적 그림 하나증권 윤재성,김형준 I 2025-01-16 매수 일회성 요인 반영 SK증권 김도현 I 2025-01-15 매수 트럼프 리스크를 빗겨가는 DAC 대신증권 위정원 I 2024-12-17 매수 실적 추이 및 전망 하나증권 윤재성 I 2024-12-12 더보기"
014830::2024,014830,유니드,SECONDARY_SUMMARY_ONLY,EQUITY_EXPANSION_CAPEX_COST_EFFECT_NONCANONICAL,200,https://m.irgo.co.kr/IR-COMP/014830,2024-12-17,,"벨라루스/라오스 염화칼륨 생산 축소 전망 IBK투자증권 이동욱 I 2025-02-03 매수 4Q24 일회성 요인 반영. 큰 그림에 집중할 필요 하나증권 윤재성,김형준 I 2025-02-03 N/R 2024년 4분기 실적발표 해당기업 IR팀 I 2025-02-03 매수 일회성 요인으로 시장기대치 하회 대신증권 위정원 I 2025-01-31 매수 일회성 요인으로 4Q 추정치 하향조정 대신증권 위정원 I 2025-01-21 매수 4Q24 일회성 손실 반영. 중장기 긍정적 그림 하나증권 윤재성,김형준 I 2025-01-16 매수 일회성 요인 반영 SK증권 김도현 I 2025-01-15 매수 트럼프 리스크를 빗겨가는 DAC 대신증권 위정원 I 2024-12-17 매수 실적 추이 및 전망 하나증권 윤재성 I 2024-12-12 더보기"
017890::2024,017890,한국알콜산업,SECONDARY_SUMMARY_ONLY,SECONDARY_SUMMARY_ONLY,200,https://m.irgo.co.kr/IR-COMP/017890,2024-11-15,,.1Q Earnings Release 해당기업 IR팀 I 2026-05-18 N/R 2026년 1분기 실적발표 해당기업 IR팀 I 2026-05-18 N/R 2025년 4분기 실적발표 해당기업 IR팀 I 2026-03-20 N/R 2025년 3분기 실적발표 해당기업 IR팀 I 2025-11-17 N/R 2025년 상반기 실적발표 해당기업 IR팀 I 2025-08-18 N/R 2025년 1분기 실적발표 해당기업 IR팀 I 2025-05-19 N/R 회사소개 및 주요 사업현황 해당기업 IR팀 I 2025-04-23 N/R 2024년 4분기 실적발표 해당기업 IR팀 I 2025-03-20 N/R 2024년 3분기 실적발표 해당기업 IR팀 I 2024-11-15 N/R 2024년 2분기 실적발표 해당기업 IR팀 I 2024-08-16 N/R 2024년 1분기 실적발표 해당기업 IR팀 I 2024-05-21 N/R IT 턴어라운드와 배당정책
017890::2024,017890,한국알콜산업,SECONDARY_SUMMARY_ONLY,SECONDARY_SUMMARY_ONLY,200,https://m.irgo.co.kr/IR-COMP/017890,2024-11-15,,8 N/R 2025년 4분기 실적발표 해당기업 IR팀 I 2026-03-20 N/R 2025년 3분기 실적발표 해당기업 IR팀 I 2025-11-17 N/R 2025년 상반기 실적발표 해당기업 IR팀 I 2025-08-18 N/R 2025년 1분기 실적발표 해당기업 IR팀 I 2025-05-19 N/R 회사소개 및 주요 사업현황 해당기업 IR팀 I 2025-04-23 N/R 2024년 4분기 실적발표 해당기업 IR팀 I 2025-03-20 N/R 2024년 3분기 실적발표 해당기업 IR팀 I 2024-11-15 N/R 2024년 2분기 실적발표 해당기업 IR팀 I 2024-08-16 N/R 2024년 1분기 실적발표 해당기업 IR팀 I 2024-05-21 N/R IT 턴어라운드와 배당정책
017890::2024,017890,한국알콜산업,SECONDARY_SUMMARY_ONLY,SECONDARY_SUMMARY_ONLY,200,https://m.irgo.co.kr/IR-COMP/017890,2024-11-15,,8 N/R 2026년 1분기 실적발표 해당기업 IR팀 I 2026-05-18 N/R 2025년 4분기 실적발표 해당기업 IR팀 I 2026-03-20 N/R 2025년 3분기 실적발표 해당기업 IR팀 I 2025-11-17 N/R 2025년 상반기 실적발표 해당기업 IR팀 I 2025-08-18 N/R 2025년 1분기 실적발표 해당기업 IR팀 I 2025-05-19 N/R 회사소개 및 주요 사업현황 해당기업 IR팀 I 2025-04-23 N/R 2024년 4분기 실적발표 해당기업 IR팀 I 2025-03-20 N/R 2024년 3분기 실적발표 해당기업 IR팀 I 2024-11-15 N/R 2024년 2분기 실적발표 해당기업 IR팀 I 2024-08-16 N/R 2024년 1분기 실적발표 해당기업 IR팀 I 2024-05-21 N/R IT 턴어라운드와 배당정책
017960::2024,017960,한국카본,SECONDARY_SUMMARY_ONLY,SECONDARY_SUMMARY_ONLY,200,https://m.irgo.co.kr/IR-COMP/017960,2024-11-15,,"024-11-26 N/R 2024.3Q Earnings Release 해당기업 IR팀 I 2024-11-15 N/R 2024년 3분기 경영실적 해당기업 IR팀 I 2024-11-15 매수 조금 늦었지만 정상 궤도 진입 SK증권 한승한 I 2024-08-16 매수 ＇반짝＇ 아니고 길게 좋을 보냉재 신영증권 엄경아 I 2024-07-24 N/R 2024년 1분기 실적자료 해당기업 IR팀 I 2024-06-03 매수 LNG선 인도 선가 성장률 피크는 2026년 DS투자증권 양형모 I 2024-05-27 N/R 2023년 4분기 실적자료 해당기업 IR팀 I 2024-04-01 매수 빛나는 매출 성장에도 아쉬운 이익 회복 신한투자증권 이동헌 I 2024-03-04 매수 올해부터 정상화, 이제 달려보자 SK증권 한승한 I 2024-01-25 매수 2보 전진 위한 1보 후퇴는 이제 끝 신영증권 엄경아 I 2023-11-30 매수 Mark-III 타입 수요 증가로 인한 수혜 DS"
017960::2024,017960,한국카본,SECONDARY_SUMMARY_ONLY,SECONDARY_SUMMARY_ONLY,200,https://m.irgo.co.kr/IR-COMP/017960,2024-11-15,,"IR팀 I 2024-11-15 N/R 2024년 3분기 경영실적 해당기업 IR팀 I 2024-11-15 매수 조금 늦었지만 정상 궤도 진입 SK증권 한승한 I 2024-08-16 매수 ＇반짝＇ 아니고 길게 좋을 보냉재 신영증권 엄경아 I 2024-07-24 N/R 2024년 1분기 실적자료 해당기업 IR팀 I 2024-06-03 매수 LNG선 인도 선가 성장률 피크는 2026년 DS투자증권 양형모 I 2024-05-27 N/R 2023년 4분기 실적자료 해당기업 IR팀 I 2024-04-01 매수 빛나는 매출 성장에도 아쉬운 이익 회복 신한투자증권 이동헌 I 2024-03-04 매수 올해부터 정상화, 이제 달려보자 SK증권 한승한 I 2024-01-25 매수 2보 전진 위한 1보 후퇴는 이제 끝 신영증권 엄경아 I 2023-11-30 매수 Mark-III 타입 수요 증가로 인한 수혜 DS투자증권 양형모 I 2023-11-28 매수 비 온뒤 땅이 굳는다 신한투자증권"
017960::2024,017960,한국카본,SECONDARY_SUMMARY_ONLY,SECONDARY_SUMMARY_ONLY,200,https://m.irgo.co.kr/IR-COMP/017960,2024-11-26,,"-07-01 매수 중국도 LNG 건조를 위해 밀양을 찾는다 다올투자증권 최광식 I 2025-06-12 매수 세계 최대급 보냉재 캐파와 가격 협상력 대비 가치 저평가 DS투자증권 양형모,강태호 I 2025-05-22 매수 수주와 실적 모두 장밋빛 SK증권 한승한 I 2025-05-16 매수 이젠 내가 주목받을 차례 SK증권 한승한 I 2025-04-07 매수 합병 이후 느려진 시계추 신영증권 엄경아 I 2024-11-26 매수 아쉬운 자회사 실적 DS투자증권 양형모,강태호 I 2024-11-26 N/R 2024.3Q Earnings Release 해당기업 IR팀 I 2024-11-15 N/R 2024년 3분기 경영실적 해당기업 IR팀 I 2024-11-15 매수 조금 늦었지만 정상 궤도 진입 SK증권 한승한 I 2024-08-16 매수 ＇반짝＇ 아니고 길게 좋을 보냉재 신영증권 엄경아 I 2024-07-24 N/R 2024년 1분기 실적자료 해당기업 IR팀 I 202"
017960::2024,017960,한국카본,SECONDARY_SUMMARY_ONLY,SECONDARY_SUMMARY_ONLY,200,https://m.irgo.co.kr/IR-COMP/017960,2024-11-26,,"5-08-14 매수 가스선 생태계 확대 수혜주 신영증권 엄경아 I 2025-07-01 매수 중국도 LNG 건조를 위해 밀양을 찾는다 다올투자증권 최광식 I 2025-06-12 매수 세계 최대급 보냉재 캐파와 가격 협상력 대비 가치 저평가 DS투자증권 양형모,강태호 I 2025-05-22 매수 수주와 실적 모두 장밋빛 SK증권 한승한 I 2025-05-16 매수 이젠 내가 주목받을 차례 SK증권 한승한 I 2025-04-07 매수 합병 이후 느려진 시계추 신영증권 엄경아 I 2024-11-26 매수 아쉬운 자회사 실적 DS투자증권 양형모,강태호 I 2024-11-26 N/R 2024.3Q Earnings Release 해당기업 IR팀 I 2024-11-15 N/R 2024년 3분기 경영실적 해당기업 IR팀 I 2024-11-15 매수 조금 늦었지만 정상 궤도 진입 SK증권 한승한 I 2024-08-16 매수 ＇반짝＇ 아니고 길게 좋을 보냉재 신영증권 엄경아 I 202"
017960::2024,017960,한국카본,SECONDARY_SUMMARY_ONLY,SECONDARY_SUMMARY_ONLY,200,https://m.irgo.co.kr/IR-COMP/017960,2024-11-26,,"권 엄경아 I 2025-08-14 매수 또 한 번 어닝 서프라이즈 SK증권 한승한 I 2025-08-14 매수 가스선 생태계 확대 수혜주 신영증권 엄경아 I 2025-07-01 매수 중국도 LNG 건조를 위해 밀양을 찾는다 다올투자증권 최광식 I 2025-06-12 매수 세계 최대급 보냉재 캐파와 가격 협상력 대비 가치 저평가 DS투자증권 양형모,강태호 I 2025-05-22 매수 수주와 실적 모두 장밋빛 SK증권 한승한 I 2025-05-16 매수 이젠 내가 주목받을 차례 SK증권 한승한 I 2025-04-07 매수 합병 이후 느려진 시계추 신영증권 엄경아 I 2024-11-26 매수 아쉬운 자회사 실적 DS투자증권 양형모,강태호 I 2024-11-26 N/R 2024.3Q Earnings Release 해당기업 IR팀 I 2024-11-15 N/R 2024년 3분기 경영실적 해당기업 IR팀 I 2024-11-15 매수 조금 늦었지만 정상 궤도 진입 SK증권 한승"
017960::2024,017960,한국카본,SECONDARY_SUMMARY_ONLY,SECONDARY_SUMMARY_ONLY,200,https://m.irgo.co.kr/IR-COMP/017960,2024-11-26,,"권 한승한 I 2025-04-07 매수 합병 이후 느려진 시계추 신영증권 엄경아 I 2024-11-26 매수 아쉬운 자회사 실적 DS투자증권 양형모,강태호 I 2024-11-26 N/R 2024.3Q Earnings Release 해당기업 IR팀 I 2024-11-15 N/R 2024년 3분기 경영실적 해당기업 IR팀 I 2024-11-15 매수 조금 늦었지만 정상 궤도 진입 SK증권 한승한 I 2024-08-16 매수 ＇반짝＇ 아니고 길게 좋을 보냉재 신영증권 엄경아 I 2024-07-24 N/R 2024년 1분기 실적자료 해당기업 IR팀 I 2024-06-03 매수 LNG선 인도 선가 성장률 피크는 2026년 DS투자증권 양형모 I 2024-05-27 N/R 2023년 4분기 실적자료 해당기업 IR팀 I 2024-04-01 매수 빛나는 매출 성장에도 아쉬운 이익 회복 신한투자증권 이동헌 I 2024-03-04 매수 올해부터 정상화, 이제 달려보자 SK증권 한승한"
017960::2024,017960,한국카본,SECONDARY_SUMMARY_ONLY,SECONDARY_SUMMARY_ONLY,200,https://m.irgo.co.kr/IR-COMP/017960,2024-11-26,,"식 I 2025-06-12 매수 세계 최대급 보냉재 캐파와 가격 협상력 대비 가치 저평가 DS투자증권 양형모,강태호 I 2025-05-22 매수 수주와 실적 모두 장밋빛 SK증권 한승한 I 2025-05-16 매수 이젠 내가 주목받을 차례 SK증권 한승한 I 2025-04-07 매수 합병 이후 느려진 시계추 신영증권 엄경아 I 2024-11-26 매수 아쉬운 자회사 실적 DS투자증권 양형모,강태호 I 2024-11-26 N/R 2024.3Q Earnings Release 해당기업 IR팀 I 2024-11-15 N/R 2024년 3분기 경영실적 해당기업 IR팀 I 2024-11-15 매수 조금 늦었지만 정상 궤도 진입 SK증권 한승한 I 2024-08-16 매수 ＇반짝＇ 아니고 길게 좋을 보냉재 신영증권 엄경아 I 2024-07-24 N/R 2024년 1분기 실적자료 해당기업 IR팀 I 2024-06-03 매수 LNG선 인도 선가 성장률 피크는 2026년 DS투자증권"
017960::2024,017960,한국카본,SECONDARY_SUMMARY_ONLY,SECONDARY_SUMMARY_ONLY,200,https://m.irgo.co.kr/IR-COMP/017960,2024-11-26,,"실적 모두 장밋빛 SK증권 한승한 I 2025-05-16 매수 이젠 내가 주목받을 차례 SK증권 한승한 I 2025-04-07 매수 합병 이후 느려진 시계추 신영증권 엄경아 I 2024-11-26 매수 아쉬운 자회사 실적 DS투자증권 양형모,강태호 I 2024-11-26 N/R 2024.3Q Earnings Release 해당기업 IR팀 I 2024-11-15 N/R 2024년 3분기 경영실적 해당기업 IR팀 I 2024-11-15 매수 조금 늦었지만 정상 궤도 진입 SK증권 한승한 I 2024-08-16 매수 ＇반짝＇ 아니고 길게 좋을 보냉재 신영증권 엄경아 I 2024-07-24 N/R 2024년 1분기 실적자료 해당기업 IR팀 I 2024-06-03 매수 LNG선 인도 선가 성장률 피크는 2026년 DS투자증권 양형모 I 2024-05-27 N/R 2023년 4분기 실적자료 해당기업 IR팀 I 2024-04-01 매수 빛나는 매출 성장에도 아쉬운 이익 회복 신"
017960::2024,017960,한국카본,SECONDARY_SUMMARY_ONLY,SECONDARY_SUMMARY_ONLY,200,https://m.irgo.co.kr/IR-COMP/017960,2024-11-26,,"엄경아 I 2024-11-26 매수 아쉬운 자회사 실적 DS투자증권 양형모,강태호 I 2024-11-26 N/R 2024.3Q Earnings Release 해당기업 IR팀 I 2024-11-15 N/R 2024년 3분기 경영실적 해당기업 IR팀 I 2024-11-15 매수 조금 늦었지만 정상 궤도 진입 SK증권 한승한 I 2024-08-16 매수 ＇반짝＇ 아니고 길게 좋을 보냉재 신영증권 엄경아 I 2024-07-24 N/R 2024년 1분기 실적자료 해당기업 IR팀 I 2024-06-03 매수 LNG선 인도 선가 성장률 피크는 2026년 DS투자증권 양형모 I 2024-05-27 N/R 2023년 4분기 실적자료 해당기업 IR팀 I 2024-04-01 매수 빛나는 매출 성장에도 아쉬운 이익 회복 신한투자증권 이동헌 I 2024-03-04 매수 올해부터 정상화, 이제 달려보자 SK증권 한승한 I 2024-01-25 매수 2보 전진 위한 1보 후퇴는 이제 끝 신영증"
017960::2024,017960,한국카본,SECONDARY_SUMMARY_ONLY,SECONDARY_SUMMARY_ONLY,200,https://m.irgo.co.kr/IR-COMP/017960,2024-11-26,"{""OE"": [""마진""]}","올투자증권 최광식 I 2025-08-19 매수 높은 매출, 높은 마진 신영증권 엄경아 I 2025-08-14 매수 또 한 번 어닝 서프라이즈 SK증권 한승한 I 2025-08-14 매수 가스선 생태계 확대 수혜주 신영증권 엄경아 I 2025-07-01 매수 중국도 LNG 건조를 위해 밀양을 찾는다 다올투자증권 최광식 I 2025-06-12 매수 세계 최대급 보냉재 캐파와 가격 협상력 대비 가치 저평가 DS투자증권 양형모,강태호 I 2025-05-22 매수 수주와 실적 모두 장밋빛 SK증권 한승한 I 2025-05-16 매수 이젠 내가 주목받을 차례 SK증권 한승한 I 2025-04-07 매수 합병 이후 느려진 시계추 신영증권 엄경아 I 2024-11-26 매수 아쉬운 자회사 실적 DS투자증권 양형모,강태호 I 2024-11-26 N/R 2024.3Q Earnings Release 해당기업 IR팀 I 2024-11-15 N/R 2024년 3분기 경영실적 해당기업 IR"
017960::2024,017960,한국카본,SECONDARY_SUMMARY_ONLY,SECONDARY_SUMMARY_ONLY,200,https://m.irgo.co.kr/IR-COMP/017960,2024-11-26,,"치 저평가 DS투자증권 양형모,강태호 I 2025-05-22 매수 수주와 실적 모두 장밋빛 SK증권 한승한 I 2025-05-16 매수 이젠 내가 주목받을 차례 SK증권 한승한 I 2025-04-07 매수 합병 이후 느려진 시계추 신영증권 엄경아 I 2024-11-26 매수 아쉬운 자회사 실적 DS투자증권 양형모,강태호 I 2024-11-26 N/R 2024.3Q Earnings Release 해당기업 IR팀 I 2024-11-15 N/R 2024년 3분기 경영실적 해당기업 IR팀 I 2024-11-15 매수 조금 늦었지만 정상 궤도 진입 SK증권 한승한 I 2024-08-16 매수 ＇반짝＇ 아니고 길게 좋을 보냉재 신영증권 엄경아 I 2024-07-24 N/R 2024년 1분기 실적자료 해당기업 IR팀 I 2024-06-03 매수 LNG선 인도 선가 성장률 피크는 2026년 DS투자증권 양형모 I 2024-05-27 N/R 2023년 4분기 실적자료 해당기업 IR"
018290::2024,018290,브이티,PRIMARY_REPORT_IDENTIFIED,EQUITY_PRIMARY_NONCANONICAL_GROWTH_PATH,200,https://m.irgo.co.kr/IR-COMP/018290,2024-05-14,,"선재 I 2024-05-14 매수 1Q24 Review: 영업이익률 33% ?!! 하나증권 박은정,김다혜 I 2024-05-14 매수 1Q24 Preview: 분기 최대 실적 경신 하나증권 박은정,김다혜 I 2024-05-02 N/R 아직도 여지가 많다 상상인증권 김혜미 I 2024-04-09 N/R 불확실성 해소, 이제는 본업 성장에 주목할 시점 SK증권 허선재 I 2024-03-21 N/R 피크아웃? 올해는 리들샷 확장의 원년 SK증권 허선재 I 2024-02-28 매수 4Q23 Review: 최고 실적 달성 하나증권 박은정,김다혜 I 2024-02-27 매수 4Q23 Preview: 분기 최대 실적 전망 하나증권 박은정,김다혜 I 2024-01-05 N/R 끝나지 않은 메가 신입의 활약 상상인증권 김혜미 I 2023-12-06 매수 일본 수요 강세 지속 하나증권 박은정,김다혜 I 2023-11-27 매수 실적 추이 및 전망 하나증권 박은정 I 2023-11-1"
018290::2024,018290,브이티,PRIMARY_REPORT_IDENTIFIED,EQUITY_PRIMARY_NONCANONICAL_GROWTH_PATH,200,https://m.irgo.co.kr/IR-COMP/018290,2024-05-22,,"미래에셋증권 배송이 I 2024-05-22 N/R 피크아웃을 논하기엔 여전히 이른 시점 SK증권 허선재 I 2024-05-14 매수 1Q24 Review: 영업이익률 33% ?!! 하나증권 박은정,김다혜 I 2024-05-14 매수 1Q24 Preview: 분기 최대 실적 경신 하나증권 박은정,김다혜 I 2024-05-02 N/R 아직도 여지가 많다 상상인증권 김혜미 I 2024-04-09 N/R 불확실성 해소, 이제는 본업 성장에 주목할 시점 SK증권 허선재 I 2024-03-21 N/R 피크아웃? 올해는 리들샷 확장의 원년 SK증권 허선재 I 2024-02-28 매수 4Q23 Review: 최고 실적 달성 하나증권 박은정,김다혜 I 2024-02-27 매수 4Q23 Preview: 분기 최대 실적 전망 하나증권 박은정,김다혜 I 2024-01-05 N/R 끝나지 않은 메가 신입의 활약 상상인증권 김혜미 I 2023-12-06 매수 일본 수요 강세 지속 하나증권"
018290::2024,018290,브이티,PRIMARY_REPORT_IDENTIFIED,EQUITY_PRIMARY_NONCANONICAL_GROWTH_PATH,200,https://m.irgo.co.kr/IR-COMP/018290,2024-06-05,,"장 준비 하나증권 박은정,김다혜 I 2024-06-05 N/R 지역+채널+제품 전방위 확대 미래에셋증권 배송이 I 2024-05-22 N/R 피크아웃을 논하기엔 여전히 이른 시점 SK증권 허선재 I 2024-05-14 매수 1Q24 Review: 영업이익률 33% ?!! 하나증권 박은정,김다혜 I 2024-05-14 매수 1Q24 Preview: 분기 최대 실적 경신 하나증권 박은정,김다혜 I 2024-05-02 N/R 아직도 여지가 많다 상상인증권 김혜미 I 2024-04-09 N/R 불확실성 해소, 이제는 본업 성장에 주목할 시점 SK증권 허선재 I 2024-03-21 N/R 피크아웃? 올해는 리들샷 확장의 원년 SK증권 허선재 I 2024-02-28 매수 4Q23 Review: 최고 실적 달성 하나증권 박은정,김다혜 I 2024-02-27 매수 4Q23 Preview: 분기 최대 실적 전망 하나증권 박은정,김다혜 I 2024-01-05 N/R 끝나지 않은 메가"
018290::2024,018290,브이티,PRIMARY_REPORT_IDENTIFIED,EQUITY_PRIMARY_NONCANONICAL_GROWTH_PATH,200,https://m.irgo.co.kr/IR-COMP/018290,2024-06-05,,"증권 한유정,이다연 I 2024-06-05 매수 2분기 중간 점검: 수요 견조 + 확장 준비 하나증권 박은정,김다혜 I 2024-06-05 N/R 지역+채널+제품 전방위 확대 미래에셋증권 배송이 I 2024-05-22 N/R 피크아웃을 논하기엔 여전히 이른 시점 SK증권 허선재 I 2024-05-14 매수 1Q24 Review: 영업이익률 33% ?!! 하나증권 박은정,김다혜 I 2024-05-14 매수 1Q24 Preview: 분기 최대 실적 경신 하나증권 박은정,김다혜 I 2024-05-02 N/R 아직도 여지가 많다 상상인증권 김혜미 I 2024-04-09 N/R 불확실성 해소, 이제는 본업 성장에 주목할 시점 SK증권 허선재 I 2024-03-21 N/R 피크아웃? 올해는 리들샷 확장의 원년 SK증권 허선재 I 2024-02-28 매수 4Q23 Review: 최고 실적 달성 하나증권 박은정,김다혜 I 2024-02-27 매수 4Q23 Preview: 분기 최"
018290::2024,018290,브이티,PRIMARY_REPORT_IDENTIFIED,EQUITY_PRIMARY_NONCANONICAL_GROWTH_PATH,200,https://m.irgo.co.kr/IR-COMP/018290,2024-07-23,,"하나증권 박은정,김다혜 I 2024-07-23 매수 리들샷 모르는 사람이 아직 있나? 한화투자증권 한유정,이다연 I 2024-06-05 매수 2분기 중간 점검: 수요 견조 + 확장 준비 하나증권 박은정,김다혜 I 2024-06-05 N/R 지역+채널+제품 전방위 확대 미래에셋증권 배송이 I 2024-05-22 N/R 피크아웃을 논하기엔 여전히 이른 시점 SK증권 허선재 I 2024-05-14 매수 1Q24 Review: 영업이익률 33% ?!! 하나증권 박은정,김다혜 I 2024-05-14 매수 1Q24 Preview: 분기 최대 실적 경신 하나증권 박은정,김다혜 I 2024-05-02 N/R 아직도 여지가 많다 상상인증권 김혜미 I 2024-04-09 N/R 불확실성 해소, 이제는 본업 성장에 주목할 시점 SK증권 허선재 I 2024-03-21 N/R 피크아웃? 올해는 리들샷 확장의 원년 SK증권 허선재 I 2024-02-28 매수 4Q23 Review: 최고"
018290::2024,018290,브이티,PRIMARY_REPORT_IDENTIFIED,EQUITY_PRIMARY_NONCANONICAL_GROWTH_PATH,200,https://m.irgo.co.kr/IR-COMP/018290,2024-08-13,,"혜 I 2024-08-13 매수 수직계열화 구축 + 글로벌 확장 주력 하나증권 박은정,김다혜 I 2024-07-23 매수 리들샷 모르는 사람이 아직 있나? 한화투자증권 한유정,이다연 I 2024-06-05 매수 2분기 중간 점검: 수요 견조 + 확장 준비 하나증권 박은정,김다혜 I 2024-06-05 N/R 지역+채널+제품 전방위 확대 미래에셋증권 배송이 I 2024-05-22 N/R 피크아웃을 논하기엔 여전히 이른 시점 SK증권 허선재 I 2024-05-14 매수 1Q24 Review: 영업이익률 33% ?!! 하나증권 박은정,김다혜 I 2024-05-14 매수 1Q24 Preview: 분기 최대 실적 경신 하나증권 박은정,김다혜 I 2024-05-02 N/R 아직도 여지가 많다 상상인증권 김혜미 I 2024-04-09 N/R 불확실성 해소, 이제는 본업 성장에 주목할 시점 SK증권 허선재 I 2024-03-21 N/R 피크아웃? 올해는 리들샷 확장의 원년 SK증"
018290::2024,018290,브이티,PRIMARY_REPORT_IDENTIFIED,EQUITY_PRIMARY_NONCANONICAL_GROWTH_PATH,200,https://m.irgo.co.kr/IR-COMP/018290,2024-09-04,,"혜미 I 2024-09-04 매수 2Q24 Review: 분기 최대 실적 기록 하나증권 박은정,김다혜 I 2024-08-13 매수 수직계열화 구축 + 글로벌 확장 주력 하나증권 박은정,김다혜 I 2024-07-23 매수 리들샷 모르는 사람이 아직 있나? 한화투자증권 한유정,이다연 I 2024-06-05 매수 2분기 중간 점검: 수요 견조 + 확장 준비 하나증권 박은정,김다혜 I 2024-06-05 N/R 지역+채널+제품 전방위 확대 미래에셋증권 배송이 I 2024-05-22 N/R 피크아웃을 논하기엔 여전히 이른 시점 SK증권 허선재 I 2024-05-14 매수 1Q24 Review: 영업이익률 33% ?!! 하나증권 박은정,김다혜 I 2024-05-14 매수 1Q24 Preview: 분기 최대 실적 경신 하나증권 박은정,김다혜 I 2024-05-02 N/R 아직도 여지가 많다 상상인증권 김혜미 I 2024-04-09 N/R 불확실성 해소, 이제는 본업 성장에 주목"
018290::2024,018290,브이티,PRIMARY_REPORT_IDENTIFIED,EQUITY_PRIMARY_NONCANONICAL_GROWTH_PATH,200,https://m.irgo.co.kr/IR-COMP/018290,2024-10-16,,"이유가 있다 삼성증권 이가영 I 2024-10-16 N/R 오롯이 화장품 외길을 향해 상상인증권 김혜미 I 2024-09-04 매수 2Q24 Review: 분기 최대 실적 기록 하나증권 박은정,김다혜 I 2024-08-13 매수 수직계열화 구축 + 글로벌 확장 주력 하나증권 박은정,김다혜 I 2024-07-23 매수 리들샷 모르는 사람이 아직 있나? 한화투자증권 한유정,이다연 I 2024-06-05 매수 2분기 중간 점검: 수요 견조 + 확장 준비 하나증권 박은정,김다혜 I 2024-06-05 N/R 지역+채널+제품 전방위 확대 미래에셋증권 배송이 I 2024-05-22 N/R 피크아웃을 논하기엔 여전히 이른 시점 SK증권 허선재 I 2024-05-14 매수 1Q24 Review: 영업이익률 33% ?!! 하나증권 박은정,김다혜 I 2024-05-14 매수 1Q24 Preview: 분기 최대 실적 경신 하나증권 박은정,김다혜 I 2024-05-02 N/R 아직도"
018290::2024,018290,브이티,PRIMARY_REPORT_IDENTIFIED,EQUITY_PRIMARY_NONCANONICAL_GROWTH_PATH,200,https://m.irgo.co.kr/IR-COMP/018290,2024-11-15,,"대 실적 시현 하나증권 박은정,김다혜 I 2024-11-15 N/R 잘 되는 브랜드는 이유가 있다 삼성증권 이가영 I 2024-10-16 N/R 오롯이 화장품 외길을 향해 상상인증권 김혜미 I 2024-09-04 매수 2Q24 Review: 분기 최대 실적 기록 하나증권 박은정,김다혜 I 2024-08-13 매수 수직계열화 구축 + 글로벌 확장 주력 하나증권 박은정,김다혜 I 2024-07-23 매수 리들샷 모르는 사람이 아직 있나? 한화투자증권 한유정,이다연 I 2024-06-05 매수 2분기 중간 점검: 수요 견조 + 확장 준비 하나증권 박은정,김다혜 I 2024-06-05 N/R 지역+채널+제품 전방위 확대 미래에셋증권 배송이 I 2024-05-22 N/R 피크아웃을 논하기엔 여전히 이른 시점 SK증권 허선재 I 2024-05-14 매수 1Q24 Review: 영업이익률 33% ?!! 하나증권 박은정,김다혜 I 2024-05-14 매수 1Q24 Preview:"
018290::2024,018290,브이티,PRIMARY_REPORT_IDENTIFIED,EQUITY_PRIMARY_NONCANONICAL_GROWTH_PATH,200,https://m.irgo.co.kr/IR-COMP/018290,2024-12-05,,"증권 박은정,김다혜 I 2024-12-05 매수 3Q24 Review: 분기 최대 실적 시현 하나증권 박은정,김다혜 I 2024-11-15 N/R 잘 되는 브랜드는 이유가 있다 삼성증권 이가영 I 2024-10-16 N/R 오롯이 화장품 외길을 향해 상상인증권 김혜미 I 2024-09-04 매수 2Q24 Review: 분기 최대 실적 기록 하나증권 박은정,김다혜 I 2024-08-13 매수 수직계열화 구축 + 글로벌 확장 주력 하나증권 박은정,김다혜 I 2024-07-23 매수 리들샷 모르는 사람이 아직 있나? 한화투자증권 한유정,이다연 I 2024-06-05 매수 2분기 중간 점검: 수요 견조 + 확장 준비 하나증권 박은정,김다혜 I 2024-06-05 N/R 지역+채널+제품 전방위 확대 미래에셋증권 배송이 I 2024-05-22 N/R 피크아웃을 논하기엔 여전히 이른 시점 SK증권 허선재 I 2024-05-14 매수 1Q24 Review: 영업이익률 33% ?!"
018290::2024,018290,브이티,PRIMARY_REPORT_IDENTIFIED,EQUITY_PRIMARY_NONCANONICAL_GROWTH_PATH,200,https://m.irgo.co.kr/IR-COMP/018290,2024-12-11,,"다 메리츠증권 박종대 I 2024-12-11 매수 [NDR 후기] 글로벌 점유율 확대 본격화 하나증권 박은정,김다혜 I 2024-12-05 매수 3Q24 Review: 분기 최대 실적 시현 하나증권 박은정,김다혜 I 2024-11-15 N/R 잘 되는 브랜드는 이유가 있다 삼성증권 이가영 I 2024-10-16 N/R 오롯이 화장품 외길을 향해 상상인증권 김혜미 I 2024-09-04 매수 2Q24 Review: 분기 최대 실적 기록 하나증권 박은정,김다혜 I 2024-08-13 매수 수직계열화 구축 + 글로벌 확장 주력 하나증권 박은정,김다혜 I 2024-07-23 매수 리들샷 모르는 사람이 아직 있나? 한화투자증권 한유정,이다연 I 2024-06-05 매수 2분기 중간 점검: 수요 견조 + 확장 준비 하나증권 박은정,김다혜 I 2024-06-05 N/R 지역+채널+제품 전방위 확대 미래에셋증권 배송이 I 2024-05-22 N/R 피크아웃을 논하기엔 여전히 이른"
018290::2024,018290,브이티,PRIMARY_REPORT_IDENTIFIED,EQUITY_PRIMARY_NONCANONICAL_GROWTH_PATH,200,https://m.irgo.co.kr/IR-COMP/018290,2024-12-12,,"박종대 I 2025-05-13 N/R 양호한 실적, 국내 사업 불확실성 해소 필요 메리츠증권 박종대 I 2025-03-11 N/R 4Q24 Re: 양호한 실적, 국내 사업 불확실성 해소 필요 메리츠증권 박종대 I 2025-03-04 매수 화장품 역대 최대 실적 기록 하나증권 박은정,김다혜 I 2025-02-27 N/R 해외 니들, 브이티 리들샷 써 봤어? 교보증권 권우정 I 2025-01-31 매수 KS인더스트리 제3자 배정 유상증자 참여 하나증권 박은정,김다혜 I 2025-01-31 매수 중국에서의 본격 사업 확장 기대 하나증권 박은정,김다혜 I 2025-01-23 N/R NDR 후기: 해외 신규 시장 성장 가시화 삼성증권 이가영 I 2024-12-12 매수 K-뷰티의 혁신성을 그대로 담다 메리츠증권 박종대 I 2024-12-11 매수 [NDR 후기] 글로벌 점유율 확대 본격화 하나증권 박은정,김다혜 I 2024-12-05 매수 3Q24 Review: 분기 최대"
018290::2024,018290,브이티,PRIMARY_REPORT_IDENTIFIED,EQUITY_PRIMARY_NONCANONICAL_GROWTH_PATH,200,https://m.irgo.co.kr/IR-COMP/018290,2024-12-12,,"배정 유상증자 참여 하나증권 박은정,김다혜 I 2025-01-31 매수 중국에서의 본격 사업 확장 기대 하나증권 박은정,김다혜 I 2025-01-23 N/R NDR 후기: 해외 신규 시장 성장 가시화 삼성증권 이가영 I 2024-12-12 매수 K-뷰티의 혁신성을 그대로 담다 메리츠증권 박종대 I 2024-12-11 매수 [NDR 후기] 글로벌 점유율 확대 본격화 하나증권 박은정,김다혜 I 2024-12-05 매수 3Q24 Review: 분기 최대 실적 시현 하나증권 박은정,김다혜 I 2024-11-15 N/R 잘 되는 브랜드는 이유가 있다 삼성증권 이가영 I 2024-10-16 N/R 오롯이 화장품 외길을 향해 상상인증권 김혜미 I 2024-09-04 매수 2Q24 Review: 분기 최대 실적 기록 하나증권 박은정,김다혜 I 2024-08-13 매수 수직계열화 구축 + 글로벌 확장 주력 하나증권 박은정,김다혜 I 2024-07-23 매수 리들샷 모르는 사람이"
018290::2024,018290,브이티,PRIMARY_REPORT_IDENTIFIED,EQUITY_PRIMARY_NONCANONICAL_GROWTH_PATH,200,https://m.irgo.co.kr/IR-COMP/018290,2024-12-12,,"써 봤어? 교보증권 권우정 I 2025-01-31 매수 KS인더스트리 제3자 배정 유상증자 참여 하나증권 박은정,김다혜 I 2025-01-31 매수 중국에서의 본격 사업 확장 기대 하나증권 박은정,김다혜 I 2025-01-23 N/R NDR 후기: 해외 신규 시장 성장 가시화 삼성증권 이가영 I 2024-12-12 매수 K-뷰티의 혁신성을 그대로 담다 메리츠증권 박종대 I 2024-12-11 매수 [NDR 후기] 글로벌 점유율 확대 본격화 하나증권 박은정,김다혜 I 2024-12-05 매수 3Q24 Review: 분기 최대 실적 시현 하나증권 박은정,김다혜 I 2024-11-15 N/R 잘 되는 브랜드는 이유가 있다 삼성증권 이가영 I 2024-10-16 N/R 오롯이 화장품 외길을 향해 상상인증권 김혜미 I 2024-09-04 매수 2Q24 Review: 분기 최대 실적 기록 하나증권 박은정,김다혜 I 2024-08-13 매수 수직계열화 구축 + 글로벌 확장 주력"
018290::2024,018290,브이티,PRIMARY_REPORT_IDENTIFIED,EQUITY_PRIMARY_NONCANONICAL_GROWTH_PATH,200,https://m.irgo.co.kr/IR-COMP/018290,2024-12-12,,"요 메리츠증권 박종대 I 2025-03-11 N/R 4Q24 Re: 양호한 실적, 국내 사업 불확실성 해소 필요 메리츠증권 박종대 I 2025-03-04 매수 화장품 역대 최대 실적 기록 하나증권 박은정,김다혜 I 2025-02-27 N/R 해외 니들, 브이티 리들샷 써 봤어? 교보증권 권우정 I 2025-01-31 매수 KS인더스트리 제3자 배정 유상증자 참여 하나증권 박은정,김다혜 I 2025-01-31 매수 중국에서의 본격 사업 확장 기대 하나증권 박은정,김다혜 I 2025-01-23 N/R NDR 후기: 해외 신규 시장 성장 가시화 삼성증권 이가영 I 2024-12-12 매수 K-뷰티의 혁신성을 그대로 담다 메리츠증권 박종대 I 2024-12-11 매수 [NDR 후기] 글로벌 점유율 확대 본격화 하나증권 박은정,김다혜 I 2024-12-05 매수 3Q24 Review: 분기 최대 실적 시현 하나증권 박은정,김다혜 I 2024-11-15 N/R 잘 되는 브랜드"
018290::2024,018290,브이티,PRIMARY_REPORT_IDENTIFIED,EQUITY_PRIMARY_NONCANONICAL_GROWTH_PATH,200,https://m.irgo.co.kr/IR-COMP/018290,2024-12-12,,"장 기대 하나증권 박은정,김다혜 I 2025-01-23 N/R NDR 후기: 해외 신규 시장 성장 가시화 삼성증권 이가영 I 2024-12-12 매수 K-뷰티의 혁신성을 그대로 담다 메리츠증권 박종대 I 2024-12-11 매수 [NDR 후기] 글로벌 점유율 확대 본격화 하나증권 박은정,김다혜 I 2024-12-05 매수 3Q24 Review: 분기 최대 실적 시현 하나증권 박은정,김다혜 I 2024-11-15 N/R 잘 되는 브랜드는 이유가 있다 삼성증권 이가영 I 2024-10-16 N/R 오롯이 화장품 외길을 향해 상상인증권 김혜미 I 2024-09-04 매수 2Q24 Review: 분기 최대 실적 기록 하나증권 박은정,김다혜 I 2024-08-13 매수 수직계열화 구축 + 글로벌 확장 주력 하나증권 박은정,김다혜 I 2024-07-23 매수 리들샷 모르는 사람이 아직 있나? 한화투자증권 한유정,이다연 I 2024-06-05 매수 2분기 중간 점검: 수요 견조"
018290::2024,018290,브이티,PRIMARY_REPORT_IDENTIFIED,EQUITY_PRIMARY_NONCANONICAL_GROWTH_PATH,200,https://m.irgo.co.kr/IR-COMP/018290,2024-12-12,,"장 성장 가시화 삼성증권 이가영 I 2024-12-12 매수 K-뷰티의 혁신성을 그대로 담다 메리츠증권 박종대 I 2024-12-11 매수 [NDR 후기] 글로벌 점유율 확대 본격화 하나증권 박은정,김다혜 I 2024-12-05 매수 3Q24 Review: 분기 최대 실적 시현 하나증권 박은정,김다혜 I 2024-11-15 N/R 잘 되는 브랜드는 이유가 있다 삼성증권 이가영 I 2024-10-16 N/R 오롯이 화장품 외길을 향해 상상인증권 김혜미 I 2024-09-04 매수 2Q24 Review: 분기 최대 실적 기록 하나증권 박은정,김다혜 I 2024-08-13 매수 수직계열화 구축 + 글로벌 확장 주력 하나증권 박은정,김다혜 I 2024-07-23 매수 리들샷 모르는 사람이 아직 있나? 한화투자증권 한유정,이다연 I 2024-06-05 매수 2분기 중간 점검: 수요 견조 + 확장 준비 하나증권 박은정,김다혜 I 2024-06-05 N/R 지역+채널+제품 전방"
018290::2024,018290,브이티,PRIMARY_REPORT_IDENTIFIED,EQUITY_PRIMARY_NONCANONICAL_GROWTH_PATH,200,https://m.irgo.co.kr/IR-COMP/018290,2024-12-12,,"증권 박은정,김다혜 I 2025-02-27 N/R 해외 니들, 브이티 리들샷 써 봤어? 교보증권 권우정 I 2025-01-31 매수 KS인더스트리 제3자 배정 유상증자 참여 하나증권 박은정,김다혜 I 2025-01-31 매수 중국에서의 본격 사업 확장 기대 하나증권 박은정,김다혜 I 2025-01-23 N/R NDR 후기: 해외 신규 시장 성장 가시화 삼성증권 이가영 I 2024-12-12 매수 K-뷰티의 혁신성을 그대로 담다 메리츠증권 박종대 I 2024-12-11 매수 [NDR 후기] 글로벌 점유율 확대 본격화 하나증권 박은정,김다혜 I 2024-12-05 매수 3Q24 Review: 분기 최대 실적 시현 하나증권 박은정,김다혜 I 2024-11-15 N/R 잘 되는 브랜드는 이유가 있다 삼성증권 이가영 I 2024-10-16 N/R 오롯이 화장품 외길을 향해 상상인증권 김혜미 I 2024-09-04 매수 2Q24 Review: 분기 최대 실적 기록 하나증권 박"
018290::2024,018290,브이티,PRIMARY_REPORT_IDENTIFIED,EQUITY_PRIMARY_NONCANONICAL_GROWTH_PATH,200,https://m.irgo.co.kr/IR-COMP/018290,2024-12-12,,"확실성 해소 필요 메리츠증권 박종대 I 2025-03-04 매수 화장품 역대 최대 실적 기록 하나증권 박은정,김다혜 I 2025-02-27 N/R 해외 니들, 브이티 리들샷 써 봤어? 교보증권 권우정 I 2025-01-31 매수 KS인더스트리 제3자 배정 유상증자 참여 하나증권 박은정,김다혜 I 2025-01-31 매수 중국에서의 본격 사업 확장 기대 하나증권 박은정,김다혜 I 2025-01-23 N/R NDR 후기: 해외 신규 시장 성장 가시화 삼성증권 이가영 I 2024-12-12 매수 K-뷰티의 혁신성을 그대로 담다 메리츠증권 박종대 I 2024-12-11 매수 [NDR 후기] 글로벌 점유율 확대 본격화 하나증권 박은정,김다혜 I 2024-12-05 매수 3Q24 Review: 분기 최대 실적 시현 하나증권 박은정,김다혜 I 2024-11-15 N/R 잘 되는 브랜드는 이유가 있다 삼성증권 이가영 I 2024-10-16 N/R 오롯이 화장품 외길을 향해 상상인"
025540::2024,025540,한국단자공업,SECONDARY_SUMMARY_ONLY,SECONDARY_SUMMARY_ONLY,200,https://m.irgo.co.kr/IR-COMP/025540,2024-10-08,,"1-15 매수 3Q24 Preview: 영업이익 기대치 상회할 듯 LS증권 정홍식 I 2024-10-08 매수 2Q24 Review: 영업이익 +65.1% YoY LS증권 정홍식 I 2024-08-16 N/R 구조적 성장 동력이 발휘되며 실적 서프라이즈 하나증권 송선재,강민아 I 2024-08-16 N/R 전기차용 커넥터 제품들의 고성장 하나증권 송선재,강민아 I 2024-05-23 매수 1Q24 Review: 영업이익 +77.4% YoY 이베스트투자증권 정홍식 I 2024-05-17 매수 4Q23 Review: 영업이익 예상치 상회 이베스트투자증권 정홍식 I 2024-02-13 매수 성장은 전기차에서 나온다 이베스트투자증권 정홍식 I 2024-01-09 N/R 커넥터 매출 성장 지속 흥국증권 이병근 I 2024-01-02 N/R 전기차 덕 좀 봅니다 하나증권 송선재,안도현 I 2023-12-27 매수 글로벌 전기차 시장 성장과 동행 이베스트투자증권 정홍식 I 20"
025540::2024,025540,한국단자공업,SECONDARY_SUMMARY_ONLY,SECONDARY_SUMMARY_ONLY,200,https://m.irgo.co.kr/IR-COMP/025540,2024-10-08,,"증권 정홍식 I 2024-10-08 매수 2Q24 Review: 영업이익 +65.1% YoY LS증권 정홍식 I 2024-08-16 N/R 구조적 성장 동력이 발휘되며 실적 서프라이즈 하나증권 송선재,강민아 I 2024-08-16 N/R 전기차용 커넥터 제품들의 고성장 하나증권 송선재,강민아 I 2024-05-23 매수 1Q24 Review: 영업이익 +77.4% YoY 이베스트투자증권 정홍식 I 2024-05-17 매수 4Q23 Review: 영업이익 예상치 상회 이베스트투자증권 정홍식 I 2024-02-13 매수 성장은 전기차에서 나온다 이베스트투자증권 정홍식 I 2024-01-09 N/R 커넥터 매출 성장 지속 흥국증권 이병근 I 2024-01-02 N/R 전기차 덕 좀 봅니다 하나증권 송선재,안도현 I 2023-12-27 매수 글로벌 전기차 시장 성장과 동행 이베스트투자증권 정홍식 I 2023-11-28 N/R 차량의 전자제품화와 글로벌 진출 삼성증권 임은영"
025540::2024,025540,한국단자공업,SECONDARY_SUMMARY_ONLY,SECONDARY_SUMMARY_ONLY,200,https://m.irgo.co.kr/IR-COMP/025540,2024-11-15,"{""OE"": [""인건비""]}","025-05-29 N/R 1분기 이익률 하락은 일시적 인건비 증가가 큰 원인 하나증권 송선재,강민아 I 2025-05-26 매수 2025년 상반기 쉬고 하반기 회복 LS증권 정홍식 I 2025-05-16 N/R 주주환원 확실하게 보여드리겠습니다! 유진투자증권 허준서 I 2025-04-23 매수 주주환원, 자사주 매입 200억원 추정 LS증권 정홍식 I 2025-02-21 매수 4Q24 Review: 영업이익 +23.6% YoY LS증권 정홍식 I 2025-02-12 매수 4Q24 Preview 영업이익 YoY 고성장 전망 LS증권 정홍식 I 2025-02-04 매수 3Q24 Review: 영업이익 +47.7% YoY LS증권 정홍식 I 2024-11-15 매수 3Q24 Preview: 영업이익 기대치 상회할 듯 LS증권 정홍식 I 2024-10-08 매수 2Q24 Review: 영업이익 +65.1% YoY LS증권 정홍식 I 2024-08-16 N/R 구조적 성장"
025540::2024,025540,한국단자공업,SECONDARY_SUMMARY_ONLY,SECONDARY_SUMMARY_ONLY,200,https://m.irgo.co.kr/IR-COMP/025540,2024-11-15,,"05-16 N/R 주주환원 확실하게 보여드리겠습니다! 유진투자증권 허준서 I 2025-04-23 매수 주주환원, 자사주 매입 200억원 추정 LS증권 정홍식 I 2025-02-21 매수 4Q24 Review: 영업이익 +23.6% YoY LS증권 정홍식 I 2025-02-12 매수 4Q24 Preview 영업이익 YoY 고성장 전망 LS증권 정홍식 I 2025-02-04 매수 3Q24 Review: 영업이익 +47.7% YoY LS증권 정홍식 I 2024-11-15 매수 3Q24 Preview: 영업이익 기대치 상회할 듯 LS증권 정홍식 I 2024-10-08 매수 2Q24 Review: 영업이익 +65.1% YoY LS증권 정홍식 I 2024-08-16 N/R 구조적 성장 동력이 발휘되며 실적 서프라이즈 하나증권 송선재,강민아 I 2024-08-16 N/R 전기차용 커넥터 제품들의 고성장 하나증권 송선재,강민아 I 2024-05-23 매수 1Q24 Review:"
025540::2024,025540,한국단자공업,SECONDARY_SUMMARY_ONLY,SECONDARY_SUMMARY_ONLY,200,https://m.irgo.co.kr/IR-COMP/025540,2024-11-15,,"4 Preview 영업이익 YoY 고성장 전망 LS증권 정홍식 I 2025-02-04 매수 3Q24 Review: 영업이익 +47.7% YoY LS증권 정홍식 I 2024-11-15 매수 3Q24 Preview: 영업이익 기대치 상회할 듯 LS증권 정홍식 I 2024-10-08 매수 2Q24 Review: 영업이익 +65.1% YoY LS증권 정홍식 I 2024-08-16 N/R 구조적 성장 동력이 발휘되며 실적 서프라이즈 하나증권 송선재,강민아 I 2024-08-16 N/R 전기차용 커넥터 제품들의 고성장 하나증권 송선재,강민아 I 2024-05-23 매수 1Q24 Review: 영업이익 +77.4% YoY 이베스트투자증권 정홍식 I 2024-05-17 매수 4Q23 Review: 영업이익 예상치 상회 이베스트투자증권 정홍식 I 2024-02-13 매수 성장은 전기차에서 나온다 이베스트투자증권 정홍식 I 2024-01-09 N/R 커넥터 매출 성장 지속 흥국증권"
025540::2024,025540,한국단자공업,SECONDARY_SUMMARY_ONLY,SECONDARY_SUMMARY_ONLY,200,https://m.irgo.co.kr/IR-COMP/025540,2024-11-15,,"4 Review: 영업이익 +47.7% YoY LS증권 정홍식 I 2024-11-15 매수 3Q24 Preview: 영업이익 기대치 상회할 듯 LS증권 정홍식 I 2024-10-08 매수 2Q24 Review: 영업이익 +65.1% YoY LS증권 정홍식 I 2024-08-16 N/R 구조적 성장 동력이 발휘되며 실적 서프라이즈 하나증권 송선재,강민아 I 2024-08-16 N/R 전기차용 커넥터 제품들의 고성장 하나증권 송선재,강민아 I 2024-05-23 매수 1Q24 Review: 영업이익 +77.4% YoY 이베스트투자증권 정홍식 I 2024-05-17 매수 4Q23 Review: 영업이익 예상치 상회 이베스트투자증권 정홍식 I 2024-02-13 매수 성장은 전기차에서 나온다 이베스트투자증권 정홍식 I 2024-01-09 N/R 커넥터 매출 성장 지속 흥국증권 이병근 I 2024-01-02 N/R 전기차 덕 좀 봅니다 하나증권 송선재,안도현 I 2023-1"
025540::2024,025540,한국단자공업,SECONDARY_SUMMARY_ONLY,SECONDARY_SUMMARY_ONLY,200,https://m.irgo.co.kr/IR-COMP/025540,2024-11-15,,"4Q24 Review: 영업이익 +23.6% YoY LS증권 정홍식 I 2025-02-12 매수 4Q24 Preview 영업이익 YoY 고성장 전망 LS증권 정홍식 I 2025-02-04 매수 3Q24 Review: 영업이익 +47.7% YoY LS증권 정홍식 I 2024-11-15 매수 3Q24 Preview: 영업이익 기대치 상회할 듯 LS증권 정홍식 I 2024-10-08 매수 2Q24 Review: 영업이익 +65.1% YoY LS증권 정홍식 I 2024-08-16 N/R 구조적 성장 동력이 발휘되며 실적 서프라이즈 하나증권 송선재,강민아 I 2024-08-16 N/R 전기차용 커넥터 제품들의 고성장 하나증권 송선재,강민아 I 2024-05-23 매수 1Q24 Review: 영업이익 +77.4% YoY 이베스트투자증권 정홍식 I 2024-05-17 매수 4Q23 Review: 영업이익 예상치 상회 이베스트투자증권 정홍식 I 2024-02-13 매수 성장은"
025540::2024,025540,한국단자공업,SECONDARY_SUMMARY_ONLY,SECONDARY_SUMMARY_ONLY,200,https://m.irgo.co.kr/IR-COMP/025540,2024-11-15,,"수 주주환원, 자사주 매입 200억원 추정 LS증권 정홍식 I 2025-02-21 매수 4Q24 Review: 영업이익 +23.6% YoY LS증권 정홍식 I 2025-02-12 매수 4Q24 Preview 영업이익 YoY 고성장 전망 LS증권 정홍식 I 2025-02-04 매수 3Q24 Review: 영업이익 +47.7% YoY LS증권 정홍식 I 2024-11-15 매수 3Q24 Preview: 영업이익 기대치 상회할 듯 LS증권 정홍식 I 2024-10-08 매수 2Q24 Review: 영업이익 +65.1% YoY LS증권 정홍식 I 2024-08-16 N/R 구조적 성장 동력이 발휘되며 실적 서프라이즈 하나증권 송선재,강민아 I 2024-08-16 N/R 전기차용 커넥터 제품들의 고성장 하나증권 송선재,강민아 I 2024-05-23 매수 1Q24 Review: 영업이익 +77.4% YoY 이베스트투자증권 정홍식 I 2024-05-17 매수 4Q23 Revie"
025540::2024,025540,한국단자공업,SECONDARY_SUMMARY_ONLY,SECONDARY_SUMMARY_ONLY,200,https://m.irgo.co.kr/IR-COMP/025540,2024-11-15,,"아 I 2025-05-26 매수 2025년 상반기 쉬고 하반기 회복 LS증권 정홍식 I 2025-05-16 N/R 주주환원 확실하게 보여드리겠습니다! 유진투자증권 허준서 I 2025-04-23 매수 주주환원, 자사주 매입 200억원 추정 LS증권 정홍식 I 2025-02-21 매수 4Q24 Review: 영업이익 +23.6% YoY LS증권 정홍식 I 2025-02-12 매수 4Q24 Preview 영업이익 YoY 고성장 전망 LS증권 정홍식 I 2025-02-04 매수 3Q24 Review: 영업이익 +47.7% YoY LS증권 정홍식 I 2024-11-15 매수 3Q24 Preview: 영업이익 기대치 상회할 듯 LS증권 정홍식 I 2024-10-08 매수 2Q24 Review: 영업이익 +65.1% YoY LS증권 정홍식 I 2024-08-16 N/R 구조적 성장 동력이 발휘되며 실적 서프라이즈 하나증권 송선재,강민아 I 2024-08-16 N/R 전기차용 커"
033160::2024,033160,엠케이전자,DISCOVERY_INDEX_ONLY,EQUITY_PRIMARY_NONCANONICAL_PRODUCT_DEVELOPMENT,200,https://m.irgo.co.kr/IR-COMP/033160,2024-09-02,,". 그러나 아직 SOCAMM은 시작도 안했다 현대차증권 김종배 I 2026-04-23 매수 SOCAMM에 이만한 대안은 없다 현대차증권 김종배 I 2026-04-01 매수 Memory Super-Cycle 내 숨은 주인공(SOCAMM, LPDDR) 현대차증권 김종배 I 2026-03-19 N/R 회사소개 및 주요 사업현황 해당기업 IR팀 I 2025-08-19 N/R VFO기술에서 각광받을 와이어본딩 유화증권 고승범 I 2024-09-02 N/R 회사소개 및 주요 경영현황 해당기업 IR팀 I 2024-07-11 N/R 회사소개 및 주요 사업현황 해당기업 IR팀 I 2024-07-02 N/R 회사소개 및 주요 경영현황 해당기업 IR팀 I 2024-05-21 N/R HBM용 저온 솔더볼 신제품 기대 SK증권 허선재 I 2024-05-02 N/R 계열사 시너지를 통한 ESG종합환경기업 유화증권 고승범 I 2022-11-10 N/R 인플레 시기에 사상 최대실적을 달성하는"
033160::2024,033160,엠케이전자,DISCOVERY_INDEX_ONLY,EQUITY_PRIMARY_NONCANONICAL_PRODUCT_DEVELOPMENT,200,https://m.irgo.co.kr/IR-COMP/033160,2024-09-02,,"23 매수 SOCAMM에 이만한 대안은 없다 현대차증권 김종배 I 2026-04-01 매수 Memory Super-Cycle 내 숨은 주인공(SOCAMM, LPDDR) 현대차증권 김종배 I 2026-03-19 N/R 회사소개 및 주요 사업현황 해당기업 IR팀 I 2025-08-19 N/R VFO기술에서 각광받을 와이어본딩 유화증권 고승범 I 2024-09-02 N/R 회사소개 및 주요 경영현황 해당기업 IR팀 I 2024-07-11 N/R 회사소개 및 주요 사업현황 해당기업 IR팀 I 2024-07-02 N/R 회사소개 및 주요 경영현황 해당기업 IR팀 I 2024-05-21 N/R HBM용 저온 솔더볼 신제품 기대 SK증권 허선재 I 2024-05-02 N/R 계열사 시너지를 통한 ESG종합환경기업 유화증권 고승범 I 2022-11-10 N/R 인플레 시기에 사상 최대실적을 달성하는 기업 밸류파인더 이충헌 I 2022-03-30 N/R 본딩와이어 본업이 좋아지고"
033160::2024,033160,엠케이전자,DISCOVERY_INDEX_ONLY,EQUITY_PRIMARY_NONCANONICAL_PRODUCT_DEVELOPMENT,200,https://m.irgo.co.kr/IR-COMP/033160,2024-09-02,,"업현황 해당기업 IR팀 I 2026-04-27 매수 1분기 실적 서프라이즈. 그러나 아직 SOCAMM은 시작도 안했다 현대차증권 김종배 I 2026-04-23 매수 SOCAMM에 이만한 대안은 없다 현대차증권 김종배 I 2026-04-01 매수 Memory Super-Cycle 내 숨은 주인공(SOCAMM, LPDDR) 현대차증권 김종배 I 2026-03-19 N/R 회사소개 및 주요 사업현황 해당기업 IR팀 I 2025-08-19 N/R VFO기술에서 각광받을 와이어본딩 유화증권 고승범 I 2024-09-02 N/R 회사소개 및 주요 경영현황 해당기업 IR팀 I 2024-07-11 N/R 회사소개 및 주요 사업현황 해당기업 IR팀 I 2024-07-02 N/R 회사소개 및 주요 경영현황 해당기업 IR팀 I 2024-05-21 N/R HBM용 저온 솔더볼 신제품 기대 SK증권 허선재 I 2024-05-02 N/R 계열사 시너지를 통한 ESG종합환경기업 유화증권 고승"
033160::2024,033160,엠케이전자,DISCOVERY_INDEX_ONLY,EQUITY_PRIMARY_NONCANONICAL_PRODUCT_DEVELOPMENT,200,https://m.irgo.co.kr/IR-COMP/033160,2024-09-02,,"증권 김종배 I 2026-05-18 매수 NDR 후기: 예상보다 더 좋은 흐름 현대차증권 김종배 I 2026-05-04 N/R 회사소개 및 주요 사업현황 해당기업 IR팀 I 2026-04-27 매수 1분기 실적 서프라이즈. 그러나 아직 SOCAMM은 시작도 안했다 현대차증권 김종배 I 2026-04-23 매수 SOCAMM에 이만한 대안은 없다 현대차증권 김종배 I 2026-04-01 매수 Memory Super-Cycle 내 숨은 주인공(SOCAMM, LPDDR) 현대차증권 김종배 I 2026-03-19 N/R 회사소개 및 주요 사업현황 해당기업 IR팀 I 2025-08-19 N/R VFO기술에서 각광받을 와이어본딩 유화증권 고승범 I 2024-09-02 N/R 회사소개 및 주요 경영현황 해당기업 IR팀 I 2024-07-11 N/R 회사소개 및 주요 사업현황 해당기업 IR팀 I 2024-07-02 N/R 회사소개 및 주요 경영현황 해당기업 IR팀 I 2024-05"
033160::2024,033160,엠케이전자,DISCOVERY_INDEX_ONLY,EQUITY_PRIMARY_NONCANONICAL_PRODUCT_DEVELOPMENT,200,https://m.irgo.co.kr/IR-COMP/033160,2024-09-02,,"흐름 현대차증권 김종배 I 2026-05-04 N/R 회사소개 및 주요 사업현황 해당기업 IR팀 I 2026-04-27 매수 1분기 실적 서프라이즈. 그러나 아직 SOCAMM은 시작도 안했다 현대차증권 김종배 I 2026-04-23 매수 SOCAMM에 이만한 대안은 없다 현대차증권 김종배 I 2026-04-01 매수 Memory Super-Cycle 내 숨은 주인공(SOCAMM, LPDDR) 현대차증권 김종배 I 2026-03-19 N/R 회사소개 및 주요 사업현황 해당기업 IR팀 I 2025-08-19 N/R VFO기술에서 각광받을 와이어본딩 유화증권 고승범 I 2024-09-02 N/R 회사소개 및 주요 경영현황 해당기업 IR팀 I 2024-07-11 N/R 회사소개 및 주요 사업현황 해당기업 IR팀 I 2024-07-02 N/R 회사소개 및 주요 경영현황 해당기업 IR팀 I 2024-05-21 N/R HBM용 저온 솔더볼 신제품 기대 SK증권 허선재 I 202"
033500::2024,033500,동성화인텍,SECONDARY_SUMMARY_ONLY,SECONDARY_SUMMARY_ONLY,200,https://m.irgo.co.kr/IR-COMP/033500,2024-12-12,,"-12 매수 여전히 기자재 Top pick 하나증권 위경재 I 2025-01-22 N/R 4년치 물량 확보로 해를 거듭할수록 매출 증가할 듯 iM증권 이상헌,장호 I 2025-01-20 매수 실적 추이 및 전망 하나증권 위경재 I 2024-12-12 매수 천수답 보다는 적극적인 자세인 편 신영증권 엄경아 I 2024-11-26 매수 Bargain Sale 하나증권 위경재 I 2024-11-20 매수 또 다시 캐파 확장, 성장세 이어간다 SK증권 한승한 I 2024-04-17 매수 1Q24 Prewiew: 2024년 외형, 2025년 이익 상상인증권 이준호 I 2024-04-15 매수 편안한 실적, 외형 확대 구간 신한투자증권 이동헌 I 2024-03-18 매수 매출과 이익의 지속적인 성장 SK증권 한승한 I 2024-01-25 매수 다시 찾아온 선제적 캐파 증설 상상인증권 이준호 I 2024-01-17 매수 2023년 단발 호재는 소멸 신영증권 엄경아 I 2023-"
033500::2024,033500,동성화인텍,SECONDARY_SUMMARY_ONLY,SECONDARY_SUMMARY_ONLY,200,https://m.irgo.co.kr/IR-COMP/033500,2024-12-12,,"1-22 N/R 4년치 물량 확보로 해를 거듭할수록 매출 증가할 듯 iM증권 이상헌,장호 I 2025-01-20 매수 실적 추이 및 전망 하나증권 위경재 I 2024-12-12 매수 천수답 보다는 적극적인 자세인 편 신영증권 엄경아 I 2024-11-26 매수 Bargain Sale 하나증권 위경재 I 2024-11-20 매수 또 다시 캐파 확장, 성장세 이어간다 SK증권 한승한 I 2024-04-17 매수 1Q24 Prewiew: 2024년 외형, 2025년 이익 상상인증권 이준호 I 2024-04-15 매수 편안한 실적, 외형 확대 구간 신한투자증권 이동헌 I 2024-03-18 매수 매출과 이익의 지속적인 성장 SK증권 한승한 I 2024-01-25 매수 다시 찾아온 선제적 캐파 증설 상상인증권 이준호 I 2024-01-17 매수 2023년 단발 호재는 소멸 신영증권 엄경아 I 2023-11-30 매수 정해진 성장 방향 신한투자증권 이동헌 I 2023-11-1"
033500::2024,033500,동성화인텍,SECONDARY_SUMMARY_ONLY,SECONDARY_SUMMARY_ONLY,200,https://m.irgo.co.kr/IR-COMP/033500,2024-12-12,,"I 2025-03-18 매수 시동을 걸었을 뿐 하나증권 위경재 I 2025-03-12 매수 여전히 기자재 Top pick 하나증권 위경재 I 2025-01-22 N/R 4년치 물량 확보로 해를 거듭할수록 매출 증가할 듯 iM증권 이상헌,장호 I 2025-01-20 매수 실적 추이 및 전망 하나증권 위경재 I 2024-12-12 매수 천수답 보다는 적극적인 자세인 편 신영증권 엄경아 I 2024-11-26 매수 Bargain Sale 하나증권 위경재 I 2024-11-20 매수 또 다시 캐파 확장, 성장세 이어간다 SK증권 한승한 I 2024-04-17 매수 1Q24 Prewiew: 2024년 외형, 2025년 이익 상상인증권 이준호 I 2024-04-15 매수 편안한 실적, 외형 확대 구간 신한투자증권 이동헌 I 2024-03-18 매수 매출과 이익의 지속적인 성장 SK증권 한승한 I 2024-01-25 매수 다시 찾아온 선제적 캐파 증설 상상인증권 이준호 I 20"
033500::2024,033500,동성화인텍,SECONDARY_SUMMARY_ONLY,SECONDARY_SUMMARY_ONLY,200,https://m.irgo.co.kr/IR-COMP/033500,2024-12-12,,"NH투자증권 곽재혁,정연승 I 2025-05-16 매수 아직 보여줄게 더 많다 NH투자증권 곽재혁,정연승 I 2025-03-18 매수 시동을 걸었을 뿐 하나증권 위경재 I 2025-03-12 매수 여전히 기자재 Top pick 하나증권 위경재 I 2025-01-22 N/R 4년치 물량 확보로 해를 거듭할수록 매출 증가할 듯 iM증권 이상헌,장호 I 2025-01-20 매수 실적 추이 및 전망 하나증권 위경재 I 2024-12-12 매수 천수답 보다는 적극적인 자세인 편 신영증권 엄경아 I 2024-11-26 매수 Bargain Sale 하나증권 위경재 I 2024-11-20 매수 또 다시 캐파 확장, 성장세 이어간다 SK증권 한승한 I 2024-04-17 매수 1Q24 Prewiew: 2024년 외형, 2025년 이익 상상인증권 이준호 I 2024-04-15 매수 편안한 실적, 외형 확대 구간 신한투자증권 이동헌 I 2024-03-18 매수 매출과 이익의 지속적인"
033500::2024,033500,동성화인텍,SECONDARY_SUMMARY_ONLY,SECONDARY_SUMMARY_ONLY,200,https://m.irgo.co.kr/IR-COMP/033500,2024-12-12,,"수혜주 신영증권 엄경아 I 2025-07-01 매수 마지막 모래주머니를 풀어냈다 NH투자증권 곽재혁,정연승 I 2025-05-16 매수 아직 보여줄게 더 많다 NH투자증권 곽재혁,정연승 I 2025-03-18 매수 시동을 걸었을 뿐 하나증권 위경재 I 2025-03-12 매수 여전히 기자재 Top pick 하나증권 위경재 I 2025-01-22 N/R 4년치 물량 확보로 해를 거듭할수록 매출 증가할 듯 iM증권 이상헌,장호 I 2025-01-20 매수 실적 추이 및 전망 하나증권 위경재 I 2024-12-12 매수 천수답 보다는 적극적인 자세인 편 신영증권 엄경아 I 2024-11-26 매수 Bargain Sale 하나증권 위경재 I 2024-11-20 매수 또 다시 캐파 확장, 성장세 이어간다 SK증권 한승한 I 2024-04-17 매수 1Q24 Prewiew: 2024년 외형, 2025년 이익 상상인증권 이준호 I 2024-04-15 매수 편안한 실적, 외형"
033500::2024,033500,동성화인텍,SECONDARY_SUMMARY_ONLY,SECONDARY_SUMMARY_ONLY,200,https://m.irgo.co.kr/IR-COMP/033500,2024-12-12,,"엄경아 I 2025-08-20 매수 하반기부터 가팔라질 수익성 개선 속도 NH투자증권 곽재혁,정연승 I 2025-08-18 매수 가스선 생태계 확대 수혜주 신영증권 엄경아 I 2025-07-01 매수 마지막 모래주머니를 풀어냈다 NH투자증권 곽재혁,정연승 I 2025-05-16 매수 아직 보여줄게 더 많다 NH투자증권 곽재혁,정연승 I 2025-03-18 매수 시동을 걸었을 뿐 하나증권 위경재 I 2025-03-12 매수 여전히 기자재 Top pick 하나증권 위경재 I 2025-01-22 N/R 4년치 물량 확보로 해를 거듭할수록 매출 증가할 듯 iM증권 이상헌,장호 I 2025-01-20 매수 실적 추이 및 전망 하나증권 위경재 I 2024-12-12 매수 천수답 보다는 적극적인 자세인 편 신영증권 엄경아 I 2024-11-26 매수 Bargain Sale 하나증권 위경재 I 2024-11-20 매수 또 다시 캐파 확장, 성장세 이어간다 SK증권 한승한 I 20"
033500::2024,033500,동성화인텍,SECONDARY_SUMMARY_ONLY,SECONDARY_SUMMARY_ONLY,200,https://m.irgo.co.kr/IR-COMP/033500,2024-12-12,,"이상헌,장호 I 2025-01-20 매수 실적 추이 및 전망 하나증권 위경재 I 2024-12-12 매수 천수답 보다는 적극적인 자세인 편 신영증권 엄경아 I 2024-11-26 매수 Bargain Sale 하나증권 위경재 I 2024-11-20 매수 또 다시 캐파 확장, 성장세 이어간다 SK증권 한승한 I 2024-04-17 매수 1Q24 Prewiew: 2024년 외형, 2025년 이익 상상인증권 이준호 I 2024-04-15 매수 편안한 실적, 외형 확대 구간 신한투자증권 이동헌 I 2024-03-18 매수 매출과 이익의 지속적인 성장 SK증권 한승한 I 2024-01-25 매수 다시 찾아온 선제적 캐파 증설 상상인증권 이준호 I 2024-01-17 매수 2023년 단발 호재는 소멸 신영증권 엄경아 I 2023-11-30 매수 정해진 성장 방향 신한투자증권 이동헌 I 2023-11-17 매수 견고한 ＇브릿지＇ 연료, LNG SK증권 한승한 I 2023-10-1"
033500::2024,033500,동성화인텍,SECONDARY_SUMMARY_ONLY,SECONDARY_SUMMARY_ONLY,200,https://m.irgo.co.kr/IR-COMP/033500,2024-12-12,,"자증권 곽재혁,정연승 I 2025-08-18 매수 가스선 생태계 확대 수혜주 신영증권 엄경아 I 2025-07-01 매수 마지막 모래주머니를 풀어냈다 NH투자증권 곽재혁,정연승 I 2025-05-16 매수 아직 보여줄게 더 많다 NH투자증권 곽재혁,정연승 I 2025-03-18 매수 시동을 걸었을 뿐 하나증권 위경재 I 2025-03-12 매수 여전히 기자재 Top pick 하나증권 위경재 I 2025-01-22 N/R 4년치 물량 확보로 해를 거듭할수록 매출 증가할 듯 iM증권 이상헌,장호 I 2025-01-20 매수 실적 추이 및 전망 하나증권 위경재 I 2024-12-12 매수 천수답 보다는 적극적인 자세인 편 신영증권 엄경아 I 2024-11-26 매수 Bargain Sale 하나증권 위경재 I 2024-11-20 매수 또 다시 캐파 확장, 성장세 이어간다 SK증권 한승한 I 2024-04-17 매수 1Q24 Prewiew: 2024년 외형, 2025년 이익"
034230::2024,034230,파라다이스,SECONDARY_SUMMARY_ONLY,SECONDARY_SUMMARY_ONLY,200,https://m.irgo.co.kr/IR-COMP/034230,,,
035150::2024,035150,백산,DISCOVERY_INDEX_ONLY,EQUITY_PRIMARY_NONCANONICAL_SHAREHOLDER_RETURN,200,https://m.irgo.co.kr/IR-COMP/035150,2024-05-20,,"6-19 N/R 실적 우상향으로 주주환원 밸류업 효과 극대화 하이투자증권 이상헌 I 2024-05-20 매수 2024년 PER 6배의 절대적 저평가 시점 하나증권 김두현 I 2024-05-17 N/R 1분기 실적도 호조 전망 키움증권 오현진 I 2024-04-09 N/R 이익 성장 속 주주친화 행보 재조명 시점 키움증권 오현진 I 2024-03-06 N/R 우호적 업황 속에 밸류에이션 매력 부각 신한투자증권 최승환,이병화,백지우,허성규 I 2024-02-27 N/R 이익 성장 속 주주친화 행보 재조명 시점 키움증권 오현진 I 2024-02-14 매수 Nike 내 점유율 확대로, 25년 800억원 영업이익 예상 하나증권 김두현,박희철 I 2024-01-16 매수 흔들림 없는 편안함 DS투자증권 안주원 I 2023-12-06 매수 업황 바닥 통과 DS투자증권 안주원 I 2023-11-06 N/R 하반기 턴어라운드 기대 상상인증권 이소중 I 2023-07-03 N/R 주"
035150::2024,035150,백산,DISCOVERY_INDEX_ONLY,EQUITY_PRIMARY_NONCANONICAL_SHAREHOLDER_RETURN,200,https://m.irgo.co.kr/IR-COMP/035150,2024-06-26,,"준비 대신증권 유정현 I 2024-06-26 매수 저평가의 소멸 단계 신한투자증권 최승환,이병화 I 2024-06-19 N/R 실적 우상향으로 주주환원 밸류업 효과 극대화 하이투자증권 이상헌 I 2024-05-20 매수 2024년 PER 6배의 절대적 저평가 시점 하나증권 김두현 I 2024-05-17 N/R 1분기 실적도 호조 전망 키움증권 오현진 I 2024-04-09 N/R 이익 성장 속 주주친화 행보 재조명 시점 키움증권 오현진 I 2024-03-06 N/R 우호적 업황 속에 밸류에이션 매력 부각 신한투자증권 최승환,이병화,백지우,허성규 I 2024-02-27 N/R 이익 성장 속 주주친화 행보 재조명 시점 키움증권 오현진 I 2024-02-14 매수 Nike 내 점유율 확대로, 25년 800억원 영업이익 예상 하나증권 김두현,박희철 I 2024-01-16 매수 흔들림 없는 편안함 DS투자증권 안주원 I 2023-12-06 매수 업황 바닥 통과 DS투자증권"
035150::2024,035150,백산,DISCOVERY_INDEX_ONLY,EQUITY_PRIMARY_NONCANONICAL_SHAREHOLDER_RETURN,200,https://m.irgo.co.kr/IR-COMP/035150,2024-08-14,,"하반기 신한투자증권 최승환,이병화 I 2024-08-14 N/R 사상 최대 실적 맞이할 준비 대신증권 유정현 I 2024-06-26 매수 저평가의 소멸 단계 신한투자증권 최승환,이병화 I 2024-06-19 N/R 실적 우상향으로 주주환원 밸류업 효과 극대화 하이투자증권 이상헌 I 2024-05-20 매수 2024년 PER 6배의 절대적 저평가 시점 하나증권 김두현 I 2024-05-17 N/R 1분기 실적도 호조 전망 키움증권 오현진 I 2024-04-09 N/R 이익 성장 속 주주친화 행보 재조명 시점 키움증권 오현진 I 2024-03-06 N/R 우호적 업황 속에 밸류에이션 매력 부각 신한투자증권 최승환,이병화,백지우,허성규 I 2024-02-27 N/R 이익 성장 속 주주친화 행보 재조명 시점 키움증권 오현진 I 2024-02-14 매수 Nike 내 점유율 확대로, 25년 800억원 영업이익 예상 하나증권 김두현,박희철 I 2024-01-16 매수 흔들림"
035150::2024,035150,백산,DISCOVERY_INDEX_ONLY,EQUITY_PRIMARY_NONCANONICAL_SHAREHOLDER_RETURN,200,https://m.irgo.co.kr/IR-COMP/035150,2024-11-11,,"04-14 매수 2026년 실적 회복과 주주환원 지속 신한투자증권 최승환,이병화 I 2026-02-10 N/R 터닝포인트 신한투자증권 최승환,이병화 I 2026-01-13 매수 2Q25 Review: 잠깐의 숨고르기 신한투자증권 최승환,이병화 I 2025-08-18 매수 1Q25 Review: 펀더멘털 이상 없음 신한투자증권 최승환,이병화 I 2025-05-14 매수 [4Q24 Review] 신발부문 호조와 환율효과 신한투자증권 최승환,이병화 I 2025-02-13 매수 3Q24 Review - 큰 그림은 변화 없다 신한투자증권 최승환,이병화 I 2024-11-11 매수 비수기 서프라이즈, 걱정없는 하반기 신한투자증권 최승환,이병화 I 2024-08-14 N/R 사상 최대 실적 맞이할 준비 대신증권 유정현 I 2024-06-26 매수 저평가의 소멸 단계 신한투자증권 최승환,이병화 I 2024-06-19 N/R 실적 우상향으로 주주환원 밸류업 효과 극대화 하이투자증권"
035150::2024,035150,백산,DISCOVERY_INDEX_ONLY,EQUITY_PRIMARY_NONCANONICAL_SHAREHOLDER_RETURN,200,https://m.irgo.co.kr/IR-COMP/035150,2024-11-11,,"2025-08-18 매수 1Q25 Review: 펀더멘털 이상 없음 신한투자증권 최승환,이병화 I 2025-05-14 매수 [4Q24 Review] 신발부문 호조와 환율효과 신한투자증권 최승환,이병화 I 2025-02-13 매수 3Q24 Review - 큰 그림은 변화 없다 신한투자증권 최승환,이병화 I 2024-11-11 매수 비수기 서프라이즈, 걱정없는 하반기 신한투자증권 최승환,이병화 I 2024-08-14 N/R 사상 최대 실적 맞이할 준비 대신증권 유정현 I 2024-06-26 매수 저평가의 소멸 단계 신한투자증권 최승환,이병화 I 2024-06-19 N/R 실적 우상향으로 주주환원 밸류업 효과 극대화 하이투자증권 이상헌 I 2024-05-20 매수 2024년 PER 6배의 절대적 저평가 시점 하나증권 김두현 I 2024-05-17 N/R 1분기 실적도 호조 전망 키움증권 오현진 I 2024-04-09 N/R 이익 성장 속 주주친화 행보 재조명 시점 키움"
035150::2024,035150,백산,DISCOVERY_INDEX_ONLY,EQUITY_PRIMARY_NONCANONICAL_SHAREHOLDER_RETURN,200,https://m.irgo.co.kr/IR-COMP/035150,2024-11-11,,"2026-01-13 매수 2Q25 Review: 잠깐의 숨고르기 신한투자증권 최승환,이병화 I 2025-08-18 매수 1Q25 Review: 펀더멘털 이상 없음 신한투자증권 최승환,이병화 I 2025-05-14 매수 [4Q24 Review] 신발부문 호조와 환율효과 신한투자증권 최승환,이병화 I 2025-02-13 매수 3Q24 Review - 큰 그림은 변화 없다 신한투자증권 최승환,이병화 I 2024-11-11 매수 비수기 서프라이즈, 걱정없는 하반기 신한투자증권 최승환,이병화 I 2024-08-14 N/R 사상 최대 실적 맞이할 준비 대신증권 유정현 I 2024-06-26 매수 저평가의 소멸 단계 신한투자증권 최승환,이병화 I 2024-06-19 N/R 실적 우상향으로 주주환원 밸류업 효과 극대화 하이투자증권 이상헌 I 2024-05-20 매수 2024년 PER 6배의 절대적 저평가 시점 하나증권 김두현 I 2024-05-17 N/R 1분기 실적도 호조 전"
035150::2024,035150,백산,DISCOVERY_INDEX_ONLY,EQUITY_PRIMARY_NONCANONICAL_SHAREHOLDER_RETURN,200,https://m.irgo.co.kr/IR-COMP/035150,2024-11-11,,"w - 큰 그림은 변화 없다 신한투자증권 최승환,이병화 I 2024-11-11 매수 비수기 서프라이즈, 걱정없는 하반기 신한투자증권 최승환,이병화 I 2024-08-14 N/R 사상 최대 실적 맞이할 준비 대신증권 유정현 I 2024-06-26 매수 저평가의 소멸 단계 신한투자증권 최승환,이병화 I 2024-06-19 N/R 실적 우상향으로 주주환원 밸류업 효과 극대화 하이투자증권 이상헌 I 2024-05-20 매수 2024년 PER 6배의 절대적 저평가 시점 하나증권 김두현 I 2024-05-17 N/R 1분기 실적도 호조 전망 키움증권 오현진 I 2024-04-09 N/R 이익 성장 속 주주친화 행보 재조명 시점 키움증권 오현진 I 2024-03-06 N/R 우호적 업황 속에 밸류에이션 매력 부각 신한투자증권 최승환,이병화,백지우,허성규 I 2024-02-27 N/R 이익 성장 속 주주친화 행보 재조명 시점 키움증권 오현진 I 2024-02-14 매수 Nike"
035150::2024,035150,백산,DISCOVERY_INDEX_ONLY,EQUITY_PRIMARY_NONCANONICAL_SHAREHOLDER_RETURN,200,https://m.irgo.co.kr/IR-COMP/035150,2024-11-11,,"병화 I 2026-02-10 N/R 터닝포인트 신한투자증권 최승환,이병화 I 2026-01-13 매수 2Q25 Review: 잠깐의 숨고르기 신한투자증권 최승환,이병화 I 2025-08-18 매수 1Q25 Review: 펀더멘털 이상 없음 신한투자증권 최승환,이병화 I 2025-05-14 매수 [4Q24 Review] 신발부문 호조와 환율효과 신한투자증권 최승환,이병화 I 2025-02-13 매수 3Q24 Review - 큰 그림은 변화 없다 신한투자증권 최승환,이병화 I 2024-11-11 매수 비수기 서프라이즈, 걱정없는 하반기 신한투자증권 최승환,이병화 I 2024-08-14 N/R 사상 최대 실적 맞이할 준비 대신증권 유정현 I 2024-06-26 매수 저평가의 소멸 단계 신한투자증권 최승환,이병화 I 2024-06-19 N/R 실적 우상향으로 주주환원 밸류업 효과 극대화 하이투자증권 이상헌 I 2024-05-20 매수 2024년 PER 6배의 절대적 저평가"
035150::2024,035150,백산,DISCOVERY_INDEX_ONLY,EQUITY_PRIMARY_NONCANONICAL_SHAREHOLDER_RETURN,200,https://m.irgo.co.kr/IR-COMP/035150,2024-11-11,,"이병화 I 2025-05-14 매수 [4Q24 Review] 신발부문 호조와 환율효과 신한투자증권 최승환,이병화 I 2025-02-13 매수 3Q24 Review - 큰 그림은 변화 없다 신한투자증권 최승환,이병화 I 2024-11-11 매수 비수기 서프라이즈, 걱정없는 하반기 신한투자증권 최승환,이병화 I 2024-08-14 N/R 사상 최대 실적 맞이할 준비 대신증권 유정현 I 2024-06-26 매수 저평가의 소멸 단계 신한투자증권 최승환,이병화 I 2024-06-19 N/R 실적 우상향으로 주주환원 밸류업 효과 극대화 하이투자증권 이상헌 I 2024-05-20 매수 2024년 PER 6배의 절대적 저평가 시점 하나증권 김두현 I 2024-05-17 N/R 1분기 실적도 호조 전망 키움증권 오현진 I 2024-04-09 N/R 이익 성장 속 주주친화 행보 재조명 시점 키움증권 오현진 I 2024-03-06 N/R 우호적 업황 속에 밸류에이션 매력 부각 신한투자"
035150::2024,035150,백산,DISCOVERY_INDEX_ONLY,EQUITY_PRIMARY_NONCANONICAL_SHAREHOLDER_RETURN,200,https://m.irgo.co.kr/IR-COMP/035150,2024-11-11,,"조와 환율효과 신한투자증권 최승환,이병화 I 2025-02-13 매수 3Q24 Review - 큰 그림은 변화 없다 신한투자증권 최승환,이병화 I 2024-11-11 매수 비수기 서프라이즈, 걱정없는 하반기 신한투자증권 최승환,이병화 I 2024-08-14 N/R 사상 최대 실적 맞이할 준비 대신증권 유정현 I 2024-06-26 매수 저평가의 소멸 단계 신한투자증권 최승환,이병화 I 2024-06-19 N/R 실적 우상향으로 주주환원 밸류업 효과 극대화 하이투자증권 이상헌 I 2024-05-20 매수 2024년 PER 6배의 절대적 저평가 시점 하나증권 김두현 I 2024-05-17 N/R 1분기 실적도 호조 전망 키움증권 오현진 I 2024-04-09 N/R 이익 성장 속 주주친화 행보 재조명 시점 키움증권 오현진 I 2024-03-06 N/R 우호적 업황 속에 밸류에이션 매력 부각 신한투자증권 최승환,이병화,백지우,허성규 I 2024-02-27 N/R 이익 성"
035150::2024,035150,백산,DISCOVERY_INDEX_ONLY,EQUITY_PRIMARY_NONCANONICAL_SHAREHOLDER_RETURN,200,https://m.irgo.co.kr/IR-COMP/035150,2024-11-11,,"최승환,이병화 I 2026-07-14 매수 와신상담 신한투자증권 최승환,이병화 I 2026-04-14 매수 2026년 실적 회복과 주주환원 지속 신한투자증권 최승환,이병화 I 2026-02-10 N/R 터닝포인트 신한투자증권 최승환,이병화 I 2026-01-13 매수 2Q25 Review: 잠깐의 숨고르기 신한투자증권 최승환,이병화 I 2025-08-18 매수 1Q25 Review: 펀더멘털 이상 없음 신한투자증권 최승환,이병화 I 2025-05-14 매수 [4Q24 Review] 신발부문 호조와 환율효과 신한투자증권 최승환,이병화 I 2025-02-13 매수 3Q24 Review - 큰 그림은 변화 없다 신한투자증권 최승환,이병화 I 2024-11-11 매수 비수기 서프라이즈, 걱정없는 하반기 신한투자증권 최승환,이병화 I 2024-08-14 N/R 사상 최대 실적 맞이할 준비 대신증권 유정현 I 2024-06-26 매수 저평가의 소멸 단계 신한투자증권 최승환,이"
036010::2024,036010,아비코전자,SECONDARY_SUMMARY_ONLY,SECONDARY_SUMMARY_ONLY,200,https://m.irgo.co.kr/IR-COMP/036010,2024-05-07,"{""WC"": [""재고""]}","리포트 N/R 수동소자와 기판, 버티며 낙수효과를 기다린다 SK증권 박형우,정영환 I 2026-06-09 매수 길어지는 재고 조정, 그래도 상저하고 SK증권 이동주 I 2024-05-07 매수 반가운 DDR5, 아쉬운 업황 SK증권 이동주 I 2023-10-24 N/R DDR5 대표 수혜주 유안타증권 이수림 I 2023-06-08 매수 DDR5의 대장 SK증권 이동주 I 2023-05-30 매수 가"
036200::2024,036200,유니셈,PRIMARY_INDEX_AVAILABLE,EQUITY_NO_ACTION,200,https://m.irgo.co.kr/IR-COMP/036200,2024-12-19,"{""CX"": [""보수적""]}","10-27 N/R 삼성전자 투자가 실적향상으로 이어진다 iM증권 이상헌,장호 I 2025-09-15 매수 모멘텀 재개를 넘어 확장까지 SK증권 이동주 I 2025-09-04 N/R 지속적인 R&D 투자의 긍정적 효과 유안타증권 권명준,서석준 I 2025-08-21 매수 모멘텀 재개 SK증권 이동주 I 2025-07-04 매수 버틸 수 있는 힘은 고객사 다변화 다올투자증권 고영민,김연미 I 2025-04-23 매수 보수적 투자 기조 속 해외 확판 SK증권 이동주 I 2025-04-10 N/R [다시봐] 변화가 없다? NO! 유안타증권 권명준 I 2025-02-14 매수 4Q24 Preview: NAND 투자 부진 전망 LS증권 차용호 I 2024-12-19 매수 속도는 아쉽지만 방향은 동일 다올투자증권 고영민,김연미 I 2024-10-28 매수 최대 고객사와 동조화 SK증권 이동주 I 2024-10-23 매수 미세화 연결고리 확대 다올투자증권 고영민 I 2024-07"
036200::2024,036200,유니셈,PRIMARY_INDEX_AVAILABLE,EQUITY_NO_ACTION,200,https://m.irgo.co.kr/IR-COMP/036200,2024-12-19,"{""CX"": [""보수적""]}","25-09-15 매수 모멘텀 재개를 넘어 확장까지 SK증권 이동주 I 2025-09-04 N/R 지속적인 R&D 투자의 긍정적 효과 유안타증권 권명준,서석준 I 2025-08-21 매수 모멘텀 재개 SK증권 이동주 I 2025-07-04 매수 버틸 수 있는 힘은 고객사 다변화 다올투자증권 고영민,김연미 I 2025-04-23 매수 보수적 투자 기조 속 해외 확판 SK증권 이동주 I 2025-04-10 N/R [다시봐] 변화가 없다? NO! 유안타증권 권명준 I 2025-02-14 매수 4Q24 Preview: NAND 투자 부진 전망 LS증권 차용호 I 2024-12-19 매수 속도는 아쉽지만 방향은 동일 다올투자증권 고영민,김연미 I 2024-10-28 매수 최대 고객사와 동조화 SK증권 이동주 I 2024-10-23 매수 미세화 연결고리 확대 다올투자증권 고영민 I 2024-07-09 매수 스크러버와 칠러 모두 좋다 LS증권 차용호 I 2024-07-02 N/R"
036200::2024,036200,유니셈,PRIMARY_INDEX_AVAILABLE,EQUITY_NO_ACTION,200,https://m.irgo.co.kr/IR-COMP/036200,2024-12-19,"{""CX"": [""보수적""]}","I 2025-09-04 N/R 지속적인 R&D 투자의 긍정적 효과 유안타증권 권명준,서석준 I 2025-08-21 매수 모멘텀 재개 SK증권 이동주 I 2025-07-04 매수 버틸 수 있는 힘은 고객사 다변화 다올투자증권 고영민,김연미 I 2025-04-23 매수 보수적 투자 기조 속 해외 확판 SK증권 이동주 I 2025-04-10 N/R [다시봐] 변화가 없다? NO! 유안타증권 권명준 I 2025-02-14 매수 4Q24 Preview: NAND 투자 부진 전망 LS증권 차용호 I 2024-12-19 매수 속도는 아쉽지만 방향은 동일 다올투자증권 고영민,김연미 I 2024-10-28 매수 최대 고객사와 동조화 SK증권 이동주 I 2024-10-23 매수 미세화 연결고리 확대 다올투자증권 고영민 I 2024-07-09 매수 스크러버와 칠러 모두 좋다 LS증권 차용호 I 2024-07-02 N/R 좌청룡 우백호 하나증권 김민경,김록호 I 2024-06-28 매수"
036200::2024,036200,유니셈,PRIMARY_INDEX_AVAILABLE,EQUITY_NO_ACTION,200,https://m.irgo.co.kr/IR-COMP/036200,2024-12-19,"{""CX"": [""보수적""]}","다올투자증권 고영민,김연미 I 2025-04-23 매수 보수적 투자 기조 속 해외 확판 SK증권 이동주 I 2025-04-10 N/R [다시봐] 변화가 없다? NO! 유안타증권 권명준 I 2025-02-14 매수 4Q24 Preview: NAND 투자 부진 전망 LS증권 차용호 I 2024-12-19 매수 속도는 아쉽지만 방향은 동일 다올투자증권 고영민,김연미 I 2024-10-28 매수 최대 고객사와 동조화 SK증권 이동주 I 2024-10-23 매수 미세화 연결고리 확대 다올투자증권 고영민 I 2024-07-09 매수 스크러버와 칠러 모두 좋다 LS증권 차용호 I 2024-07-02 N/R 좌청룡 우백호 하나증권 김민경,김록호 I 2024-06-28 매수 중장기적 이익성장 기반 마련 부국증권 엄태웅 I 2024-04-29 매수 미국 투자 재개의 대표 수혜 SK증권 이동주 I 2024-04-16 매수 전방 투자 약세에도 선방 SK증권 이동주 I 2023-11-0"
036200::2024,036200,유니셈,PRIMARY_INDEX_AVAILABLE,EQUITY_NO_ACTION,200,https://m.irgo.co.kr/IR-COMP/036200,2024-12-19,,"변화가 없다? NO! 유안타증권 권명준 I 2025-02-14 매수 4Q24 Preview: NAND 투자 부진 전망 LS증권 차용호 I 2024-12-19 매수 속도는 아쉽지만 방향은 동일 다올투자증권 고영민,김연미 I 2024-10-28 매수 최대 고객사와 동조화 SK증권 이동주 I 2024-10-23 매수 미세화 연결고리 확대 다올투자증권 고영민 I 2024-07-09 매수 스크러버와 칠러 모두 좋다 LS증권 차용호 I 2024-07-02 N/R 좌청룡 우백호 하나증권 김민경,김록호 I 2024-06-28 매수 중장기적 이익성장 기반 마련 부국증권 엄태웅 I 2024-04-29 매수 미국 투자 재개의 대표 수혜 SK증권 이동주 I 2024-04-16 매수 전방 투자 약세에도 선방 SK증권 이동주 I 2023-11-01 N/R 신규 고객사 및 적용 공정 확대 기대 상상인증권 이소중 I 2023-08-28 N/R 하반기 점진적인 이익개선 전망 부국증권 엄태웅 I"
036200::2024,036200,유니셈,PRIMARY_INDEX_AVAILABLE,EQUITY_NO_ACTION,200,https://m.irgo.co.kr/IR-COMP/036200,2024-12-19,,"속 해외 확판 SK증권 이동주 I 2025-04-10 N/R [다시봐] 변화가 없다? NO! 유안타증권 권명준 I 2025-02-14 매수 4Q24 Preview: NAND 투자 부진 전망 LS증권 차용호 I 2024-12-19 매수 속도는 아쉽지만 방향은 동일 다올투자증권 고영민,김연미 I 2024-10-28 매수 최대 고객사와 동조화 SK증권 이동주 I 2024-10-23 매수 미세화 연결고리 확대 다올투자증권 고영민 I 2024-07-09 매수 스크러버와 칠러 모두 좋다 LS증권 차용호 I 2024-07-02 N/R 좌청룡 우백호 하나증권 김민경,김록호 I 2024-06-28 매수 중장기적 이익성장 기반 마련 부국증권 엄태웅 I 2024-04-29 매수 미국 투자 재개의 대표 수혜 SK증권 이동주 I 2024-04-16 매수 전방 투자 약세에도 선방 SK증권 이동주 I 2023-11-01 N/R 신규 고객사 및 적용 공정 확대 기대 상상인증권 이소중 I 20"
036200::2024,036200,유니셈,PRIMARY_INDEX_AVAILABLE,EQUITY_NO_ACTION,200,https://m.irgo.co.kr/IR-COMP/036200,2024-12-19,"{""CX"": [""보수적""]}","이동주 I 2025-07-04 매수 버틸 수 있는 힘은 고객사 다변화 다올투자증권 고영민,김연미 I 2025-04-23 매수 보수적 투자 기조 속 해외 확판 SK증권 이동주 I 2025-04-10 N/R [다시봐] 변화가 없다? NO! 유안타증권 권명준 I 2025-02-14 매수 4Q24 Preview: NAND 투자 부진 전망 LS증권 차용호 I 2024-12-19 매수 속도는 아쉽지만 방향은 동일 다올투자증권 고영민,김연미 I 2024-10-28 매수 최대 고객사와 동조화 SK증권 이동주 I 2024-10-23 매수 미세화 연결고리 확대 다올투자증권 고영민 I 2024-07-09 매수 스크러버와 칠러 모두 좋다 LS증권 차용호 I 2024-07-02 N/R 좌청룡 우백호 하나증권 김민경,김록호 I 2024-06-28 매수 중장기적 이익성장 기반 마련 부국증권 엄태웅 I 2024-04-29 매수 미국 투자 재개의 대표 수혜 SK증권 이동주 I 2024-04-16"
036200::2024,036200,유니셈,PRIMARY_INDEX_AVAILABLE,EQUITY_NO_ACTION,200,https://m.irgo.co.kr/IR-COMP/036200,2024-12-19,"{""CX"": [""보수적""]}","타증권 권명준,서석준 I 2025-08-21 매수 모멘텀 재개 SK증권 이동주 I 2025-07-04 매수 버틸 수 있는 힘은 고객사 다변화 다올투자증권 고영민,김연미 I 2025-04-23 매수 보수적 투자 기조 속 해외 확판 SK증권 이동주 I 2025-04-10 N/R [다시봐] 변화가 없다? NO! 유안타증권 권명준 I 2025-02-14 매수 4Q24 Preview: NAND 투자 부진 전망 LS증권 차용호 I 2024-12-19 매수 속도는 아쉽지만 방향은 동일 다올투자증권 고영민,김연미 I 2024-10-28 매수 최대 고객사와 동조화 SK증권 이동주 I 2024-10-23 매수 미세화 연결고리 확대 다올투자증권 고영민 I 2024-07-09 매수 스크러버와 칠러 모두 좋다 LS증권 차용호 I 2024-07-02 N/R 좌청룡 우백호 하나증권 김민경,김록호 I 2024-06-28 매수 중장기적 이익성장 기반 마련 부국증권 엄태웅 I 2024-04-29"
036540::2024,036540,SFA반도체,SECONDARY_SUMMARY_ONLY,SECONDARY_SUMMARY_ONLY,200,https://m.irgo.co.kr/IR-COMP/036540,2024-10-11,,"24 Preview : 실적회복 지연 교보증권 김민철 I 2024-10-11 N/R 하반기 다시 적자전환, 인내의 시간 필요 BNK투자증권 이민희 I 2024-08-13 매수 변화의 시작점 포착 교보증권 김민철 I 2024-05-28 매수 단기 실적 모멘텀은 부족하나, 뚜렷한 상저하고 실적 기대 BNK투자증권 이민희 I 2024-05-14 N/R 2023년 연간 실적발표회 해당기업 IR팀 I 2024-02-16 매수 4Q23 Review: 바닥은 벗어난 듯 BNK투자증권 이민희 I 2024-02-16 매수 DDR5의 새로운 시작 교보증권 김민철 I 2024-01-08 매수 턴어라운드, 그리고 온디바이스AI 수혜 BNK투자증권 이민희 I 2024-01-04 N/R 가동률 회복에는 좀 더 시간이 걸릴 듯 BNK투자증권 이민희 I 2023-11-14 매수 매출 회복 지연, 하반기도 BEP 수준 기대 BNK투자증권 이민희 I 2023-08-16 매수 선택과 집중 교보증권"
036540::2024,036540,SFA반도체,SECONDARY_SUMMARY_ONLY,SECONDARY_SUMMARY_ONLY,200,https://m.irgo.co.kr/IR-COMP/036540,2024-11-14,,"/R 수요 악화로 매출 감소세 지속 BNK투자증권 이민희 I 2024-11-14 매수 3Q24 Preview : 실적회복 지연 교보증권 김민철 I 2024-10-11 N/R 하반기 다시 적자전환, 인내의 시간 필요 BNK투자증권 이민희 I 2024-08-13 매수 변화의 시작점 포착 교보증권 김민철 I 2024-05-28 매수 단기 실적 모멘텀은 부족하나, 뚜렷한 상저하고 실적 기대 BNK투자증권 이민희 I 2024-05-14 N/R 2023년 연간 실적발표회 해당기업 IR팀 I 2024-02-16 매수 4Q23 Review: 바닥은 벗어난 듯 BNK투자증권 이민희 I 2024-02-16 매수 DDR5의 새로운 시작 교보증권 김민철 I 2024-01-08 매수 턴어라운드, 그리고 온디바이스AI 수혜 BNK투자증권 이민희 I 2024-01-04 N/R 가동률 회복에는 좀 더 시간이 걸릴 듯 BNK투자증권 이민희 I 2023-11-14 매수 매출 회복 지연, 하반기도"
036540::2024,036540,SFA반도체,SECONDARY_SUMMARY_ONLY,SECONDARY_SUMMARY_ONLY,200,https://m.irgo.co.kr/IR-COMP/036540,2024-12-23,,"BNK투자증권 이민희 I 2026-02-12 N/R 고객사 외주 확대 수혜 미래에셋증권 장다현 I 2026-02-06 매수 고객사 외주물량 확대, 턴어라운드 BNK투자증권 이민희 I 2026-02-03 매수 흑자전환 지연 되었지만 실적 호전 방향성 유효 BNK투자증권 이민희 I 2025-11-14 매수 가동률 개선으로 하반기 흑자전환 기대 BNK투자증권 이민희 I 2025-08-14 N/R 적자 지속, 하반기 턴어라운드 변수는 관세와 외주정책 BNK투자증권 이민희 I 2025-05-19 N/R 바닥을 지나는 중이나, 좀 더 지켜볼 필요 BNK투자증권 이민희 I 2025-02-18 매수 제품믹스 개선에도 더딘 실적회복 교보증권 김민철 I 2024-12-23 N/R 수요 악화로 매출 감소세 지속 BNK투자증권 이민희 I 2024-11-14 매수 3Q24 Preview : 실적회복 지연 교보증권 김민철 I 2024-10-11 N/R 하반기 다시 적자전환, 인내의 시간 필"
036540::2024,036540,SFA반도체,SECONDARY_SUMMARY_ONLY,SECONDARY_SUMMARY_ONLY,200,https://m.irgo.co.kr/IR-COMP/036540,2024-12-23,,"권 이민희 I 2026-02-03 매수 흑자전환 지연 되었지만 실적 호전 방향성 유효 BNK투자증권 이민희 I 2025-11-14 매수 가동률 개선으로 하반기 흑자전환 기대 BNK투자증권 이민희 I 2025-08-14 N/R 적자 지속, 하반기 턴어라운드 변수는 관세와 외주정책 BNK투자증권 이민희 I 2025-05-19 N/R 바닥을 지나는 중이나, 좀 더 지켜볼 필요 BNK투자증권 이민희 I 2025-02-18 매수 제품믹스 개선에도 더딘 실적회복 교보증권 김민철 I 2024-12-23 N/R 수요 악화로 매출 감소세 지속 BNK투자증권 이민희 I 2024-11-14 매수 3Q24 Preview : 실적회복 지연 교보증권 김민철 I 2024-10-11 N/R 하반기 다시 적자전환, 인내의 시간 필요 BNK투자증권 이민희 I 2024-08-13 매수 변화의 시작점 포착 교보증권 김민철 I 2024-05-28 매수 단기 실적 모멘텀은 부족하나, 뚜렷한 상저하고 실적"
036540::2024,036540,SFA반도체,SECONDARY_SUMMARY_ONLY,SECONDARY_SUMMARY_ONLY,200,https://m.irgo.co.kr/IR-COMP/036540,2024-12-23,,"세와 외주정책 BNK투자증권 이민희 I 2025-05-19 N/R 바닥을 지나는 중이나, 좀 더 지켜볼 필요 BNK투자증권 이민희 I 2025-02-18 매수 제품믹스 개선에도 더딘 실적회복 교보증권 김민철 I 2024-12-23 N/R 수요 악화로 매출 감소세 지속 BNK투자증권 이민희 I 2024-11-14 매수 3Q24 Preview : 실적회복 지연 교보증권 김민철 I 2024-10-11 N/R 하반기 다시 적자전환, 인내의 시간 필요 BNK투자증권 이민희 I 2024-08-13 매수 변화의 시작점 포착 교보증권 김민철 I 2024-05-28 매수 단기 실적 모멘텀은 부족하나, 뚜렷한 상저하고 실적 기대 BNK투자증권 이민희 I 2024-05-14 N/R 2023년 연간 실적발표회 해당기업 IR팀 I 2024-02-16 매수 4Q23 Review: 바닥은 벗어난 듯 BNK투자증권 이민희 I 2024-02-16 매수 DDR5의 새로운 시작 교보증권 김민철 I"
036540::2024,036540,SFA반도체,SECONDARY_SUMMARY_ONLY,SECONDARY_SUMMARY_ONLY,200,https://m.irgo.co.kr/IR-COMP/036540,2024-12-23,,"스 개선에도 더딘 실적회복 교보증권 김민철 I 2024-12-23 N/R 수요 악화로 매출 감소세 지속 BNK투자증권 이민희 I 2024-11-14 매수 3Q24 Preview : 실적회복 지연 교보증권 김민철 I 2024-10-11 N/R 하반기 다시 적자전환, 인내의 시간 필요 BNK투자증권 이민희 I 2024-08-13 매수 변화의 시작점 포착 교보증권 김민철 I 2024-05-28 매수 단기 실적 모멘텀은 부족하나, 뚜렷한 상저하고 실적 기대 BNK투자증권 이민희 I 2024-05-14 N/R 2023년 연간 실적발표회 해당기업 IR팀 I 2024-02-16 매수 4Q23 Review: 바닥은 벗어난 듯 BNK투자증권 이민희 I 2024-02-16 매수 DDR5의 새로운 시작 교보증권 김민철 I 2024-01-08 매수 턴어라운드, 그리고 온디바이스AI 수혜 BNK투자증권 이민희 I 2024-01-04 N/R 가동률 회복에는 좀 더 시간이 걸릴 듯 BNK투자"
036540::2024,036540,SFA반도체,SECONDARY_SUMMARY_ONLY,SECONDARY_SUMMARY_ONLY,200,https://m.irgo.co.kr/IR-COMP/036540,2024-12-23,,"자증권 이민희 I 2025-11-14 매수 가동률 개선으로 하반기 흑자전환 기대 BNK투자증권 이민희 I 2025-08-14 N/R 적자 지속, 하반기 턴어라운드 변수는 관세와 외주정책 BNK투자증권 이민희 I 2025-05-19 N/R 바닥을 지나는 중이나, 좀 더 지켜볼 필요 BNK투자증권 이민희 I 2025-02-18 매수 제품믹스 개선에도 더딘 실적회복 교보증권 김민철 I 2024-12-23 N/R 수요 악화로 매출 감소세 지속 BNK투자증권 이민희 I 2024-11-14 매수 3Q24 Preview : 실적회복 지연 교보증권 김민철 I 2024-10-11 N/R 하반기 다시 적자전환, 인내의 시간 필요 BNK투자증권 이민희 I 2024-08-13 매수 변화의 시작점 포착 교보증권 김민철 I 2024-05-28 매수 단기 실적 모멘텀은 부족하나, 뚜렷한 상저하고 실적 기대 BNK투자증권 이민희 I 2024-05-14 N/R 2023년 연간 실적발표회 해당기업"
036540::2024,036540,SFA반도체,SECONDARY_SUMMARY_ONLY,SECONDARY_SUMMARY_ONLY,200,https://m.irgo.co.kr/IR-COMP/036540,2024-12-23,,"증권 장다현 I 2026-02-06 매수 고객사 외주물량 확대, 턴어라운드 BNK투자증권 이민희 I 2026-02-03 매수 흑자전환 지연 되었지만 실적 호전 방향성 유효 BNK투자증권 이민희 I 2025-11-14 매수 가동률 개선으로 하반기 흑자전환 기대 BNK투자증권 이민희 I 2025-08-14 N/R 적자 지속, 하반기 턴어라운드 변수는 관세와 외주정책 BNK투자증권 이민희 I 2025-05-19 N/R 바닥을 지나는 중이나, 좀 더 지켜볼 필요 BNK투자증권 이민희 I 2025-02-18 매수 제품믹스 개선에도 더딘 실적회복 교보증권 김민철 I 2024-12-23 N/R 수요 악화로 매출 감소세 지속 BNK투자증권 이민희 I 2024-11-14 매수 3Q24 Preview : 실적회복 지연 교보증권 김민철 I 2024-10-11 N/R 하반기 다시 적자전환, 인내의 시간 필요 BNK투자증권 이민희 I 2024-08-13 매수 변화의 시작점 포착 교보증권"
036540::2024,036540,SFA반도체,SECONDARY_SUMMARY_ONLY,SECONDARY_SUMMARY_ONLY,200,https://m.irgo.co.kr/IR-COMP/036540,2024-12-23,,"지나는 중이나, 좀 더 지켜볼 필요 BNK투자증권 이민희 I 2025-02-18 매수 제품믹스 개선에도 더딘 실적회복 교보증권 김민철 I 2024-12-23 N/R 수요 악화로 매출 감소세 지속 BNK투자증권 이민희 I 2024-11-14 매수 3Q24 Preview : 실적회복 지연 교보증권 김민철 I 2024-10-11 N/R 하반기 다시 적자전환, 인내의 시간 필요 BNK투자증권 이민희 I 2024-08-13 매수 변화의 시작점 포착 교보증권 김민철 I 2024-05-28 매수 단기 실적 모멘텀은 부족하나, 뚜렷한 상저하고 실적 기대 BNK투자증권 이민희 I 2024-05-14 N/R 2023년 연간 실적발표회 해당기업 IR팀 I 2024-02-16 매수 4Q23 Review: 바닥은 벗어난 듯 BNK투자증권 이민희 I 2024-02-16 매수 DDR5의 새로운 시작 교보증권 김민철 I 2024-01-08 매수 턴어라운드, 그리고 온디바이스AI 수혜 BNK투자"
036540::2024,036540,SFA반도체,SECONDARY_SUMMARY_ONLY,SECONDARY_SUMMARY_ONLY,200,https://m.irgo.co.kr/IR-COMP/036540,2024-12-23,,"흑자전환 기대 BNK투자증권 이민희 I 2025-08-14 N/R 적자 지속, 하반기 턴어라운드 변수는 관세와 외주정책 BNK투자증권 이민희 I 2025-05-19 N/R 바닥을 지나는 중이나, 좀 더 지켜볼 필요 BNK투자증권 이민희 I 2025-02-18 매수 제품믹스 개선에도 더딘 실적회복 교보증권 김민철 I 2024-12-23 N/R 수요 악화로 매출 감소세 지속 BNK투자증권 이민희 I 2024-11-14 매수 3Q24 Preview : 실적회복 지연 교보증권 김민철 I 2024-10-11 N/R 하반기 다시 적자전환, 인내의 시간 필요 BNK투자증권 이민희 I 2024-08-13 매수 변화의 시작점 포착 교보증권 김민철 I 2024-05-28 매수 단기 실적 모멘텀은 부족하나, 뚜렷한 상저하고 실적 기대 BNK투자증권 이민희 I 2024-05-14 N/R 2023년 연간 실적발표회 해당기업 IR팀 I 2024-02-16 매수 4Q23 Review: 바닥"
036930::2024,036930,주성엔지니어링,DISCOVERY_INDEX_ONLY,EQUITY_PRIMARY_NONCANONICAL_CUSTOMER_PRODUCT_EXPANSION,200,https://m.irgo.co.kr/IR-COMP/036930,2024-04-25,"{""CX"": [""설비투자"", ""투자 지연""]}","관 하나증권 김민경,김록호 I 2024-04-25 매수 테크 마이그레이션의 대표 수혜주 대신증권 신석환 I 2024-04-02 매수 제품과 공정의 경계를 뛰어넘는 올해 유진투자증권 임소정 I 2024-03-19 매수 말보다 행동으로 다올투자증권 고영민 I 2024-03-04 매수 톤 업! 다올투자증권 고영민 I 2024-02-08 매수 4Q23 Review 전화위복 교보증권 김민철 I 2024-02-02 매수 설비투자 지연 가능성 있으나, 선단공정 투자는 유효 BNK투자증권 이민희 I 2024-02-02 매수 어긋남 없는 대장의 품격 다올투자증권 고영민 I 2024-02-01 매수 2024년: 비메모리로 확장의 원년 KB증권 박주영 I 2024-02-01 더보기"
036930::2024,036930,주성엔지니어링,DISCOVERY_INDEX_ONLY,EQUITY_PRIMARY_NONCANONICAL_CUSTOMER_PRODUCT_EXPANSION,200,https://m.irgo.co.kr/IR-COMP/036930,2024-05-02,"{""CX"": [""설비투자"", ""투자 지연""]}","있을 거예요 한국투자증권 채민숙,황준태 I 2024-05-02 매수 넓어지는 세계관 하나증권 김민경,김록호 I 2024-04-25 매수 테크 마이그레이션의 대표 수혜주 대신증권 신석환 I 2024-04-02 매수 제품과 공정의 경계를 뛰어넘는 올해 유진투자증권 임소정 I 2024-03-19 매수 말보다 행동으로 다올투자증권 고영민 I 2024-03-04 매수 톤 업! 다올투자증권 고영민 I 2024-02-08 매수 4Q23 Review 전화위복 교보증권 김민철 I 2024-02-02 매수 설비투자 지연 가능성 있으나, 선단공정 투자는 유효 BNK투자증권 이민희 I 2024-02-02 매수 어긋남 없는 대장의 품격 다올투자증권 고영민 I 2024-02-01 매수 2024년: 비메모리로 확장의 원년 KB증권 박주영 I 2024-02-01 더보기"
036930::2024,036930,주성엔지니어링,DISCOVERY_INDEX_ONLY,EQUITY_PRIMARY_NONCANONICAL_CUSTOMER_PRODUCT_EXPANSION,200,https://m.irgo.co.kr/IR-COMP/036930,2024-05-03,"{""CX"": [""설비투자"", ""투자 지연""]}","나증권 김민경,김록호 I 2024-05-03 매수 한 대 맞고 시작 한국투자증권 채민숙,황준태 I 2024-05-03 매수 주성엔지니어링 분할 관련 코멘트 한국투자증권 채민숙,황준태 I 2024-05-03 매수 1Q24 Preview: 곧 좋은 일이 있을 거예요 한국투자증권 채민숙,황준태 I 2024-05-02 매수 넓어지는 세계관 하나증권 김민경,김록호 I 2024-04-25 매수 테크 마이그레이션의 대표 수혜주 대신증권 신석환 I 2024-04-02 매수 제품과 공정의 경계를 뛰어넘는 올해 유진투자증권 임소정 I 2024-03-19 매수 말보다 행동으로 다올투자증권 고영민 I 2024-03-04 매수 톤 업! 다올투자증권 고영민 I 2024-02-08 매수 4Q23 Review 전화위복 교보증권 김민철 I 2024-02-02 매수 설비투자 지연 가능성 있으나, 선단공정 투자는 유효 BNK투자증권 이민희 I 2024-02-02 매수 어긋남 없는 대장의 품격 다올투"
036930::2024,036930,주성엔지니어링,DISCOVERY_INDEX_ONLY,EQUITY_PRIMARY_NONCANONICAL_CUSTOMER_PRODUCT_EXPANSION,200,https://m.irgo.co.kr/IR-COMP/036930,2024-05-03,"{""CX"": [""설비투자"", ""투자 지연""]}","준태 I 2024-05-03 매수 1Q24 Preview: 곧 좋은 일이 있을 거예요 한국투자증권 채민숙,황준태 I 2024-05-02 매수 넓어지는 세계관 하나증권 김민경,김록호 I 2024-04-25 매수 테크 마이그레이션의 대표 수혜주 대신증권 신석환 I 2024-04-02 매수 제품과 공정의 경계를 뛰어넘는 올해 유진투자증권 임소정 I 2024-03-19 매수 말보다 행동으로 다올투자증권 고영민 I 2024-03-04 매수 톤 업! 다올투자증권 고영민 I 2024-02-08 매수 4Q23 Review 전화위복 교보증권 김민철 I 2024-02-02 매수 설비투자 지연 가능성 있으나, 선단공정 투자는 유효 BNK투자증권 이민희 I 2024-02-02 매수 어긋남 없는 대장의 품격 다올투자증권 고영민 I 2024-02-01 매수 2024년: 비메모리로 확장의 원년 KB증권 박주영 I 2024-02-01 더보기"
036930::2024,036930,주성엔지니어링,DISCOVERY_INDEX_ONLY,EQUITY_PRIMARY_NONCANONICAL_CUSTOMER_PRODUCT_EXPANSION,200,https://m.irgo.co.kr/IR-COMP/036930,2024-05-03,"{""CX"": [""설비투자"", ""투자 지연""]}","증권 채민숙,황준태 I 2024-05-03 매수 주성엔지니어링 분할 관련 코멘트 한국투자증권 채민숙,황준태 I 2024-05-03 매수 1Q24 Preview: 곧 좋은 일이 있을 거예요 한국투자증권 채민숙,황준태 I 2024-05-02 매수 넓어지는 세계관 하나증권 김민경,김록호 I 2024-04-25 매수 테크 마이그레이션의 대표 수혜주 대신증권 신석환 I 2024-04-02 매수 제품과 공정의 경계를 뛰어넘는 올해 유진투자증권 임소정 I 2024-03-19 매수 말보다 행동으로 다올투자증권 고영민 I 2024-03-04 매수 톤 업! 다올투자증권 고영민 I 2024-02-08 매수 4Q23 Review 전화위복 교보증권 김민철 I 2024-02-02 매수 설비투자 지연 가능성 있으나, 선단공정 투자는 유효 BNK투자증권 이민희 I 2024-02-02 매수 어긋남 없는 대장의 품격 다올투자증권 고영민 I 2024-02-01 매수 2024년: 비메모리로 확장의 원"
036930::2024,036930,주성엔지니어링,DISCOVERY_INDEX_ONLY,EQUITY_PRIMARY_NONCANONICAL_CUSTOMER_PRODUCT_EXPANSION,200,https://m.irgo.co.kr/IR-COMP/036930,2024-05-03,"{""CX"": [""설비투자"", ""투자 지연""]}","투자증권 고영민 I 2024-05-03 매수 분할 발표 하나증권 김민경,김록호 I 2024-05-03 매수 한 대 맞고 시작 한국투자증권 채민숙,황준태 I 2024-05-03 매수 주성엔지니어링 분할 관련 코멘트 한국투자증권 채민숙,황준태 I 2024-05-03 매수 1Q24 Preview: 곧 좋은 일이 있을 거예요 한국투자증권 채민숙,황준태 I 2024-05-02 매수 넓어지는 세계관 하나증권 김민경,김록호 I 2024-04-25 매수 테크 마이그레이션의 대표 수혜주 대신증권 신석환 I 2024-04-02 매수 제품과 공정의 경계를 뛰어넘는 올해 유진투자증권 임소정 I 2024-03-19 매수 말보다 행동으로 다올투자증권 고영민 I 2024-03-04 매수 톤 업! 다올투자증권 고영민 I 2024-02-08 매수 4Q23 Review 전화위복 교보증권 김민철 I 2024-02-02 매수 설비투자 지연 가능성 있으나, 선단공정 투자는 유효 BNK투자증권 이민희 I"
036930::2024,036930,주성엔지니어링,DISCOVERY_INDEX_ONLY,EQUITY_PRIMARY_NONCANONICAL_CUSTOMER_PRODUCT_EXPANSION,200,https://m.irgo.co.kr/IR-COMP/036930,2024-05-07,,"24-05-09 매수 2Q24에는 수주 관련 많은 호재가 기다리고 있다 BNK투자증권 이민희 I 2024-05-07 매수 5개월의 추수가 남았다 다올투자증권 고영민 I 2024-05-03 매수 분할 발표 하나증권 김민경,김록호 I 2024-05-03 매수 한 대 맞고 시작 한국투자증권 채민숙,황준태 I 2024-05-03 매수 주성엔지니어링 분할 관련 코멘트 한국투자증권 채민숙,황준태 I 2024-05-03 매수 1Q24 Preview: 곧 좋은 일이 있을 거예요 한국투자증권 채민숙,황준태 I 2024-05-02 매수 넓어지는 세계관 하나증권 김민경,김록호 I 2024-04-25 매수 테크 마이그레이션의 대표 수혜주 대신증권 신석환 I 2024-04-02 매수 제품과 공정의 경계를 뛰어넘는 올해 유진투자증권 임소정 I 2024-03-19 매수 말보다 행동으로 다올투자증권 고영민 I 2024-03-04 매수 톤 업! 다올투자증권 고영민 I 2024-02-08 매수 4"
036930::2024,036930,주성엔지니어링,DISCOVERY_INDEX_ONLY,EQUITY_PRIMARY_NONCANONICAL_CUSTOMER_PRODUCT_EXPANSION,200,https://m.irgo.co.kr/IR-COMP/036930,2024-05-07,"{""CX"": [""설비투자""]}","이민희 I 2024-05-07 매수 5개월의 추수가 남았다 다올투자증권 고영민 I 2024-05-03 매수 분할 발표 하나증권 김민경,김록호 I 2024-05-03 매수 한 대 맞고 시작 한국투자증권 채민숙,황준태 I 2024-05-03 매수 주성엔지니어링 분할 관련 코멘트 한국투자증권 채민숙,황준태 I 2024-05-03 매수 1Q24 Preview: 곧 좋은 일이 있을 거예요 한국투자증권 채민숙,황준태 I 2024-05-02 매수 넓어지는 세계관 하나증권 김민경,김록호 I 2024-04-25 매수 테크 마이그레이션의 대표 수혜주 대신증권 신석환 I 2024-04-02 매수 제품과 공정의 경계를 뛰어넘는 올해 유진투자증권 임소정 I 2024-03-19 매수 말보다 행동으로 다올투자증권 고영민 I 2024-03-04 매수 톤 업! 다올투자증권 고영민 I 2024-02-08 매수 4Q23 Review 전화위복 교보증권 김민철 I 2024-02-02 매수 설비투자 지"
036930::2024,036930,주성엔지니어링,DISCOVERY_INDEX_ONLY,EQUITY_PRIMARY_NONCANONICAL_CUSTOMER_PRODUCT_EXPANSION,200,https://m.irgo.co.kr/IR-COMP/036930,2024-05-31,,"024-05-31 매수 불변의 전공정 대표주자 다올투자증권 고영민 I 2024-05-31 매수 고객사 CAPA 증가 전망 교보증권 김민철 I 2024-05-09 매수 2Q24에는 수주 관련 많은 호재가 기다리고 있다 BNK투자증권 이민희 I 2024-05-07 매수 5개월의 추수가 남았다 다올투자증권 고영민 I 2024-05-03 매수 분할 발표 하나증권 김민경,김록호 I 2024-05-03 매수 한 대 맞고 시작 한국투자증권 채민숙,황준태 I 2024-05-03 매수 주성엔지니어링 분할 관련 코멘트 한국투자증권 채민숙,황준태 I 2024-05-03 매수 1Q24 Preview: 곧 좋은 일이 있을 거예요 한국투자증권 채민숙,황준태 I 2024-05-02 매수 넓어지는 세계관 하나증권 김민경,김록호 I 2024-04-25 매수 테크 마이그레이션의 대표 수혜주 대신증권 신석환 I 2024-04-02 매수 제품과 공정의 경계를 뛰어넘는 올해 유진투자증권 임소정 I 20"
036930::2024,036930,주성엔지니어링,DISCOVERY_INDEX_ONLY,EQUITY_PRIMARY_NONCANONICAL_CUSTOMER_PRODUCT_EXPANSION,200,https://m.irgo.co.kr/IR-COMP/036930,2024-05-31,,"2024-05-31 매수 고객사 CAPA 증가 전망 교보증권 김민철 I 2024-05-09 매수 2Q24에는 수주 관련 많은 호재가 기다리고 있다 BNK투자증권 이민희 I 2024-05-07 매수 5개월의 추수가 남았다 다올투자증권 고영민 I 2024-05-03 매수 분할 발표 하나증권 김민경,김록호 I 2024-05-03 매수 한 대 맞고 시작 한국투자증권 채민숙,황준태 I 2024-05-03 매수 주성엔지니어링 분할 관련 코멘트 한국투자증권 채민숙,황준태 I 2024-05-03 매수 1Q24 Preview: 곧 좋은 일이 있을 거예요 한국투자증권 채민숙,황준태 I 2024-05-02 매수 넓어지는 세계관 하나증권 김민경,김록호 I 2024-04-25 매수 테크 마이그레이션의 대표 수혜주 대신증권 신석환 I 2024-04-02 매수 제품과 공정의 경계를 뛰어넘는 올해 유진투자증권 임소정 I 2024-03-19 매수 말보다 행동으로 다올투자증권 고영민 I 2024"
036930::2024,036930,주성엔지니어링,DISCOVERY_INDEX_ONLY,EQUITY_PRIMARY_NONCANONICAL_CUSTOMER_PRODUCT_EXPANSION,200,https://m.irgo.co.kr/IR-COMP/036930,2024-06-27,,"간다 NH투자증권 류영호,문소영 I 2024-06-27 매수 태평양을 건너는 원년 미래에셋증권 김영건 I 2024-05-31 매수 불변의 전공정 대표주자 다올투자증권 고영민 I 2024-05-31 매수 고객사 CAPA 증가 전망 교보증권 김민철 I 2024-05-09 매수 2Q24에는 수주 관련 많은 호재가 기다리고 있다 BNK투자증권 이민희 I 2024-05-07 매수 5개월의 추수가 남았다 다올투자증권 고영민 I 2024-05-03 매수 분할 발표 하나증권 김민경,김록호 I 2024-05-03 매수 한 대 맞고 시작 한국투자증권 채민숙,황준태 I 2024-05-03 매수 주성엔지니어링 분할 관련 코멘트 한국투자증권 채민숙,황준태 I 2024-05-03 매수 1Q24 Preview: 곧 좋은 일이 있을 거예요 한국투자증권 채민숙,황준태 I 2024-05-02 매수 넓어지는 세계관 하나증권 김민경,김록호 I 2024-04-25 매수 테크 마이그레이션의 대표 수혜주"
036930::2024,036930,주성엔지니어링,DISCOVERY_INDEX_ONLY,EQUITY_PRIMARY_NONCANONICAL_CUSTOMER_PRODUCT_EXPANSION,200,https://m.irgo.co.kr/IR-COMP/036930,2024-07-05,,"요 경영현황 해당기업 IR팀 I 2024-07-05 매수 난 올 여름이 지나면 미국으로 간다 NH투자증권 류영호,문소영 I 2024-06-27 매수 태평양을 건너는 원년 미래에셋증권 김영건 I 2024-05-31 매수 불변의 전공정 대표주자 다올투자증권 고영민 I 2024-05-31 매수 고객사 CAPA 증가 전망 교보증권 김민철 I 2024-05-09 매수 2Q24에는 수주 관련 많은 호재가 기다리고 있다 BNK투자증권 이민희 I 2024-05-07 매수 5개월의 추수가 남았다 다올투자증권 고영민 I 2024-05-03 매수 분할 발표 하나증권 김민경,김록호 I 2024-05-03 매수 한 대 맞고 시작 한국투자증권 채민숙,황준태 I 2024-05-03 매수 주성엔지니어링 분할 관련 코멘트 한국투자증권 채민숙,황준태 I 2024-05-03 매수 1Q24 Preview: 곧 좋은 일이 있을 거예요 한국투자증권 채민숙,황준태 I 2024-05-02 매수 넓어지는 세계"
036930::2024,036930,주성엔지니어링,DISCOVERY_INDEX_ONLY,EQUITY_PRIMARY_NONCANONICAL_CUSTOMER_PRODUCT_EXPANSION,200,https://m.irgo.co.kr/IR-COMP/036930,2024-07-09,,"진 구조 다올투자증권 고영민 I 2024-07-09 N/R 회사소개 및 주요 경영현황 해당기업 IR팀 I 2024-07-05 매수 난 올 여름이 지나면 미국으로 간다 NH투자증권 류영호,문소영 I 2024-06-27 매수 태평양을 건너는 원년 미래에셋증권 김영건 I 2024-05-31 매수 불변의 전공정 대표주자 다올투자증권 고영민 I 2024-05-31 매수 고객사 CAPA 증가 전망 교보증권 김민철 I 2024-05-09 매수 2Q24에는 수주 관련 많은 호재가 기다리고 있다 BNK투자증권 이민희 I 2024-05-07 매수 5개월의 추수가 남았다 다올투자증권 고영민 I 2024-05-03 매수 분할 발표 하나증권 김민경,김록호 I 2024-05-03 매수 한 대 맞고 시작 한국투자증권 채민숙,황준태 I 2024-05-03 매수 주성엔지니어링 분할 관련 코멘트 한국투자증권 채민숙,황준태 I 2024-05-03 매수 1Q24 Preview: 곧 좋은 일이 있을 거"
036930::2024,036930,주성엔지니어링,DISCOVERY_INDEX_ONLY,EQUITY_PRIMARY_NONCANONICAL_CUSTOMER_PRODUCT_EXPANSION,200,https://m.irgo.co.kr/IR-COMP/036930,2024-07-11,"{""OE"": [""마진""]}","채민숙,황준태 I 2024-07-11 매수 경쟁력을 입증하는 마진 구조 다올투자증권 고영민 I 2024-07-09 N/R 회사소개 및 주요 경영현황 해당기업 IR팀 I 2024-07-05 매수 난 올 여름이 지나면 미국으로 간다 NH투자증권 류영호,문소영 I 2024-06-27 매수 태평양을 건너는 원년 미래에셋증권 김영건 I 2024-05-31 매수 불변의 전공정 대표주자 다올투자증권 고영민 I 2024-05-31 매수 고객사 CAPA 증가 전망 교보증권 김민철 I 2024-05-09 매수 2Q24에는 수주 관련 많은 호재가 기다리고 있다 BNK투자증권 이민희 I 2024-05-07 매수 5개월의 추수가 남았다 다올투자증권 고영민 I 2024-05-03 매수 분할 발표 하나증권 김민경,김록호 I 2024-05-03 매수 한 대 맞고 시작 한국투자증권 채민숙,황준태 I 2024-05-03 매수 주성엔지니어링 분할 관련 코멘트 한국투자증권 채민숙,황준태 I 2024-"
036930::2024,036930,주성엔지니어링,DISCOVERY_INDEX_ONLY,EQUITY_PRIMARY_NONCANONICAL_CUSTOMER_PRODUCT_EXPANSION,200,https://m.irgo.co.kr/IR-COMP/036930,2024-07-18,"{""OE"": [""마진""]}","2024-07-18 매수 2Q24 Preview: 실적주성 한국투자증권 채민숙,황준태 I 2024-07-11 매수 경쟁력을 입증하는 마진 구조 다올투자증권 고영민 I 2024-07-09 N/R 회사소개 및 주요 경영현황 해당기업 IR팀 I 2024-07-05 매수 난 올 여름이 지나면 미국으로 간다 NH투자증권 류영호,문소영 I 2024-06-27 매수 태평양을 건너는 원년 미래에셋증권 김영건 I 2024-05-31 매수 불변의 전공정 대표주자 다올투자증권 고영민 I 2024-05-31 매수 고객사 CAPA 증가 전망 교보증권 김민철 I 2024-05-09 매수 2Q24에는 수주 관련 많은 호재가 기다리고 있다 BNK투자증권 이민희 I 2024-05-07 매수 5개월의 추수가 남았다 다올투자증권 고영민 I 2024-05-03 매수 분할 발표 하나증권 김민경,김록호 I 2024-05-03 매수 한 대 맞고 시작 한국투자증권 채민숙,황준태 I 2024-05-03 매수"
036930::2024,036930,주성엔지니어링,DISCOVERY_INDEX_ONLY,EQUITY_PRIMARY_NONCANONICAL_CUSTOMER_PRODUCT_EXPANSION,200,https://m.irgo.co.kr/IR-COMP/036930,2024-07-29,"{""OE"": [""마진""]}","임소정 I 2024-07-29 매수 글로벌 장비 기업 도약을 위한 준비 하나증권 김민경,김록호 I 2024-07-18 매수 2Q24 Preview: 실적주성 한국투자증권 채민숙,황준태 I 2024-07-11 매수 경쟁력을 입증하는 마진 구조 다올투자증권 고영민 I 2024-07-09 N/R 회사소개 및 주요 경영현황 해당기업 IR팀 I 2024-07-05 매수 난 올 여름이 지나면 미국으로 간다 NH투자증권 류영호,문소영 I 2024-06-27 매수 태평양을 건너는 원년 미래에셋증권 김영건 I 2024-05-31 매수 불변의 전공정 대표주자 다올투자증권 고영민 I 2024-05-31 매수 고객사 CAPA 증가 전망 교보증권 김민철 I 2024-05-09 매수 2Q24에는 수주 관련 많은 호재가 기다리고 있다 BNK투자증권 이민희 I 2024-05-07 매수 5개월의 추수가 남았다 다올투자증권 고영민 I 2024-05-03 매수 분할 발표 하나증권 김민경,김록호 I"
036930::2024,036930,주성엔지니어링,DISCOVERY_INDEX_ONLY,EQUITY_PRIMARY_NONCANONICAL_CUSTOMER_PRODUCT_EXPANSION,200,https://m.irgo.co.kr/IR-COMP/036930,2024-08-07,"{""OE"": [""마진""]}","2024-08-07 매수 DRAM 전공정 투자 최대 수혜주 유진투자증권 임소정 I 2024-07-29 매수 글로벌 장비 기업 도약을 위한 준비 하나증권 김민경,김록호 I 2024-07-18 매수 2Q24 Preview: 실적주성 한국투자증권 채민숙,황준태 I 2024-07-11 매수 경쟁력을 입증하는 마진 구조 다올투자증권 고영민 I 2024-07-09 N/R 회사소개 및 주요 경영현황 해당기업 IR팀 I 2024-07-05 매수 난 올 여름이 지나면 미국으로 간다 NH투자증권 류영호,문소영 I 2024-06-27 매수 태평양을 건너는 원년 미래에셋증권 김영건 I 2024-05-31 매수 불변의 전공정 대표주자 다올투자증권 고영민 I 2024-05-31 매수 고객사 CAPA 증가 전망 교보증권 김민철 I 2024-05-09 매수 2Q24에는 수주 관련 많은 호재가 기다리고 있다 BNK투자증권 이민희 I 2024-05-07 매수 5개월의 추수가 남았다 다올투자증권"
036930::2024,036930,주성엔지니어링,DISCOVERY_INDEX_ONLY,EQUITY_PRIMARY_NONCANONICAL_CUSTOMER_PRODUCT_EXPANSION,200,https://m.irgo.co.kr/IR-COMP/036930,2024-08-07,"{""OE"": [""마진""]}","2024-08-07 매수 차원이 다른 수익성 하나증권 김민경,김록호 I 2024-08-07 매수 DRAM 전공정 투자 최대 수혜주 유진투자증권 임소정 I 2024-07-29 매수 글로벌 장비 기업 도약을 위한 준비 하나증권 김민경,김록호 I 2024-07-18 매수 2Q24 Preview: 실적주성 한국투자증권 채민숙,황준태 I 2024-07-11 매수 경쟁력을 입증하는 마진 구조 다올투자증권 고영민 I 2024-07-09 N/R 회사소개 및 주요 경영현황 해당기업 IR팀 I 2024-07-05 매수 난 올 여름이 지나면 미국으로 간다 NH투자증권 류영호,문소영 I 2024-06-27 매수 태평양을 건너는 원년 미래에셋증권 김영건 I 2024-05-31 매수 불변의 전공정 대표주자 다올투자증권 고영민 I 2024-05-31 매수 고객사 CAPA 증가 전망 교보증권 김민철 I 2024-05-09 매수 2Q24에는 수주 관련 많은 호재가 기다리고 있다 BNK투자증권"
036930::2024,036930,주성엔지니어링,DISCOVERY_INDEX_ONLY,EQUITY_PRIMARY_NONCANONICAL_CUSTOMER_PRODUCT_EXPANSION,200,https://m.irgo.co.kr/IR-COMP/036930,2024-08-07,"{""OE"": [""마진""]}","도체가 이끈 실적 NH투자증권 류영호,문소영 I 2024-08-07 매수 놀라운 2Q 실적, 기대되는 하반기 대신증권 신석환 I 2024-08-07 매수 2Q24 Review: 불확실성 헤쳐나가기 유진투자증권 임소정 I 2024-08-07 매수 기술력은 거짓말 하지 않는다(OPM 37%) 다올투자증권 고영민 I 2024-08-07 매수 차원이 다른 수익성 하나증권 김민경,김록호 I 2024-08-07 매수 DRAM 전공정 투자 최대 수혜주 유진투자증권 임소정 I 2024-07-29 매수 글로벌 장비 기업 도약을 위한 준비 하나증권 김민경,김록호 I 2024-07-18 매수 2Q24 Preview: 실적주성 한국투자증권 채민숙,황준태 I 2024-07-11 매수 경쟁력을 입증하는 마진 구조 다올투자증권 고영민 I 2024-07-09 N/R 회사소개 및 주요 경영현황 해당기업 IR팀 I 2024-07-05 매수 난 올 여름이 지나면 미국으로 간다 NH투자증권 류영호,문"
036930::2024,036930,주성엔지니어링,DISCOVERY_INDEX_ONLY,EQUITY_PRIMARY_NONCANONICAL_CUSTOMER_PRODUCT_EXPANSION,200,https://m.irgo.co.kr/IR-COMP/036930,2024-08-07,"{""OE"": [""마진""]}","수 2Q24 Review: 불확실성 헤쳐나가기 유진투자증권 임소정 I 2024-08-07 매수 기술력은 거짓말 하지 않는다(OPM 37%) 다올투자증권 고영민 I 2024-08-07 매수 차원이 다른 수익성 하나증권 김민경,김록호 I 2024-08-07 매수 DRAM 전공정 투자 최대 수혜주 유진투자증권 임소정 I 2024-07-29 매수 글로벌 장비 기업 도약을 위한 준비 하나증권 김민경,김록호 I 2024-07-18 매수 2Q24 Preview: 실적주성 한국투자증권 채민숙,황준태 I 2024-07-11 매수 경쟁력을 입증하는 마진 구조 다올투자증권 고영민 I 2024-07-09 N/R 회사소개 및 주요 경영현황 해당기업 IR팀 I 2024-07-05 매수 난 올 여름이 지나면 미국으로 간다 NH투자증권 류영호,문소영 I 2024-06-27 매수 태평양을 건너는 원년 미래에셋증권 김영건 I 2024-05-31 매수 불변의 전공정 대표주자 다올투자증권 고영민 I"
036930::2024,036930,주성엔지니어링,DISCOVERY_INDEX_ONLY,EQUITY_PRIMARY_NONCANONICAL_CUSTOMER_PRODUCT_EXPANSION,200,https://m.irgo.co.kr/IR-COMP/036930,2024-08-07,"{""OE"": [""마진""]}","수 기술력은 거짓말 하지 않는다(OPM 37%) 다올투자증권 고영민 I 2024-08-07 매수 차원이 다른 수익성 하나증권 김민경,김록호 I 2024-08-07 매수 DRAM 전공정 투자 최대 수혜주 유진투자증권 임소정 I 2024-07-29 매수 글로벌 장비 기업 도약을 위한 준비 하나증권 김민경,김록호 I 2024-07-18 매수 2Q24 Preview: 실적주성 한국투자증권 채민숙,황준태 I 2024-07-11 매수 경쟁력을 입증하는 마진 구조 다올투자증권 고영민 I 2024-07-09 N/R 회사소개 및 주요 경영현황 해당기업 IR팀 I 2024-07-05 매수 난 올 여름이 지나면 미국으로 간다 NH투자증권 류영호,문소영 I 2024-06-27 매수 태평양을 건너는 원년 미래에셋증권 김영건 I 2024-05-31 매수 불변의 전공정 대표주자 다올투자증권 고영민 I 2024-05-31 매수 고객사 CAPA 증가 전망 교보증권 김민철 I 2024-05-09"
036930::2024,036930,주성엔지니어링,DISCOVERY_INDEX_ONLY,EQUITY_PRIMARY_NONCANONICAL_CUSTOMER_PRODUCT_EXPANSION,200,https://m.irgo.co.kr/IR-COMP/036930,2024-08-07,"{""OE"": [""마진""]}","운 2Q 실적, 기대되는 하반기 대신증권 신석환 I 2024-08-07 매수 2Q24 Review: 불확실성 헤쳐나가기 유진투자증권 임소정 I 2024-08-07 매수 기술력은 거짓말 하지 않는다(OPM 37%) 다올투자증권 고영민 I 2024-08-07 매수 차원이 다른 수익성 하나증권 김민경,김록호 I 2024-08-07 매수 DRAM 전공정 투자 최대 수혜주 유진투자증권 임소정 I 2024-07-29 매수 글로벌 장비 기업 도약을 위한 준비 하나증권 김민경,김록호 I 2024-07-18 매수 2Q24 Preview: 실적주성 한국투자증권 채민숙,황준태 I 2024-07-11 매수 경쟁력을 입증하는 마진 구조 다올투자증권 고영민 I 2024-07-09 N/R 회사소개 및 주요 경영현황 해당기업 IR팀 I 2024-07-05 매수 난 올 여름이 지나면 미국으로 간다 NH투자증권 류영호,문소영 I 2024-06-27 매수 태평양을 건너는 원년 미래에셋증권 김영건 I"
036930::2024,036930,주성엔지니어링,DISCOVERY_INDEX_ONLY,EQUITY_PRIMARY_NONCANONICAL_CUSTOMER_PRODUCT_EXPANSION,200,https://m.irgo.co.kr/IR-COMP/036930,2024-08-12,"{""OE"": [""마진""]}","8-27 매수 좋은 실적과 수주 흐름 BNK투자증권 이민희 I 2024-08-12 매수 반도체가 이끈 실적 NH투자증권 류영호,문소영 I 2024-08-07 매수 놀라운 2Q 실적, 기대되는 하반기 대신증권 신석환 I 2024-08-07 매수 2Q24 Review: 불확실성 헤쳐나가기 유진투자증권 임소정 I 2024-08-07 매수 기술력은 거짓말 하지 않는다(OPM 37%) 다올투자증권 고영민 I 2024-08-07 매수 차원이 다른 수익성 하나증권 김민경,김록호 I 2024-08-07 매수 DRAM 전공정 투자 최대 수혜주 유진투자증권 임소정 I 2024-07-29 매수 글로벌 장비 기업 도약을 위한 준비 하나증권 김민경,김록호 I 2024-07-18 매수 2Q24 Preview: 실적주성 한국투자증권 채민숙,황준태 I 2024-07-11 매수 경쟁력을 입증하는 마진 구조 다올투자증권 고영민 I 2024-07-09 N/R 회사소개 및 주요 경영현황 해당기업 IR"
036930::2024,036930,주성엔지니어링,DISCOVERY_INDEX_ONLY,EQUITY_PRIMARY_NONCANONICAL_CUSTOMER_PRODUCT_EXPANSION,200,https://m.irgo.co.kr/IR-COMP/036930,2024-09-05,"{""OE"": [""마진""]}","황준태 I 2024-09-05 매수 실적으로 우려를 불식 SK증권 이동주 I 2024-08-27 매수 좋은 실적과 수주 흐름 BNK투자증권 이민희 I 2024-08-12 매수 반도체가 이끈 실적 NH투자증권 류영호,문소영 I 2024-08-07 매수 놀라운 2Q 실적, 기대되는 하반기 대신증권 신석환 I 2024-08-07 매수 2Q24 Review: 불확실성 헤쳐나가기 유진투자증권 임소정 I 2024-08-07 매수 기술력은 거짓말 하지 않는다(OPM 37%) 다올투자증권 고영민 I 2024-08-07 매수 차원이 다른 수익성 하나증권 김민경,김록호 I 2024-08-07 매수 DRAM 전공정 투자 최대 수혜주 유진투자증권 임소정 I 2024-07-29 매수 글로벌 장비 기업 도약을 위한 준비 하나증권 김민경,김록호 I 2024-07-18 매수 2Q24 Preview: 실적주성 한국투자증권 채민숙,황준태 I 2024-07-11 매수 경쟁력을 입증하는 마진 구조 다"
036930::2024,036930,주성엔지니어링,DISCOVERY_INDEX_ONLY,EQUITY_PRIMARY_NONCANONICAL_CUSTOMER_PRODUCT_EXPANSION,200,https://m.irgo.co.kr/IR-COMP/036930,2024-09-12,,"24-10-28 매수 실적에 대한 문제는 없다 NH투자증권 류영호,문소영 I 2024-09-12 매수 2분기도 좋고 3분기는 더 좋고 한국투자증권 채민숙,황준태 I 2024-09-05 매수 실적으로 우려를 불식 SK증권 이동주 I 2024-08-27 매수 좋은 실적과 수주 흐름 BNK투자증권 이민희 I 2024-08-12 매수 반도체가 이끈 실적 NH투자증권 류영호,문소영 I 2024-08-07 매수 놀라운 2Q 실적, 기대되는 하반기 대신증권 신석환 I 2024-08-07 매수 2Q24 Review: 불확실성 헤쳐나가기 유진투자증권 임소정 I 2024-08-07 매수 기술력은 거짓말 하지 않는다(OPM 37%) 다올투자증권 고영민 I 2024-08-07 매수 차원이 다른 수익성 하나증권 김민경,김록호 I 2024-08-07 매수 DRAM 전공정 투자 최대 수혜주 유진투자증권 임소정 I 2024-07-29 매수 글로벌 장비 기업 도약을 위한 준비 하나증권 김민경,김"
036930::2024,036930,주성엔지니어링,DISCOVERY_INDEX_ONLY,EQUITY_PRIMARY_NONCANONICAL_CUSTOMER_PRODUCT_EXPANSION,200,https://m.irgo.co.kr/IR-COMP/036930,2024-09-12,,"I 2024-09-12 매수 2분기도 좋고 3분기는 더 좋고 한국투자증권 채민숙,황준태 I 2024-09-05 매수 실적으로 우려를 불식 SK증권 이동주 I 2024-08-27 매수 좋은 실적과 수주 흐름 BNK투자증권 이민희 I 2024-08-12 매수 반도체가 이끈 실적 NH투자증권 류영호,문소영 I 2024-08-07 매수 놀라운 2Q 실적, 기대되는 하반기 대신증권 신석환 I 2024-08-07 매수 2Q24 Review: 불확실성 헤쳐나가기 유진투자증권 임소정 I 2024-08-07 매수 기술력은 거짓말 하지 않는다(OPM 37%) 다올투자증권 고영민 I 2024-08-07 매수 차원이 다른 수익성 하나증권 김민경,김록호 I 2024-08-07 매수 DRAM 전공정 투자 최대 수혜주 유진투자증권 임소정 I 2024-07-29 매수 글로벌 장비 기업 도약을 위한 준비 하나증권 김민경,김록호 I 2024-07-18 매수 2Q24 Preview: 실적주성 한국"
036930::2024,036930,주성엔지니어링,DISCOVERY_INDEX_ONLY,EQUITY_PRIMARY_NONCANONICAL_CUSTOMER_PRODUCT_EXPANSION,200,https://m.irgo.co.kr/IR-COMP/036930,2024-10-28,,"10-30 매수 돋보이는 SK하이닉스 Value-Chain 다올투자증권 고영민,김연미 I 2024-10-28 매수 실적에 대한 문제는 없다 NH투자증권 류영호,문소영 I 2024-09-12 매수 2분기도 좋고 3분기는 더 좋고 한국투자증권 채민숙,황준태 I 2024-09-05 매수 실적으로 우려를 불식 SK증권 이동주 I 2024-08-27 매수 좋은 실적과 수주 흐름 BNK투자증권 이민희 I 2024-08-12 매수 반도체가 이끈 실적 NH투자증권 류영호,문소영 I 2024-08-07 매수 놀라운 2Q 실적, 기대되는 하반기 대신증권 신석환 I 2024-08-07 매수 2Q24 Review: 불확실성 헤쳐나가기 유진투자증권 임소정 I 2024-08-07 매수 기술력은 거짓말 하지 않는다(OPM 37%) 다올투자증권 고영민 I 2024-08-07 매수 차원이 다른 수익성 하나증권 김민경,김록호 I 2024-08-07 매수 DRAM 전공정 투자 최대 수혜주 유진투자증"
036930::2024,036930,주성엔지니어링,DISCOVERY_INDEX_ONLY,EQUITY_PRIMARY_NONCANONICAL_CUSTOMER_PRODUCT_EXPANSION,200,https://m.irgo.co.kr/IR-COMP/036930,2024-10-30,,"10-30 매수 3Q24 Review: 의심의 여지가 없는 실적 유진투자증권 임소정 I 2024-10-30 매수 불확실성 해소로 부각될 모멘텀 하나증권 김민경 I 2024-10-30 매수 돋보이는 SK하이닉스 Value-Chain 다올투자증권 고영민,김연미 I 2024-10-28 매수 실적에 대한 문제는 없다 NH투자증권 류영호,문소영 I 2024-09-12 매수 2분기도 좋고 3분기는 더 좋고 한국투자증권 채민숙,황준태 I 2024-09-05 매수 실적으로 우려를 불식 SK증권 이동주 I 2024-08-27 매수 좋은 실적과 수주 흐름 BNK투자증권 이민희 I 2024-08-12 매수 반도체가 이끈 실적 NH투자증권 류영호,문소영 I 2024-08-07 매수 놀라운 2Q 실적, 기대되는 하반기 대신증권 신석환 I 2024-08-07 매수 2Q24 Review: 불확실성 헤쳐나가기 유진투자증권 임소정 I 2024-08-07 매수 기술력은 거짓말 하지 않는다(OPM"
036930::2024,036930,주성엔지니어링,DISCOVERY_INDEX_ONLY,EQUITY_PRIMARY_NONCANONICAL_CUSTOMER_PRODUCT_EXPANSION,200,https://m.irgo.co.kr/IR-COMP/036930,2024-10-30,,"본질적인 부분을 보자 NH투자증권 류영호,문소영 I 2024-10-30 매수 3Q24 Review: 순리대로 한국투자증권 채민숙,황준태 I 2024-10-30 매수 3Q24 Review: 의심의 여지가 없는 실적 유진투자증권 임소정 I 2024-10-30 매수 불확실성 해소로 부각될 모멘텀 하나증권 김민경 I 2024-10-30 매수 돋보이는 SK하이닉스 Value-Chain 다올투자증권 고영민,김연미 I 2024-10-28 매수 실적에 대한 문제는 없다 NH투자증권 류영호,문소영 I 2024-09-12 매수 2분기도 좋고 3분기는 더 좋고 한국투자증권 채민숙,황준태 I 2024-09-05 매수 실적으로 우려를 불식 SK증권 이동주 I 2024-08-27 매수 좋은 실적과 수주 흐름 BNK투자증권 이민희 I 2024-08-12 매수 반도체가 이끈 실적 NH투자증권 류영호,문소영 I 2024-08-07 매수 놀라운 2Q 실적, 기대되는 하반기 대신증권 신석환 I 20"
036930::2024,036930,주성엔지니어링,DISCOVERY_INDEX_ONLY,EQUITY_PRIMARY_NONCANONICAL_CUSTOMER_PRODUCT_EXPANSION,200,https://m.irgo.co.kr/IR-COMP/036930,2024-10-30,,"상위 SK증권 이동주 I 2024-10-30 매수 고객사(SK하이닉스)처럼 디커플링 다올투자증권 고영민,김연미 I 2024-10-30 매수 이제는 회사의 본질적인 부분을 보자 NH투자증권 류영호,문소영 I 2024-10-30 매수 3Q24 Review: 순리대로 한국투자증권 채민숙,황준태 I 2024-10-30 매수 3Q24 Review: 의심의 여지가 없는 실적 유진투자증권 임소정 I 2024-10-30 매수 불확실성 해소로 부각될 모멘텀 하나증권 김민경 I 2024-10-30 매수 돋보이는 SK하이닉스 Value-Chain 다올투자증권 고영민,김연미 I 2024-10-28 매수 실적에 대한 문제는 없다 NH투자증권 류영호,문소영 I 2024-09-12 매수 2분기도 좋고 3분기는 더 좋고 한국투자증권 채민숙,황준태 I 2024-09-05 매수 실적으로 우려를 불식 SK증권 이동주 I 2024-08-27 매수 좋은 실적과 수주 흐름 BNK투자증권 이민희 I 202"
036930::2024,036930,주성엔지니어링,DISCOVERY_INDEX_ONLY,EQUITY_PRIMARY_NONCANONICAL_CUSTOMER_PRODUCT_EXPANSION,200,https://m.irgo.co.kr/IR-COMP/036930,2024-10-30,,"수 3Q24 Review: 순리대로 한국투자증권 채민숙,황준태 I 2024-10-30 매수 3Q24 Review: 의심의 여지가 없는 실적 유진투자증권 임소정 I 2024-10-30 매수 불확실성 해소로 부각될 모멘텀 하나증권 김민경 I 2024-10-30 매수 돋보이는 SK하이닉스 Value-Chain 다올투자증권 고영민,김연미 I 2024-10-28 매수 실적에 대한 문제는 없다 NH투자증권 류영호,문소영 I 2024-09-12 매수 2분기도 좋고 3분기는 더 좋고 한국투자증권 채민숙,황준태 I 2024-09-05 매수 실적으로 우려를 불식 SK증권 이동주 I 2024-08-27 매수 좋은 실적과 수주 흐름 BNK투자증권 이민희 I 2024-08-12 매수 반도체가 이끈 실적 NH투자증권 류영호,문소영 I 2024-08-07 매수 놀라운 2Q 실적, 기대되는 하반기 대신증권 신석환 I 2024-08-07 매수 2Q24 Review: 불확실성 헤쳐나가기 유진투자증"
036930::2024,036930,주성엔지니어링,DISCOVERY_INDEX_ONLY,EQUITY_PRIMARY_NONCANONICAL_CUSTOMER_PRODUCT_EXPANSION,200,https://m.irgo.co.kr/IR-COMP/036930,2024-10-30,,"정 I 2024-10-30 매수 불확실성 해소로 부각될 모멘텀 하나증권 김민경 I 2024-10-30 매수 돋보이는 SK하이닉스 Value-Chain 다올투자증권 고영민,김연미 I 2024-10-28 매수 실적에 대한 문제는 없다 NH투자증권 류영호,문소영 I 2024-09-12 매수 2분기도 좋고 3분기는 더 좋고 한국투자증권 채민숙,황준태 I 2024-09-05 매수 실적으로 우려를 불식 SK증권 이동주 I 2024-08-27 매수 좋은 실적과 수주 흐름 BNK투자증권 이민희 I 2024-08-12 매수 반도체가 이끈 실적 NH투자증권 류영호,문소영 I 2024-08-07 매수 놀라운 2Q 실적, 기대되는 하반기 대신증권 신석환 I 2024-08-07 매수 2Q24 Review: 불확실성 헤쳐나가기 유진투자증권 임소정 I 2024-08-07 매수 기술력은 거짓말 하지 않는다(OPM 37%) 다올투자증권 고영민 I 2024-08-07 매수 차원이 다른 수익성 하나"
036930::2024,036930,주성엔지니어링,DISCOVERY_INDEX_ONLY,EQUITY_PRIMARY_NONCANONICAL_CUSTOMER_PRODUCT_EXPANSION,200,https://m.irgo.co.kr/IR-COMP/036930,2024-10-30,,"투자증권 고영민,김연미 I 2024-10-30 매수 이제는 회사의 본질적인 부분을 보자 NH투자증권 류영호,문소영 I 2024-10-30 매수 3Q24 Review: 순리대로 한국투자증권 채민숙,황준태 I 2024-10-30 매수 3Q24 Review: 의심의 여지가 없는 실적 유진투자증권 임소정 I 2024-10-30 매수 불확실성 해소로 부각될 모멘텀 하나증권 김민경 I 2024-10-30 매수 돋보이는 SK하이닉스 Value-Chain 다올투자증권 고영민,김연미 I 2024-10-28 매수 실적에 대한 문제는 없다 NH투자증권 류영호,문소영 I 2024-09-12 매수 2분기도 좋고 3분기는 더 좋고 한국투자증권 채민숙,황준태 I 2024-09-05 매수 실적으로 우려를 불식 SK증권 이동주 I 2024-08-27 매수 좋은 실적과 수주 흐름 BNK투자증권 이민희 I 2024-08-12 매수 반도체가 이끈 실적 NH투자증권 류영호,문소영 I 2024-08-07"
036930::2024,036930,주성엔지니어링,DISCOVERY_INDEX_ONLY,EQUITY_PRIMARY_NONCANONICAL_CUSTOMER_PRODUCT_EXPANSION,200,https://m.irgo.co.kr/IR-COMP/036930,2024-10-30,,"확실성 요인 해소 대신증권 신석환 I 2024-10-30 매수 전공정 내 매력도 상위 SK증권 이동주 I 2024-10-30 매수 고객사(SK하이닉스)처럼 디커플링 다올투자증권 고영민,김연미 I 2024-10-30 매수 이제는 회사의 본질적인 부분을 보자 NH투자증권 류영호,문소영 I 2024-10-30 매수 3Q24 Review: 순리대로 한국투자증권 채민숙,황준태 I 2024-10-30 매수 3Q24 Review: 의심의 여지가 없는 실적 유진투자증권 임소정 I 2024-10-30 매수 불확실성 해소로 부각될 모멘텀 하나증권 김민경 I 2024-10-30 매수 돋보이는 SK하이닉스 Value-Chain 다올투자증권 고영민,김연미 I 2024-10-28 매수 실적에 대한 문제는 없다 NH투자증권 류영호,문소영 I 2024-09-12 매수 2분기도 좋고 3분기는 더 좋고 한국투자증권 채민숙,황준태 I 2024-09-05 매수 실적으로 우려를 불식 SK증권 이동주 I"
036930::2024,036930,주성엔지니어링,DISCOVERY_INDEX_ONLY,EQUITY_PRIMARY_NONCANONICAL_CUSTOMER_PRODUCT_EXPANSION,200,https://m.irgo.co.kr/IR-COMP/036930,2024-11-07,,"의 Proxy 한국투자증권 채민숙,황준태 I 2024-11-07 매수 3Q24 실적 서프라이즈. 불확실성 요인 해소 대신증권 신석환 I 2024-10-30 매수 전공정 내 매력도 상위 SK증권 이동주 I 2024-10-30 매수 고객사(SK하이닉스)처럼 디커플링 다올투자증권 고영민,김연미 I 2024-10-30 매수 이제는 회사의 본질적인 부분을 보자 NH투자증권 류영호,문소영 I 2024-10-30 매수 3Q24 Review: 순리대로 한국투자증권 채민숙,황준태 I 2024-10-30 매수 3Q24 Review: 의심의 여지가 없는 실적 유진투자증권 임소정 I 2024-10-30 매수 불확실성 해소로 부각될 모멘텀 하나증권 김민경 I 2024-10-30 매수 돋보이는 SK하이닉스 Value-Chain 다올투자증권 고영민,김연미 I 2024-10-28 매수 실적에 대한 문제는 없다 NH투자증권 류영호,문소영 I 2024-09-12 매수 2분기도 좋고 3분기는 더 좋"
036930::2024,036930,주성엔지니어링,DISCOVERY_INDEX_ONLY,EQUITY_PRIMARY_NONCANONICAL_CUSTOMER_PRODUCT_EXPANSION,200,https://m.irgo.co.kr/IR-COMP/036930,2024-11-20,,"ation 다올투자증권 고영민,김연미 I 2024-11-20 매수 디램 업황의 Proxy 한국투자증권 채민숙,황준태 I 2024-11-07 매수 3Q24 실적 서프라이즈. 불확실성 요인 해소 대신증권 신석환 I 2024-10-30 매수 전공정 내 매력도 상위 SK증권 이동주 I 2024-10-30 매수 고객사(SK하이닉스)처럼 디커플링 다올투자증권 고영민,김연미 I 2024-10-30 매수 이제는 회사의 본질적인 부분을 보자 NH투자증권 류영호,문소영 I 2024-10-30 매수 3Q24 Review: 순리대로 한국투자증권 채민숙,황준태 I 2024-10-30 매수 3Q24 Review: 의심의 여지가 없는 실적 유진투자증권 임소정 I 2024-10-30 매수 불확실성 해소로 부각될 모멘텀 하나증권 김민경 I 2024-10-30 매수 돋보이는 SK하이닉스 Value-Chain 다올투자증권 고영민,김연미 I 2024-10-28 매수 실적에 대한 문제는 없다 NH투자증"
036930::2024,036930,주성엔지니어링,DISCOVERY_INDEX_ONLY,EQUITY_PRIMARY_NONCANONICAL_CUSTOMER_PRODUCT_EXPANSION,200,https://m.irgo.co.kr/IR-COMP/036930,2024-11-25,,"N/R 전공정 내 매력도 상위 SK증권 이동주 I 2024-11-25 매수 믿을 수 있는 Valuation 다올투자증권 고영민,김연미 I 2024-11-20 매수 디램 업황의 Proxy 한국투자증권 채민숙,황준태 I 2024-11-07 매수 3Q24 실적 서프라이즈. 불확실성 요인 해소 대신증권 신석환 I 2024-10-30 매수 전공정 내 매력도 상위 SK증권 이동주 I 2024-10-30 매수 고객사(SK하이닉스)처럼 디커플링 다올투자증권 고영민,김연미 I 2024-10-30 매수 이제는 회사의 본질적인 부분을 보자 NH투자증권 류영호,문소영 I 2024-10-30 매수 3Q24 Review: 순리대로 한국투자증권 채민숙,황준태 I 2024-10-30 매수 3Q24 Review: 의심의 여지가 없는 실적 유진투자증권 임소정 I 2024-10-30 매수 불확실성 해소로 부각될 모멘텀 하나증권 김민경 I 2024-10-30 매수 돋보이는 SK하이닉스 Value-Ch"
036930::2024,036930,주성엔지니어링,DISCOVERY_INDEX_ONLY,EQUITY_PRIMARY_NONCANONICAL_CUSTOMER_PRODUCT_EXPANSION,200,https://m.irgo.co.kr/IR-COMP/036930,2024-12-13,,"-13 매수 전공정 투자에서 가장 편안한 선택지 대신증권 신석환 I 2024-12-13 N/R 전공정 내 매력도 상위 SK증권 이동주 I 2024-11-25 매수 믿을 수 있는 Valuation 다올투자증권 고영민,김연미 I 2024-11-20 매수 디램 업황의 Proxy 한국투자증권 채민숙,황준태 I 2024-11-07 매수 3Q24 실적 서프라이즈. 불확실성 요인 해소 대신증권 신석환 I 2024-10-30 매수 전공정 내 매력도 상위 SK증권 이동주 I 2024-10-30 매수 고객사(SK하이닉스)처럼 디커플링 다올투자증권 고영민,김연미 I 2024-10-30 매수 이제는 회사의 본질적인 부분을 보자 NH투자증권 류영호,문소영 I 2024-10-30 매수 3Q24 Review: 순리대로 한국투자증권 채민숙,황준태 I 2024-10-30 매수 3Q24 Review: 의심의 여지가 없는 실적 유진투자증권 임소정 I 2024-10-30 매수 불확실성 해소로 부각될"
036930::2024,036930,주성엔지니어링,DISCOVERY_INDEX_ONLY,EQUITY_PRIMARY_NONCANONICAL_CUSTOMER_PRODUCT_EXPANSION,200,https://m.irgo.co.kr/IR-COMP/036930,2024-12-13,,"-15 매수 25년, 제품 및 고객 다변화의 원년 미래에셋증권 김영건,김제호 I 2024-12-13 매수 업황과 무관하게 스스로의 힘으로 다올투자증권 고영민,김연미 I 2024-12-13 매수 전공정 투자에서 가장 편안한 선택지 대신증권 신석환 I 2024-12-13 N/R 전공정 내 매력도 상위 SK증권 이동주 I 2024-11-25 매수 믿을 수 있는 Valuation 다올투자증권 고영민,김연미 I 2024-11-20 매수 디램 업황의 Proxy 한국투자증권 채민숙,황준태 I 2024-11-07 매수 3Q24 실적 서프라이즈. 불확실성 요인 해소 대신증권 신석환 I 2024-10-30 매수 전공정 내 매력도 상위 SK증권 이동주 I 2024-10-30 매수 고객사(SK하이닉스)처럼 디커플링 다올투자증권 고영민,김연미 I 2024-10-30 매수 이제는 회사의 본질적인 부분을 보자 NH투자증권 류영호,문소영 I 2024-10-30 매수 3Q24 Review: 순리"
036930::2024,036930,주성엔지니어링,DISCOVERY_INDEX_ONLY,EQUITY_PRIMARY_NONCANONICAL_CUSTOMER_PRODUCT_EXPANSION,200,https://m.irgo.co.kr/IR-COMP/036930,2024-12-13,,"12-13 매수 업황과 무관하게 스스로의 힘으로 다올투자증권 고영민,김연미 I 2024-12-13 매수 전공정 투자에서 가장 편안한 선택지 대신증권 신석환 I 2024-12-13 N/R 전공정 내 매력도 상위 SK증권 이동주 I 2024-11-25 매수 믿을 수 있는 Valuation 다올투자증권 고영민,김연미 I 2024-11-20 매수 디램 업황의 Proxy 한국투자증권 채민숙,황준태 I 2024-11-07 매수 3Q24 실적 서프라이즈. 불확실성 요인 해소 대신증권 신석환 I 2024-10-30 매수 전공정 내 매력도 상위 SK증권 이동주 I 2024-10-30 매수 고객사(SK하이닉스)처럼 디커플링 다올투자증권 고영민,김연미 I 2024-10-30 매수 이제는 회사의 본질적인 부분을 보자 NH투자증권 류영호,문소영 I 2024-10-30 매수 3Q24 Review: 순리대로 한국투자증권 채민숙,황준태 I 2024-10-30 매수 3Q24 Review: 의심의"
036930::2024,036930,주성엔지니어링,DISCOVERY_INDEX_ONLY,EQUITY_PRIMARY_NONCANONICAL_CUSTOMER_PRODUCT_EXPANSION,200,https://m.irgo.co.kr/IR-COMP/036930,2024-12-13,"{""OE"": [""비용""]}","ALD NO.1 다올투자증권 고영민,김연미 I 2025-03-31 매수 ALD 적용처와 고객사 확대 KB증권 이의진 I 2025-02-11 매수 4Q24, 일회성 비용 제거시 부합 SK증권 이동주 I 2025-02-03 매수 신규 고객사 확보를 기다리며 NH투자증권 류영호 I 2025-02-03 매수 해외 고객사 확대 시그널 다올투자증권 고영민,김연미 I 2025-02-03 매수 4Q24 Preview: 달리기 전, 숨 고르기 한국투자증권 채민숙,황준태 I 2025-01-22 매수 견조한 실적 아래 고객 및 제품 저변 확대 SK증권 이동주 I 2025-01-15 매수 25년, 제품 및 고객 다변화의 원년 미래에셋증권 김영건,김제호 I 2024-12-13 매수 업황과 무관하게 스스로의 힘으로 다올투자증권 고영민,김연미 I 2024-12-13 매수 전공정 투자에서 가장 편안한 선택지 대신증권 신석환 I 2024-12-13 N/R 전공정 내 매력도 상위 SK증권 이동주"
036930::2024,036930,주성엔지니어링,DISCOVERY_INDEX_ONLY,EQUITY_PRIMARY_NONCANONICAL_CUSTOMER_PRODUCT_EXPANSION,200,https://m.irgo.co.kr/IR-COMP/036930,2024-12-13,,"w: 달리기 전, 숨 고르기 한국투자증권 채민숙,황준태 I 2025-01-22 매수 견조한 실적 아래 고객 및 제품 저변 확대 SK증권 이동주 I 2025-01-15 매수 25년, 제품 및 고객 다변화의 원년 미래에셋증권 김영건,김제호 I 2024-12-13 매수 업황과 무관하게 스스로의 힘으로 다올투자증권 고영민,김연미 I 2024-12-13 매수 전공정 투자에서 가장 편안한 선택지 대신증권 신석환 I 2024-12-13 N/R 전공정 내 매력도 상위 SK증권 이동주 I 2024-11-25 매수 믿을 수 있는 Valuation 다올투자증권 고영민,김연미 I 2024-11-20 매수 디램 업황의 Proxy 한국투자증권 채민숙,황준태 I 2024-11-07 매수 3Q24 실적 서프라이즈. 불확실성 요인 해소 대신증권 신석환 I 2024-10-30 매수 전공정 내 매력도 상위 SK증권 이동주 I 2024-10-30 매수 고객사(SK하이닉스)처럼 디커플링 다올투자증권 고"
036930::2024,036930,주성엔지니어링,DISCOVERY_INDEX_ONLY,EQUITY_PRIMARY_NONCANONICAL_CUSTOMER_PRODUCT_EXPANSION,200,https://m.irgo.co.kr/IR-COMP/036930,2024-12-13,"{""OE"": [""비용""]}","고객사 확대 KB증권 이의진 I 2025-02-11 매수 4Q24, 일회성 비용 제거시 부합 SK증권 이동주 I 2025-02-03 매수 신규 고객사 확보를 기다리며 NH투자증권 류영호 I 2025-02-03 매수 해외 고객사 확대 시그널 다올투자증권 고영민,김연미 I 2025-02-03 매수 4Q24 Preview: 달리기 전, 숨 고르기 한국투자증권 채민숙,황준태 I 2025-01-22 매수 견조한 실적 아래 고객 및 제품 저변 확대 SK증권 이동주 I 2025-01-15 매수 25년, 제품 및 고객 다변화의 원년 미래에셋증권 김영건,김제호 I 2024-12-13 매수 업황과 무관하게 스스로의 힘으로 다올투자증권 고영민,김연미 I 2024-12-13 매수 전공정 투자에서 가장 편안한 선택지 대신증권 신석환 I 2024-12-13 N/R 전공정 내 매력도 상위 SK증권 이동주 I 2024-11-25 매수 믿을 수 있는 Valuation 다올투자증권 고영민,김연미"
036930::2024,036930,주성엔지니어링,DISCOVERY_INDEX_ONLY,EQUITY_PRIMARY_NONCANONICAL_CUSTOMER_PRODUCT_EXPANSION,200,https://m.irgo.co.kr/IR-COMP/036930,2024-12-13,,"널 다올투자증권 고영민,김연미 I 2025-02-03 매수 4Q24 Preview: 달리기 전, 숨 고르기 한국투자증권 채민숙,황준태 I 2025-01-22 매수 견조한 실적 아래 고객 및 제품 저변 확대 SK증권 이동주 I 2025-01-15 매수 25년, 제품 및 고객 다변화의 원년 미래에셋증권 김영건,김제호 I 2024-12-13 매수 업황과 무관하게 스스로의 힘으로 다올투자증권 고영민,김연미 I 2024-12-13 매수 전공정 투자에서 가장 편안한 선택지 대신증권 신석환 I 2024-12-13 N/R 전공정 내 매력도 상위 SK증권 이동주 I 2024-11-25 매수 믿을 수 있는 Valuation 다올투자증권 고영민,김연미 I 2024-11-20 매수 디램 업황의 Proxy 한국투자증권 채민숙,황준태 I 2024-11-07 매수 3Q24 실적 서프라이즈. 불확실성 요인 해소 대신증권 신석환 I 2024-10-30 매수 전공정 내 매력도 상위 SK증권 이동주"
036930::2024,036930,주성엔지니어링,DISCOVERY_INDEX_ONLY,EQUITY_PRIMARY_NONCANONICAL_CUSTOMER_PRODUCT_EXPANSION,200,https://m.irgo.co.kr/IR-COMP/036930,2024-12-13,,"실적 아래 고객 및 제품 저변 확대 SK증권 이동주 I 2025-01-15 매수 25년, 제품 및 고객 다변화의 원년 미래에셋증권 김영건,김제호 I 2024-12-13 매수 업황과 무관하게 스스로의 힘으로 다올투자증권 고영민,김연미 I 2024-12-13 매수 전공정 투자에서 가장 편안한 선택지 대신증권 신석환 I 2024-12-13 N/R 전공정 내 매력도 상위 SK증권 이동주 I 2024-11-25 매수 믿을 수 있는 Valuation 다올투자증권 고영민,김연미 I 2024-11-20 매수 디램 업황의 Proxy 한국투자증권 채민숙,황준태 I 2024-11-07 매수 3Q24 실적 서프라이즈. 불확실성 요인 해소 대신증권 신석환 I 2024-10-30 매수 전공정 내 매력도 상위 SK증권 이동주 I 2024-10-30 매수 고객사(SK하이닉스)처럼 디커플링 다올투자증권 고영민,김연미 I 2024-10-30 매수 이제는 회사의 본질적인 부분을 보자 NH투자증권 류"
036930::2024,036930,주성엔지니어링,DISCOVERY_INDEX_ONLY,EQUITY_PRIMARY_NONCANONICAL_CUSTOMER_PRODUCT_EXPANSION,200,https://m.irgo.co.kr/IR-COMP/036930,2024-12-13,,"제거시 부합 SK증권 이동주 I 2025-02-03 매수 신규 고객사 확보를 기다리며 NH투자증권 류영호 I 2025-02-03 매수 해외 고객사 확대 시그널 다올투자증권 고영민,김연미 I 2025-02-03 매수 4Q24 Preview: 달리기 전, 숨 고르기 한국투자증권 채민숙,황준태 I 2025-01-22 매수 견조한 실적 아래 고객 및 제품 저변 확대 SK증권 이동주 I 2025-01-15 매수 25년, 제품 및 고객 다변화의 원년 미래에셋증권 김영건,김제호 I 2024-12-13 매수 업황과 무관하게 스스로의 힘으로 다올투자증권 고영민,김연미 I 2024-12-13 매수 전공정 투자에서 가장 편안한 선택지 대신증권 신석환 I 2024-12-13 N/R 전공정 내 매력도 상위 SK증권 이동주 I 2024-11-25 매수 믿을 수 있는 Valuation 다올투자증권 고영민,김연미 I 2024-11-20 매수 디램 업황의 Proxy 한국투자증권 채민숙,황준태"
036930::2024,036930,주성엔지니어링,DISCOVERY_INDEX_ONLY,EQUITY_PRIMARY_NONCANONICAL_CUSTOMER_PRODUCT_EXPANSION,200,https://m.irgo.co.kr/IR-COMP/036930,2024-12-13,,"확보를 기다리며 NH투자증권 류영호 I 2025-02-03 매수 해외 고객사 확대 시그널 다올투자증권 고영민,김연미 I 2025-02-03 매수 4Q24 Preview: 달리기 전, 숨 고르기 한국투자증권 채민숙,황준태 I 2025-01-22 매수 견조한 실적 아래 고객 및 제품 저변 확대 SK증권 이동주 I 2025-01-15 매수 25년, 제품 및 고객 다변화의 원년 미래에셋증권 김영건,김제호 I 2024-12-13 매수 업황과 무관하게 스스로의 힘으로 다올투자증권 고영민,김연미 I 2024-12-13 매수 전공정 투자에서 가장 편안한 선택지 대신증권 신석환 I 2024-12-13 N/R 전공정 내 매력도 상위 SK증권 이동주 I 2024-11-25 매수 믿을 수 있는 Valuation 다올투자증권 고영민,김연미 I 2024-11-20 매수 디램 업황의 Proxy 한국투자증권 채민숙,황준태 I 2024-11-07 매수 3Q24 실적 서프라이즈. 불확실성 요인"
038070::2024,038070,서린바이오사이언스,SECONDARY_SUMMARY_ONLY,SECONDARY_SUMMARY_ONLY,200,https://m.irgo.co.kr/IR-COMP/038070,2024-03-14,,"리포트 N/R 소부장, 초기 비즈니스 모델 확립 IBK투자증권 이건재 I 2024-03-14 N/R 탄탄한 바이오 인프라 유통 강자 키움증권 김두현,김재철 I 2021-10-06 매수 정부의 바이오투자 확대로 바이오인프라 수요 증가 상상인증권 하태기 I 2019-06-13 매수 연결 외형성장 높고, 수익성"
038680::2024,038680,에스넷시스템,SECONDARY_SUMMARY_ONLY,SECONDARY_SUMMARY_ONLY,200,https://m.irgo.co.kr/IR-COMP/038680,2024-06-17,,리포트 N/R IT 인프라 사업의 성장성 LS증권 정홍식 I 2024-06-17 매수 최악은 지나갔다 한화투자증권 최준영 I 2021-01-29 매수 2020년에도 성장은 지속된다 한화투자증권 최준영 I 2020-07-07 매수 2020년도 성장기대 한화투자증권 최준영 I 2020-01-30
039130::2024,039130,하나투어,SECONDARY_SUMMARY_ONLY,SECONDARY_SUMMARY_ONLY,200,https://m.irgo.co.kr/IR-COMP/039130,2024-04-22,,"2024-04-22 매수 다시 찾아온 기회 대신증권 임수진 I 2024-04-17 매수 이제 패키지도 “내맘대로” 가는 시대 현대차증권 김현용,윤서영 I 2024-04-09 N/R 코로나19 이전 대비 질적/양적 성장 중 SK증권 나승두 I 2024-03-27 매수 4분기 실적 Review 부국증권 이준규 I 2024-02-14 매수 Q, P, 순현금, 배당의 4중주 현대차증권 김현용,윤서영 I 2024-02-07 매수 예상보다 더 좋았던 실적과 수요, 그리고 특별 배당 하나증권 이기훈,황지원 I 2024-02-07 N/R 2023년 4분기 실적발표 해당기업 IR팀 I 2024-02-06 매수 실적에 배당을 더하다 부국증권 이준규 I 2024-01-29 매수 3분기 실적 Review 부국증권 이준규 I 2023-11-10 매수 드디어 면세점 사업 이전으로 회귀 하나증권 이기훈,황지원 I 2023-11-08 N/R 실적 회복에도 구조적 밸류 하락 감지 현대차증권 김"
039130::2024,039130,하나투어,SECONDARY_SUMMARY_ONLY,SECONDARY_SUMMARY_ONLY,200,https://m.irgo.co.kr/IR-COMP/039130,2024-05-08,,"I 2024-05-08 N/R 2024년 1분기 실적발표 해당기업 IR팀 I 2024-05-08 매수 특가 세일 중입니다 부국증권 이준규 I 2024-04-22 매수 다시 찾아온 기회 대신증권 임수진 I 2024-04-17 매수 이제 패키지도 “내맘대로” 가는 시대 현대차증권 김현용,윤서영 I 2024-04-09 N/R 코로나19 이전 대비 질적/양적 성장 중 SK증권 나승두 I 2024-03-27 매수 4분기 실적 Review 부국증권 이준규 I 2024-02-14 매수 Q, P, 순현금, 배당의 4중주 현대차증권 김현용,윤서영 I 2024-02-07 매수 예상보다 더 좋았던 실적과 수요, 그리고 특별 배당 하나증권 이기훈,황지원 I 2024-02-07 N/R 2023년 4분기 실적발표 해당기업 IR팀 I 2024-02-06 매수 실적에 배당을 더하다 부국증권 이준규 I 2024-01-29 매수 3분기 실적 Review 부국증권 이준규 I 2023-11-10 매수"
039130::2024,039130,하나투어,SECONDARY_SUMMARY_ONLY,SECONDARY_SUMMARY_ONLY,200,https://m.irgo.co.kr/IR-COMP/039130,2024-05-08,,"I 2024-05-08 매수 특가 세일 중입니다 부국증권 이준규 I 2024-04-22 매수 다시 찾아온 기회 대신증권 임수진 I 2024-04-17 매수 이제 패키지도 “내맘대로” 가는 시대 현대차증권 김현용,윤서영 I 2024-04-09 N/R 코로나19 이전 대비 질적/양적 성장 중 SK증권 나승두 I 2024-03-27 매수 4분기 실적 Review 부국증권 이준규 I 2024-02-14 매수 Q, P, 순현금, 배당의 4중주 현대차증권 김현용,윤서영 I 2024-02-07 매수 예상보다 더 좋았던 실적과 수요, 그리고 특별 배당 하나증권 이기훈,황지원 I 2024-02-07 N/R 2023년 4분기 실적발표 해당기업 IR팀 I 2024-02-06 매수 실적에 배당을 더하다 부국증권 이준규 I 2024-01-29 매수 3분기 실적 Review 부국증권 이준규 I 2023-11-10 매수 드디어 면세점 사업 이전으로 회귀 하나증권 이기훈,황지원 I 2023-1"
039130::2024,039130,하나투어,SECONDARY_SUMMARY_ONLY,SECONDARY_SUMMARY_ONLY,200,https://m.irgo.co.kr/IR-COMP/039130,2024-05-09,,"iew 부국증권 이준규 I 2024-05-09 매수 여행주 대장, 찐 서프라이즈로 화답하다 현대차증권 김현용,윤서영 I 2024-05-09 매수 3개 분기 연속 실적 서프라이즈 하나증권 이기훈,황지원 I 2024-05-09 매수 하반기 더 좋다 대신증권 임수진 I 2024-05-08 N/R 2024년 1분기 실적발표 해당기업 IR팀 I 2024-05-08 매수 특가 세일 중입니다 부국증권 이준규 I 2024-04-22 매수 다시 찾아온 기회 대신증권 임수진 I 2024-04-17 매수 이제 패키지도 “내맘대로” 가는 시대 현대차증권 김현용,윤서영 I 2024-04-09 N/R 코로나19 이전 대비 질적/양적 성장 중 SK증권 나승두 I 2024-03-27 매수 4분기 실적 Review 부국증권 이준규 I 2024-02-14 매수 Q, P, 순현금, 배당의 4중주 현대차증권 김현용,윤서영 I 2024-02-07 매수 예상보다 더 좋았던 실적과 수요, 그리고 특별 배당"
039130::2024,039130,하나투어,SECONDARY_SUMMARY_ONLY,SECONDARY_SUMMARY_ONLY,200,https://m.irgo.co.kr/IR-COMP/039130,2024-05-09,,"서프라이즈로 화답하다 현대차증권 김현용,윤서영 I 2024-05-09 매수 3개 분기 연속 실적 서프라이즈 하나증권 이기훈,황지원 I 2024-05-09 매수 하반기 더 좋다 대신증권 임수진 I 2024-05-08 N/R 2024년 1분기 실적발표 해당기업 IR팀 I 2024-05-08 매수 특가 세일 중입니다 부국증권 이준규 I 2024-04-22 매수 다시 찾아온 기회 대신증권 임수진 I 2024-04-17 매수 이제 패키지도 “내맘대로” 가는 시대 현대차증권 김현용,윤서영 I 2024-04-09 N/R 코로나19 이전 대비 질적/양적 성장 중 SK증권 나승두 I 2024-03-27 매수 4분기 실적 Review 부국증권 이준규 I 2024-02-14 매수 Q, P, 순현금, 배당의 4중주 현대차증권 김현용,윤서영 I 2024-02-07 매수 예상보다 더 좋았던 실적과 수요, 그리고 특별 배당 하나증권 이기훈,황지원 I 2024-02-07 N/R 2023년 4분"
039130::2024,039130,하나투어,SECONDARY_SUMMARY_ONLY,SECONDARY_SUMMARY_ONLY,200,https://m.irgo.co.kr/IR-COMP/039130,2024-05-09,,"속 실적 서프라이즈 하나증권 이기훈,황지원 I 2024-05-09 매수 하반기 더 좋다 대신증권 임수진 I 2024-05-08 N/R 2024년 1분기 실적발표 해당기업 IR팀 I 2024-05-08 매수 특가 세일 중입니다 부국증권 이준규 I 2024-04-22 매수 다시 찾아온 기회 대신증권 임수진 I 2024-04-17 매수 이제 패키지도 “내맘대로” 가는 시대 현대차증권 김현용,윤서영 I 2024-04-09 N/R 코로나19 이전 대비 질적/양적 성장 중 SK증권 나승두 I 2024-03-27 매수 4분기 실적 Review 부국증권 이준규 I 2024-02-14 매수 Q, P, 순현금, 배당의 4중주 현대차증권 김현용,윤서영 I 2024-02-07 매수 예상보다 더 좋았던 실적과 수요, 그리고 특별 배당 하나증권 이기훈,황지원 I 2024-02-07 N/R 2023년 4분기 실적발표 해당기업 IR팀 I 2024-02-06 매수 실적에 배당을 더하다 부국증권"
039130::2024,039130,하나투어,SECONDARY_SUMMARY_ONLY,SECONDARY_SUMMARY_ONLY,200,https://m.irgo.co.kr/IR-COMP/039130,2024-05-13,,"26년까지 지속될 전망 대신증권 임수진 I 2024-05-13 매수 1분기 실적 Review 부국증권 이준규 I 2024-05-09 매수 여행주 대장, 찐 서프라이즈로 화답하다 현대차증권 김현용,윤서영 I 2024-05-09 매수 3개 분기 연속 실적 서프라이즈 하나증권 이기훈,황지원 I 2024-05-09 매수 하반기 더 좋다 대신증권 임수진 I 2024-05-08 N/R 2024년 1분기 실적발표 해당기업 IR팀 I 2024-05-08 매수 특가 세일 중입니다 부국증권 이준규 I 2024-04-22 매수 다시 찾아온 기회 대신증권 임수진 I 2024-04-17 매수 이제 패키지도 “내맘대로” 가는 시대 현대차증권 김현용,윤서영 I 2024-04-09 N/R 코로나19 이전 대비 질적/양적 성장 중 SK증권 나승두 I 2024-03-27 매수 4분기 실적 Review 부국증권 이준규 I 2024-02-14 매수 Q, P, 순현금, 배당의 4중주 현대차증권 김현용"
039130::2024,039130,하나투어,SECONDARY_SUMMARY_ONLY,SECONDARY_SUMMARY_ONLY,200,https://m.irgo.co.kr/IR-COMP/039130,2024-05-16,,"인 비중 70%까지 간다 현대차증권 김현용,윤서영 I 2024-05-16 매수 이익 고성장세 26년까지 지속될 전망 대신증권 임수진 I 2024-05-13 매수 1분기 실적 Review 부국증권 이준규 I 2024-05-09 매수 여행주 대장, 찐 서프라이즈로 화답하다 현대차증권 김현용,윤서영 I 2024-05-09 매수 3개 분기 연속 실적 서프라이즈 하나증권 이기훈,황지원 I 2024-05-09 매수 하반기 더 좋다 대신증권 임수진 I 2024-05-08 N/R 2024년 1분기 실적발표 해당기업 IR팀 I 2024-05-08 매수 특가 세일 중입니다 부국증권 이준규 I 2024-04-22 매수 다시 찾아온 기회 대신증권 임수진 I 2024-04-17 매수 이제 패키지도 “내맘대로” 가는 시대 현대차증권 김현용,윤서영 I 2024-04-09 N/R 코로나19 이전 대비 질적/양적 성장 중 SK증권 나승두 I 2024-03-27 매수 4분기 실적 Review 부국"
039130::2024,039130,하나투어,SECONDARY_SUMMARY_ONLY,SECONDARY_SUMMARY_ONLY,200,https://m.irgo.co.kr/IR-COMP/039130,2024-05-20,,"대신증권 임수진 I 2024-05-20 매수 ˝내맘대로˝ 온라인 비중 70%까지 간다 현대차증권 김현용,윤서영 I 2024-05-16 매수 이익 고성장세 26년까지 지속될 전망 대신증권 임수진 I 2024-05-13 매수 1분기 실적 Review 부국증권 이준규 I 2024-05-09 매수 여행주 대장, 찐 서프라이즈로 화답하다 현대차증권 김현용,윤서영 I 2024-05-09 매수 3개 분기 연속 실적 서프라이즈 하나증권 이기훈,황지원 I 2024-05-09 매수 하반기 더 좋다 대신증권 임수진 I 2024-05-08 N/R 2024년 1분기 실적발표 해당기업 IR팀 I 2024-05-08 매수 특가 세일 중입니다 부국증권 이준규 I 2024-04-22 매수 다시 찾아온 기회 대신증권 임수진 I 2024-04-17 매수 이제 패키지도 “내맘대로” 가는 시대 현대차증권 김현용,윤서영 I 2024-04-09 N/R 코로나19 이전 대비 질적/양적 성장 중 SK증권 나"
039130::2024,039130,하나투어,SECONDARY_SUMMARY_ONLY,SECONDARY_SUMMARY_ONLY,200,https://m.irgo.co.kr/IR-COMP/039130,2024-06-18,"{""OE"": [""효율""]}","1 N/R 중고가 패키지상품은 잘 팔리고~효율성도 증가하고! 리딩투자증권 유성만 I 2024-06-18 매수 1분기 서프라이즈는 시작일 뿐 대신증권 임수진 I 2024-05-20 매수 ˝내맘대로˝ 온라인 비중 70%까지 간다 현대차증권 김현용,윤서영 I 2024-05-16 매수 이익 고성장세 26년까지 지속될 전망 대신증권 임수진 I 2024-05-13 매수 1분기 실적 Review 부국증권 이준규 I 2024-05-09 매수 여행주 대장, 찐 서프라이즈로 화답하다 현대차증권 김현용,윤서영 I 2024-05-09 매수 3개 분기 연속 실적 서프라이즈 하나증권 이기훈,황지원 I 2024-05-09 매수 하반기 더 좋다 대신증권 임수진 I 2024-05-08 N/R 2024년 1분기 실적발표 해당기업 IR팀 I 2024-05-08 매수 특가 세일 중입니다 부국증권 이준규 I 2024-04-22 매수 다시 찾아온 기회 대신증권 임수진 I 2024-04-17 매수 이제 패"
039130::2024,039130,하나투어,SECONDARY_SUMMARY_ONLY,SECONDARY_SUMMARY_ONLY,200,https://m.irgo.co.kr/IR-COMP/039130,2024-06-18,,"유성만 I 2024-06-18 매수 1분기 서프라이즈는 시작일 뿐 대신증권 임수진 I 2024-05-20 매수 ˝내맘대로˝ 온라인 비중 70%까지 간다 현대차증권 김현용,윤서영 I 2024-05-16 매수 이익 고성장세 26년까지 지속될 전망 대신증권 임수진 I 2024-05-13 매수 1분기 실적 Review 부국증권 이준규 I 2024-05-09 매수 여행주 대장, 찐 서프라이즈로 화답하다 현대차증권 김현용,윤서영 I 2024-05-09 매수 3개 분기 연속 실적 서프라이즈 하나증권 이기훈,황지원 I 2024-05-09 매수 하반기 더 좋다 대신증권 임수진 I 2024-05-08 N/R 2024년 1분기 실적발표 해당기업 IR팀 I 2024-05-08 매수 특가 세일 중입니다 부국증권 이준규 I 2024-04-22 매수 다시 찾아온 기회 대신증권 임수진 I 2024-04-17 매수 이제 패키지도 “내맘대로” 가는 시대 현대차증권 김현용,윤서영 I 2024-04-"
039130::2024,039130,하나투어,SECONDARY_SUMMARY_ONLY,SECONDARY_SUMMARY_ONLY,200,https://m.irgo.co.kr/IR-COMP/039130,2024-07-01,"{""OE"": [""효율""]}","여행은 죽지 않아요 다올투자증권 김혜영 I 2024-07-01 N/R 중고가 패키지상품은 잘 팔리고~효율성도 증가하고! 리딩투자증권 유성만 I 2024-06-18 매수 1분기 서프라이즈는 시작일 뿐 대신증권 임수진 I 2024-05-20 매수 ˝내맘대로˝ 온라인 비중 70%까지 간다 현대차증권 김현용,윤서영 I 2024-05-16 매수 이익 고성장세 26년까지 지속될 전망 대신증권 임수진 I 2024-05-13 매수 1분기 실적 Review 부국증권 이준규 I 2024-05-09 매수 여행주 대장, 찐 서프라이즈로 화답하다 현대차증권 김현용,윤서영 I 2024-05-09 매수 3개 분기 연속 실적 서프라이즈 하나증권 이기훈,황지원 I 2024-05-09 매수 하반기 더 좋다 대신증권 임수진 I 2024-05-08 N/R 2024년 1분기 실적발표 해당기업 IR팀 I 2024-05-08 매수 특가 세일 중입니다 부국증권 이준규 I 2024-04-22 매수 다시 찾아"
039130::2024,039130,하나투어,SECONDARY_SUMMARY_ONLY,SECONDARY_SUMMARY_ONLY,200,https://m.irgo.co.kr/IR-COMP/039130,2024-07-15,"{""OE"": [""효율""]}","-29 매수 하반기부터 성장 재개 부국증권 이준규 I 2024-07-15 매수 패키지 여행은 죽지 않아요 다올투자증권 김혜영 I 2024-07-01 N/R 중고가 패키지상품은 잘 팔리고~효율성도 증가하고! 리딩투자증권 유성만 I 2024-06-18 매수 1분기 서프라이즈는 시작일 뿐 대신증권 임수진 I 2024-05-20 매수 ˝내맘대로˝ 온라인 비중 70%까지 간다 현대차증권 김현용,윤서영 I 2024-05-16 매수 이익 고성장세 26년까지 지속될 전망 대신증권 임수진 I 2024-05-13 매수 1분기 실적 Review 부국증권 이준규 I 2024-05-09 매수 여행주 대장, 찐 서프라이즈로 화답하다 현대차증권 김현용,윤서영 I 2024-05-09 매수 3개 분기 연속 실적 서프라이즈 하나증권 이기훈,황지원 I 2024-05-09 매수 하반기 더 좋다 대신증권 임수진 I 2024-05-08 N/R 2024년 1분기 실적발표 해당기업 IR팀 I 2024-05-"
039130::2024,039130,하나투어,SECONDARY_SUMMARY_ONLY,SECONDARY_SUMMARY_ONLY,200,https://m.irgo.co.kr/IR-COMP/039130,2024-08-06,"{""OE"": [""효율""]}","IR팀 I 2024-08-06 매수 부정적인 업황에도 견고 대신증권 임수진 I 2024-07-29 매수 하반기부터 성장 재개 부국증권 이준규 I 2024-07-15 매수 패키지 여행은 죽지 않아요 다올투자증권 김혜영 I 2024-07-01 N/R 중고가 패키지상품은 잘 팔리고~효율성도 증가하고! 리딩투자증권 유성만 I 2024-06-18 매수 1분기 서프라이즈는 시작일 뿐 대신증권 임수진 I 2024-05-20 매수 ˝내맘대로˝ 온라인 비중 70%까지 간다 현대차증권 김현용,윤서영 I 2024-05-16 매수 이익 고성장세 26년까지 지속될 전망 대신증권 임수진 I 2024-05-13 매수 1분기 실적 Review 부국증권 이준규 I 2024-05-09 매수 여행주 대장, 찐 서프라이즈로 화답하다 현대차증권 김현용,윤서영 I 2024-05-09 매수 3개 분기 연속 실적 서프라이즈 하나증권 이기훈,황지원 I 2024-05-09 매수 하반기 더 좋다 대신증권 임수진"
039130::2024,039130,하나투어,SECONDARY_SUMMARY_ONLY,SECONDARY_SUMMARY_ONLY,200,https://m.irgo.co.kr/IR-COMP/039130,2024-08-07,"{""OE"": [""비용"", ""효율""]}","2024-08-07 매수 티몬 및 위메프 관련 비용 모두 반영 하나증권 이기훈,황지원 I 2024-08-07 N/R 2024년 2분기 실적발표 해당기업 IR팀 I 2024-08-06 매수 부정적인 업황에도 견고 대신증권 임수진 I 2024-07-29 매수 하반기부터 성장 재개 부국증권 이준규 I 2024-07-15 매수 패키지 여행은 죽지 않아요 다올투자증권 김혜영 I 2024-07-01 N/R 중고가 패키지상품은 잘 팔리고~효율성도 증가하고! 리딩투자증권 유성만 I 2024-06-18 매수 1분기 서프라이즈는 시작일 뿐 대신증권 임수진 I 2024-05-20 매수 ˝내맘대로˝ 온라인 비중 70%까지 간다 현대차증권 김현용,윤서영 I 2024-05-16 매수 이익 고성장세 26년까지 지속될 전망 대신증권 임수진 I 2024-05-13 매수 1분기 실적 Review 부국증권 이준규 I 2024-05-09 매수 여행주 대장, 찐 서프라이즈로 화답하다 현대차증권 김현용"
039130::2024,039130,하나투어,SECONDARY_SUMMARY_ONLY,SECONDARY_SUMMARY_ONLY,200,https://m.irgo.co.kr/IR-COMP/039130,2024-08-07,"{""OE"": [""비용"", ""효율""]}","증권 이준규 I 2024-08-07 매수 티메프 대손 전액 반영으로 3Q는 홀가분 현대차증권 김현용 I 2024-08-07 매수 액땜 끝, 성수기 시작 대신증권 임수진 I 2024-08-07 매수 티몬 및 위메프 관련 비용 모두 반영 하나증권 이기훈,황지원 I 2024-08-07 N/R 2024년 2분기 실적발표 해당기업 IR팀 I 2024-08-06 매수 부정적인 업황에도 견고 대신증권 임수진 I 2024-07-29 매수 하반기부터 성장 재개 부국증권 이준규 I 2024-07-15 매수 패키지 여행은 죽지 않아요 다올투자증권 김혜영 I 2024-07-01 N/R 중고가 패키지상품은 잘 팔리고~효율성도 증가하고! 리딩투자증권 유성만 I 2024-06-18 매수 1분기 서프라이즈는 시작일 뿐 대신증권 임수진 I 2024-05-20 매수 ˝내맘대로˝ 온라인 비중 70%까지 간다 현대차증권 김현용,윤서영 I 2024-05-16 매수 이익 고성장세 26년까지 지속될 전망"
039130::2024,039130,하나투어,SECONDARY_SUMMARY_ONLY,SECONDARY_SUMMARY_ONLY,200,https://m.irgo.co.kr/IR-COMP/039130,2024-08-07,"{""OE"": [""효율""]}","지원 I 2024-08-07 N/R 2024년 2분기 실적발표 해당기업 IR팀 I 2024-08-06 매수 부정적인 업황에도 견고 대신증권 임수진 I 2024-07-29 매수 하반기부터 성장 재개 부국증권 이준규 I 2024-07-15 매수 패키지 여행은 죽지 않아요 다올투자증권 김혜영 I 2024-07-01 N/R 중고가 패키지상품은 잘 팔리고~효율성도 증가하고! 리딩투자증권 유성만 I 2024-06-18 매수 1분기 서프라이즈는 시작일 뿐 대신증권 임수진 I 2024-05-20 매수 ˝내맘대로˝ 온라인 비중 70%까지 간다 현대차증권 김현용,윤서영 I 2024-05-16 매수 이익 고성장세 26년까지 지속될 전망 대신증권 임수진 I 2024-05-13 매수 1분기 실적 Review 부국증권 이준규 I 2024-05-09 매수 여행주 대장, 찐 서프라이즈로 화답하다 현대차증권 김현용,윤서영 I 2024-05-09 매수 3개 분기 연속 실적 서프라이즈 하나증권 이기"
039130::2024,039130,하나투어,SECONDARY_SUMMARY_ONLY,SECONDARY_SUMMARY_ONLY,200,https://m.irgo.co.kr/IR-COMP/039130,2024-08-07,"{""OE"": [""비용"", ""효율""]}","홀가분 현대차증권 김현용 I 2024-08-07 매수 액땜 끝, 성수기 시작 대신증권 임수진 I 2024-08-07 매수 티몬 및 위메프 관련 비용 모두 반영 하나증권 이기훈,황지원 I 2024-08-07 N/R 2024년 2분기 실적발표 해당기업 IR팀 I 2024-08-06 매수 부정적인 업황에도 견고 대신증권 임수진 I 2024-07-29 매수 하반기부터 성장 재개 부국증권 이준규 I 2024-07-15 매수 패키지 여행은 죽지 않아요 다올투자증권 김혜영 I 2024-07-01 N/R 중고가 패키지상품은 잘 팔리고~효율성도 증가하고! 리딩투자증권 유성만 I 2024-06-18 매수 1분기 서프라이즈는 시작일 뿐 대신증권 임수진 I 2024-05-20 매수 ˝내맘대로˝ 온라인 비중 70%까지 간다 현대차증권 김현용,윤서영 I 2024-05-16 매수 이익 고성장세 26년까지 지속될 전망 대신증권 임수진 I 2024-05-13 매수 1분기 실적 Review 부국증"
039130::2024,039130,하나투어,SECONDARY_SUMMARY_ONLY,SECONDARY_SUMMARY_ONLY,200,https://m.irgo.co.kr/IR-COMP/039130,2024-09-27,"{""OE"": [""비용"", ""효율""]}","준비는 마쳤다 한국투자증권 홍예림,최고운 I 2024-09-27 매수 2분기 실적 Review 부국증권 이준규 I 2024-08-07 매수 티메프 대손 전액 반영으로 3Q는 홀가분 현대차증권 김현용 I 2024-08-07 매수 액땜 끝, 성수기 시작 대신증권 임수진 I 2024-08-07 매수 티몬 및 위메프 관련 비용 모두 반영 하나증권 이기훈,황지원 I 2024-08-07 N/R 2024년 2분기 실적발표 해당기업 IR팀 I 2024-08-06 매수 부정적인 업황에도 견고 대신증권 임수진 I 2024-07-29 매수 하반기부터 성장 재개 부국증권 이준규 I 2024-07-15 매수 패키지 여행은 죽지 않아요 다올투자증권 김혜영 I 2024-07-01 N/R 중고가 패키지상품은 잘 팔리고~효율성도 증가하고! 리딩투자증권 유성만 I 2024-06-18 매수 1분기 서프라이즈는 시작일 뿐 대신증권 임수진 I 2024-05-20 매수 ˝내맘대로˝ 온라인 비중 70%까"
039130::2024,039130,하나투어,SECONDARY_SUMMARY_ONLY,SECONDARY_SUMMARY_ONLY,200,https://m.irgo.co.kr/IR-COMP/039130,2024-10-08,"{""OE"": [""비용"", ""효율""]}","수요 창출로 돌파구 현대차증권 김현용 I 2024-10-08 N/R 반등할 준비는 마쳤다 한국투자증권 홍예림,최고운 I 2024-09-27 매수 2분기 실적 Review 부국증권 이준규 I 2024-08-07 매수 티메프 대손 전액 반영으로 3Q는 홀가분 현대차증권 김현용 I 2024-08-07 매수 액땜 끝, 성수기 시작 대신증권 임수진 I 2024-08-07 매수 티몬 및 위메프 관련 비용 모두 반영 하나증권 이기훈,황지원 I 2024-08-07 N/R 2024년 2분기 실적발표 해당기업 IR팀 I 2024-08-06 매수 부정적인 업황에도 견고 대신증권 임수진 I 2024-07-29 매수 하반기부터 성장 재개 부국증권 이준규 I 2024-07-15 매수 패키지 여행은 죽지 않아요 다올투자증권 김혜영 I 2024-07-01 N/R 중고가 패키지상품은 잘 팔리고~효율성도 증가하고! 리딩투자증권 유성만 I 2024-06-18 매수 1분기 서프라이즈는 시작일 뿐 대"
039130::2024,039130,하나투어,SECONDARY_SUMMARY_ONLY,SECONDARY_SUMMARY_ONLY,200,https://m.irgo.co.kr/IR-COMP/039130,2024-11-05,"{""OE"": [""마진"", ""비용""]}","당기업 IR팀 I 2024-11-05 N/R 2024년 3분기 실적발표 해당기업 IR팀 I 2024-11-05 매수 마진 하락한 3Q, 수요 창출로 돌파구 현대차증권 김현용 I 2024-10-08 N/R 반등할 준비는 마쳤다 한국투자증권 홍예림,최고운 I 2024-09-27 매수 2분기 실적 Review 부국증권 이준규 I 2024-08-07 매수 티메프 대손 전액 반영으로 3Q는 홀가분 현대차증권 김현용 I 2024-08-07 매수 액땜 끝, 성수기 시작 대신증권 임수진 I 2024-08-07 매수 티몬 및 위메프 관련 비용 모두 반영 하나증권 이기훈,황지원 I 2024-08-07 N/R 2024년 2분기 실적발표 해당기업 IR팀 I 2024-08-06 매수 부정적인 업황에도 견고 대신증권 임수진 I 2024-07-29 매수 하반기부터 성장 재개 부국증권 이준규 I 2024-07-15 매수 패키지 여행은 죽지 않아요 다올투자증권 김혜영 I 2024-07-01 N/"
039130::2024,039130,하나투어,SECONDARY_SUMMARY_ONLY,SECONDARY_SUMMARY_ONLY,200,https://m.irgo.co.kr/IR-COMP/039130,2024-11-05,"{""OE"": [""마진"", ""비용"", ""효율""]}","표 해당기업 IR팀 I 2024-11-05 매수 마진 하락한 3Q, 수요 창출로 돌파구 현대차증권 김현용 I 2024-10-08 N/R 반등할 준비는 마쳤다 한국투자증권 홍예림,최고운 I 2024-09-27 매수 2분기 실적 Review 부국증권 이준규 I 2024-08-07 매수 티메프 대손 전액 반영으로 3Q는 홀가분 현대차증권 김현용 I 2024-08-07 매수 액땜 끝, 성수기 시작 대신증권 임수진 I 2024-08-07 매수 티몬 및 위메프 관련 비용 모두 반영 하나증권 이기훈,황지원 I 2024-08-07 N/R 2024년 2분기 실적발표 해당기업 IR팀 I 2024-08-06 매수 부정적인 업황에도 견고 대신증권 임수진 I 2024-07-29 매수 하반기부터 성장 재개 부국증권 이준규 I 2024-07-15 매수 패키지 여행은 죽지 않아요 다올투자증권 김혜영 I 2024-07-01 N/R 중고가 패키지상품은 잘 팔리고~효율성도 증가하고! 리딩투자증권 유"
039130::2024,039130,하나투어,SECONDARY_SUMMARY_ONLY,SECONDARY_SUMMARY_ONLY,200,https://m.irgo.co.kr/IR-COMP/039130,2024-11-06,"{""OE"": [""마진"", ""비용""]}","2024-11-06 N/R 2024.3Q Earnings Release 해당기업 IR팀 I 2024-11-05 N/R 2024년 3분기 실적발표 해당기업 IR팀 I 2024-11-05 매수 마진 하락한 3Q, 수요 창출로 돌파구 현대차증권 김현용 I 2024-10-08 N/R 반등할 준비는 마쳤다 한국투자증권 홍예림,최고운 I 2024-09-27 매수 2분기 실적 Review 부국증권 이준규 I 2024-08-07 매수 티메프 대손 전액 반영으로 3Q는 홀가분 현대차증권 김현용 I 2024-08-07 매수 액땜 끝, 성수기 시작 대신증권 임수진 I 2024-08-07 매수 티몬 및 위메프 관련 비용 모두 반영 하나증권 이기훈,황지원 I 2024-08-07 N/R 2024년 2분기 실적발표 해당기업 IR팀 I 2024-08-06 매수 부정적인 업황에도 견고 대신증권 임수진 I 2024-07-29 매수 하반기부터 성장 재개 부국증권 이준규 I 2024-07-15 매수"
039130::2024,039130,하나투어,SECONDARY_SUMMARY_ONLY,SECONDARY_SUMMARY_ONLY,200,https://m.irgo.co.kr/IR-COMP/039130,2024-11-06,"{""OE"": [""마진"", ""비용""]}","2024-11-06 매수 2025년에는 40% 내외 증익 전망 하나증권 이기훈,김현수 I 2024-11-06 N/R 2024.3Q Earnings Release 해당기업 IR팀 I 2024-11-05 N/R 2024년 3분기 실적발표 해당기업 IR팀 I 2024-11-05 매수 마진 하락한 3Q, 수요 창출로 돌파구 현대차증권 김현용 I 2024-10-08 N/R 반등할 준비는 마쳤다 한국투자증권 홍예림,최고운 I 2024-09-27 매수 2분기 실적 Review 부국증권 이준규 I 2024-08-07 매수 티메프 대손 전액 반영으로 3Q는 홀가분 현대차증권 김현용 I 2024-08-07 매수 액땜 끝, 성수기 시작 대신증권 임수진 I 2024-08-07 매수 티몬 및 위메프 관련 비용 모두 반영 하나증권 이기훈,황지원 I 2024-08-07 N/R 2024년 2분기 실적발표 해당기업 IR팀 I 2024-08-06 매수 부정적인 업황에도 견고 대신증권 임수진 I 2"
039130::2024,039130,하나투어,SECONDARY_SUMMARY_ONLY,SECONDARY_SUMMARY_ONLY,200,https://m.irgo.co.kr/IR-COMP/039130,2024-11-06,"{""OE"": [""마진"", ""비용""]}","쉬웠던 3분기 실적, 그래도 4분기 다시 성장세 대신증권 임수진 I 2024-11-06 매수 2025년에는 40% 내외 증익 전망 하나증권 이기훈,김현수 I 2024-11-06 N/R 2024.3Q Earnings Release 해당기업 IR팀 I 2024-11-05 N/R 2024년 3분기 실적발표 해당기업 IR팀 I 2024-11-05 매수 마진 하락한 3Q, 수요 창출로 돌파구 현대차증권 김현용 I 2024-10-08 N/R 반등할 준비는 마쳤다 한국투자증권 홍예림,최고운 I 2024-09-27 매수 2분기 실적 Review 부국증권 이준규 I 2024-08-07 매수 티메프 대손 전액 반영으로 3Q는 홀가분 현대차증권 김현용 I 2024-08-07 매수 액땜 끝, 성수기 시작 대신증권 임수진 I 2024-08-07 매수 티몬 및 위메프 관련 비용 모두 반영 하나증권 이기훈,황지원 I 2024-08-07 N/R 2024년 2분기 실적발표 해당기업 IR팀 I 2"
039130::2024,039130,하나투어,SECONDARY_SUMMARY_ONLY,SECONDARY_SUMMARY_ONLY,200,https://m.irgo.co.kr/IR-COMP/039130,2024-11-06,"{""OE"": [""마진"", ""비용""]}","추정치 부합! 중국과 함께 비상 꿈꾼다 현대차증권 김현용 I 2024-11-06 매수 아쉬웠던 3분기 실적, 그래도 4분기 다시 성장세 대신증권 임수진 I 2024-11-06 매수 2025년에는 40% 내외 증익 전망 하나증권 이기훈,김현수 I 2024-11-06 N/R 2024.3Q Earnings Release 해당기업 IR팀 I 2024-11-05 N/R 2024년 3분기 실적발표 해당기업 IR팀 I 2024-11-05 매수 마진 하락한 3Q, 수요 창출로 돌파구 현대차증권 김현용 I 2024-10-08 N/R 반등할 준비는 마쳤다 한국투자증권 홍예림,최고운 I 2024-09-27 매수 2분기 실적 Review 부국증권 이준규 I 2024-08-07 매수 티메프 대손 전액 반영으로 3Q는 홀가분 현대차증권 김현용 I 2024-08-07 매수 액땜 끝, 성수기 시작 대신증권 임수진 I 2024-08-07 매수 티몬 및 위메프 관련 비용 모두 반영 하나증권 이기훈"
039130::2024,039130,하나투어,SECONDARY_SUMMARY_ONLY,SECONDARY_SUMMARY_ONLY,200,https://m.irgo.co.kr/IR-COMP/039130,2024-11-19,"{""OE"": [""마진""]}","매력적인 배당 기대 대신증권 임수진 I 2024-11-19 매수 3Q 추정치 부합! 중국과 함께 비상 꿈꾼다 현대차증권 김현용 I 2024-11-06 매수 아쉬웠던 3분기 실적, 그래도 4분기 다시 성장세 대신증권 임수진 I 2024-11-06 매수 2025년에는 40% 내외 증익 전망 하나증권 이기훈,김현수 I 2024-11-06 N/R 2024.3Q Earnings Release 해당기업 IR팀 I 2024-11-05 N/R 2024년 3분기 실적발표 해당기업 IR팀 I 2024-11-05 매수 마진 하락한 3Q, 수요 창출로 돌파구 현대차증권 김현용 I 2024-10-08 N/R 반등할 준비는 마쳤다 한국투자증권 홍예림,최고운 I 2024-09-27 매수 2분기 실적 Review 부국증권 이준규 I 2024-08-07 매수 티메프 대손 전액 반영으로 3Q는 홀가분 현대차증권 김현용 I 2024-08-07 매수 액땜 끝, 성수기 시작 대신증권 임수진 I 2024"
039130::2024,039130,하나투어,SECONDARY_SUMMARY_ONLY,SECONDARY_SUMMARY_ONLY,200,https://m.irgo.co.kr/IR-COMP/039130,2024-11-22,"{""OE"": [""마진""]}","행 현대차증권 김현용 I 2024-11-22 매수 2025년 양호한 이익성장과 매력적인 배당 기대 대신증권 임수진 I 2024-11-19 매수 3Q 추정치 부합! 중국과 함께 비상 꿈꾼다 현대차증권 김현용 I 2024-11-06 매수 아쉬웠던 3분기 실적, 그래도 4분기 다시 성장세 대신증권 임수진 I 2024-11-06 매수 2025년에는 40% 내외 증익 전망 하나증권 이기훈,김현수 I 2024-11-06 N/R 2024.3Q Earnings Release 해당기업 IR팀 I 2024-11-05 N/R 2024년 3분기 실적발표 해당기업 IR팀 I 2024-11-05 매수 마진 하락한 3Q, 수요 창출로 돌파구 현대차증권 김현용 I 2024-10-08 N/R 반등할 준비는 마쳤다 한국투자증권 홍예림,최고운 I 2024-09-27 매수 2분기 실적 Review 부국증권 이준규 I 2024-08-07 매수 티메프 대손 전액 반영으로 3Q는 홀가분 현대차증권 김현용"
039130::2024,039130,하나투어,SECONDARY_SUMMARY_ONLY,SECONDARY_SUMMARY_ONLY,200,https://m.irgo.co.kr/IR-COMP/039130,2024-11-27,"{""OE"": [""마진""]}","권 김혜영 I 2024-11-27 매수 Not only 패키지, But also 자유여행 현대차증권 김현용 I 2024-11-22 매수 2025년 양호한 이익성장과 매력적인 배당 기대 대신증권 임수진 I 2024-11-19 매수 3Q 추정치 부합! 중국과 함께 비상 꿈꾼다 현대차증권 김현용 I 2024-11-06 매수 아쉬웠던 3분기 실적, 그래도 4분기 다시 성장세 대신증권 임수진 I 2024-11-06 매수 2025년에는 40% 내외 증익 전망 하나증권 이기훈,김현수 I 2024-11-06 N/R 2024.3Q Earnings Release 해당기업 IR팀 I 2024-11-05 N/R 2024년 3분기 실적발표 해당기업 IR팀 I 2024-11-05 매수 마진 하락한 3Q, 수요 창출로 돌파구 현대차증권 김현용 I 2024-10-08 N/R 반등할 준비는 마쳤다 한국투자증권 홍예림,최고운 I 2024-09-27 매수 2분기 실적 Review 부국증권 이준규 I"
039130::2024,039130,하나투어,SECONDARY_SUMMARY_ONLY,SECONDARY_SUMMARY_ONLY,200,https://m.irgo.co.kr/IR-COMP/039130,2024-11-29,"{""CX"": [""보수적""]}","/R 2024년 4분기 실적발표 해당기업 IR팀 I 2025-02-11 매수 단기 압박에도 강화된 투자포인트 신한투자증권 지인해,김지영 I 2025-01-09 매수 4분기 보수적으로 봐도 전분기비 증익 예상 현대차증권 김현용 I 2025-01-07 매수 밍글링 투어, 아직도 모르니? 현대차증권 김현용 I 2025-01-06 매수 4Q ASP 감소세로 컨센 하회 전망 대신증권 임수진 I 2025-01-03 매수 독보적인 실적 입증 신한투자증권 지인해,김지영 I 2024-11-29 매수 NDFR 후기: 넝쿨째 굴러온 중국 다올투자증권 김혜영 I 2024-11-27 매수 Not only 패키지, But also 자유여행 현대차증권 김현용 I 2024-11-22 매수 2025년 양호한 이익성장과 매력적인 배당 기대 대신증권 임수진 I 2024-11-19 매수 3Q 추정치 부합! 중국과 함께 비상 꿈꾼다 현대차증권 김현용 I 2024-11-06 매수 아쉬웠던 3분기 실적,"
039130::2024,039130,하나투어,SECONDARY_SUMMARY_ONLY,SECONDARY_SUMMARY_ONLY,200,https://m.irgo.co.kr/IR-COMP/039130,2024-11-29,"{""CX"": [""보수적""]}","2 N/R 2024.4Q Earnings Release 해당기업 IR팀 I 2025-02-11 N/R 2024년 4분기 실적발표 해당기업 IR팀 I 2025-02-11 매수 단기 압박에도 강화된 투자포인트 신한투자증권 지인해,김지영 I 2025-01-09 매수 4분기 보수적으로 봐도 전분기비 증익 예상 현대차증권 김현용 I 2025-01-07 매수 밍글링 투어, 아직도 모르니? 현대차증권 김현용 I 2025-01-06 매수 4Q ASP 감소세로 컨센 하회 전망 대신증권 임수진 I 2025-01-03 매수 독보적인 실적 입증 신한투자증권 지인해,김지영 I 2024-11-29 매수 NDFR 후기: 넝쿨째 굴러온 중국 다올투자증권 김혜영 I 2024-11-27 매수 Not only 패키지, But also 자유여행 현대차증권 김현용 I 2024-11-22 매수 2025년 양호한 이익성장과 매력적인 배당 기대 대신증권 임수진 I 2024-11-19 매수 3Q 추정치 부합!"
039130::2024,039130,하나투어,SECONDARY_SUMMARY_ONLY,SECONDARY_SUMMARY_ONLY,200,https://m.irgo.co.kr/IR-COMP/039130,2024-11-29,"{""OE"": [""마진""]}","I 2024-11-29 매수 NDFR 후기: 넝쿨째 굴러온 중국 다올투자증권 김혜영 I 2024-11-27 매수 Not only 패키지, But also 자유여행 현대차증권 김현용 I 2024-11-22 매수 2025년 양호한 이익성장과 매력적인 배당 기대 대신증권 임수진 I 2024-11-19 매수 3Q 추정치 부합! 중국과 함께 비상 꿈꾼다 현대차증권 김현용 I 2024-11-06 매수 아쉬웠던 3분기 실적, 그래도 4분기 다시 성장세 대신증권 임수진 I 2024-11-06 매수 2025년에는 40% 내외 증익 전망 하나증권 이기훈,김현수 I 2024-11-06 N/R 2024.3Q Earnings Release 해당기업 IR팀 I 2024-11-05 N/R 2024년 3분기 실적발표 해당기업 IR팀 I 2024-11-05 매수 마진 하락한 3Q, 수요 창출로 돌파구 현대차증권 김현용 I 2024-10-08 N/R 반등할 준비는 마쳤다 한국투자증권 홍예림,최고운"
039130::2024,039130,하나투어,SECONDARY_SUMMARY_ONLY,SECONDARY_SUMMARY_ONLY,200,https://m.irgo.co.kr/IR-COMP/039130,2024-11-29,"{""CX"": [""보수적""]}","국 무비자와 2번의 황금 연휴가 있는 해 하나증권 이기훈,김현수 I 2025-02-12 N/R 2024.4Q Earnings Release 해당기업 IR팀 I 2025-02-11 N/R 2024년 4분기 실적발표 해당기업 IR팀 I 2025-02-11 매수 단기 압박에도 강화된 투자포인트 신한투자증권 지인해,김지영 I 2025-01-09 매수 4분기 보수적으로 봐도 전분기비 증익 예상 현대차증권 김현용 I 2025-01-07 매수 밍글링 투어, 아직도 모르니? 현대차증권 김현용 I 2025-01-06 매수 4Q ASP 감소세로 컨센 하회 전망 대신증권 임수진 I 2025-01-03 매수 독보적인 실적 입증 신한투자증권 지인해,김지영 I 2024-11-29 매수 NDFR 후기: 넝쿨째 굴러온 중국 다올투자증권 김혜영 I 2024-11-27 매수 Not only 패키지, But also 자유여행 현대차증권 김현용 I 2024-11-22 매수 2025년 양호한 이익성장과"
039130::2024,039130,하나투어,SECONDARY_SUMMARY_ONLY,SECONDARY_SUMMARY_ONLY,200,https://m.irgo.co.kr/IR-COMP/039130,2024-11-29,,"니? 현대차증권 김현용 I 2025-01-06 매수 4Q ASP 감소세로 컨센 하회 전망 대신증권 임수진 I 2025-01-03 매수 독보적인 실적 입증 신한투자증권 지인해,김지영 I 2024-11-29 매수 NDFR 후기: 넝쿨째 굴러온 중국 다올투자증권 김혜영 I 2024-11-27 매수 Not only 패키지, But also 자유여행 현대차증권 김현용 I 2024-11-22 매수 2025년 양호한 이익성장과 매력적인 배당 기대 대신증권 임수진 I 2024-11-19 매수 3Q 추정치 부합! 중국과 함께 비상 꿈꾼다 현대차증권 김현용 I 2024-11-06 매수 아쉬웠던 3분기 실적, 그래도 4분기 다시 성장세 대신증권 임수진 I 2024-11-06 매수 2025년에는 40% 내외 증익 전망 하나증권 이기훈,김현수 I 2024-11-06 N/R 2024.3Q Earnings Release 해당기업 IR팀 I 2024-11-05 N/R 2024년 3분기 실적발표"
039130::2024,039130,하나투어,SECONDARY_SUMMARY_ONLY,SECONDARY_SUMMARY_ONLY,200,https://m.irgo.co.kr/IR-COMP/039130,2024-11-29,"{""OE"": [""마진""]}","대신증권 임수진 I 2025-01-03 매수 독보적인 실적 입증 신한투자증권 지인해,김지영 I 2024-11-29 매수 NDFR 후기: 넝쿨째 굴러온 중국 다올투자증권 김혜영 I 2024-11-27 매수 Not only 패키지, But also 자유여행 현대차증권 김현용 I 2024-11-22 매수 2025년 양호한 이익성장과 매력적인 배당 기대 대신증권 임수진 I 2024-11-19 매수 3Q 추정치 부합! 중국과 함께 비상 꿈꾼다 현대차증권 김현용 I 2024-11-06 매수 아쉬웠던 3분기 실적, 그래도 4분기 다시 성장세 대신증권 임수진 I 2024-11-06 매수 2025년에는 40% 내외 증익 전망 하나증권 이기훈,김현수 I 2024-11-06 N/R 2024.3Q Earnings Release 해당기업 IR팀 I 2024-11-05 N/R 2024년 3분기 실적발표 해당기업 IR팀 I 2024-11-05 매수 마진 하락한 3Q, 수요 창출로 돌파구 현대"
039130::2024,039130,하나투어,SECONDARY_SUMMARY_ONLY,SECONDARY_SUMMARY_ONLY,200,https://m.irgo.co.kr/IR-COMP/039130,2024-11-29,,"도 전분기비 증익 예상 현대차증권 김현용 I 2025-01-07 매수 밍글링 투어, 아직도 모르니? 현대차증권 김현용 I 2025-01-06 매수 4Q ASP 감소세로 컨센 하회 전망 대신증권 임수진 I 2025-01-03 매수 독보적인 실적 입증 신한투자증권 지인해,김지영 I 2024-11-29 매수 NDFR 후기: 넝쿨째 굴러온 중국 다올투자증권 김혜영 I 2024-11-27 매수 Not only 패키지, But also 자유여행 현대차증권 김현용 I 2024-11-22 매수 2025년 양호한 이익성장과 매력적인 배당 기대 대신증권 임수진 I 2024-11-19 매수 3Q 추정치 부합! 중국과 함께 비상 꿈꾼다 현대차증권 김현용 I 2024-11-06 매수 아쉬웠던 3분기 실적, 그래도 4분기 다시 성장세 대신증권 임수진 I 2024-11-06 매수 2025년에는 40% 내외 증익 전망 하나증권 이기훈,김현수 I 2024-11-06 N/R 2024.3Q Earn"
039130::2024,039130,하나투어,SECONDARY_SUMMARY_ONLY,SECONDARY_SUMMARY_ONLY,200,https://m.irgo.co.kr/IR-COMP/039130,2024-11-29,"{""CX"": [""보수적""]}","화된 투자포인트 신한투자증권 지인해,김지영 I 2025-01-09 매수 4분기 보수적으로 봐도 전분기비 증익 예상 현대차증권 김현용 I 2025-01-07 매수 밍글링 투어, 아직도 모르니? 현대차증권 김현용 I 2025-01-06 매수 4Q ASP 감소세로 컨센 하회 전망 대신증권 임수진 I 2025-01-03 매수 독보적인 실적 입증 신한투자증권 지인해,김지영 I 2024-11-29 매수 NDFR 후기: 넝쿨째 굴러온 중국 다올투자증권 김혜영 I 2024-11-27 매수 Not only 패키지, But also 자유여행 현대차증권 김현용 I 2024-11-22 매수 2025년 양호한 이익성장과 매력적인 배당 기대 대신증권 임수진 I 2024-11-19 매수 3Q 추정치 부합! 중국과 함께 비상 꿈꾼다 현대차증권 김현용 I 2024-11-06 매수 아쉬웠던 3분기 실적, 그래도 4분기 다시 성장세 대신증권 임수진 I 2024-11-06 매수 2025년에는 40%"
041830::2024,041830,인바디,SECONDARY_SUMMARY_ONLY,SECONDARY_SUMMARY_ONLY,200,https://m.irgo.co.kr/IR-COMP/041830,2024-06-24,,"수경,성현동,전소희 I 2024-06-24 N/R 언젠간 부각될 美 수출 실적 신한투자증권 허성규,이병화 I 2024-06-19 N/R 언젠간 부각될 美 수출 실적 신한투자증권 허성규,이병화 I 2024-06-14 매수 시장기대치 부합하는 실적 달성 미래에셋증권 김충현 I 2024-05-10 N/R 쌓여가는 레벨업 요소들 한국투자증권 강시온,이도희 I 2024-03-06 매수 4Q23 Re. 새로운 성장의 시작, 2024년 교보증권 김정현 I 2024-02-23 매수 매출 2,000억원에 미군 매출과 AI 솔루션 매출이 합쳐지면? 미래에셋증권 김충현 I 2024-02-23 매수 실적 성장에 솔루션 매출이 더해진다면? 교보증권 김정현 I 2024-01-17 매수 2024년에도 미군 입찰은 이어진다 미래에셋증권 김충현 I 2023-11-14 N/R 기대도 실망도 너무 과했다 다올투자증권 박종현 I 2023-10-25 매수 아쉬운 실적이나, 하반기 신제품 출시 및 대형입"
041830::2024,041830,인바디,SECONDARY_SUMMARY_ONLY,SECONDARY_SUMMARY_ONLY,200,https://m.irgo.co.kr/IR-COMP/041830,2024-08-09,,"속 미래에셋증권 김충현,박선영 I 2024-08-09 N/R 수출 우등생 KB증권 이수경,성현동,전소희 I 2024-06-24 N/R 언젠간 부각될 美 수출 실적 신한투자증권 허성규,이병화 I 2024-06-19 N/R 언젠간 부각될 美 수출 실적 신한투자증권 허성규,이병화 I 2024-06-14 매수 시장기대치 부합하는 실적 달성 미래에셋증권 김충현 I 2024-05-10 N/R 쌓여가는 레벨업 요소들 한국투자증권 강시온,이도희 I 2024-03-06 매수 4Q23 Re. 새로운 성장의 시작, 2024년 교보증권 김정현 I 2024-02-23 매수 매출 2,000억원에 미군 매출과 AI 솔루션 매출이 합쳐지면? 미래에셋증권 김충현 I 2024-02-23 매수 실적 성장에 솔루션 매출이 더해진다면? 교보증권 김정현 I 2024-01-17 매수 2024년에도 미군 입찰은 이어진다 미래에셋증권 김충현 I 2023-11-14 N/R 기대도 실망도 너무 과했다 다올투자증권"
041830::2024,041830,인바디,SECONDARY_SUMMARY_ONLY,SECONDARY_SUMMARY_ONLY,200,https://m.irgo.co.kr/IR-COMP/041830,2024-08-20,,"R 메디컬과 소프트웨어에 거는 기대 NH투자증권 황지현,손세훈 I 2024-08-20 매수 미국 중심의 고성장 지속 미래에셋증권 김충현,박선영 I 2024-08-09 N/R 수출 우등생 KB증권 이수경,성현동,전소희 I 2024-06-24 N/R 언젠간 부각될 美 수출 실적 신한투자증권 허성규,이병화 I 2024-06-19 N/R 언젠간 부각될 美 수출 실적 신한투자증권 허성규,이병화 I 2024-06-14 매수 시장기대치 부합하는 실적 달성 미래에셋증권 김충현 I 2024-05-10 N/R 쌓여가는 레벨업 요소들 한국투자증권 강시온,이도희 I 2024-03-06 매수 4Q23 Re. 새로운 성장의 시작, 2024년 교보증권 김정현 I 2024-02-23 매수 매출 2,000억원에 미군 매출과 AI 솔루션 매출이 합쳐지면? 미래에셋증권 김충현 I 2024-02-23 매수 실적 성장에 솔루션 매출이 더해진다면? 교보증권 김정현 I 2024-01-17 매수 2024년에"
041830::2024,041830,인바디,SECONDARY_SUMMARY_ONLY,SECONDARY_SUMMARY_ONLY,200,https://m.irgo.co.kr/IR-COMP/041830,2024-09-30,,"1-08 N/R 글로벌 채널 확대에 주목 상상인증권 백영찬,권오휘 I 2024-09-30 N/R 메디컬과 소프트웨어에 거는 기대 NH투자증권 황지현,손세훈 I 2024-08-20 매수 미국 중심의 고성장 지속 미래에셋증권 김충현,박선영 I 2024-08-09 N/R 수출 우등생 KB증권 이수경,성현동,전소희 I 2024-06-24 N/R 언젠간 부각될 美 수출 실적 신한투자증권 허성규,이병화 I 2024-06-19 N/R 언젠간 부각될 美 수출 실적 신한투자증권 허성규,이병화 I 2024-06-14 매수 시장기대치 부합하는 실적 달성 미래에셋증권 김충현 I 2024-05-10 N/R 쌓여가는 레벨업 요소들 한국투자증권 강시온,이도희 I 2024-03-06 매수 4Q23 Re. 새로운 성장의 시작, 2024년 교보증권 김정현 I 2024-02-23 매수 매출 2,000억원에 미군 매출과 AI 솔루션 매출이 합쳐지면? 미래에셋증권 김충현 I 2024-02-23 매수 실"
041830::2024,041830,인바디,SECONDARY_SUMMARY_ONLY,SECONDARY_SUMMARY_ONLY,200,https://m.irgo.co.kr/IR-COMP/041830,2024-11-08,,"-01-28 N/R 단점들이 해소되고 있다! 유안타증권 권명준,서석준 I 2025-11-21 N/R 네이버? 섭섭하고 놀랍지만, 손해볼게 없는 장사 미래에셋증권 김충현 I 2025-10-31 매수 이제 영업 인력은 충분히 확보했다 미래에셋증권 김충현,박선영 I 2025-08-14 N/R 수출 비중 80%, 원/달러 환율 상승시 주목 必 유안타증권 권명준,서석준 I 2025-08-01 매수 인바디는 의료기기라는 사실을 잊지말자 미래에셋증권 김충현,박선영 I 2025-05-22 매수 오스템임플란트의 직접영업 전략이 떠오른다 미래에셋증권 김충현,박선영 I 2025-02-21 매수 4분기만에 미 군부대 입찰 재개 미래에셋증권 김충현,박선영 I 2024-11-08 N/R 글로벌 채널 확대에 주목 상상인증권 백영찬,권오휘 I 2024-09-30 N/R 메디컬과 소프트웨어에 거는 기대 NH투자증권 황지현,손세훈 I 2024-08-20 매수 미국 중심의 고성장 지속 미래에셋증권"
041830::2024,041830,인바디,SECONDARY_SUMMARY_ONLY,SECONDARY_SUMMARY_ONLY,200,https://m.irgo.co.kr/IR-COMP/041830,2024-11-08,,"-11-21 N/R 네이버? 섭섭하고 놀랍지만, 손해볼게 없는 장사 미래에셋증권 김충현 I 2025-10-31 매수 이제 영업 인력은 충분히 확보했다 미래에셋증권 김충현,박선영 I 2025-08-14 N/R 수출 비중 80%, 원/달러 환율 상승시 주목 必 유안타증권 권명준,서석준 I 2025-08-01 매수 인바디는 의료기기라는 사실을 잊지말자 미래에셋증권 김충현,박선영 I 2025-05-22 매수 오스템임플란트의 직접영업 전략이 떠오른다 미래에셋증권 김충현,박선영 I 2025-02-21 매수 4분기만에 미 군부대 입찰 재개 미래에셋증권 김충현,박선영 I 2024-11-08 N/R 글로벌 채널 확대에 주목 상상인증권 백영찬,권오휘 I 2024-09-30 N/R 메디컬과 소프트웨어에 거는 기대 NH투자증권 황지현,손세훈 I 2024-08-20 매수 미국 중심의 고성장 지속 미래에셋증권 김충현,박선영 I 2024-08-09 N/R 수출 우등생 KB증권 이수경,성현동,"
041830::2024,041830,인바디,SECONDARY_SUMMARY_ONLY,SECONDARY_SUMMARY_ONLY,200,https://m.irgo.co.kr/IR-COMP/041830,2024-11-08,,"2025-10-31 매수 이제 영업 인력은 충분히 확보했다 미래에셋증권 김충현,박선영 I 2025-08-14 N/R 수출 비중 80%, 원/달러 환율 상승시 주목 必 유안타증권 권명준,서석준 I 2025-08-01 매수 인바디는 의료기기라는 사실을 잊지말자 미래에셋증권 김충현,박선영 I 2025-05-22 매수 오스템임플란트의 직접영업 전략이 떠오른다 미래에셋증권 김충현,박선영 I 2025-02-21 매수 4분기만에 미 군부대 입찰 재개 미래에셋증권 김충현,박선영 I 2024-11-08 N/R 글로벌 채널 확대에 주목 상상인증권 백영찬,권오휘 I 2024-09-30 N/R 메디컬과 소프트웨어에 거는 기대 NH투자증권 황지현,손세훈 I 2024-08-20 매수 미국 중심의 고성장 지속 미래에셋증권 김충현,박선영 I 2024-08-09 N/R 수출 우등생 KB증권 이수경,성현동,전소희 I 2024-06-24 N/R 언젠간 부각될 美 수출 실적 신한투자증권 허성규,이병"
041830::2024,041830,인바디,SECONDARY_SUMMARY_ONLY,SECONDARY_SUMMARY_ONLY,200,https://m.irgo.co.kr/IR-COMP/041830,2024-11-08,,"는 사실을 잊지말자 미래에셋증권 김충현,박선영 I 2025-05-22 매수 오스템임플란트의 직접영업 전략이 떠오른다 미래에셋증권 김충현,박선영 I 2025-02-21 매수 4분기만에 미 군부대 입찰 재개 미래에셋증권 김충현,박선영 I 2024-11-08 N/R 글로벌 채널 확대에 주목 상상인증권 백영찬,권오휘 I 2024-09-30 N/R 메디컬과 소프트웨어에 거는 기대 NH투자증권 황지현,손세훈 I 2024-08-20 매수 미국 중심의 고성장 지속 미래에셋증권 김충현,박선영 I 2024-08-09 N/R 수출 우등생 KB증권 이수경,성현동,전소희 I 2024-06-24 N/R 언젠간 부각될 美 수출 실적 신한투자증권 허성규,이병화 I 2024-06-19 N/R 언젠간 부각될 美 수출 실적 신한투자증권 허성규,이병화 I 2024-06-14 매수 시장기대치 부합하는 실적 달성 미래에셋증권 김충현 I 2024-05-10 N/R 쌓여가는 레벨업 요소들 한국투자증권 강시온"
041830::2024,041830,인바디,SECONDARY_SUMMARY_ONLY,SECONDARY_SUMMARY_ONLY,200,https://m.irgo.co.kr/IR-COMP/041830,2024-11-08,,"매수 4분기만에 미 군부대 입찰 재개 미래에셋증권 김충현,박선영 I 2024-11-08 N/R 글로벌 채널 확대에 주목 상상인증권 백영찬,권오휘 I 2024-09-30 N/R 메디컬과 소프트웨어에 거는 기대 NH투자증권 황지현,손세훈 I 2024-08-20 매수 미국 중심의 고성장 지속 미래에셋증권 김충현,박선영 I 2024-08-09 N/R 수출 우등생 KB증권 이수경,성현동,전소희 I 2024-06-24 N/R 언젠간 부각될 美 수출 실적 신한투자증권 허성규,이병화 I 2024-06-19 N/R 언젠간 부각될 美 수출 실적 신한투자증권 허성규,이병화 I 2024-06-14 매수 시장기대치 부합하는 실적 달성 미래에셋증권 김충현 I 2024-05-10 N/R 쌓여가는 레벨업 요소들 한국투자증권 강시온,이도희 I 2024-03-06 매수 4Q23 Re. 새로운 성장의 시작, 2024년 교보증권 김정현 I 2024-02-23 매수 매출 2,000억원에 미군 매출과"
041830::2024,041830,인바디,SECONDARY_SUMMARY_ONLY,SECONDARY_SUMMARY_ONLY,200,https://m.irgo.co.kr/IR-COMP/041830,2024-11-08,,"박선영 I 2025-08-14 N/R 수출 비중 80%, 원/달러 환율 상승시 주목 必 유안타증권 권명준,서석준 I 2025-08-01 매수 인바디는 의료기기라는 사실을 잊지말자 미래에셋증권 김충현,박선영 I 2025-05-22 매수 오스템임플란트의 직접영업 전략이 떠오른다 미래에셋증권 김충현,박선영 I 2025-02-21 매수 4분기만에 미 군부대 입찰 재개 미래에셋증권 김충현,박선영 I 2024-11-08 N/R 글로벌 채널 확대에 주목 상상인증권 백영찬,권오휘 I 2024-09-30 N/R 메디컬과 소프트웨어에 거는 기대 NH투자증권 황지현,손세훈 I 2024-08-20 매수 미국 중심의 고성장 지속 미래에셋증권 김충현,박선영 I 2024-08-09 N/R 수출 우등생 KB증권 이수경,성현동,전소희 I 2024-06-24 N/R 언젠간 부각될 美 수출 실적 신한투자증권 허성규,이병화 I 2024-06-19 N/R 언젠간 부각될 美 수출 실적 신한투자증권 허성규"
041830::2024,041830,인바디,SECONDARY_SUMMARY_ONLY,SECONDARY_SUMMARY_ONLY,200,https://m.irgo.co.kr/IR-COMP/041830,2024-11-08,,"승시 주목 必 유안타증권 권명준,서석준 I 2025-08-01 매수 인바디는 의료기기라는 사실을 잊지말자 미래에셋증권 김충현,박선영 I 2025-05-22 매수 오스템임플란트의 직접영업 전략이 떠오른다 미래에셋증권 김충현,박선영 I 2025-02-21 매수 4분기만에 미 군부대 입찰 재개 미래에셋증권 김충현,박선영 I 2024-11-08 N/R 글로벌 채널 확대에 주목 상상인증권 백영찬,권오휘 I 2024-09-30 N/R 메디컬과 소프트웨어에 거는 기대 NH투자증권 황지현,손세훈 I 2024-08-20 매수 미국 중심의 고성장 지속 미래에셋증권 김충현,박선영 I 2024-08-09 N/R 수출 우등생 KB증권 이수경,성현동,전소희 I 2024-06-24 N/R 언젠간 부각될 美 수출 실적 신한투자증권 허성규,이병화 I 2024-06-19 N/R 언젠간 부각될 美 수출 실적 신한투자증권 허성규,이병화 I 2024-06-14 매수 시장기대치 부합하는 실적 달성 미래에"
041830::2024,041830,인바디,SECONDARY_SUMMARY_ONLY,SECONDARY_SUMMARY_ONLY,200,https://m.irgo.co.kr/IR-COMP/041830,2024-11-08,,"트의 직접영업 전략이 떠오른다 미래에셋증권 김충현,박선영 I 2025-02-21 매수 4분기만에 미 군부대 입찰 재개 미래에셋증권 김충현,박선영 I 2024-11-08 N/R 글로벌 채널 확대에 주목 상상인증권 백영찬,권오휘 I 2024-09-30 N/R 메디컬과 소프트웨어에 거는 기대 NH투자증권 황지현,손세훈 I 2024-08-20 매수 미국 중심의 고성장 지속 미래에셋증권 김충현,박선영 I 2024-08-09 N/R 수출 우등생 KB증권 이수경,성현동,전소희 I 2024-06-24 N/R 언젠간 부각될 美 수출 실적 신한투자증권 허성규,이병화 I 2024-06-19 N/R 언젠간 부각될 美 수출 실적 신한투자증권 허성규,이병화 I 2024-06-14 매수 시장기대치 부합하는 실적 달성 미래에셋증권 김충현 I 2024-05-10 N/R 쌓여가는 레벨업 요소들 한국투자증권 강시온,이도희 I 2024-03-06 매수 4Q23 Re. 새로운 성장의 시작, 2024년"
042520::2024,042520,한스바이오메드,PENDING_FULLTEXT_REVIEW,EQUITY_PRIMARY_NONCANONICAL_MARKET_EXPANSION,200,https://m.irgo.co.kr/IR-COMP/042520,2024-04-02,,"Corporate Day 후기: 운이 트이는 시기다 유안타증권 이승은,김도엽 I 2025-11-24 N/R 회사소개 및 주요 사업현황 해당기업 IR팀 I 2025-11-19 N/R ECM 성장 모멘텀, 이제 시작이다 유안타증권 이승은,김도엽 I 2025-10-21 N/R 회사소개 및 주요 사업현황 해당기업 IR팀 I 2025-10-20 N/R 영업실적 턴어라운드 가능성을 보자 상상인증권 하태기 I 2025-10-14 N/R 악재는 지나가는 중, 새로운 성장에 기대 상상인증권 하태기 I 2025-09-15 N/R 회사소개 및 주요 사업현황 해당기업 IR팀 I 2024-04-02 N/R 민트 리프트 중국 출격준비 완료 한양증권 이준석 I 2024-04-02 N/R 안정적인 의료기기 매출과 실리콘 기대감 다올투자증권 박종현 I 2023-10-25 N/R 미국에서 실리프팅 시술은 민트리프트로 하이투자증권 이상헌 I 2023-06-12 N/R 리프팅 시술 점점 늘어난다."
042520::2024,042520,한스바이오메드,PENDING_FULLTEXT_REVIEW,EQUITY_PRIMARY_NONCANONICAL_MARKET_EXPANSION,200,https://m.irgo.co.kr/IR-COMP/042520,2024-04-02,,"N/R 회사소개 및 주요 사업현황 해당기업 IR팀 I 2025-12-03 N/R Corporate Day 후기: 운이 트이는 시기다 유안타증권 이승은,김도엽 I 2025-11-24 N/R 회사소개 및 주요 사업현황 해당기업 IR팀 I 2025-11-19 N/R ECM 성장 모멘텀, 이제 시작이다 유안타증권 이승은,김도엽 I 2025-10-21 N/R 회사소개 및 주요 사업현황 해당기업 IR팀 I 2025-10-20 N/R 영업실적 턴어라운드 가능성을 보자 상상인증권 하태기 I 2025-10-14 N/R 악재는 지나가는 중, 새로운 성장에 기대 상상인증권 하태기 I 2025-09-15 N/R 회사소개 및 주요 사업현황 해당기업 IR팀 I 2024-04-02 N/R 민트 리프트 중국 출격준비 완료 한양증권 이준석 I 2024-04-02 N/R 안정적인 의료기기 매출과 실리콘 기대감 다올투자증권 박종현 I 2023-10-25 N/R 미국에서 실리프팅 시술은 민트리프트로"
042660::2024,042660,한화오션,SECONDARY_SUMMARY_ONLY,SECONDARY_SUMMARY_ONLY,200,https://m.irgo.co.kr/IR-COMP/042660,,,
053080::2024,053080,케이엔솔,SECONDARY_SUMMARY_ONLY,EQUITY_PRIMARY_NONCANONICAL_BUSINESS_EXPANSION,200,https://m.irgo.co.kr/IR-COMP/053080,2024-10-24,,"리포트 N/R 냉각 수혜 한 발자국 전 한국투자증권 김건우 I 2026-09-29 매수 역대급 실적 기록할 전망 신영증권 박상욱 I 2025-04-08 매수 인프라 투자는 계속된다 신영증권 박상욱 I 2025-02-18 N/R 캐시카우인 클린룸과 미래 성장동력인 액침냉각 KB증권 김현겸,임상국 I 2024-10-24 N/R 설계와 시공능력으로 액침냉각 사업 확대 교보증권 최보영 I 2024-09-23 매수 본업과 더불어 액침냉각도 순항중 신영증권 박상욱 I 2024-08-21 N/R 역대 최대 수주 지속, 데이터센터 액침냉각"
053080::2024,053080,케이엔솔,SECONDARY_SUMMARY_ONLY,EQUITY_PRIMARY_NONCANONICAL_BUSINESS_EXPANSION,200,https://m.irgo.co.kr/IR-COMP/053080,2024-10-24,,"리포트 N/R 냉각 수혜 한 발자국 전 한국투자증권 김건우 I 2026-09-29 매수 역대급 실적 기록할 전망 신영증권 박상욱 I 2025-04-08 매수 인프라 투자는 계속된다 신영증권 박상욱 I 2025-02-18 N/R 캐시카우인 클린룸과 미래 성장동력인 액침냉각 KB증권 김현겸,임상국 I 2024-10-24 N/R 설계와 시공능력으로 액침냉각 사업 확대 교보증권 최보영 I 2024-09-23 매수 본업과 더불어 액침냉각도 순항중 신영증권 박상욱 I 2024-08-21 N/R 역대 최대 수주 지속, 데이터센터 액침냉각 모멘텀 기대 하나증권 조정현 I 2024-07-19 N/R 디램 증설+액침냉각 최대 수"
053080::2024,053080,케이엔솔,SECONDARY_SUMMARY_ONLY,EQUITY_PRIMARY_NONCANONICAL_BUSINESS_EXPANSION,200,https://m.irgo.co.kr/IR-COMP/053080,2024-10-24,,"리포트 N/R 냉각 수혜 한 발자국 전 한국투자증권 김건우 I 2026-09-29 매수 역대급 실적 기록할 전망 신영증권 박상욱 I 2025-04-08 매수 인프라 투자는 계속된다 신영증권 박상욱 I 2025-02-18 N/R 캐시카우인 클린룸과 미래 성장동력인 액침냉각 KB증권 김현겸,임상국 I 2024-10-24 N/R 설계와 시공능력으로 액침냉각 사업 확대 교보증권 최보영 I 2024-09-23 매수 본업과 더불어 액침냉각도 순항중 신영증권 박상욱 I 2024-08-21 N/R 역대 최대 수주 지속, 데이터센터 액침냉각 모멘텀 기대 하나증권 조정현 I 2024-07-19 N/R 디램 증설+액침냉각 최대 수혜주 신영증권 박상욱 I 2024-07-04 N/R 올해도 반도체 클린룸 등"
053080::2024,053080,케이엔솔,SECONDARY_SUMMARY_ONLY,EQUITY_PRIMARY_NONCANONICAL_BUSINESS_EXPANSION,200,https://m.irgo.co.kr/IR-COMP/053080,2024-10-24,,"리포트 N/R 냉각 수혜 한 발자국 전 한국투자증권 김건우 I 2026-09-29 매수 역대급 실적 기록할 전망 신영증권 박상욱 I 2025-04-08 매수 인프라 투자는 계속된다 신영증권 박상욱 I 2025-02-18 N/R 캐시카우인 클린룸과 미래 성장동력인 액침냉각 KB증권 김현겸,임상국 I 2024-10-24 N/R 설계와 시공능력으로 액침냉각 사업 확대 교보증권 최보영 I 2024-09-23 매수 본업과 더불어 액침냉각도 순항중 신영증권 박상욱 I 2024-08-21 N/R 역대 최대 수주 지속, 데이터센터 액침냉각 모멘텀 기대 하나증권 조정현 I 2024-07-19 N/R 디램 증설+액침냉각 최대 수혜주 신영증권 박상욱 I 2024-07-04 N/R 올해도 반도체 클린룸 등 수주 확대 기대 IBK투자증권 김태현 I 2023-02-27 N/R 반도체, 이차전지 이젠 데이터센터까"
053080::2024,053080,케이엔솔,SECONDARY_SUMMARY_ONLY,EQUITY_PRIMARY_NONCANONICAL_BUSINESS_EXPANSION,200,https://m.irgo.co.kr/IR-COMP/053080,2024-10-24,,"리포트 N/R 냉각 수혜 한 발자국 전 한국투자증권 김건우 I 2026-09-29 매수 역대급 실적 기록할 전망 신영증권 박상욱 I 2025-04-08 매수 인프라 투자는 계속된다 신영증권 박상욱 I 2025-02-18 N/R 캐시카우인 클린룸과 미래 성장동력인 액침냉각 KB증권 김현겸,임상국 I 2024-10-24 N/R 설계와 시공능력으로 액침냉각 사업 확대 교보증권 최보영 I 2024-09-23 매수 본업과 더불어 액침냉각도 순항중 신영증권 박상욱 I 2024-08-21 N/R 역대 최대 수주 지속, 데이터센터 액침냉각 모멘텀 기대 하나증권 조정현 I 2024-07-19 N/R 디램 증설+액침냉각 최대 수혜주 신영증권 박상욱 I 2024-07-04 N/R 올해도 반도체 클린룸 등 수주 확대 기대 IBK투자증권 김태현 I 2023-02-27 N/R 반도체, 이차전지 이젠 데이터센터까지 미래에셋증권 김영건 I 2022-11-28 N/R 본격적인 외형 성장의 시작"
062040::2024,062040,산일전기,PRIMARY_INDEX_AVAILABLE,IR_SUPPLEMENTAL,200,https://m.irgo.co.kr/IR-COMP/062040,,,
072990::2024,072990,에이치시티,SECONDARY_SUMMARY_ONLY,EQUITY_PRIMARY_NO_ACTION,200,https://m.irgo.co.kr/IR-COMP/072990,2024-03-12,,"리포트 에이치시티 I 2017-04-11 배터리분야 KC 인증 항목 확대에 따른 매출 상승 기대 에이치시티 I 2017-01-06 유럽 통신사업자 Orange社 공인 시험소 인가 획득 에이치시티 I 2016-12-28 에이치시티 IR Report 에이치시티 I 2016-10-18 에이치시티 대표이사 상장소감 에이치시티 I 2016-10-18 에이치시티 IR Book (IPO) 에이치시티 I 2016-09-28 더보기 IR일정 에이치시티, 2025년 2분기 경영실적 및 향후 전망 에이치시티 I 2025-08-04 에이치시티, 2023년 경영실적 현황 및 향후 사업계획 에이치시티 I 2024-03-12 에이치시티, 2022년 1분기 온라인 실적발표설명회 에이치시티 I 2022-05-03 에이치시티, 2021년 3분기 실적발표 에이치시티 I 2021-11-04 에이치시티, 2021년 상반기 실적발표 에이치시티 I"
072990::2024,072990,에이치시티,SECONDARY_SUMMARY_ONLY,EQUITY_PRIMARY_NO_ACTION,200,https://m.irgo.co.kr/IR-COMP/072990,2024-09-03,,"인 성장 LS증권 정홍식 I 2024-09-03 N/R 2Q24 Review: 영업이익 +33.9% YoY LS증권 정홍식 I 2024-08-01 N/R 2Q24 Review: 달라진 이익 체력 KB증권 성현동,김선봉 I 2024-07-31 N/R 시험인증 서비스: 안정적인 성장 흐름 LS증권 정홍식 I 2024-05-28 N/R KC 등 시험인증 제공 기업 KB증권 성현동,김선봉 I 2024-05-20 N/R 방산부문 고성장 흐름 이베스트투자증권 정홍식 I 2024-05-16 N/R IT에서 전장, 2차전지, 방산, 원전까지 영역 확대 KB증권 성현동,김선봉 I 2024-03-21 N/R 회사소개 및 주요 경영현황 해당기업 IR팀 I 2024-03-13 매수 시험인증, 교정 모두 괜찮습니다 흥국증권 최종경 I 2022-11-29 매수 변함없는 시험인증 부문의 성장세 흥국증권 최종경 I 2022-05-20 매수 1Q22 Review: 분기 최대 매출액 이베스트투자증"
072990::2024,072990,에이치시티,SECONDARY_SUMMARY_ONLY,EQUITY_PRIMARY_NO_ACTION,200,https://m.irgo.co.kr/IR-COMP/072990,2024-12-10,,"/R 2025년에도 성장흐름 지속 LS증권 정홍식 I 2025-01-06 N/R 꾸준한 성장이 기대되는 시험인증 유화증권 고승범 I 2024-12-10 N/R 시험인증 사업의 안정적인 성장 LS증권 정홍식 I 2024-09-03 N/R 2Q24 Review: 영업이익 +33.9% YoY LS증권 정홍식 I 2024-08-01 N/R 2Q24 Review: 달라진 이익 체력 KB증권 성현동,김선봉 I 2024-07-31 N/R 시험인증 서비스: 안정적인 성장 흐름 LS증권 정홍식 I 2024-05-28 N/R KC 등 시험인증 제공 기업 KB증권 성현동,김선봉 I 2024-05-20 N/R 방산부문 고성장 흐름 이베스트투자증권 정홍식 I 2024-05-16 N/R IT에서 전장, 2차전지, 방산, 원전까지 영역 확대 KB증권 성현동,김선봉 I 2024-03-21 N/R 회사소개 및 주요 경영현황 해당기업 IR팀 I 2024-03-13 매수 시험인증, 교정 모두 괜찮습"
072990::2024,072990,에이치시티,SECONDARY_SUMMARY_ONLY,EQUITY_PRIMARY_NO_ACTION,200,https://m.irgo.co.kr/IR-COMP/072990,2024-12-10,,"/R 본업은 성장, 자회사는 부진 유화증권 고승범 I 2025-04-29 N/R 2025년에도 성장흐름 지속 LS증권 정홍식 I 2025-01-06 N/R 꾸준한 성장이 기대되는 시험인증 유화증권 고승범 I 2024-12-10 N/R 시험인증 사업의 안정적인 성장 LS증권 정홍식 I 2024-09-03 N/R 2Q24 Review: 영업이익 +33.9% YoY LS증권 정홍식 I 2024-08-01 N/R 2Q24 Review: 달라진 이익 체력 KB증권 성현동,김선봉 I 2024-07-31 N/R 시험인증 서비스: 안정적인 성장 흐름 LS증권 정홍식 I 2024-05-28 N/R KC 등 시험인증 제공 기업 KB증권 성현동,김선봉 I 2024-05-20 N/R 방산부문 고성장 흐름 이베스트투자증권 정홍식 I 2024-05-16 N/R IT에서 전장, 2차전지, 방산, 원전까지 영역 확대 KB증권 성현동,김선봉 I 2024-03-21 N/R 회사소개 및 주요 경영현"
072990::2024,072990,에이치시티,SECONDARY_SUMMARY_ONLY,EQUITY_PRIMARY_NO_ACTION,200,https://m.irgo.co.kr/IR-COMP/072990,2024-12-10,,"08-05 N/R 시험인증 기관의 성장성 LS증권 정홍식 I 2025-08-01 N/R 본업은 성장, 자회사는 부진 유화증권 고승범 I 2025-04-29 N/R 2025년에도 성장흐름 지속 LS증권 정홍식 I 2025-01-06 N/R 꾸준한 성장이 기대되는 시험인증 유화증권 고승범 I 2024-12-10 N/R 시험인증 사업의 안정적인 성장 LS증권 정홍식 I 2024-09-03 N/R 2Q24 Review: 영업이익 +33.9% YoY LS증권 정홍식 I 2024-08-01 N/R 2Q24 Review: 달라진 이익 체력 KB증권 성현동,김선봉 I 2024-07-31 N/R 시험인증 서비스: 안정적인 성장 흐름 LS증권 정홍식 I 2024-05-28 N/R KC 등 시험인증 제공 기업 KB증권 성현동,김선봉 I 2024-05-20 N/R 방산부문 고성장 흐름 이베스트투자증권 정홍식 I 2024-05-16 N/R IT에서 전장, 2차전지, 방산, 원전까지 영역"
072990::2024,072990,에이치시티,SECONDARY_SUMMARY_ONLY,EQUITY_PRIMARY_NO_ACTION,200,https://m.irgo.co.kr/IR-COMP/072990,2024-12-10,,"2025-08-11 N/R 회사소개 및 주요 경영현황 해당기업 IR팀 I 2025-08-05 N/R 시험인증 기관의 성장성 LS증권 정홍식 I 2025-08-01 N/R 본업은 성장, 자회사는 부진 유화증권 고승범 I 2025-04-29 N/R 2025년에도 성장흐름 지속 LS증권 정홍식 I 2025-01-06 N/R 꾸준한 성장이 기대되는 시험인증 유화증권 고승범 I 2024-12-10 N/R 시험인증 사업의 안정적인 성장 LS증권 정홍식 I 2024-09-03 N/R 2Q24 Review: 영업이익 +33.9% YoY LS증권 정홍식 I 2024-08-01 N/R 2Q24 Review: 달라진 이익 체력 KB증권 성현동,김선봉 I 2024-07-31 N/R 시험인증 서비스: 안정적인 성장 흐름 LS증권 정홍식 I 2024-05-28 N/R KC 등 시험인증 제공 기업 KB증권 성현동,김선봉 I 2024-05-20 N/R 방산부문 고성장 흐름 이베스트투자증권 정"
072990::2024,072990,에이치시티,SECONDARY_SUMMARY_ONLY,EQUITY_PRIMARY_NO_ACTION,200,https://m.irgo.co.kr/IR-COMP/072990,2024-12-10,,"국면 돌입 키움증권 오현진 I 2025-10-02 N/R 돋보이는 성장, 26년 PER 4.9배 키움증권 오현진 I 2025-09-10 N/R 하반기 정책 모멘텀 기대 KB증권 성현동,전소희 I 2025-09-09 N/R 고객사 신규수주로 인한 호실적 유화증권 고승범 I 2025-08-11 N/R 회사소개 및 주요 경영현황 해당기업 IR팀 I 2025-08-05 N/R 시험인증 기관의 성장성 LS증권 정홍식 I 2025-08-01 N/R 본업은 성장, 자회사는 부진 유화증권 고승범 I 2025-04-29 N/R 2025년에도 성장흐름 지속 LS증권 정홍식 I 2025-01-06 N/R 꾸준한 성장이 기대되는 시험인증 유화증권 고승범 I 2024-12-10 N/R 시험인증 사업의 안정적인 성장 LS증권 정홍식 I 2024-09-03 N/R 2Q24 Review: 영업이익 +33.9% YoY LS증권 정홍식 I 2024-08-01 N/R 2Q24 Review: 달라진"
072990::2024,072990,에이치시티,SECONDARY_SUMMARY_ONLY,EQUITY_PRIMARY_NO_ACTION,200,https://m.irgo.co.kr/IR-COMP/072990,2024-12-10,,"년 PER 4.9배 키움증권 오현진 I 2025-09-10 N/R 하반기 정책 모멘텀 기대 KB증권 성현동,전소희 I 2025-09-09 N/R 고객사 신규수주로 인한 호실적 유화증권 고승범 I 2025-08-11 N/R 회사소개 및 주요 경영현황 해당기업 IR팀 I 2025-08-05 N/R 시험인증 기관의 성장성 LS증권 정홍식 I 2025-08-01 N/R 본업은 성장, 자회사는 부진 유화증권 고승범 I 2025-04-29 N/R 2025년에도 성장흐름 지속 LS증권 정홍식 I 2025-01-06 N/R 꾸준한 성장이 기대되는 시험인증 유화증권 고승범 I 2024-12-10 N/R 시험인증 사업의 안정적인 성장 LS증권 정홍식 I 2024-09-03 N/R 2Q24 Review: 영업이익 +33.9% YoY LS증권 정홍식 I 2024-08-01 N/R 2Q24 Review: 달라진 이익 체력 KB증권 성현동,김선봉 I 2024-07-31 N/R 시험인증 서비"
072990::2024,072990,에이치시티,SECONDARY_SUMMARY_ONLY,EQUITY_PRIMARY_NO_ACTION,200,https://m.irgo.co.kr/IR-COMP/072990,2024-12-10,,"성현동,전소희 I 2025-09-09 N/R 고객사 신규수주로 인한 호실적 유화증권 고승범 I 2025-08-11 N/R 회사소개 및 주요 경영현황 해당기업 IR팀 I 2025-08-05 N/R 시험인증 기관의 성장성 LS증권 정홍식 I 2025-08-01 N/R 본업은 성장, 자회사는 부진 유화증권 고승범 I 2025-04-29 N/R 2025년에도 성장흐름 지속 LS증권 정홍식 I 2025-01-06 N/R 꾸준한 성장이 기대되는 시험인증 유화증권 고승범 I 2024-12-10 N/R 시험인증 사업의 안정적인 성장 LS증권 정홍식 I 2024-09-03 N/R 2Q24 Review: 영업이익 +33.9% YoY LS증권 정홍식 I 2024-08-01 N/R 2Q24 Review: 달라진 이익 체력 KB증권 성현동,김선봉 I 2024-07-31 N/R 시험인증 서비스: 안정적인 성장 흐름 LS증권 정홍식 I 2024-05-28 N/R KC 등 시험인증 제공 기업"
072990::2024,072990,에이치시티,SECONDARY_SUMMARY_ONLY,EQUITY_PRIMARY_NO_ACTION,200,https://m.irgo.co.kr/IR-COMP/072990,2024-12-10,,"인증 유화증권 고승범 I 2024-12-10 N/R 시험인증 사업의 안정적인 성장 LS증권 정홍식 I 2024-09-03 N/R 2Q24 Review: 영업이익 +33.9% YoY LS증권 정홍식 I 2024-08-01 N/R 2Q24 Review: 달라진 이익 체력 KB증권 성현동,김선봉 I 2024-07-31 N/R 시험인증 서비스: 안정적인 성장 흐름 LS증권 정홍식 I 2024-05-28 N/R KC 등 시험인증 제공 기업 KB증권 성현동,김선봉 I 2024-05-20 N/R 방산부문 고성장 흐름 이베스트투자증권 정홍식 I 2024-05-16 N/R IT에서 전장, 2차전지, 방산, 원전까지 영역 확대 KB증권 성현동,김선봉 I 2024-03-21 N/R 회사소개 및 주요 경영현황 해당기업 IR팀 I 2024-03-13 매수 시험인증, 교정 모두 괜찮습니다 흥국증권 최종경 I 2022-11-29 매수 변함없는 시험인증 부문의 성장세 흥국증권 최종경 I 202"
078150::2024,078150,HB테크놀러지,SECONDARY_SUMMARY_ONLY,SECONDARY_SUMMARY_ONLY,200,https://m.irgo.co.kr/IR-COMP/078150,2024-07-03,,"리포트 N/R 디스플레이, 유리기판, 그리고 풍부한 투자자산까지 키움증권 김소원 I 2024-07-03 N/R 회사소개 및 주요 경영현황 해당기업 IR팀 I 2024-06-03 N/R 글라스기판이 가져올 새로운 기회 신한투자증권 남궁현 I 2024-04-05 N/R 드디어 때가 온다 한양증권 박민주 I 2023-02"
078150::2024,078150,HB테크놀러지,SECONDARY_SUMMARY_ONLY,SECONDARY_SUMMARY_ONLY,200,https://m.irgo.co.kr/IR-COMP/078150,2024-07-03,,"리포트 N/R 디스플레이, 유리기판, 그리고 풍부한 투자자산까지 키움증권 김소원 I 2024-07-03 N/R 회사소개 및 주요 경영현황 해당기업 IR팀 I 2024-06-03 N/R 글라스기판이 가져올 새로운 기회 신한투자증권 남궁현 I 2024-04-05 N/R 드디어 때가 온다 한양증권 박민주 I 2023-02-13 N/R 더 강해져 돌아왔다 이베스트투자증권 최영산 I 2020-03"
078150::2024,078150,HB테크놀러지,SECONDARY_SUMMARY_ONLY,SECONDARY_SUMMARY_ONLY,200,https://m.irgo.co.kr/IR-COMP/078150,2024-07-03,,"리포트 N/R 디스플레이, 유리기판, 그리고 풍부한 투자자산까지 키움증권 김소원 I 2024-07-03 N/R 회사소개 및 주요 경영현황 해당기업 IR팀 I 2024-06-03 N/R 글라스기판이 가져올 새로운 기회 신한투자증권 남궁현 I 2024-04-05 N/R 드디어 때가 온다 한양증권 박민주 I 2023-02-13 N/R 더 강해져 돌아왔다 이베스트투자증권 최영산 I 2020-03-31 매수 침묵에서 깨어나는 `20년 메리츠종금증권 윤주호 I 2020-03-05"
080530::2024,080530,코디,SECONDARY_SUMMARY_ONLY,SECONDARY_SUMMARY_ONLY,200,https://m.irgo.co.kr/IR-COMP/080530,2024-08-06,,"리포트 N/R 회사소개 및 주요 경영현황 해당기업 IR팀 I 2026-09-08 N/R 색조 ODM 유망주 등장 다올투자증권 박종현,이정우 I 2025-05-13 N/R K-뷰티 성장과 함께 턴어라운드 본격화 키움증권 오현진 I 2024-08-06 N/R K-뷰티 성장과 함께 턴어라운드 본격화 키움증권 오현진 I 2024-07-19 N/R 2013년을 바닥으로 실적개선 기대 미래에셋증권 김태성,고훈 I 2014-03-17 N/R 이제는 AMOLED 전공정 장"
080530::2024,080530,코디,SECONDARY_SUMMARY_ONLY,SECONDARY_SUMMARY_ONLY,200,https://m.irgo.co.kr/IR-COMP/080530,2024-08-06,,"리포트 N/R 회사소개 및 주요 경영현황 해당기업 IR팀 I 2026-09-08 N/R 색조 ODM 유망주 등장 다올투자증권 박종현,이정우 I 2025-05-13 N/R K-뷰티 성장과 함께 턴어라운드 본격화 키움증권 오현진 I 2024-08-06 N/R K-뷰티 성장과 함께 턴어라운드 본격화 키움증권 오현진 I 2024-07-19 N/R 2013년을 바닥으로 실적개선 기대 미래에셋증권 김태성,고훈 I 2014-03-17 N/R 이제는 AMOLED 전공정 장비 업체 신영증권 이승철 I 2013-06-13 N/R 올해부터 큰폭 외형성장 기대 S"
081660::2024,081660,휠라홀딩스,SECONDARY_SUMMARY_ONLY,SECONDARY_SUMMARY_ONLY,200,https://m.irgo.co.kr/IR-COMP/081660,2024-11-25,"{""OE"": [""구조조정""]}","2025-01-07 N/R 브랜드 턴어라운드 예상, 높은 주주환원율은 덤 SK증권 형권훈 I 2024-11-25 매수 미국 구조조정 효과로 손익 개선 전망 대신증권 유정현 I 2024-11-20 매수 브랜드력 반등과 K패션 수혜 한화투자증권 이진협 I 2024-11-18 매수 3Q24 Review : 17~19년 사이클의 향기가 난다 한화투자증권 이진협,최영주 I 2024-11-15 매수 건강해지는 중 SK증권 형권훈 I 2024-11-15 N/R 2024.3Q Earnings Release 해당기업 IR팀 I 2024-11-14 매수 실적 및 추이 전망 유진투자증권 이해니 I 2024-11-13 매수 마부작침 미래에셋증권 배송이 I 2024-11-08 매수 FILA USA 구조조정 발표 한화투자증권 이진협,최영주 I 2024-11-06 매수 미국 영업정지"
081660::2024,081660,휠라홀딩스,SECONDARY_SUMMARY_ONLY,SECONDARY_SUMMARY_ONLY,200,https://m.irgo.co.kr/IR-COMP/081660,2024-11-25,"{""OE"": [""구조조정"", ""비용""]}","2025-01-23 매수 4Q24 Preview : 국내에서 해외로 확대될 브랜드력 확장 한화투자증권 이진협 I 2025-01-22 매수 미국 법인 일회성 비용 발생으로 영업이익 컨센서스 하회 전망 대신증권 유정현 I 2025-01-07 N/R 브랜드 턴어라운드 예상, 높은 주주환원율은 덤 SK증권 형권훈 I 2024-11-25 매수 미국 구조조정 효과로 손익 개선 전망 대신증권 유정현 I 2024-11-20 매수 브랜드력 반등과 K패션 수혜 한화투자증권 이진협 I 2024-11-18 매수 3Q24 Review : 17~19년 사이클의 향기가 난다 한화투자증권 이진협,최영주 I 2024-11-15 매수 건강해지는 중 SK증권 형권훈 I 2024-11-15 N/R 2024.3Q Earnings Release 해당기업 IR팀 I 2024-11-14 매수 실적 및 추이 전망 유진투자증권 이해니 I 2024-11-13 매수 마부작침 미래에셋증권 배송이 I 2024-11-0"
081660::2024,081660,휠라홀딩스,SECONDARY_SUMMARY_ONLY,SECONDARY_SUMMARY_ONLY,200,https://m.irgo.co.kr/IR-COMP/081660,2024-11-25,"{""OE"": [""구조조정"", ""비용""]}","3 매수 직접 하는 사업 외엔 다 좋아 신영증권 서정연 I 2025-01-23 매수 4Q24 Preview : 국내에서 해외로 확대될 브랜드력 확장 한화투자증권 이진협 I 2025-01-22 매수 미국 법인 일회성 비용 발생으로 영업이익 컨센서스 하회 전망 대신증권 유정현 I 2025-01-07 N/R 브랜드 턴어라운드 예상, 높은 주주환원율은 덤 SK증권 형권훈 I 2024-11-25 매수 미국 구조조정 효과로 손익 개선 전망 대신증권 유정현 I 2024-11-20 매수 브랜드력 반등과 K패션 수혜 한화투자증권 이진협 I 2024-11-18 매수 3Q24 Review : 17~19년 사이클의 향기가 난다 한화투자증권 이진협,최영주 I 2024-11-15 매수 건강해지는 중 SK증권 형권훈 I 2024-11-15 N/R 2024.3Q Earnings Release 해당기업 IR팀 I 2024-11-14 매수 실적 및 추이 전망 유진투자증권 이해니 I 2024-11-"
081660::2024,081660,휠라홀딩스,SECONDARY_SUMMARY_ONLY,SECONDARY_SUMMARY_ONLY,200,https://m.irgo.co.kr/IR-COMP/081660,2024-11-25,"{""OE"": [""구조조정"", ""비용""]}","Release 해당기업 IR팀 I 2025-03-21 매수 각고의 노력 중 NH투자증권 정지윤 I 2025-02-03 매수 직접 하는 사업 외엔 다 좋아 신영증권 서정연 I 2025-01-23 매수 4Q24 Preview : 국내에서 해외로 확대될 브랜드력 확장 한화투자증권 이진협 I 2025-01-22 매수 미국 법인 일회성 비용 발생으로 영업이익 컨센서스 하회 전망 대신증권 유정현 I 2025-01-07 N/R 브랜드 턴어라운드 예상, 높은 주주환원율은 덤 SK증권 형권훈 I 2024-11-25 매수 미국 구조조정 효과로 손익 개선 전망 대신증권 유정현 I 2024-11-20 매수 브랜드력 반등과 K패션 수혜 한화투자증권 이진협 I 2024-11-18 매수 3Q24 Review : 17~19년 사이클의 향기가 난다 한화투자증권 이진협,최영주 I 2024-11-15 매수 건강해지는 중 SK증권 형권훈 I 2024-11-15 N/R 2024.3Q Earnings R"
081660::2024,081660,휠라홀딩스,SECONDARY_SUMMARY_ONLY,SECONDARY_SUMMARY_ONLY,200,https://m.irgo.co.kr/IR-COMP/081660,2024-11-25,"{""OE"": [""구조조정"", ""비용""]}","SK증권 형권훈 I 2025-03-24 N/R 2024.4Q Earnings Release 해당기업 IR팀 I 2025-03-21 매수 각고의 노력 중 NH투자증권 정지윤 I 2025-02-03 매수 직접 하는 사업 외엔 다 좋아 신영증권 서정연 I 2025-01-23 매수 4Q24 Preview : 국내에서 해외로 확대될 브랜드력 확장 한화투자증권 이진협 I 2025-01-22 매수 미국 법인 일회성 비용 발생으로 영업이익 컨센서스 하회 전망 대신증권 유정현 I 2025-01-07 N/R 브랜드 턴어라운드 예상, 높은 주주환원율은 덤 SK증권 형권훈 I 2024-11-25 매수 미국 구조조정 효과로 손익 개선 전망 대신증권 유정현 I 2024-11-20 매수 브랜드력 반등과 K패션 수혜 한화투자증권 이진협 I 2024-11-18 매수 3Q24 Review : 17~19년 사이클의 향기가 난다 한화투자증권 이진협,최영주 I 2024-11-15 매수 건강해지는 중 S"
081660::2024,081660,휠라홀딩스,SECONDARY_SUMMARY_ONLY,SECONDARY_SUMMARY_ONLY,200,https://m.irgo.co.kr/IR-COMP/081660,2024-11-25,"{""OE"": [""구조조정""]}","권훈 I 2024-11-25 매수 미국 구조조정 효과로 손익 개선 전망 대신증권 유정현 I 2024-11-20 매수 브랜드력 반등과 K패션 수혜 한화투자증권 이진협 I 2024-11-18 매수 3Q24 Review : 17~19년 사이클의 향기가 난다 한화투자증권 이진협,최영주 I 2024-11-15 매수 건강해지는 중 SK증권 형권훈 I 2024-11-15 N/R 2024.3Q Earnings Release 해당기업 IR팀 I 2024-11-14 매수 실적 및 추이 전망 유진투자증권 이해니 I 2024-11-13 매수 마부작침 미래에셋증권 배송이 I 2024-11-08 매수 FILA USA 구조조정 발표 한화투자증권 이진협,최영주 I 2024-11-06 매수 미국 영업정지"
081660::2024,081660,휠라홀딩스,SECONDARY_SUMMARY_ONLY,SECONDARY_SUMMARY_ONLY,200,https://m.irgo.co.kr/IR-COMP/081660,2024-11-25,"{""OE"": [""구조조정""]}","발생으로 영업이익 컨센서스 하회 전망 대신증권 유정현 I 2025-01-07 N/R 브랜드 턴어라운드 예상, 높은 주주환원율은 덤 SK증권 형권훈 I 2024-11-25 매수 미국 구조조정 효과로 손익 개선 전망 대신증권 유정현 I 2024-11-20 매수 브랜드력 반등과 K패션 수혜 한화투자증권 이진협 I 2024-11-18 매수 3Q24 Review : 17~19년 사이클의 향기가 난다 한화투자증권 이진협,최영주 I 2024-11-15 매수 건강해지는 중 SK증권 형권훈 I 2024-11-15 N/R 2024.3Q Earnings Release 해당기업 IR팀 I 2024-11-14 매수 실적 및 추이 전망 유진투자증권 이해니 I 2024-11-13 매수 마부작침 미래에셋증권 배송이 I 2024-11-08 매수 FILA USA 구조조정 발표 한화투자증권 이진협,최영주 I 2024-11-06 매수 미국 영업정지"
081660::2024,081660,휠라홀딩스,SECONDARY_SUMMARY_ONLY,SECONDARY_SUMMARY_ONLY,200,https://m.irgo.co.kr/IR-COMP/081660,2024-11-25,"{""OE"": [""구조조정"", ""비용""]}","불러주세요 키움증권 조소정 I 2025-03-24 매수 Turning Point SK증권 형권훈 I 2025-03-24 N/R 2024.4Q Earnings Release 해당기업 IR팀 I 2025-03-21 매수 각고의 노력 중 NH투자증권 정지윤 I 2025-02-03 매수 직접 하는 사업 외엔 다 좋아 신영증권 서정연 I 2025-01-23 매수 4Q24 Preview : 국내에서 해외로 확대될 브랜드력 확장 한화투자증권 이진협 I 2025-01-22 매수 미국 법인 일회성 비용 발생으로 영업이익 컨센서스 하회 전망 대신증권 유정현 I 2025-01-07 N/R 브랜드 턴어라운드 예상, 높은 주주환원율은 덤 SK증권 형권훈 I 2024-11-25 매수 미국 구조조정 효과로 손익 개선 전망 대신증권 유정현 I 2024-11-20 매수 브랜드력 반등과 K패션 수혜 한화투자증권 이진협 I 2024-11-18 매수 3Q24 Review : 17~19년 사이클의 향"
081660::2024,081660,휠라홀딩스,SECONDARY_SUMMARY_ONLY,SECONDARY_SUMMARY_ONLY,200,https://m.irgo.co.kr/IR-COMP/081660,2024-11-25,"{""OE"": [""구조조정"", ""비용""]}","화투자증권 이진협 I 2025-01-22 매수 미국 법인 일회성 비용 발생으로 영업이익 컨센서스 하회 전망 대신증권 유정현 I 2025-01-07 N/R 브랜드 턴어라운드 예상, 높은 주주환원율은 덤 SK증권 형권훈 I 2024-11-25 매수 미국 구조조정 효과로 손익 개선 전망 대신증권 유정현 I 2024-11-20 매수 브랜드력 반등과 K패션 수혜 한화투자증권 이진협 I 2024-11-18 매수 3Q24 Review : 17~19년 사이클의 향기가 난다 한화투자증권 이진협,최영주 I 2024-11-15 매수 건강해지는 중 SK증권 형권훈 I 2024-11-15 N/R 2024.3Q Earnings Release 해당기업 IR팀 I 2024-11-14 매수 실적 및 추이 전망 유진투자증권 이해니 I 2024-11-13 매수 마부작침 미래에셋증권 배송이 I 2024-11-08 매수 FILA USA 구조조정 발표 한화투자증권 이진협,최영주 I 2024-11-06 매"
086520::2024,086520,에코프로,PRIMARY_INDEX_AVAILABLE,IR_MULTI_ENTITY_SCOPE,200,https://m.irgo.co.kr/IR-COMP/086520,2024-11-01,,05 N/R 2025.2Q Earnings Release 해당기업 IR팀 I 2025-08-06 N/R 2025년 2분기 실적발표 해당기업 IR팀 I 2025-08-06 N/R 2025.1Q Earnings Release 해당기업 IR팀 I 2025-04-30 N/R 2025년 1분기 실적발표 해당기업 IR팀 I 2025-04-30 N/R 2024.4Q Earnings Release 해당기업 IR팀 I 2025-02-11 N/R 2024년 4분기 실적발표 해당기업 IR팀 I 2025-02-11 N/R 2024.3Q Earnings Release 해당기업 IR팀 I 2024-11-01 N/R 2024년 3분기 실적발표 해당기업 IR팀 I 2024-11-01 N/R 2024년 2분기 경영실적 해당기업 IR팀 I 2024-07-31 N/R 2024년 1분기 경영실적 해당기업 IR팀 I 2024-05-03 N/R 2023년 4분기 경영실적 해당기업 IR팀 I 2024-02
086520::2024,086520,에코프로,PRIMARY_INDEX_AVAILABLE,IR_MULTI_ENTITY_SCOPE,200,https://m.irgo.co.kr/IR-COMP/086520,2024-11-01,,05 N/R 2025년 3분기 실적발표 해당기업 IR팀 I 2025-11-05 N/R 2025.2Q Earnings Release 해당기업 IR팀 I 2025-08-06 N/R 2025년 2분기 실적발표 해당기업 IR팀 I 2025-08-06 N/R 2025.1Q Earnings Release 해당기업 IR팀 I 2025-04-30 N/R 2025년 1분기 실적발표 해당기업 IR팀 I 2025-04-30 N/R 2024.4Q Earnings Release 해당기업 IR팀 I 2025-02-11 N/R 2024년 4분기 실적발표 해당기업 IR팀 I 2025-02-11 N/R 2024.3Q Earnings Release 해당기업 IR팀 I 2024-11-01 N/R 2024년 3분기 실적발표 해당기업 IR팀 I 2024-11-01 N/R 2024년 2분기 경영실적 해당기업 IR팀 I 2024-07-31 N/R 2024년 1분기 경영실적 해당기업 IR팀 I 2024-05
086520::2024,086520,에코프로,PRIMARY_INDEX_AVAILABLE,IR_MULTI_ENTITY_SCOPE,200,https://m.irgo.co.kr/IR-COMP/086520,2024-11-01,,"I 2025-08-06 N/R 2025.1Q Earnings Release 해당기업 IR팀 I 2025-04-30 N/R 2025년 1분기 실적발표 해당기업 IR팀 I 2025-04-30 N/R 2024.4Q Earnings Release 해당기업 IR팀 I 2025-02-11 N/R 2024년 4분기 실적발표 해당기업 IR팀 I 2025-02-11 N/R 2024.3Q Earnings Release 해당기업 IR팀 I 2024-11-01 N/R 2024년 3분기 실적발표 해당기업 IR팀 I 2024-11-01 N/R 2024년 2분기 경영실적 해당기업 IR팀 I 2024-07-31 N/R 2024년 1분기 경영실적 해당기업 IR팀 I 2024-05-03 N/R 2023년 4분기 경영실적 해당기업 IR팀 I 2024-02-07 매도 인기투표와 저울 하나증권 김현수,위경재 I 2023-11-08 매도 Still bad 하나증권 김현수,위경재 I 2023-08-04 매"
086520::2024,086520,에코프로,PRIMARY_INDEX_AVAILABLE,IR_MULTI_ENTITY_SCOPE,200,https://m.irgo.co.kr/IR-COMP/086520,2024-11-01,,"I 2025-08-06 N/R 2025년 2분기 실적발표 해당기업 IR팀 I 2025-08-06 N/R 2025.1Q Earnings Release 해당기업 IR팀 I 2025-04-30 N/R 2025년 1분기 실적발표 해당기업 IR팀 I 2025-04-30 N/R 2024.4Q Earnings Release 해당기업 IR팀 I 2025-02-11 N/R 2024년 4분기 실적발표 해당기업 IR팀 I 2025-02-11 N/R 2024.3Q Earnings Release 해당기업 IR팀 I 2024-11-01 N/R 2024년 3분기 실적발표 해당기업 IR팀 I 2024-11-01 N/R 2024년 2분기 경영실적 해당기업 IR팀 I 2024-07-31 N/R 2024년 1분기 경영실적 해당기업 IR팀 I 2024-05-03 N/R 2023년 4분기 경영실적 해당기업 IR팀 I 2024-02-07 매도 인기투표와 저울 하나증권 김현수,위경재 I 2023-11-08"
086520::2024,086520,에코프로,PRIMARY_INDEX_AVAILABLE,IR_MULTI_ENTITY_SCOPE,200,https://m.irgo.co.kr/IR-COMP/086520,2024-11-01,,"해당기업 IR팀 I 2025-04-30 N/R 2025년 1분기 실적발표 해당기업 IR팀 I 2025-04-30 N/R 2024.4Q Earnings Release 해당기업 IR팀 I 2025-02-11 N/R 2024년 4분기 실적발표 해당기업 IR팀 I 2025-02-11 N/R 2024.3Q Earnings Release 해당기업 IR팀 I 2024-11-01 N/R 2024년 3분기 실적발표 해당기업 IR팀 I 2024-11-01 N/R 2024년 2분기 경영실적 해당기업 IR팀 I 2024-07-31 N/R 2024년 1분기 경영실적 해당기업 IR팀 I 2024-05-03 N/R 2023년 4분기 경영실적 해당기업 IR팀 I 2024-02-07 매도 인기투표와 저울 하나증권 김현수,위경재 I 2023-11-08 매도 Still bad 하나증권 김현수,위경재 I 2023-08-04 매도 추가 상승 여력 제한적 하나증권 김현수 I 2023-05-19 N/R"
086710::2024,086710,선진뷰티사이언스,SECONDARY_SUMMARY_ONLY,EQUITY_PRIMARY_NONMAPPABLE,200,https://m.irgo.co.kr/IR-COMP/086710,2024-06-03,,"리포트 N/R 25년은 준비기, 26년부터 도약기! 교보증권 권우정 I 2026-09-16 N/R [다시봐] 26년 매출성장 기대 요인 유안타증권 권명준,서석준 I 2026-05-21 N/R ODM공장 준공식 후기 유진투자증권 허준서 I 2025-07-03 N/R 진정한 뷰티의 시작은 자외선 차단부터 KB증권 성현동,전소희 I 2025-05-29 N/R 착실하게 준비 중 유진투자증권 허준서 I 2025-05-19 N/R ODM 사업 진출의 원년 유진투자증권 허준서 I 2025-02-06 N/R 성장주로 변신하나 신한투자증권 박현진,주지은 I 2024-06-03 N/R 클린뷰티를 선도해나가다 한국투자증권 이도희,강시온 I 2024-02-29 N/R 가치주의 변신, 이익률 Up 신한투자증권 박현진,주지은 I 2023-12-15 N/R 안정성과 성장성을 한번에! 신한투자증권"
086710::2024,086710,선진뷰티사이언스,SECONDARY_SUMMARY_ONLY,EQUITY_PRIMARY_NONMAPPABLE,200,https://m.irgo.co.kr/IR-COMP/086710,2024-06-03,,"리포트 N/R 25년은 준비기, 26년부터 도약기! 교보증권 권우정 I 2026-09-16 N/R [다시봐] 26년 매출성장 기대 요인 유안타증권 권명준,서석준 I 2026-05-21 N/R ODM공장 준공식 후기 유진투자증권 허준서 I 2025-07-03 N/R 진정한 뷰티의 시작은 자외선 차단부터 KB증권 성현동,전소희 I 2025-05-29 N/R 착실하게 준비 중 유진투자증권 허준서 I 2025-05-19 N/R ODM 사업 진출의 원년 유진투자증권 허준서 I 2025-02-06 N/R 성장주로 변신하나 신한투자증권 박현진,주지은 I 2024-06-03 N/R 클린뷰티를 선도해나가다 한국투자증권 이도희,강시온 I 2024-02-29 N/R 가치주의 변신, 이익률 Up 신한투자증권 박현진,주지은 I 2023-12-15 N/R 안정성과 성장성을 한번에! 신한투자증권 박현진,주지은 I 2023-06-23 매수 차세대 K뷰티 대장주! FDA가 인정한"
089860::2024,089860,롯데렌탈,SECONDARY_SUMMARY_ONLY,SECONDARY_SUMMARY_ONLY,200,https://m.irgo.co.kr/IR-COMP/089860,2024-12-13,,"2025-02-12 매수 체질 개선 마무리 단계 삼성증권 이창희,이혜인 I 2025-02-12 매수 당신이 옳았다는 것을 보여줄 때 현대차증권 장문수 I 2025-02-12 매수 4Q24 Review: 현격한 실적개선 확인 다올투자증권 유지웅 I 2025-02-12 N/R 2024년 4분기 경영실적 해당기업 IR팀 I 2025-02-11 매수 4Q24 Pre: 2025년을 준비하며 하나증권 안도현 I 2025-01-20 매수 변화의 소용돌이 속으로 키움증권 신윤철 I 2025-01-16 매수 4Q24 Preview: 내수 소비 부진으로 한박자 휴식 다올투자증권 유지웅 I 2025-01-13 매수 시장에서 가치 인정 교보증권 김민철 I 2024-12-13 더보기"
089980::2024,089980,상아프론테크,SECONDARY_SUMMARY_ONLY,EQUITY_PRIMARY_NONCANONICAL_PRODUCT_DEVELOPMENT,200,https://m.irgo.co.kr/IR-COMP/089980,2024-11-13,,-11-18 N/R 배터리와 수소가 한 곳에 신한투자증권 최규헌 I 2024-11-13 매수 미국 배터리 시장에 진입 유진투자증권 한병화 I 2024-10-04 매수 미국향 화재/폭발 방지 배터리 모듈 공급 추진 유진투자증권 한병화 I 2024-08-29 N/R 멤브레인과 캡어세이 리딩투자증권 유성만 I 2024-08-20 매수 글로벌 특수 소재업체로 성장 중 유진투자증권 한병화 I 2024-08-16 매수 미국 수소 생산 시장에 진입 유진투자증권 한병화 I 2024-06-03 매수 미국 수소 생산 시장에 진입한 국내 첫 기업 유진투자증권 한병화 I 2024-05-31 N/R 메이저 PEM 메이커로 도약 준비 중 신한투자증권 최규헌 I 2024-04-05 매수 멤브레인과 배터리 사업 증설 중 유진투자증권 한병화 I 2023-11-30 N/R 중요한건 꺾이지 않는 수소차의 개화 상상인증권 이준호 I 2023-10-12 N/R 중요한건 꺾이지 않는 수소차의 개화 상상인
089980::2024,089980,상아프론테크,SECONDARY_SUMMARY_ONLY,EQUITY_PRIMARY_NONCANONICAL_PRODUCT_DEVELOPMENT,200,https://m.irgo.co.kr/IR-COMP/089980,2024-11-18,,/R 수소 관련 핵심 기술력 보유 국내 기업 유안타증권 이안나 I 2025-06-10 매수 배터리 부품 부진에도 소재 사업 성장으로 흑자 유지 유진투자증권 한병화 I 2025-02-24 매수 트럼프 당선으로 특수소재 사업 수혜 유진투자증권 한병화 I 2024-11-18 N/R 배터리와 수소가 한 곳에 신한투자증권 최규헌 I 2024-11-13 매수 미국 배터리 시장에 진입 유진투자증권 한병화 I 2024-10-04 매수 미국향 화재/폭발 방지 배터리 모듈 공급 추진 유진투자증권 한병화 I 2024-08-29 N/R 멤브레인과 캡어세이 리딩투자증권 유성만 I 2024-08-20 매수 글로벌 특수 소재업체로 성장 중 유진투자증권 한병화 I 2024-08-16 매수 미국 수소 생산 시장에 진입 유진투자증권 한병화 I 2024-06-03 매수 미국 수소 생산 시장에 진입한 국내 첫 기업 유진투자증권 한병화 I 2024-05-31 N/R 메이저 PEM 메이커로 도약 준비 중
089980::2024,089980,상아프론테크,SECONDARY_SUMMARY_ONLY,EQUITY_PRIMARY_NONCANONICAL_PRODUCT_DEVELOPMENT,200,https://m.irgo.co.kr/IR-COMP/089980,2024-11-18,,25-02-24 매수 트럼프 당선으로 특수소재 사업 수혜 유진투자증권 한병화 I 2024-11-18 N/R 배터리와 수소가 한 곳에 신한투자증권 최규헌 I 2024-11-13 매수 미국 배터리 시장에 진입 유진투자증권 한병화 I 2024-10-04 매수 미국향 화재/폭발 방지 배터리 모듈 공급 추진 유진투자증권 한병화 I 2024-08-29 N/R 멤브레인과 캡어세이 리딩투자증권 유성만 I 2024-08-20 매수 글로벌 특수 소재업체로 성장 중 유진투자증권 한병화 I 2024-08-16 매수 미국 수소 생산 시장에 진입 유진투자증권 한병화 I 2024-06-03 매수 미국 수소 생산 시장에 진입한 국내 첫 기업 유진투자증권 한병화 I 2024-05-31 N/R 메이저 PEM 메이커로 도약 준비 중 신한투자증권 최규헌 I 2024-04-05 매수 멤브레인과 배터리 사업 증설 중 유진투자증권 한병화 I 2023-11-30 N/R 중요한건 꺾이지 않는 수소차의 개화 상
089980::2024,089980,상아프론테크,SECONDARY_SUMMARY_ONLY,EQUITY_PRIMARY_NONCANONICAL_PRODUCT_DEVELOPMENT,200,https://m.irgo.co.kr/IR-COMP/089980,2024-11-18,,6-10 매수 배터리 부품 부진에도 소재 사업 성장으로 흑자 유지 유진투자증권 한병화 I 2025-02-24 매수 트럼프 당선으로 특수소재 사업 수혜 유진투자증권 한병화 I 2024-11-18 N/R 배터리와 수소가 한 곳에 신한투자증권 최규헌 I 2024-11-13 매수 미국 배터리 시장에 진입 유진투자증권 한병화 I 2024-10-04 매수 미국향 화재/폭발 방지 배터리 모듈 공급 추진 유진투자증권 한병화 I 2024-08-29 N/R 멤브레인과 캡어세이 리딩투자증권 유성만 I 2024-08-20 매수 글로벌 특수 소재업체로 성장 중 유진투자증권 한병화 I 2024-08-16 매수 미국 수소 생산 시장에 진입 유진투자증권 한병화 I 2024-06-03 매수 미국 수소 생산 시장에 진입한 국내 첫 기업 유진투자증권 한병화 I 2024-05-31 N/R 메이저 PEM 메이커로 도약 준비 중 신한투자증권 최규헌 I 2024-04-05 매수 멤브레인과 배터리 사업 증설
089980::2024,089980,상아프론테크,SECONDARY_SUMMARY_ONLY,EQUITY_PRIMARY_NONCANONICAL_PRODUCT_DEVELOPMENT,200,https://m.irgo.co.kr/IR-COMP/089980,2024-11-18,,bly 중심의 성장 궤도 진입 대신증권 박장욱 I 2026-01-21 매수 미국 ESS용 캡아세이 매출 시작 유진투자증권 한병화 I 2025-11-24 매수 미국 ESS용 캡아세이 매출 시작 유진투자증권 한병화 I 2025-11-14 매수 소재사업 견조해서 흑자 기조 유지 유진투자증권 한병화 I 2025-08-29 N/R 수소 관련 핵심 기술력 보유 국내 기업 유안타증권 이안나 I 2025-06-10 매수 배터리 부품 부진에도 소재 사업 성장으로 흑자 유지 유진투자증권 한병화 I 2025-02-24 매수 트럼프 당선으로 특수소재 사업 수혜 유진투자증권 한병화 I 2024-11-18 N/R 배터리와 수소가 한 곳에 신한투자증권 최규헌 I 2024-11-13 매수 미국 배터리 시장에 진입 유진투자증권 한병화 I 2024-10-04 매수 미국향 화재/폭발 방지 배터리 모듈 공급 추진 유진투자증권 한병화 I 2024-08-29 N/R 멤브레인과 캡어세이 리딩투자증권 유성만
089980::2024,089980,상아프론테크,SECONDARY_SUMMARY_ONLY,EQUITY_PRIMARY_NONCANONICAL_PRODUCT_DEVELOPMENT,200,https://m.irgo.co.kr/IR-COMP/089980,2024-11-18,,미국 ESS용 캡아세이 매출 시작 유진투자증권 한병화 I 2025-11-24 매수 미국 ESS용 캡아세이 매출 시작 유진투자증권 한병화 I 2025-11-14 매수 소재사업 견조해서 흑자 기조 유지 유진투자증권 한병화 I 2025-08-29 N/R 수소 관련 핵심 기술력 보유 국내 기업 유안타증권 이안나 I 2025-06-10 매수 배터리 부품 부진에도 소재 사업 성장으로 흑자 유지 유진투자증권 한병화 I 2025-02-24 매수 트럼프 당선으로 특수소재 사업 수혜 유진투자증권 한병화 I 2024-11-18 N/R 배터리와 수소가 한 곳에 신한투자증권 최규헌 I 2024-11-13 매수 미국 배터리 시장에 진입 유진투자증권 한병화 I 2024-10-04 매수 미국향 화재/폭발 방지 배터리 모듈 공급 추진 유진투자증권 한병화 I 2024-08-29 N/R 멤브레인과 캡어세이 리딩투자증권 유성만 I 2024-08-20 매수 글로벌 특수 소재업체로 성장 중 유진투자증권
089980::2024,089980,상아프론테크,SECONDARY_SUMMARY_ONLY,EQUITY_PRIMARY_NONCANONICAL_PRODUCT_DEVELOPMENT,200,https://m.irgo.co.kr/IR-COMP/089980,2024-11-18,,소재사업 견조해서 흑자 기조 유지 유진투자증권 한병화 I 2025-08-29 N/R 수소 관련 핵심 기술력 보유 국내 기업 유안타증권 이안나 I 2025-06-10 매수 배터리 부품 부진에도 소재 사업 성장으로 흑자 유지 유진투자증권 한병화 I 2025-02-24 매수 트럼프 당선으로 특수소재 사업 수혜 유진투자증권 한병화 I 2024-11-18 N/R 배터리와 수소가 한 곳에 신한투자증권 최규헌 I 2024-11-13 매수 미국 배터리 시장에 진입 유진투자증권 한병화 I 2024-10-04 매수 미국향 화재/폭발 방지 배터리 모듈 공급 추진 유진투자증권 한병화 I 2024-08-29 N/R 멤브레인과 캡어세이 리딩투자증권 유성만 I 2024-08-20 매수 글로벌 특수 소재업체로 성장 중 유진투자증권 한병화 I 2024-08-16 매수 미국 수소 생산 시장에 진입 유진투자증권 한병화 I 2024-06-03 매수 미국 수소 생산 시장에 진입한 국내 첫 기업 유진투
089980::2024,089980,상아프론테크,SECONDARY_SUMMARY_ONLY,EQUITY_PRIMARY_NONCANONICAL_PRODUCT_DEVELOPMENT,200,https://m.irgo.co.kr/IR-COMP/089980,2024-11-18,,용 캡아세이 매출 시작 유진투자증권 한병화 I 2025-11-14 매수 소재사업 견조해서 흑자 기조 유지 유진투자증권 한병화 I 2025-08-29 N/R 수소 관련 핵심 기술력 보유 국내 기업 유안타증권 이안나 I 2025-06-10 매수 배터리 부품 부진에도 소재 사업 성장으로 흑자 유지 유진투자증권 한병화 I 2025-02-24 매수 트럼프 당선으로 특수소재 사업 수혜 유진투자증권 한병화 I 2024-11-18 N/R 배터리와 수소가 한 곳에 신한투자증권 최규헌 I 2024-11-13 매수 미국 배터리 시장에 진입 유진투자증권 한병화 I 2024-10-04 매수 미국향 화재/폭발 방지 배터리 모듈 공급 추진 유진투자증권 한병화 I 2024-08-29 N/R 멤브레인과 캡어세이 리딩투자증권 유성만 I 2024-08-20 매수 글로벌 특수 소재업체로 성장 중 유진투자증권 한병화 I 2024-08-16 매수 미국 수소 생산 시장에 진입 유진투자증권 한병화 I 202
089980::2024,089980,상아프론테크,SECONDARY_SUMMARY_ONLY,EQUITY_PRIMARY_NONCANONICAL_PRODUCT_DEVELOPMENT,200,https://m.irgo.co.kr/IR-COMP/089980,2024-11-18,,유진투자증권 한병화 I 2026-03-17 N/R 2차전지 Cap Assembly 중심의 성장 궤도 진입 대신증권 박장욱 I 2026-01-21 매수 미국 ESS용 캡아세이 매출 시작 유진투자증권 한병화 I 2025-11-24 매수 미국 ESS용 캡아세이 매출 시작 유진투자증권 한병화 I 2025-11-14 매수 소재사업 견조해서 흑자 기조 유지 유진투자증권 한병화 I 2025-08-29 N/R 수소 관련 핵심 기술력 보유 국내 기업 유안타증권 이안나 I 2025-06-10 매수 배터리 부품 부진에도 소재 사업 성장으로 흑자 유지 유진투자증권 한병화 I 2025-02-24 매수 트럼프 당선으로 특수소재 사업 수혜 유진투자증권 한병화 I 2024-11-18 N/R 배터리와 수소가 한 곳에 신한투자증권 최규헌 I 2024-11-13 매수 미국 배터리 시장에 진입 유진투자증권 한병화 I 2024-10-04 매수 미국향 화재/폭발 방지 배터리 모듈 공급 추진 유진투자증권
091810::2024,091810,티웨이항공,SECONDARY_SUMMARY_ONLY,SECONDARY_SUMMARY_ONLY,200,https://m.irgo.co.kr/IR-COMP/091810,2024-03-12,,"매수 운명의 2024년 유진투자증권 양승윤,이정훈 I 2024-03-12 N/R 2023년 4분기 경영성과 해당기업 IR팀 I 2024-03-04 매수 4Q23 Review: 성과급 반영으로 컨센서스 하회 하이투자증권 배세호 I 2024-03-04 N/R 진짜 성수기는 1분기 한국투자증권 최고운 I 2024-03-04 N/R 2025년 유럽 노선 안정화 기대 상상인증권 이준호,권오휘 I 2024-02-26 N/R 실적 추정치 상향, 장거리 노선 안정화 주목 NH투자증권 정연승,곽재혁 I 2024-01-30 매수 피크아웃을 무난히 이길 유럽 노선 취항 하이투자증권 배세호 I 2024-01-16 매수 더 멀리, 더 높이 LS증권 이재혁 I 2024-01-09 N/R 피할 수 없는 운임 정상화 흥국증권 이병근 I 2023-11-21 N/R 3Q review- 성수기엔 다소 부족한 실적 삼성증권 김영호,이가영 I 2023-11-15 매수 3Q23 Preview 하이투자증권"
091810::2024,091810,티웨이항공,SECONDARY_SUMMARY_ONLY,SECONDARY_SUMMARY_ONLY,200,https://m.irgo.co.kr/IR-COMP/091810,2024-03-22,,"을 고민 중입니다 이베스트투자증권 이재혁 I 2024-03-22 매수 운명의 2024년 유진투자증권 양승윤,이정훈 I 2024-03-12 N/R 2023년 4분기 경영성과 해당기업 IR팀 I 2024-03-04 매수 4Q23 Review: 성과급 반영으로 컨센서스 하회 하이투자증권 배세호 I 2024-03-04 N/R 진짜 성수기는 1분기 한국투자증권 최고운 I 2024-03-04 N/R 2025년 유럽 노선 안정화 기대 상상인증권 이준호,권오휘 I 2024-02-26 N/R 실적 추정치 상향, 장거리 노선 안정화 주목 NH투자증권 정연승,곽재혁 I 2024-01-30 매수 피크아웃을 무난히 이길 유럽 노선 취항 하이투자증권 배세호 I 2024-01-16 매수 더 멀리, 더 높이 LS증권 이재혁 I 2024-01-09 N/R 피할 수 없는 운임 정상화 흥국증권 이병근 I 2023-11-21 N/R 3Q review- 성수기엔 다소 부족한 실적 삼성증권 김영호,이가영"
091810::2024,091810,티웨이항공,SECONDARY_SUMMARY_ONLY,SECONDARY_SUMMARY_ONLY,200,https://m.irgo.co.kr/IR-COMP/091810,2024-04-16,,"ew: 호실적 예약 하이투자증권 배세호 I 2024-04-16 매수 이참에 저도 유럽여행을 고민 중입니다 이베스트투자증권 이재혁 I 2024-03-22 매수 운명의 2024년 유진투자증권 양승윤,이정훈 I 2024-03-12 N/R 2023년 4분기 경영성과 해당기업 IR팀 I 2024-03-04 매수 4Q23 Review: 성과급 반영으로 컨센서스 하회 하이투자증권 배세호 I 2024-03-04 N/R 진짜 성수기는 1분기 한국투자증권 최고운 I 2024-03-04 N/R 2025년 유럽 노선 안정화 기대 상상인증권 이준호,권오휘 I 2024-02-26 N/R 실적 추정치 상향, 장거리 노선 안정화 주목 NH투자증권 정연승,곽재혁 I 2024-01-30 매수 피크아웃을 무난히 이길 유럽 노선 취항 하이투자증권 배세호 I 2024-01-16 매수 더 멀리, 더 높이 LS증권 이재혁 I 2024-01-09 N/R 피할 수 없는 운임 정상화 흥국증권 이병근 I 2023"
091810::2024,091810,티웨이항공,SECONDARY_SUMMARY_ONLY,SECONDARY_SUMMARY_ONLY,200,https://m.irgo.co.kr/IR-COMP/091810,2024-05-09,,"10 N/R 2024년 1분기 경영성과 해당기업 IR팀 I 2024-05-09 매수 1Q24 Preview: 호실적 예약 하이투자증권 배세호 I 2024-04-16 매수 이참에 저도 유럽여행을 고민 중입니다 이베스트투자증권 이재혁 I 2024-03-22 매수 운명의 2024년 유진투자증권 양승윤,이정훈 I 2024-03-12 N/R 2023년 4분기 경영성과 해당기업 IR팀 I 2024-03-04 매수 4Q23 Review: 성과급 반영으로 컨센서스 하회 하이투자증권 배세호 I 2024-03-04 N/R 진짜 성수기는 1분기 한국투자증권 최고운 I 2024-03-04 N/R 2025년 유럽 노선 안정화 기대 상상인증권 이준호,권오휘 I 2024-02-26 N/R 실적 추정치 상향, 장거리 노선 안정화 주목 NH투자증권 정연승,곽재혁 I 2024-01-30 매수 피크아웃을 무난히 이길 유럽 노선 취항 하이투자증권 배세호 I 2024-01-16 매수 더 멀리, 더 높이"
091810::2024,091810,티웨이항공,SECONDARY_SUMMARY_ONLY,SECONDARY_SUMMARY_ONLY,200,https://m.irgo.co.kr/IR-COMP/091810,2024-05-10,,"1Q24 Review: 당장의 증익보다 중요한 것 한국투자증권 최고운 I 2024-05-10 N/R 2024년 1분기 경영성과 해당기업 IR팀 I 2024-05-09 매수 1Q24 Preview: 호실적 예약 하이투자증권 배세호 I 2024-04-16 매수 이참에 저도 유럽여행을 고민 중입니다 이베스트투자증권 이재혁 I 2024-03-22 매수 운명의 2024년 유진투자증권 양승윤,이정훈 I 2024-03-12 N/R 2023년 4분기 경영성과 해당기업 IR팀 I 2024-03-04 매수 4Q23 Review: 성과급 반영으로 컨센서스 하회 하이투자증권 배세호 I 2024-03-04 N/R 진짜 성수기는 1분기 한국투자증권 최고운 I 2024-03-04 N/R 2025년 유럽 노선 안정화 기대 상상인증권 이준호,권오휘 I 2024-02-26 N/R 실적 추정치 상향, 장거리 노선 안정화 주목 NH투자증권 정연승,곽재혁 I 2024-01-30 매수 피크아웃을 무난히"
091810::2024,091810,티웨이항공,SECONDARY_SUMMARY_ONLY,SECONDARY_SUMMARY_ONLY,200,https://m.irgo.co.kr/IR-COMP/091810,2024-05-10,,"객 수요와 고운임 지속 하이투자증권 배세호 I 2024-05-10 N/R 1Q24 Review: 당장의 증익보다 중요한 것 한국투자증권 최고운 I 2024-05-10 N/R 2024년 1분기 경영성과 해당기업 IR팀 I 2024-05-09 매수 1Q24 Preview: 호실적 예약 하이투자증권 배세호 I 2024-04-16 매수 이참에 저도 유럽여행을 고민 중입니다 이베스트투자증권 이재혁 I 2024-03-22 매수 운명의 2024년 유진투자증권 양승윤,이정훈 I 2024-03-12 N/R 2023년 4분기 경영성과 해당기업 IR팀 I 2024-03-04 매수 4Q23 Review: 성과급 반영으로 컨센서스 하회 하이투자증권 배세호 I 2024-03-04 N/R 진짜 성수기는 1분기 한국투자증권 최고운 I 2024-03-04 N/R 2025년 유럽 노선 안정화 기대 상상인증권 이준호,권오휘 I 2024-02-26 N/R 실적 추정치 상향, 장거리 노선 안정화 주목"
091810::2024,091810,티웨이항공,SECONDARY_SUMMARY_ONLY,SECONDARY_SUMMARY_ONLY,200,https://m.irgo.co.kr/IR-COMP/091810,2024-05-21,,"가와 매력적인 벨류에이션 iM증권 배세호 I 2024-05-21 매수 1Q24 Review: 견조한 여객 수요와 고운임 지속 하이투자증권 배세호 I 2024-05-10 N/R 1Q24 Review: 당장의 증익보다 중요한 것 한국투자증권 최고운 I 2024-05-10 N/R 2024년 1분기 경영성과 해당기업 IR팀 I 2024-05-09 매수 1Q24 Preview: 호실적 예약 하이투자증권 배세호 I 2024-04-16 매수 이참에 저도 유럽여행을 고민 중입니다 이베스트투자증권 이재혁 I 2024-03-22 매수 운명의 2024년 유진투자증권 양승윤,이정훈 I 2024-03-12 N/R 2023년 4분기 경영성과 해당기업 IR팀 I 2024-03-04 매수 4Q23 Review: 성과급 반영으로 컨센서스 하회 하이투자증권 배세호 I 2024-03-04 N/R 진짜 성수기는 1분기 한국투자증권 최고운 I 2024-03-04 N/R 2025년 유럽 노선 안정화 기대"
091810::2024,091810,티웨이항공,SECONDARY_SUMMARY_ONLY,SECONDARY_SUMMARY_ONLY,200,https://m.irgo.co.kr/IR-COMP/091810,2024-06-03,,"024-06-04 매수 멀리 보는 새가 높이 난다 한국투자증권 최고운,홍예림 I 2024-06-03 매수 2H24 운송 전망; 새로운 포트폴리오 추가와 매력적인 벨류에이션 iM증권 배세호 I 2024-05-21 매수 1Q24 Review: 견조한 여객 수요와 고운임 지속 하이투자증권 배세호 I 2024-05-10 N/R 1Q24 Review: 당장의 증익보다 중요한 것 한국투자증권 최고운 I 2024-05-10 N/R 2024년 1분기 경영성과 해당기업 IR팀 I 2024-05-09 매수 1Q24 Preview: 호실적 예약 하이투자증권 배세호 I 2024-04-16 매수 이참에 저도 유럽여행을 고민 중입니다 이베스트투자증권 이재혁 I 2024-03-22 매수 운명의 2024년 유진투자증권 양승윤,이정훈 I 2024-03-12 N/R 2023년 4분기 경영성과 해당기업 IR팀 I 2024-03-04 매수 4Q23 Review: 성과급 반영으로 컨센서스 하회 하이투자"
091810::2024,091810,티웨이항공,SECONDARY_SUMMARY_ONLY,SECONDARY_SUMMARY_ONLY,200,https://m.irgo.co.kr/IR-COMP/091810,2024-06-03,,"림 I 2024-06-03 매수 2H24 운송 전망; 새로운 포트폴리오 추가와 매력적인 벨류에이션 iM증권 배세호 I 2024-05-21 매수 1Q24 Review: 견조한 여객 수요와 고운임 지속 하이투자증권 배세호 I 2024-05-10 N/R 1Q24 Review: 당장의 증익보다 중요한 것 한국투자증권 최고운 I 2024-05-10 N/R 2024년 1분기 경영성과 해당기업 IR팀 I 2024-05-09 매수 1Q24 Preview: 호실적 예약 하이투자증권 배세호 I 2024-04-16 매수 이참에 저도 유럽여행을 고민 중입니다 이베스트투자증권 이재혁 I 2024-03-22 매수 운명의 2024년 유진투자증권 양승윤,이정훈 I 2024-03-12 N/R 2023년 4분기 경영성과 해당기업 IR팀 I 2024-03-04 매수 4Q23 Review: 성과급 반영으로 컨센서스 하회 하이투자증권 배세호 I 2024-03-04 N/R 진짜 성수기는 1분기 한국투자증"
091810::2024,091810,티웨이항공,SECONDARY_SUMMARY_ONLY,SECONDARY_SUMMARY_ONLY,200,https://m.irgo.co.kr/IR-COMP/091810,2024-06-19,,"권 이서연 I 2024-06-19 매수 태평양을 건너 대서양을 건너 LS증권 이재혁 I 2024-06-04 매수 멀리 보는 새가 높이 난다 한국투자증권 최고운,홍예림 I 2024-06-03 매수 2H24 운송 전망; 새로운 포트폴리오 추가와 매력적인 벨류에이션 iM증권 배세호 I 2024-05-21 매수 1Q24 Review: 견조한 여객 수요와 고운임 지속 하이투자증권 배세호 I 2024-05-10 N/R 1Q24 Review: 당장의 증익보다 중요한 것 한국투자증권 최고운 I 2024-05-10 N/R 2024년 1분기 경영성과 해당기업 IR팀 I 2024-05-09 매수 1Q24 Preview: 호실적 예약 하이투자증권 배세호 I 2024-04-16 매수 이참에 저도 유럽여행을 고민 중입니다 이베스트투자증권 이재혁 I 2024-03-22 매수 운명의 2024년 유진투자증권 양승윤,이정훈 I 2024-03-12 N/R 2023년 4분기 경영성과 해당기업 IR팀"
091810::2024,091810,티웨이항공,SECONDARY_SUMMARY_ONLY,SECONDARY_SUMMARY_ONLY,200,https://m.irgo.co.kr/IR-COMP/091810,2024-07-02,,"y Story 하이투자증권 배세호 I 2024-07-02 N/R 2대주주 JKL파트너스 지분을 대명소노그룹이 인수 NH투자증권 정연승 I 2024-07-02 매수 새로운 2대 주주 등장 한국투자증권 최고운 I 2024-07-02 매수 유럽도 싸게 가자 상상인증권 이서연 I 2024-06-19 매수 태평양을 건너 대서양을 건너 LS증권 이재혁 I 2024-06-04 매수 멀리 보는 새가 높이 난다 한국투자증권 최고운,홍예림 I 2024-06-03 매수 2H24 운송 전망; 새로운 포트폴리오 추가와 매력적인 벨류에이션 iM증권 배세호 I 2024-05-21 매수 1Q24 Review: 견조한 여객 수요와 고운임 지속 하이투자증권 배세호 I 2024-05-10 N/R 1Q24 Review: 당장의 증익보다 중요한 것 한국투자증권 최고운 I 2024-05-10 N/R 2024년 1분기 경영성과 해당기업 IR팀 I 2024-05-09 매수 1Q24 Preview: 호실적 예"
091810::2024,091810,티웨이항공,SECONDARY_SUMMARY_ONLY,SECONDARY_SUMMARY_ONLY,200,https://m.irgo.co.kr/IR-COMP/091810,2024-07-02,,"노그룹이 인수 NH투자증권 정연승 I 2024-07-02 매수 새로운 2대 주주 등장 한국투자증권 최고운 I 2024-07-02 매수 유럽도 싸게 가자 상상인증권 이서연 I 2024-06-19 매수 태평양을 건너 대서양을 건너 LS증권 이재혁 I 2024-06-04 매수 멀리 보는 새가 높이 난다 한국투자증권 최고운,홍예림 I 2024-06-03 매수 2H24 운송 전망; 새로운 포트폴리오 추가와 매력적인 벨류에이션 iM증권 배세호 I 2024-05-21 매수 1Q24 Review: 견조한 여객 수요와 고운임 지속 하이투자증권 배세호 I 2024-05-10 N/R 1Q24 Review: 당장의 증익보다 중요한 것 한국투자증권 최고운 I 2024-05-10 N/R 2024년 1분기 경영성과 해당기업 IR팀 I 2024-05-09 매수 1Q24 Preview: 호실적 예약 하이투자증권 배세호 I 2024-04-16 매수 이참에 저도 유럽여행을 고민 중입니다 이베스트투자"
091810::2024,091810,티웨이항공,SECONDARY_SUMMARY_ONLY,SECONDARY_SUMMARY_ONLY,200,https://m.irgo.co.kr/IR-COMP/091810,2024-07-02,,"주주 등장 한국투자증권 최고운 I 2024-07-02 매수 유럽도 싸게 가자 상상인증권 이서연 I 2024-06-19 매수 태평양을 건너 대서양을 건너 LS증권 이재혁 I 2024-06-04 매수 멀리 보는 새가 높이 난다 한국투자증권 최고운,홍예림 I 2024-06-03 매수 2H24 운송 전망; 새로운 포트폴리오 추가와 매력적인 벨류에이션 iM증권 배세호 I 2024-05-21 매수 1Q24 Review: 견조한 여객 수요와 고운임 지속 하이투자증권 배세호 I 2024-05-10 N/R 1Q24 Review: 당장의 증익보다 중요한 것 한국투자증권 최고운 I 2024-05-10 N/R 2024년 1분기 경영성과 해당기업 IR팀 I 2024-05-09 매수 1Q24 Preview: 호실적 예약 하이투자증권 배세호 I 2024-04-16 매수 이참에 저도 유럽여행을 고민 중입니다 이베스트투자증권 이재혁 I 2024-03-22 매수 운명의 2024년 유진투자증권 양"
091810::2024,091810,티웨이항공,SECONDARY_SUMMARY_ONLY,SECONDARY_SUMMARY_ONLY,200,https://m.irgo.co.kr/IR-COMP/091810,2024-07-08,,"07-22 매수 변화의 소용돌이 속에서 유진투자증권 양승윤 I 2024-07-08 매수 풍부한 Equity Story 하이투자증권 배세호 I 2024-07-02 N/R 2대주주 JKL파트너스 지분을 대명소노그룹이 인수 NH투자증권 정연승 I 2024-07-02 매수 새로운 2대 주주 등장 한국투자증권 최고운 I 2024-07-02 매수 유럽도 싸게 가자 상상인증권 이서연 I 2024-06-19 매수 태평양을 건너 대서양을 건너 LS증권 이재혁 I 2024-06-04 매수 멀리 보는 새가 높이 난다 한국투자증권 최고운,홍예림 I 2024-06-03 매수 2H24 운송 전망; 새로운 포트폴리오 추가와 매력적인 벨류에이션 iM증권 배세호 I 2024-05-21 매수 1Q24 Review: 견조한 여객 수요와 고운임 지속 하이투자증권 배세호 I 2024-05-10 N/R 1Q24 Review: 당장의 증익보다 중요한 것 한국투자증권 최고운 I 2024-05-10 N/R 2"
091810::2024,091810,티웨이항공,SECONDARY_SUMMARY_ONLY,SECONDARY_SUMMARY_ONLY,200,https://m.irgo.co.kr/IR-COMP/091810,2024-07-25,,"재혁 I 2024-07-25 매수 2Q24 Preview: 오해받기 쉬운 실적 한국투자증권 최고운 I 2024-07-22 매수 변화의 소용돌이 속에서 유진투자증권 양승윤 I 2024-07-08 매수 풍부한 Equity Story 하이투자증권 배세호 I 2024-07-02 N/R 2대주주 JKL파트너스 지분을 대명소노그룹이 인수 NH투자증권 정연승 I 2024-07-02 매수 새로운 2대 주주 등장 한국투자증권 최고운 I 2024-07-02 매수 유럽도 싸게 가자 상상인증권 이서연 I 2024-06-19 매수 태평양을 건너 대서양을 건너 LS증권 이재혁 I 2024-06-04 매수 멀리 보는 새가 높이 난다 한국투자증권 최고운,홍예림 I 2024-06-03 매수 2H24 운송 전망; 새로운 포트폴리오 추가와 매력적인 벨류에이션 iM증권 배세호 I 2024-05-21 매수 1Q24 Review: 견조한 여객 수요와 고운임 지속 하이투자증권 배세호 I 2024-05-10"
091810::2024,091810,티웨이항공,SECONDARY_SUMMARY_ONLY,SECONDARY_SUMMARY_ONLY,200,https://m.irgo.co.kr/IR-COMP/091810,2024-07-31,,"4-08-05 N/R 운임 하락 압력 지속되나, 기회 요인은 있다 NH투자증권 정연승,곽재혁 I 2024-07-31 매수 2Q24 Preview LS증권 이재혁 I 2024-07-25 매수 2Q24 Preview: 오해받기 쉬운 실적 한국투자증권 최고운 I 2024-07-22 매수 변화의 소용돌이 속에서 유진투자증권 양승윤 I 2024-07-08 매수 풍부한 Equity Story 하이투자증권 배세호 I 2024-07-02 N/R 2대주주 JKL파트너스 지분을 대명소노그룹이 인수 NH투자증권 정연승 I 2024-07-02 매수 새로운 2대 주주 등장 한국투자증권 최고운 I 2024-07-02 매수 유럽도 싸게 가자 상상인증권 이서연 I 2024-06-19 매수 태평양을 건너 대서양을 건너 LS증권 이재혁 I 2024-06-04 매수 멀리 보는 새가 높이 난다 한국투자증권 최고운,홍예림 I 2024-06-03 매수 2H24 운송 전망; 새로운 포트폴리오 추가와 매력적"
091810::2024,091810,티웨이항공,SECONDARY_SUMMARY_ONLY,SECONDARY_SUMMARY_ONLY,200,https://m.irgo.co.kr/IR-COMP/091810,2024-07-31,,"증권 정연승,곽재혁 I 2024-07-31 매수 2Q24 Preview LS증권 이재혁 I 2024-07-25 매수 2Q24 Preview: 오해받기 쉬운 실적 한국투자증권 최고운 I 2024-07-22 매수 변화의 소용돌이 속에서 유진투자증권 양승윤 I 2024-07-08 매수 풍부한 Equity Story 하이투자증권 배세호 I 2024-07-02 N/R 2대주주 JKL파트너스 지분을 대명소노그룹이 인수 NH투자증권 정연승 I 2024-07-02 매수 새로운 2대 주주 등장 한국투자증권 최고운 I 2024-07-02 매수 유럽도 싸게 가자 상상인증권 이서연 I 2024-06-19 매수 태평양을 건너 대서양을 건너 LS증권 이재혁 I 2024-06-04 매수 멀리 보는 새가 높이 난다 한국투자증권 최고운,홍예림 I 2024-06-03 매수 2H24 운송 전망; 새로운 포트폴리오 추가와 매력적인 벨류에이션 iM증권 배세호 I 2024-05-21 매수 1Q24 Rev"
091810::2024,091810,티웨이항공,SECONDARY_SUMMARY_ONLY,SECONDARY_SUMMARY_ONLY,200,https://m.irgo.co.kr/IR-COMP/091810,2024-08-05,,"티웨이항공은 소노에어가 될 수 있을까? iM증권 배세호 I 2024-08-05 N/R 운임 하락 압력 지속되나, 기회 요인은 있다 NH투자증권 정연승,곽재혁 I 2024-07-31 매수 2Q24 Preview LS증권 이재혁 I 2024-07-25 매수 2Q24 Preview: 오해받기 쉬운 실적 한국투자증권 최고운 I 2024-07-22 매수 변화의 소용돌이 속에서 유진투자증권 양승윤 I 2024-07-08 매수 풍부한 Equity Story 하이투자증권 배세호 I 2024-07-02 N/R 2대주주 JKL파트너스 지분을 대명소노그룹이 인수 NH투자증권 정연승 I 2024-07-02 매수 새로운 2대 주주 등장 한국투자증권 최고운 I 2024-07-02 매수 유럽도 싸게 가자 상상인증권 이서연 I 2024-06-19 매수 태평양을 건너 대서양을 건너 LS증권 이재혁 I 2024-06-04 매수 멀리 보는 새가 높이 난다 한국투자증권 최고운,홍예림 I 2024-06"
091810::2024,091810,티웨이항공,SECONDARY_SUMMARY_ONLY,SECONDARY_SUMMARY_ONLY,200,https://m.irgo.co.kr/IR-COMP/091810,2024-08-14,,"2024년 2분기 경영성과 해당기업 IR팀 I 2024-08-14 매수 티웨이항공은 소노에어가 될 수 있을까? iM증권 배세호 I 2024-08-05 N/R 운임 하락 압력 지속되나, 기회 요인은 있다 NH투자증권 정연승,곽재혁 I 2024-07-31 매수 2Q24 Preview LS증권 이재혁 I 2024-07-25 매수 2Q24 Preview: 오해받기 쉬운 실적 한국투자증권 최고운 I 2024-07-22 매수 변화의 소용돌이 속에서 유진투자증권 양승윤 I 2024-07-08 매수 풍부한 Equity Story 하이투자증권 배세호 I 2024-07-02 N/R 2대주주 JKL파트너스 지분을 대명소노그룹이 인수 NH투자증권 정연승 I 2024-07-02 매수 새로운 2대 주주 등장 한국투자증권 최고운 I 2024-07-02 매수 유럽도 싸게 가자 상상인증권 이서연 I 2024-06-19 매수 태평양을 건너 대서양을 건너 LS증권 이재혁 I 2024-06-04 매수"
091810::2024,091810,티웨이항공,SECONDARY_SUMMARY_ONLY,SECONDARY_SUMMARY_ONLY,200,https://m.irgo.co.kr/IR-COMP/091810,2024-10-30,,"024-11-14 N/R 실적 추정 변경 및 재무제표 삼성증권 김영호 I 2024-10-30 N/R 2024년 2분기 경영성과 해당기업 IR팀 I 2024-08-14 매수 티웨이항공은 소노에어가 될 수 있을까? iM증권 배세호 I 2024-08-05 N/R 운임 하락 압력 지속되나, 기회 요인은 있다 NH투자증권 정연승,곽재혁 I 2024-07-31 매수 2Q24 Preview LS증권 이재혁 I 2024-07-25 매수 2Q24 Preview: 오해받기 쉬운 실적 한국투자증권 최고운 I 2024-07-22 매수 변화의 소용돌이 속에서 유진투자증권 양승윤 I 2024-07-08 매수 풍부한 Equity Story 하이투자증권 배세호 I 2024-07-02 N/R 2대주주 JKL파트너스 지분을 대명소노그룹이 인수 NH투자증권 정연승 I 2024-07-02 매수 새로운 2대 주주 등장 한국투자증권 최고운 I 2024-07-02 매수 유럽도 싸게 가자 상상인증권 이서연"
091810::2024,091810,티웨이항공,SECONDARY_SUMMARY_ONLY,SECONDARY_SUMMARY_ONLY,200,https://m.irgo.co.kr/IR-COMP/091810,2024-11-14,,"9 N/R 2024.3Q Earnings Release 해당기업 IR팀 I 2024-11-14 N/R 2024년 3분기 경영실적 해당기업 IR팀 I 2024-11-14 N/R 실적 추정 변경 및 재무제표 삼성증권 김영호 I 2024-10-30 N/R 2024년 2분기 경영성과 해당기업 IR팀 I 2024-08-14 매수 티웨이항공은 소노에어가 될 수 있을까? iM증권 배세호 I 2024-08-05 N/R 운임 하락 압력 지속되나, 기회 요인은 있다 NH투자증권 정연승,곽재혁 I 2024-07-31 매수 2Q24 Preview LS증권 이재혁 I 2024-07-25 매수 2Q24 Preview: 오해받기 쉬운 실적 한국투자증권 최고운 I 2024-07-22 매수 변화의 소용돌이 속에서 유진투자증권 양승윤 I 2024-07-08 매수 풍부한 Equity Story 하이투자증권 배세호 I 2024-07-02 N/R 2대주주 JKL파트너스 지분을 대명소노그룹이 인수 NH투"
091810::2024,091810,티웨이항공,SECONDARY_SUMMARY_ONLY,SECONDARY_SUMMARY_ONLY,200,https://m.irgo.co.kr/IR-COMP/091810,2024-11-14,,"I 2024-11-14 N/R 2024년 3분기 경영실적 해당기업 IR팀 I 2024-11-14 N/R 실적 추정 변경 및 재무제표 삼성증권 김영호 I 2024-10-30 N/R 2024년 2분기 경영성과 해당기업 IR팀 I 2024-08-14 매수 티웨이항공은 소노에어가 될 수 있을까? iM증권 배세호 I 2024-08-05 N/R 운임 하락 압력 지속되나, 기회 요인은 있다 NH투자증권 정연승,곽재혁 I 2024-07-31 매수 2Q24 Preview LS증권 이재혁 I 2024-07-25 매수 2Q24 Preview: 오해받기 쉬운 실적 한국투자증권 최고운 I 2024-07-22 매수 변화의 소용돌이 속에서 유진투자증권 양승윤 I 2024-07-08 매수 풍부한 Equity Story 하이투자증권 배세호 I 2024-07-02 N/R 2대주주 JKL파트너스 지분을 대명소노그룹이 인수 NH투자증권 정연승 I 2024-07-02 매수 새로운 2대 주주 등장 한국투"
091810::2024,091810,티웨이항공,SECONDARY_SUMMARY_ONLY,SECONDARY_SUMMARY_ONLY,200,https://m.irgo.co.kr/IR-COMP/091810,2024-12-03,"{""OE"": [""비용""]}","2024년 연간 경영실적 해당기업 IR팀 I 2025-02-28 N/R 이어지는 성장통 유진투자증권 양승윤 I 2025-01-31 N/R 드러난 경영권 확보 경쟁 NH투자증권 정연승,곽재혁 I 2025-01-31 매수 표면 위로 떠오른 경영권 분쟁 iM증권 배세호 I 2025-01-21 N/R 실적 및 추이 전망 삼성증권 김영호 I 2025-01-16 N/R 비용보다 더 큰 미래를 보자 LS증권 이재혁 I 2024-12-03 매수 새로운 국면을 맞이하며 상상인증권 이서연 I 2024-11-19 N/R 2024.3Q Earnings Release 해당기업 IR팀 I 2024-11-14 N/R 2024년 3분기 경영실적 해당기업 IR팀 I 2024-11-14 N/R 실적 추정 변경 및 재무제표 삼성증권 김영호 I 2024-10-30 N/R 2024년 2분기 경영성과 해당기업 IR팀 I 2024-08-14 매수 티웨이항공은 소노에어가 될 수 있을까? iM증권 배세호 I"
091810::2024,091810,티웨이항공,SECONDARY_SUMMARY_ONLY,SECONDARY_SUMMARY_ONLY,200,https://m.irgo.co.kr/IR-COMP/091810,2024-12-03,"{""OE"": [""비용""]}","2025-01-16 N/R 비용보다 더 큰 미래를 보자 LS증권 이재혁 I 2024-12-03 매수 새로운 국면을 맞이하며 상상인증권 이서연 I 2024-11-19 N/R 2024.3Q Earnings Release 해당기업 IR팀 I 2024-11-14 N/R 2024년 3분기 경영실적 해당기업 IR팀 I 2024-11-14 N/R 실적 추정 변경 및 재무제표 삼성증권 김영호 I 2024-10-30 N/R 2024년 2분기 경영성과 해당기업 IR팀 I 2024-08-14 매수 티웨이항공은 소노에어가 될 수 있을까? iM증권 배세호 I 2024-08-05 N/R 운임 하락 압력 지속되나, 기회 요인은 있다 NH투자증권 정연승,곽재혁 I 2024-07-31 매수 2Q24 Preview LS증권 이재혁 I 2024-07-25 매수 2Q24 Preview: 오해받기 쉬운 실적 한국투자증권 최고운 I 2024-07-22 매수 변화의 소용돌이 속에서 유진투자증권 양승윤 I"
091810::2024,091810,티웨이항공,SECONDARY_SUMMARY_ONLY,SECONDARY_SUMMARY_ONLY,200,https://m.irgo.co.kr/IR-COMP/091810,2024-12-03,"{""OE"": [""비용""]}","rnings Release 해당기업 IR팀 I 2025-02-28 N/R 2024년 연간 경영실적 해당기업 IR팀 I 2025-02-28 N/R 이어지는 성장통 유진투자증권 양승윤 I 2025-01-31 N/R 드러난 경영권 확보 경쟁 NH투자증권 정연승,곽재혁 I 2025-01-31 매수 표면 위로 떠오른 경영권 분쟁 iM증권 배세호 I 2025-01-21 N/R 실적 및 추이 전망 삼성증권 김영호 I 2025-01-16 N/R 비용보다 더 큰 미래를 보자 LS증권 이재혁 I 2024-12-03 매수 새로운 국면을 맞이하며 상상인증권 이서연 I 2024-11-19 N/R 2024.3Q Earnings Release 해당기업 IR팀 I 2024-11-14 N/R 2024년 3분기 경영실적 해당기업 IR팀 I 2024-11-14 N/R 실적 추정 변경 및 재무제표 삼성증권 김영호 I 2024-10-30 N/R 2024년 2분기 경영성과 해당기업 IR팀 I 2024-0"
091810::2024,091810,티웨이항공,SECONDARY_SUMMARY_ONLY,SECONDARY_SUMMARY_ONLY,200,https://m.irgo.co.kr/IR-COMP/091810,2024-12-03,"{""OE"": [""비용""]}","권 확보 경쟁 NH투자증권 정연승,곽재혁 I 2025-01-31 매수 표면 위로 떠오른 경영권 분쟁 iM증권 배세호 I 2025-01-21 N/R 실적 및 추이 전망 삼성증권 김영호 I 2025-01-16 N/R 비용보다 더 큰 미래를 보자 LS증권 이재혁 I 2024-12-03 매수 새로운 국면을 맞이하며 상상인증권 이서연 I 2024-11-19 N/R 2024.3Q Earnings Release 해당기업 IR팀 I 2024-11-14 N/R 2024년 3분기 경영실적 해당기업 IR팀 I 2024-11-14 N/R 실적 추정 변경 및 재무제표 삼성증권 김영호 I 2024-10-30 N/R 2024년 2분기 경영성과 해당기업 IR팀 I 2024-08-14 매수 티웨이항공은 소노에어가 될 수 있을까? iM증권 배세호 I 2024-08-05 N/R 운임 하락 압력 지속되나, 기회 요인은 있다 NH투자증권 정연승,곽재혁 I 2024-07-31 매수 2Q24 Preview"
091810::2024,091810,티웨이항공,SECONDARY_SUMMARY_ONLY,SECONDARY_SUMMARY_ONLY,200,https://m.irgo.co.kr/IR-COMP/091810,2024-12-03,"{""OE"": [""비용""]}","른 경영권 분쟁 iM증권 배세호 I 2025-01-21 N/R 실적 및 추이 전망 삼성증권 김영호 I 2025-01-16 N/R 비용보다 더 큰 미래를 보자 LS증권 이재혁 I 2024-12-03 매수 새로운 국면을 맞이하며 상상인증권 이서연 I 2024-11-19 N/R 2024.3Q Earnings Release 해당기업 IR팀 I 2024-11-14 N/R 2024년 3분기 경영실적 해당기업 IR팀 I 2024-11-14 N/R 실적 추정 변경 및 재무제표 삼성증권 김영호 I 2024-10-30 N/R 2024년 2분기 경영성과 해당기업 IR팀 I 2024-08-14 매수 티웨이항공은 소노에어가 될 수 있을까? iM증권 배세호 I 2024-08-05 N/R 운임 하락 압력 지속되나, 기회 요인은 있다 NH투자증권 정연승,곽재혁 I 2024-07-31 매수 2Q24 Preview LS증권 이재혁 I 2024-07-25 매수 2Q24 Preview: 오해받기 쉬운"
091810::2024,091810,티웨이항공,SECONDARY_SUMMARY_ONLY,SECONDARY_SUMMARY_ONLY,200,https://m.irgo.co.kr/IR-COMP/091810,2024-12-03,"{""OE"": [""비용""]}","이 빨리 끝나야 한국투자증권 최고운,황현정 I 2025-03-04 N/R 2024.4Q Earnings Release 해당기업 IR팀 I 2025-02-28 N/R 2024년 연간 경영실적 해당기업 IR팀 I 2025-02-28 N/R 이어지는 성장통 유진투자증권 양승윤 I 2025-01-31 N/R 드러난 경영권 확보 경쟁 NH투자증권 정연승,곽재혁 I 2025-01-31 매수 표면 위로 떠오른 경영권 분쟁 iM증권 배세호 I 2025-01-21 N/R 실적 및 추이 전망 삼성증권 김영호 I 2025-01-16 N/R 비용보다 더 큰 미래를 보자 LS증권 이재혁 I 2024-12-03 매수 새로운 국면을 맞이하며 상상인증권 이서연 I 2024-11-19 N/R 2024.3Q Earnings Release 해당기업 IR팀 I 2024-11-14 N/R 2024년 3분기 경영실적 해당기업 IR팀 I 2024-11-14 N/R 실적 추정 변경 및 재무제표 삼성증권 김영"
091810::2024,091810,티웨이항공,SECONDARY_SUMMARY_ONLY,SECONDARY_SUMMARY_ONLY,200,https://m.irgo.co.kr/IR-COMP/091810,2024-12-03,"{""OE"": [""비용""]}","지는 성장통 유진투자증권 양승윤 I 2025-01-31 N/R 드러난 경영권 확보 경쟁 NH투자증권 정연승,곽재혁 I 2025-01-31 매수 표면 위로 떠오른 경영권 분쟁 iM증권 배세호 I 2025-01-21 N/R 실적 및 추이 전망 삼성증권 김영호 I 2025-01-16 N/R 비용보다 더 큰 미래를 보자 LS증권 이재혁 I 2024-12-03 매수 새로운 국면을 맞이하며 상상인증권 이서연 I 2024-11-19 N/R 2024.3Q Earnings Release 해당기업 IR팀 I 2024-11-14 N/R 2024년 3분기 경영실적 해당기업 IR팀 I 2024-11-14 N/R 실적 추정 변경 및 재무제표 삼성증권 김영호 I 2024-10-30 N/R 2024년 2분기 경영성과 해당기업 IR팀 I 2024-08-14 매수 티웨이항공은 소노에어가 될 수 있을까? iM증권 배세호 I 2024-08-05 N/R 운임 하락 압력 지속되나, 기회 요인은 있다 NH"
091810::2024,091810,티웨이항공,SECONDARY_SUMMARY_ONLY,SECONDARY_SUMMARY_ONLY,200,https://m.irgo.co.kr/IR-COMP/091810,2024-12-03,,"혁 I 2024-12-03 매수 새로운 국면을 맞이하며 상상인증권 이서연 I 2024-11-19 N/R 2024.3Q Earnings Release 해당기업 IR팀 I 2024-11-14 N/R 2024년 3분기 경영실적 해당기업 IR팀 I 2024-11-14 N/R 실적 추정 변경 및 재무제표 삼성증권 김영호 I 2024-10-30 N/R 2024년 2분기 경영성과 해당기업 IR팀 I 2024-08-14 매수 티웨이항공은 소노에어가 될 수 있을까? iM증권 배세호 I 2024-08-05 N/R 운임 하락 압력 지속되나, 기회 요인은 있다 NH투자증권 정연승,곽재혁 I 2024-07-31 매수 2Q24 Preview LS증권 이재혁 I 2024-07-25 매수 2Q24 Preview: 오해받기 쉬운 실적 한국투자증권 최고운 I 2024-07-22 매수 변화의 소용돌이 속에서 유진투자증권 양승윤 I 2024-07-08 매수 풍부한 Equity Story 하이투자증권"
091810::2024,091810,티웨이항공,SECONDARY_SUMMARY_ONLY,SECONDARY_SUMMARY_ONLY,200,https://m.irgo.co.kr/IR-COMP/091810,2024-12-03,"{""OE"": [""비용""]}","확충 전망 NH투자증권 정연승,곽재혁 I 2025-04-11 매수 전쟁이 빨리 끝나야 한국투자증권 최고운,황현정 I 2025-03-04 N/R 2024.4Q Earnings Release 해당기업 IR팀 I 2025-02-28 N/R 2024년 연간 경영실적 해당기업 IR팀 I 2025-02-28 N/R 이어지는 성장통 유진투자증권 양승윤 I 2025-01-31 N/R 드러난 경영권 확보 경쟁 NH투자증권 정연승,곽재혁 I 2025-01-31 매수 표면 위로 떠오른 경영권 분쟁 iM증권 배세호 I 2025-01-21 N/R 실적 및 추이 전망 삼성증권 김영호 I 2025-01-16 N/R 비용보다 더 큰 미래를 보자 LS증권 이재혁 I 2024-12-03 매수 새로운 국면을 맞이하며 상상인증권 이서연 I 2024-11-19 N/R 2024.3Q Earnings Release 해당기업 IR팀 I 2024-11-14 N/R 2024년 3분기 경영실적 해당기업 IR팀 I"
092730::2024,092730,네오팜,SECONDARY_SUMMARY_ONLY,EQUITY_PRIMARY_NONMAPPABLE,200,https://m.irgo.co.kr/IR-COMP/092730,2024-08-05,"{""OE"": [""원가""]}","8-28 N/R 2Q24 Review: 원가율 상승 아쉬워 하나증권 박은정,김다혜 I 2024-08-05 N/R 1Q24 Review: 컨센서스 부합 하나증권 박은정,김다혜 I 2024-05-07 N/R Next 아이템은 선(Sun)케어 유안타증권 이승은 I 2024-04-22 N/R 1Q24 Preview: 매출은 견조, 이익은 아쉬워 하나증권 박은정,김다혜 I 2024-04-15 N/R 4Q23 Review : 추정치 부합하는 실적 유안타증권 이승은 I 2024-02-06 N/R 4Q23 Review: 분기 최대 매출 기록 하나증권 박은정,김다혜 I 2024-02-05 N/R 화장품 소비 트렌드에 최적화된 회사 유안타증권 이승은 I 2024-01-24 N/R 수출 중심 성장 도모 하나증권 박은정,김다혜 I 2023-12-22 N/R 비수기에도 호실적 지속 하나증권 박은정,김다혜 I 2023-10-30 N/R 하반기 성장률 점증 예상 하나증권 박은정,김다혜 I 2"
092730::2024,092730,네오팜,SECONDARY_SUMMARY_ONLY,EQUITY_PRIMARY_NONMAPPABLE,200,https://m.irgo.co.kr/IR-COMP/092730,2024-09-26,"{""OE"": [""원가""]}","2024-09-26 N/R 회사소개 및 주요 사업현황 해당기업 IR팀 I 2024-08-28 N/R 2Q24 Review: 원가율 상승 아쉬워 하나증권 박은정,김다혜 I 2024-08-05 N/R 1Q24 Review: 컨센서스 부합 하나증권 박은정,김다혜 I 2024-05-07 N/R Next 아이템은 선(Sun)케어 유안타증권 이승은 I 2024-04-22 N/R 1Q24 Preview: 매출은 견조, 이익은 아쉬워 하나증권 박은정,김다혜 I 2024-04-15 N/R 4Q23 Review : 추정치 부합하는 실적 유안타증권 이승은 I 2024-02-06 N/R 4Q23 Review: 분기 최대 매출 기록 하나증권 박은정,김다혜 I 2024-02-05 N/R 화장품 소비 트렌드에 최적화된 회사 유안타증권 이승은 I 2024-01-24 N/R 수출 중심 성장 도모 하나증권 박은정,김다혜 I 2023-12-22 N/R 비수기에도 호실적 지속 하나증권 박은정,김다혜"
092730::2024,092730,네오팜,SECONDARY_SUMMARY_ONLY,EQUITY_PRIMARY_NONMAPPABLE,200,https://m.irgo.co.kr/IR-COMP/092730,2024-10-02,"{""OE"": [""원가""]}","나증권 박은정,김다혜 I 2024-10-02 N/R 회사소개 및 주요 경영현황 해당기업 IR팀 I 2024-09-26 N/R 회사소개 및 주요 사업현황 해당기업 IR팀 I 2024-08-28 N/R 2Q24 Review: 원가율 상승 아쉬워 하나증권 박은정,김다혜 I 2024-08-05 N/R 1Q24 Review: 컨센서스 부합 하나증권 박은정,김다혜 I 2024-05-07 N/R Next 아이템은 선(Sun)케어 유안타증권 이승은 I 2024-04-22 N/R 1Q24 Preview: 매출은 견조, 이익은 아쉬워 하나증권 박은정,김다혜 I 2024-04-15 N/R 4Q23 Review : 추정치 부합하는 실적 유안타증권 이승은 I 2024-02-06 N/R 4Q23 Review: 분기 최대 매출 기록 하나증권 박은정,김다혜 I 2024-02-05 N/R 화장품 소비 트렌드에 최적화된 회사 유안타증권 이승은 I 2024-01-24 N/R 수출 중심 성장 도모 하"
092730::2024,092730,네오팜,SECONDARY_SUMMARY_ONLY,EQUITY_PRIMARY_NONMAPPABLE,200,https://m.irgo.co.kr/IR-COMP/092730,2024-10-15,"{""OE"": [""원가""]}","생각나는 네오팜 NH투자증권 백준기 I 2024-10-15 N/R [NDR 후기] 판로 확대 하나증권 박은정,김다혜 I 2024-10-02 N/R 회사소개 및 주요 경영현황 해당기업 IR팀 I 2024-09-26 N/R 회사소개 및 주요 사업현황 해당기업 IR팀 I 2024-08-28 N/R 2Q24 Review: 원가율 상승 아쉬워 하나증권 박은정,김다혜 I 2024-08-05 N/R 1Q24 Review: 컨센서스 부합 하나증권 박은정,김다혜 I 2024-05-07 N/R Next 아이템은 선(Sun)케어 유안타증권 이승은 I 2024-04-22 N/R 1Q24 Preview: 매출은 견조, 이익은 아쉬워 하나증권 박은정,김다혜 I 2024-04-15 N/R 4Q23 Review : 추정치 부합하는 실적 유안타증권 이승은 I 2024-02-06 N/R 4Q23 Review: 분기 최대 매출 기록 하나증권 박은정,김다혜 I 2024-02-05 N/R 화장품 소비"
092730::2024,092730,네오팜,SECONDARY_SUMMARY_ONLY,EQUITY_PRIMARY_NONMAPPABLE,200,https://m.irgo.co.kr/IR-COMP/092730,2024-11-04,"{""OE"": [""원가""]}","24 Review: 컨센서스 대체로 부합 하나증권 박은정,김다혜 I 2024-11-04 N/R 찬바람 불면 생각나는 네오팜 NH투자증권 백준기 I 2024-10-15 N/R [NDR 후기] 판로 확대 하나증권 박은정,김다혜 I 2024-10-02 N/R 회사소개 및 주요 경영현황 해당기업 IR팀 I 2024-09-26 N/R 회사소개 및 주요 사업현황 해당기업 IR팀 I 2024-08-28 N/R 2Q24 Review: 원가율 상승 아쉬워 하나증권 박은정,김다혜 I 2024-08-05 N/R 1Q24 Review: 컨센서스 부합 하나증권 박은정,김다혜 I 2024-05-07 N/R Next 아이템은 선(Sun)케어 유안타증권 이승은 I 2024-04-22 N/R 1Q24 Preview: 매출은 견조, 이익은 아쉬워 하나증권 박은정,김다혜 I 2024-04-15 N/R 4Q23 Review : 추정치 부합하는 실적 유안타증권 이승은 I 2024-02-06 N/R 4Q"
092730::2024,092730,네오팜,SECONDARY_SUMMARY_ONLY,EQUITY_PRIMARY_NONMAPPABLE,200,https://m.irgo.co.kr/IR-COMP/092730,2024-11-14,"{""OE"": [""원가""]}","/R 회사소개 및 주요 사업현황 해당기업 IR팀 I 2024-11-14 N/R 3Q24 Review: 컨센서스 대체로 부합 하나증권 박은정,김다혜 I 2024-11-04 N/R 찬바람 불면 생각나는 네오팜 NH투자증권 백준기 I 2024-10-15 N/R [NDR 후기] 판로 확대 하나증권 박은정,김다혜 I 2024-10-02 N/R 회사소개 및 주요 경영현황 해당기업 IR팀 I 2024-09-26 N/R 회사소개 및 주요 사업현황 해당기업 IR팀 I 2024-08-28 N/R 2Q24 Review: 원가율 상승 아쉬워 하나증권 박은정,김다혜 I 2024-08-05 N/R 1Q24 Review: 컨센서스 부합 하나증권 박은정,김다혜 I 2024-05-07 N/R Next 아이템은 선(Sun)케어 유안타증권 이승은 I 2024-04-22 N/R 1Q24 Preview: 매출은 견조, 이익은 아쉬워 하나증권 박은정,김다혜 I 2024-04-15 N/R 4Q23 Revi"
092730::2024,092730,네오팜,SECONDARY_SUMMARY_ONLY,EQUITY_PRIMARY_NONMAPPABLE,200,https://m.irgo.co.kr/IR-COMP/092730,2024-12-17,"{""OE"": [""원가""]}","24-12-27 N/R 회사소개 및 주요 경영현황 해당기업 IR팀 I 2024-12-17 N/R 회사소개 및 주요 사업현황 해당기업 IR팀 I 2024-11-14 N/R 3Q24 Review: 컨센서스 대체로 부합 하나증권 박은정,김다혜 I 2024-11-04 N/R 찬바람 불면 생각나는 네오팜 NH투자증권 백준기 I 2024-10-15 N/R [NDR 후기] 판로 확대 하나증권 박은정,김다혜 I 2024-10-02 N/R 회사소개 및 주요 경영현황 해당기업 IR팀 I 2024-09-26 N/R 회사소개 및 주요 사업현황 해당기업 IR팀 I 2024-08-28 N/R 2Q24 Review: 원가율 상승 아쉬워 하나증권 박은정,김다혜 I 2024-08-05 N/R 1Q24 Review: 컨센서스 부합 하나증권 박은정,김다혜 I 2024-05-07 N/R Next 아이템은 선(Sun)케어 유안타증권 이승은 I 2024-04-22 N/R 1Q24 Preview: 매출은"
092730::2024,092730,네오팜,SECONDARY_SUMMARY_ONLY,EQUITY_PRIMARY_NONMAPPABLE,200,https://m.irgo.co.kr/IR-COMP/092730,2024-12-27,,"-07-21 N/R 회사소개 및 주요 경영현황 해당기업 IR팀 I 2025-05-29 N/R 채널 확장 기반 안정적 성장 지속 하나증권 박은정,김다혜 I 2025-05-12 N/R 새로운 성장동력, B2C 제로이드 SK증권 박찬솔 I 2025-04-08 N/R P/E 7배 수준에 불과 하나증권 박은정,김다혜 I 2025-03-17 N/R 4Q24 Review: 컨센서스 부합 하나증권 박은정,김다혜 I 2025-02-10 N/R 4Q24 Preview: 판로 확장 중 하나증권 박은정,김다혜 I 2024-12-27 N/R 회사소개 및 주요 경영현황 해당기업 IR팀 I 2024-12-17 N/R 회사소개 및 주요 사업현황 해당기업 IR팀 I 2024-11-14 N/R 3Q24 Review: 컨센서스 대체로 부합 하나증권 박은정,김다혜 I 2024-11-04 N/R 찬바람 불면 생각나는 네오팜 NH투자증권 백준기 I 2024-10-15 N/R [NDR 후기] 판로 확대 하"
092730::2024,092730,네오팜,SECONDARY_SUMMARY_ONLY,EQUITY_PRIMARY_NONMAPPABLE,200,https://m.irgo.co.kr/IR-COMP/092730,2024-12-27,"{""OE"": [""원가""]}","2025-02-10 N/R 4Q24 Preview: 판로 확장 중 하나증권 박은정,김다혜 I 2024-12-27 N/R 회사소개 및 주요 경영현황 해당기업 IR팀 I 2024-12-17 N/R 회사소개 및 주요 사업현황 해당기업 IR팀 I 2024-11-14 N/R 3Q24 Review: 컨센서스 대체로 부합 하나증권 박은정,김다혜 I 2024-11-04 N/R 찬바람 불면 생각나는 네오팜 NH투자증권 백준기 I 2024-10-15 N/R [NDR 후기] 판로 확대 하나증권 박은정,김다혜 I 2024-10-02 N/R 회사소개 및 주요 경영현황 해당기업 IR팀 I 2024-09-26 N/R 회사소개 및 주요 사업현황 해당기업 IR팀 I 2024-08-28 N/R 2Q24 Review: 원가율 상승 아쉬워 하나증권 박은정,김다혜 I 2024-08-05 N/R 1Q24 Review: 컨센서스 부합 하나증권 박은정,김다혜 I 2024-05-07 N/R Next 아이템은"
092730::2024,092730,네오팜,SECONDARY_SUMMARY_ONLY,EQUITY_PRIMARY_NONMAPPABLE,200,https://m.irgo.co.kr/IR-COMP/092730,2024-12-27,"{""OE"": [""원가""]}","N/R 4Q24 Review: 컨센서스 부합 하나증권 박은정,김다혜 I 2025-02-10 N/R 4Q24 Preview: 판로 확장 중 하나증권 박은정,김다혜 I 2024-12-27 N/R 회사소개 및 주요 경영현황 해당기업 IR팀 I 2024-12-17 N/R 회사소개 및 주요 사업현황 해당기업 IR팀 I 2024-11-14 N/R 3Q24 Review: 컨센서스 대체로 부합 하나증권 박은정,김다혜 I 2024-11-04 N/R 찬바람 불면 생각나는 네오팜 NH투자증권 백준기 I 2024-10-15 N/R [NDR 후기] 판로 확대 하나증권 박은정,김다혜 I 2024-10-02 N/R 회사소개 및 주요 경영현황 해당기업 IR팀 I 2024-09-26 N/R 회사소개 및 주요 사업현황 해당기업 IR팀 I 2024-08-28 N/R 2Q24 Review: 원가율 상승 아쉬워 하나증권 박은정,김다혜 I 2024-08-05 N/R 1Q24 Review: 컨센서스 부합"
092730::2024,092730,네오팜,SECONDARY_SUMMARY_ONLY,EQUITY_PRIMARY_NONMAPPABLE,200,https://m.irgo.co.kr/IR-COMP/092730,2024-12-27,"{""OE"": [""원가""]}","R P/E 7배 수준에 불과 하나증권 박은정,김다혜 I 2025-03-17 N/R 4Q24 Review: 컨센서스 부합 하나증권 박은정,김다혜 I 2025-02-10 N/R 4Q24 Preview: 판로 확장 중 하나증권 박은정,김다혜 I 2024-12-27 N/R 회사소개 및 주요 경영현황 해당기업 IR팀 I 2024-12-17 N/R 회사소개 및 주요 사업현황 해당기업 IR팀 I 2024-11-14 N/R 3Q24 Review: 컨센서스 대체로 부합 하나증권 박은정,김다혜 I 2024-11-04 N/R 찬바람 불면 생각나는 네오팜 NH투자증권 백준기 I 2024-10-15 N/R [NDR 후기] 판로 확대 하나증권 박은정,김다혜 I 2024-10-02 N/R 회사소개 및 주요 경영현황 해당기업 IR팀 I 2024-09-26 N/R 회사소개 및 주요 사업현황 해당기업 IR팀 I 2024-08-28 N/R 2Q24 Review: 원가율 상승 아쉬워 하나증권 박은정,"
092730::2024,092730,네오팜,SECONDARY_SUMMARY_ONLY,EQUITY_PRIMARY_NONMAPPABLE,200,https://m.irgo.co.kr/IR-COMP/092730,2024-12-27,,"R 새로운 성장동력, B2C 제로이드 SK증권 박찬솔 I 2025-04-08 N/R P/E 7배 수준에 불과 하나증권 박은정,김다혜 I 2025-03-17 N/R 4Q24 Review: 컨센서스 부합 하나증권 박은정,김다혜 I 2025-02-10 N/R 4Q24 Preview: 판로 확장 중 하나증권 박은정,김다혜 I 2024-12-27 N/R 회사소개 및 주요 경영현황 해당기업 IR팀 I 2024-12-17 N/R 회사소개 및 주요 사업현황 해당기업 IR팀 I 2024-11-14 N/R 3Q24 Review: 컨센서스 대체로 부합 하나증권 박은정,김다혜 I 2024-11-04 N/R 찬바람 불면 생각나는 네오팜 NH투자증권 백준기 I 2024-10-15 N/R [NDR 후기] 판로 확대 하나증권 박은정,김다혜 I 2024-10-02 N/R 회사소개 및 주요 경영현황 해당기업 IR팀 I 2024-09-26 N/R 회사소개 및 주요 사업현황 해당기업 IR팀 I 202"
092730::2024,092730,네오팜,SECONDARY_SUMMARY_ONLY,EQUITY_PRIMARY_NONMAPPABLE,200,https://m.irgo.co.kr/IR-COMP/092730,2024-12-27,,"내 최고의 보습 브랜드 메리츠증권 박종대 I 2025-07-29 N/R 성장 채널 접점 확대 + 해외 판로 개척 하나증권 박은정,김다혜 I 2025-07-21 N/R 회사소개 및 주요 경영현황 해당기업 IR팀 I 2025-05-29 N/R 채널 확장 기반 안정적 성장 지속 하나증권 박은정,김다혜 I 2025-05-12 N/R 새로운 성장동력, B2C 제로이드 SK증권 박찬솔 I 2025-04-08 N/R P/E 7배 수준에 불과 하나증권 박은정,김다혜 I 2025-03-17 N/R 4Q24 Review: 컨센서스 부합 하나증권 박은정,김다혜 I 2025-02-10 N/R 4Q24 Preview: 판로 확장 중 하나증권 박은정,김다혜 I 2024-12-27 N/R 회사소개 및 주요 경영현황 해당기업 IR팀 I 2024-12-17 N/R 회사소개 및 주요 사업현황 해당기업 IR팀 I 2024-11-14 N/R 3Q24 Review: 컨센서스 대체로 부합 하나증권 박은정"
092730::2024,092730,네오팜,SECONDARY_SUMMARY_ONLY,EQUITY_PRIMARY_NONMAPPABLE,200,https://m.irgo.co.kr/IR-COMP/092730,2024-12-27,,"장 채널 접점 확대 + 해외 판로 개척 하나증권 박은정,김다혜 I 2025-07-21 N/R 회사소개 및 주요 경영현황 해당기업 IR팀 I 2025-05-29 N/R 채널 확장 기반 안정적 성장 지속 하나증권 박은정,김다혜 I 2025-05-12 N/R 새로운 성장동력, B2C 제로이드 SK증권 박찬솔 I 2025-04-08 N/R P/E 7배 수준에 불과 하나증권 박은정,김다혜 I 2025-03-17 N/R 4Q24 Review: 컨센서스 부합 하나증권 박은정,김다혜 I 2025-02-10 N/R 4Q24 Preview: 판로 확장 중 하나증권 박은정,김다혜 I 2024-12-27 N/R 회사소개 및 주요 경영현황 해당기업 IR팀 I 2024-12-17 N/R 회사소개 및 주요 사업현황 해당기업 IR팀 I 2024-11-14 N/R 3Q24 Review: 컨센서스 대체로 부합 하나증권 박은정,김다혜 I 2024-11-04 N/R 찬바람 불면 생각나는 네오팜 NH투"
092730::2024,092730,네오팜,SECONDARY_SUMMARY_ONLY,EQUITY_PRIMARY_NONMAPPABLE,200,https://m.irgo.co.kr/IR-COMP/092730,2024-12-27,,"확장 기반 안정적 성장 지속 하나증권 박은정,김다혜 I 2025-05-12 N/R 새로운 성장동력, B2C 제로이드 SK증권 박찬솔 I 2025-04-08 N/R P/E 7배 수준에 불과 하나증권 박은정,김다혜 I 2025-03-17 N/R 4Q24 Review: 컨센서스 부합 하나증권 박은정,김다혜 I 2025-02-10 N/R 4Q24 Preview: 판로 확장 중 하나증권 박은정,김다혜 I 2024-12-27 N/R 회사소개 및 주요 경영현황 해당기업 IR팀 I 2024-12-17 N/R 회사소개 및 주요 사업현황 해당기업 IR팀 I 2024-11-14 N/R 3Q24 Review: 컨센서스 대체로 부합 하나증권 박은정,김다혜 I 2024-11-04 N/R 찬바람 불면 생각나는 네오팜 NH투자증권 백준기 I 2024-10-15 N/R [NDR 후기] 판로 확대 하나증권 박은정,김다혜 I 2024-10-02 N/R 회사소개 및 주요 경영현황 해당기업 IR팀 I"
093370::2024,093370,후성,SECONDARY_SUMMARY_ONLY,SECONDARY_SUMMARY_ONLY,200,https://m.irgo.co.kr/IR-COMP/093370,2024-10-04,,"7 매수 LiPF6 가격 급등세 지속 유진투자증권 한병화 I 2025-11-24 매수 LiPF6 가격 급등세 지속 유진투자증권 한병화 I 2025-11-17 매수 LiPF6 가격 급등과 미국향 계약 유진투자증권 한병화 I 2025-10-27 N/R 흑자 전환과 다시 보는 밸류 삼성증권 장정훈 I 2025-09-12 매수 배터리 부진 불구 턴어라운드 시작 유진투자증권 한병화 I 2025-08-18 매수 반도체 특수 가스 사업 확장 유진투자증권 한병화 I 2025-04-30 매수 냉매, 반도체 가스로 턴어라운드 시작 유진투자증권 한병화 I 2024-10-04 매수 배터리 소재 부진하나 반도체 특수 가스는 회복세 진입 유진투자증권 한병화 I 2024-05-23 매수 2024년 턴어라운드 시작 예상 유진투자증권 한병화 I 2023-11-27 매수 국내 배터리 소재공장 재가동, 중국 공장은 여전히 부진 유진투자증권 한병화 I 2023-08-14 매수 분기 실적 턴어라운드 예"
093370::2024,093370,후성,SECONDARY_SUMMARY_ONLY,SECONDARY_SUMMARY_ONLY,200,https://m.irgo.co.kr/IR-COMP/093370,2024-10-04,,"투자증권 한병화 I 2026-04-23 N/R 리튬염 가격 급등세 삼성증권 장정훈 I 2025-11-27 매수 LiPF6 가격 급등세 지속 유진투자증권 한병화 I 2025-11-24 매수 LiPF6 가격 급등세 지속 유진투자증권 한병화 I 2025-11-17 매수 LiPF6 가격 급등과 미국향 계약 유진투자증권 한병화 I 2025-10-27 N/R 흑자 전환과 다시 보는 밸류 삼성증권 장정훈 I 2025-09-12 매수 배터리 부진 불구 턴어라운드 시작 유진투자증권 한병화 I 2025-08-18 매수 반도체 특수 가스 사업 확장 유진투자증권 한병화 I 2025-04-30 매수 냉매, 반도체 가스로 턴어라운드 시작 유진투자증권 한병화 I 2024-10-04 매수 배터리 소재 부진하나 반도체 특수 가스는 회복세 진입 유진투자증권 한병화 I 2024-05-23 매수 2024년 턴어라운드 시작 예상 유진투자증권 한병화 I 2023-11-27 매수 국내 배터리 소재공장 재가"
094480::2024,094480,갤럭시아머니트리,SECONDARY_SUMMARY_ONLY,SECONDARY_SUMMARY_ONLY,200,https://m.irgo.co.kr/IR-COMP/094480,2024-04-15,,"시아 월렛 연동 기념 이벤트 갤럭시아머니트리 I 2024-04-15 갤럭시아머니트리, 신규사업본부에 금융 전문가 신년기 상무 영입 “STO 사업 적극 추진” 갤럭시아머니트리 I 2024-04-02 갤럭시아메타버스, ‘여기어때’와 업무협약 체결…GXA 투자자 전용 혜택 제공 갤럭시아머니트리 I 2024-03-15 갤럭시아머니트리, 글로벌 최대 항공금융 콘퍼런스 '그로스 프론티어 코리아 2024' 참가 갤럭시아머니트리 I 2024-03-14 갤럭시아머니트리, ‘머니트리 카드’ 10만장 발급 및 월 충전액 100억원 돌파 갤럭시아머니트리 I 2024-01-22 갤럭시아머니트리, 한국기업평가와 기초자산 가치평가 위한 MOU 갤럭시아머니트리 I 2024-01-18 갤럭시아머니트리, 아이티센과 토큰증권발행 사업을 위한 업무협약 체결 갤럭시아머니트리 I 2023-12-27 메타갤럭시아, GS25에서 NFT 판매 ""국내 최초 편의점 오프라인 NFT"" 갤럭시아머니트리 I 2023-"
094480::2024,094480,갤럭시아머니트리,SECONDARY_SUMMARY_ONLY,SECONDARY_SUMMARY_ONLY,200,https://m.irgo.co.kr/IR-COMP/094480,2024-04-19,,"쓰리서치 갤럭시아머니트리 I 2024-04-19 갤럭시아메타버스, NFT 전문 포털 앱 ‘엔타’와 갤럭시아 월렛 연동 기념 이벤트 갤럭시아머니트리 I 2024-04-15 갤럭시아머니트리, 신규사업본부에 금융 전문가 신년기 상무 영입 “STO 사업 적극 추진” 갤럭시아머니트리 I 2024-04-02 갤럭시아메타버스, ‘여기어때’와 업무협약 체결…GXA 투자자 전용 혜택 제공 갤럭시아머니트리 I 2024-03-15 갤럭시아머니트리, 글로벌 최대 항공금융 콘퍼런스 '그로스 프론티어 코리아 2024' 참가 갤럭시아머니트리 I 2024-03-14 갤럭시아머니트리, ‘머니트리 카드’ 10만장 발급 및 월 충전액 100억원 돌파 갤럭시아머니트리 I 2024-01-22 갤럭시아머니트리, 한국기업평가와 기초자산 가치평가 위한 MOU 갤럭시아머니트리 I 2024-01-18 갤럭시아머니트리, 아이티센과 토큰증권발행 사업을 위한 업무협약 체결 갤럭시아머니트리 I 2023-12-27 메타"
094480::2024,094480,갤럭시아머니트리,SECONDARY_SUMMARY_ONLY,SECONDARY_SUMMARY_ONLY,200,https://m.irgo.co.kr/IR-COMP/094480,2024-04-30,,"금융위 보도자료] 갤럭시아머니트리 I 2024-04-30 갤럭시아머니트리, 올해 STO 혁신금융서비스 지정 기대 - 그로쓰리서치 갤럭시아머니트리 I 2024-04-19 갤럭시아메타버스, NFT 전문 포털 앱 ‘엔타’와 갤럭시아 월렛 연동 기념 이벤트 갤럭시아머니트리 I 2024-04-15 갤럭시아머니트리, 신규사업본부에 금융 전문가 신년기 상무 영입 “STO 사업 적극 추진” 갤럭시아머니트리 I 2024-04-02 갤럭시아메타버스, ‘여기어때’와 업무협약 체결…GXA 투자자 전용 혜택 제공 갤럭시아머니트리 I 2024-03-15 갤럭시아머니트리, 글로벌 최대 항공금융 콘퍼런스 '그로스 프론티어 코리아 2024' 참가 갤럭시아머니트리 I 2024-03-14 갤럭시아머니트리, ‘머니트리 카드’ 10만장 발급 및 월 충전액 100억원 돌파 갤럭시아머니트리 I 2024-01-22 갤럭시아머니트리, 한국기업평가와 기초자산 가치평가 위한 MOU 갤럭시아머니트리 I 2024-0"
094480::2024,094480,갤럭시아머니트리,SECONDARY_SUMMARY_ONLY,SECONDARY_SUMMARY_ONLY,200,https://m.irgo.co.kr/IR-COMP/094480,2024-05-02,,"서비스 지정 갤럭시아머니트리 I 2024-05-02 [공유] 항공기 엔진 신탁수익증권 거래 유통 서비스 혁신금융서비스 신규 지정[금융위 보도자료] 갤럭시아머니트리 I 2024-04-30 갤럭시아머니트리, 올해 STO 혁신금융서비스 지정 기대 - 그로쓰리서치 갤럭시아머니트리 I 2024-04-19 갤럭시아메타버스, NFT 전문 포털 앱 ‘엔타’와 갤럭시아 월렛 연동 기념 이벤트 갤럭시아머니트리 I 2024-04-15 갤럭시아머니트리, 신규사업본부에 금융 전문가 신년기 상무 영입 “STO 사업 적극 추진” 갤럭시아머니트리 I 2024-04-02 갤럭시아메타버스, ‘여기어때’와 업무협약 체결…GXA 투자자 전용 혜택 제공 갤럭시아머니트리 I 2024-03-15 갤럭시아머니트리, 글로벌 최대 항공금융 콘퍼런스 '그로스 프론티어 코리아 2024' 참가 갤럭시아머니트리 I 2024-03-14 갤럭시아머니트리, ‘머니트리 카드’ 10만장 발급 및 월 충전액 100억원 돌파 갤럭"
094480::2024,094480,갤럭시아머니트리,SECONDARY_SUMMARY_ONLY,SECONDARY_SUMMARY_ONLY,200,https://m.irgo.co.kr/IR-COMP/094480,2024-05-03,,"1천명 대상 이벤트 진행 갤럭시아머니트리 I 2024-05-03 갤럭시아머니트리, 항공기 엔진 신탁수익증권 혁신금융서비스 지정 갤럭시아머니트리 I 2024-05-02 [공유] 항공기 엔진 신탁수익증권 거래 유통 서비스 혁신금융서비스 신규 지정[금융위 보도자료] 갤럭시아머니트리 I 2024-04-30 갤럭시아머니트리, 올해 STO 혁신금융서비스 지정 기대 - 그로쓰리서치 갤럭시아머니트리 I 2024-04-19 갤럭시아메타버스, NFT 전문 포털 앱 ‘엔타’와 갤럭시아 월렛 연동 기념 이벤트 갤럭시아머니트리 I 2024-04-15 갤럭시아머니트리, 신규사업본부에 금융 전문가 신년기 상무 영입 “STO 사업 적극 추진” 갤럭시아머니트리 I 2024-04-02 갤럭시아메타버스, ‘여기어때’와 업무협약 체결…GXA 투자자 전용 혜택 제공 갤럭시아머니트리 I 2024-03-15 갤럭시아머니트리, 글로벌 최대 항공금융 콘퍼런스 '그로스 프론티어 코리아 2024' 참가 갤럭시아"
094480::2024,094480,갤럭시아머니트리,SECONDARY_SUMMARY_ONLY,SECONDARY_SUMMARY_ONLY,200,https://m.irgo.co.kr/IR-COMP/094480,2024-06-13,,"카드 출시 ""간편결제 기능 추가"" 갤럭시아머니트리 I 2024-06-13 갤럭시아머니트리, 유튜브 채널 '웃고리즘'과 콜라보 기념 1천명 대상 이벤트 진행 갤럭시아머니트리 I 2024-05-03 갤럭시아머니트리, 항공기 엔진 신탁수익증권 혁신금융서비스 지정 갤럭시아머니트리 I 2024-05-02 [공유] 항공기 엔진 신탁수익증권 거래 유통 서비스 혁신금융서비스 신규 지정[금융위 보도자료] 갤럭시아머니트리 I 2024-04-30 갤럭시아머니트리, 올해 STO 혁신금융서비스 지정 기대 - 그로쓰리서치 갤럭시아머니트리 I 2024-04-19 갤럭시아메타버스, NFT 전문 포털 앱 ‘엔타’와 갤럭시아 월렛 연동 기념 이벤트 갤럭시아머니트리 I 2024-04-15 갤럭시아머니트리, 신규사업본부에 금융 전문가 신년기 상무 영입 “STO 사업 적극 추진” 갤럭시아머니트리 I 2024-04-02 갤럭시아메타버스, ‘여기어때’와 업무협약 체결…GXA 투자자 전용 혜택 제공 갤럭시아"
094480::2024,094480,갤럭시아머니트리,SECONDARY_SUMMARY_ONLY,SECONDARY_SUMMARY_ONLY,200,https://m.irgo.co.kr/IR-COMP/094480,2024-06-21,,"-06-26 [지엘리서치] 탐방리포트 갤럭시아머니트리 I 2024-06-21 갤럭시아머니트리, BC카드 페이북 기반 신규 카드 출시 ""간편결제 기능 추가"" 갤럭시아머니트리 I 2024-06-13 갤럭시아머니트리, 유튜브 채널 '웃고리즘'과 콜라보 기념 1천명 대상 이벤트 진행 갤럭시아머니트리 I 2024-05-03 갤럭시아머니트리, 항공기 엔진 신탁수익증권 혁신금융서비스 지정 갤럭시아머니트리 I 2024-05-02 [공유] 항공기 엔진 신탁수익증권 거래 유통 서비스 혁신금융서비스 신규 지정[금융위 보도자료] 갤럭시아머니트리 I 2024-04-30 갤럭시아머니트리, 올해 STO 혁신금융서비스 지정 기대 - 그로쓰리서치 갤럭시아머니트리 I 2024-04-19 갤럭시아메타버스, NFT 전문 포털 앱 ‘엔타’와 갤럭시아 월렛 연동 기념 이벤트 갤럭시아머니트리 I 2024-04-15 갤럭시아머니트리, 신규사업본부에 금융 전문가 신년기 상무 영입 “STO 사업 적극 추진” 갤"
094480::2024,094480,갤럭시아머니트리,SECONDARY_SUMMARY_ONLY,SECONDARY_SUMMARY_ONLY,200,https://m.irgo.co.kr/IR-COMP/094480,2024-06-26,,"-08-28 갤럭시아머니트리, 부릉-신한카드와 MOU ""배달료 결제 전용카드 출시"" 갤럭시아머니트리 I 2024-06-26 [지엘리서치] 탐방리포트 갤럭시아머니트리 I 2024-06-21 갤럭시아머니트리, BC카드 페이북 기반 신규 카드 출시 ""간편결제 기능 추가"" 갤럭시아머니트리 I 2024-06-13 갤럭시아머니트리, 유튜브 채널 '웃고리즘'과 콜라보 기념 1천명 대상 이벤트 진행 갤럭시아머니트리 I 2024-05-03 갤럭시아머니트리, 항공기 엔진 신탁수익증권 혁신금융서비스 지정 갤럭시아머니트리 I 2024-05-02 [공유] 항공기 엔진 신탁수익증권 거래 유통 서비스 혁신금융서비스 신규 지정[금융위 보도자료] 갤럭시아머니트리 I 2024-04-30 갤럭시아머니트리, 올해 STO 혁신금융서비스 지정 기대 - 그로쓰리서치 갤럭시아머니트리 I 2024-04-19 갤럭시아메타버스, NFT 전문 포털 앱 ‘엔타’와 갤럭시아 월렛 연동 기념 이벤트 갤럭시아머니트리 I"
094480::2024,094480,갤럭시아머니트리,SECONDARY_SUMMARY_ONLY,SECONDARY_SUMMARY_ONLY,200,https://m.irgo.co.kr/IR-COMP/094480,2024-08-30,,"갤럭시아머니트리 I 2024-08-30 갤럭시아머니트리, 국토부 주최 엔진 공유 서비스 사업 설명회 참가 갤럭시아머니트리 I 2024-08-28 갤럭시아머니트리, 부릉-신한카드와 MOU ""배달료 결제 전용카드 출시"" 갤럭시아머니트리 I 2024-06-26 [지엘리서치] 탐방리포트 갤럭시아머니트리 I 2024-06-21 갤럭시아머니트리, BC카드 페이북 기반 신규 카드 출시 ""간편결제 기능 추가"" 갤럭시아머니트리 I 2024-06-13 갤럭시아머니트리, 유튜브 채널 '웃고리즘'과 콜라보 기념 1천명 대상 이벤트 진행 갤럭시아머니트리 I 2024-05-03 갤럭시아머니트리, 항공기 엔진 신탁수익증권 혁신금융서비스 지정 갤럭시아머니트리 I 2024-05-02 [공유] 항공기 엔진 신탁수익증권 거래 유통 서비스 혁신금융서비스 신규 지정[금융위 보도자료] 갤럭시아머니트리 I 2024-04-30 갤럭시아머니트리, 올해 STO 혁신금융서비스 지정 기대 - 그로쓰리서치 갤럭시아"
094480::2024,094480,갤럭시아머니트리,SECONDARY_SUMMARY_ONLY,SECONDARY_SUMMARY_ONLY,200,https://m.irgo.co.kr/IR-COMP/094480,2024-09-03,,"2024-09-03 갤럭시아머니트리, 토큰증권 활성화 위한 정책 세미나 참가 ""토큰증권 시장 현황 및 이슈 점검"" 주제 발표 갤럭시아머니트리 I 2024-09-03 아텐티오 주최 ""실물자산토큰화(RWA) 글로벌 서밋"" 참가 갤럭시아머니트리 I 2024-08-30 갤럭시아머니트리, 국토부 주최 엔진 공유 서비스 사업 설명회 참가 갤럭시아머니트리 I 2024-08-28 갤럭시아머니트리, 부릉-신한카드와 MOU ""배달료 결제 전용카드 출시"" 갤럭시아머니트리 I 2024-06-26 [지엘리서치] 탐방리포트 갤럭시아머니트리 I 2024-06-21 갤럭시아머니트리, BC카드 페이북 기반 신규 카드 출시 ""간편결제 기능 추가"" 갤럭시아머니트리 I 2024-06-13 갤럭시아머니트리, 유튜브 채널 '웃고리즘'과 콜라보 기념 1천명 대상 이벤트 진행 갤럭시아머니트리 I 2024-05-03 갤럭시아머니트리, 항공기 엔진 신탁수익증권 혁신금융서비스 지정 갤럭시아머니트리 I 2024-"
094480::2024,094480,갤럭시아머니트리,SECONDARY_SUMMARY_ONLY,SECONDARY_SUMMARY_ONLY,200,https://m.irgo.co.kr/IR-COMP/094480,2024-09-03,,"9-26 갤럭시아메타버스, 블록체인 전문 뉴스레터 서비스 ‘온체인픽(Onchain PICK)’ 오픈 갤럭시아머니트리 I 2024-09-03 갤럭시아머니트리, 토큰증권 활성화 위한 정책 세미나 참가 ""토큰증권 시장 현황 및 이슈 점검"" 주제 발표 갤럭시아머니트리 I 2024-09-03 아텐티오 주최 ""실물자산토큰화(RWA) 글로벌 서밋"" 참가 갤럭시아머니트리 I 2024-08-30 갤럭시아머니트리, 국토부 주최 엔진 공유 서비스 사업 설명회 참가 갤럭시아머니트리 I 2024-08-28 갤럭시아머니트리, 부릉-신한카드와 MOU ""배달료 결제 전용카드 출시"" 갤럭시아머니트리 I 2024-06-26 [지엘리서치] 탐방리포트 갤럭시아머니트리 I 2024-06-21 갤럭시아머니트리, BC카드 페이북 기반 신규 카드 출시 ""간편결제 기능 추가"" 갤럭시아머니트리 I 2024-06-13 갤럭시아머니트리, 유튜브 채널 '웃고리즘'과 콜라보 기념 1천명 대상 이벤트 진행 갤럭시아머니트"
094480::2024,094480,갤럭시아머니트리,SECONDARY_SUMMARY_ONLY,SECONDARY_SUMMARY_ONLY,200,https://m.irgo.co.kr/IR-COMP/094480,2024-09-03,,"발표 갤럭시아머니트리 I 2024-09-03 아텐티오 주최 ""실물자산토큰화(RWA) 글로벌 서밋"" 참가 갤럭시아머니트리 I 2024-08-30 갤럭시아머니트리, 국토부 주최 엔진 공유 서비스 사업 설명회 참가 갤럭시아머니트리 I 2024-08-28 갤럭시아머니트리, 부릉-신한카드와 MOU ""배달료 결제 전용카드 출시"" 갤럭시아머니트리 I 2024-06-26 [지엘리서치] 탐방리포트 갤럭시아머니트리 I 2024-06-21 갤럭시아머니트리, BC카드 페이북 기반 신규 카드 출시 ""간편결제 기능 추가"" 갤럭시아머니트리 I 2024-06-13 갤럭시아머니트리, 유튜브 채널 '웃고리즘'과 콜라보 기념 1천명 대상 이벤트 진행 갤럭시아머니트리 I 2024-05-03 갤럭시아머니트리, 항공기 엔진 신탁수익증권 혁신금융서비스 지정 갤럭시아머니트리 I 2024-05-02 [공유] 항공기 엔진 신탁수익증권 거래 유통 서비스 혁신금융서비스 신규 지정[금융위 보도자료] 갤럭시아머니트리"
094480::2024,094480,갤럭시아머니트리,SECONDARY_SUMMARY_ONLY,SECONDARY_SUMMARY_ONLY,200,https://m.irgo.co.kr/IR-COMP/094480,2024-09-26,,"유통 서비스' 사업 설명회 진행 갤럭시아머니트리 I 2024-09-26 갤럭시아메타버스, 블록체인 전문 뉴스레터 서비스 ‘온체인픽(Onchain PICK)’ 오픈 갤럭시아머니트리 I 2024-09-03 갤럭시아머니트리, 토큰증권 활성화 위한 정책 세미나 참가 ""토큰증권 시장 현황 및 이슈 점검"" 주제 발표 갤럭시아머니트리 I 2024-09-03 아텐티오 주최 ""실물자산토큰화(RWA) 글로벌 서밋"" 참가 갤럭시아머니트리 I 2024-08-30 갤럭시아머니트리, 국토부 주최 엔진 공유 서비스 사업 설명회 참가 갤럭시아머니트리 I 2024-08-28 갤럭시아머니트리, 부릉-신한카드와 MOU ""배달료 결제 전용카드 출시"" 갤럭시아머니트리 I 2024-06-26 [지엘리서치] 탐방리포트 갤럭시아머니트리 I 2024-06-21 갤럭시아머니트리, BC카드 페이북 기반 신규 카드 출시 ""간편결제 기능 추가"" 갤럭시아머니트리 I 2024-06-13 갤럭시아머니트리, 유튜브 채널"
094480::2024,094480,갤럭시아머니트리,SECONDARY_SUMMARY_ONLY,SECONDARY_SUMMARY_ONLY,200,https://m.irgo.co.kr/IR-COMP/094480,2024-10-22,,"머니트리 I 2024-10-22 갤럭시아머니트리, 항공사 대상 ' 블록체인 기반의 항공기 엔진 신탁수익증권 거래 유통 서비스' 사업 설명회 진행 갤럭시아머니트리 I 2024-09-26 갤럭시아메타버스, 블록체인 전문 뉴스레터 서비스 ‘온체인픽(Onchain PICK)’ 오픈 갤럭시아머니트리 I 2024-09-03 갤럭시아머니트리, 토큰증권 활성화 위한 정책 세미나 참가 ""토큰증권 시장 현황 및 이슈 점검"" 주제 발표 갤럭시아머니트리 I 2024-09-03 아텐티오 주최 ""실물자산토큰화(RWA) 글로벌 서밋"" 참가 갤럭시아머니트리 I 2024-08-30 갤럭시아머니트리, 국토부 주최 엔진 공유 서비스 사업 설명회 참가 갤럭시아머니트리 I 2024-08-28 갤럭시아머니트리, 부릉-신한카드와 MOU ""배달료 결제 전용카드 출시"" 갤럭시아머니트리 I 2024-06-26 [지엘리서치] 탐방리포트 갤럭시아머니트리 I 2024-06-21 갤럭시아머니트리, BC카드 페이북 기반"
094480::2024,094480,갤럭시아머니트리,SECONDARY_SUMMARY_ONLY,SECONDARY_SUMMARY_ONLY,200,https://m.irgo.co.kr/IR-COMP/094480,2024-11-12,,"11 갤럭시아메타버스, 블록체인 전문 뉴스 미디어 '블록미디어'와 업무협약 체결 갤럭시아머니트리 I 2024-11-12 갤럭시아머니트리, 부산디지털자산거래소ᆞ파이브노드와 MOU…STO 생태계 확대 갤럭시아머니트리 I 2024-10-22 갤럭시아머니트리, 항공사 대상 ' 블록체인 기반의 항공기 엔진 신탁수익증권 거래 유통 서비스' 사업 설명회 진행 갤럭시아머니트리 I 2024-09-26 갤럭시아메타버스, 블록체인 전문 뉴스레터 서비스 ‘온체인픽(Onchain PICK)’ 오픈 갤럭시아머니트리 I 2024-09-03 갤럭시아머니트리, 토큰증권 활성화 위한 정책 세미나 참가 ""토큰증권 시장 현황 및 이슈 점검"" 주제 발표 갤럭시아머니트리 I 2024-09-03 아텐티오 주최 ""실물자산토큰화(RWA) 글로벌 서밋"" 참가 갤럭시아머니트리 I 2024-08-30 갤럭시아머니트리, 국토부 주최 엔진 공유 서비스 사업 설명회 참가 갤럭시아머니트리 I 2024-08-28 갤럭시아머"
094480::2024,094480,갤럭시아머니트리,SECONDARY_SUMMARY_ONLY,SECONDARY_SUMMARY_ONLY,200,https://m.irgo.co.kr/IR-COMP/094480,2024-11-12,,"2024-11-12 갤럭시아머니트리, 부산디지털자산거래소ᆞ파이브노드와 MOU…STO 생태계 확대 갤럭시아머니트리 I 2024-10-22 갤럭시아머니트리, 항공사 대상 ' 블록체인 기반의 항공기 엔진 신탁수익증권 거래 유통 서비스' 사업 설명회 진행 갤럭시아머니트리 I 2024-09-26 갤럭시아메타버스, 블록체인 전문 뉴스레터 서비스 ‘온체인픽(Onchain PICK)’ 오픈 갤럭시아머니트리 I 2024-09-03 갤럭시아머니트리, 토큰증권 활성화 위한 정책 세미나 참가 ""토큰증권 시장 현황 및 이슈 점검"" 주제 발표 갤럭시아머니트리 I 2024-09-03 아텐티오 주최 ""실물자산토큰화(RWA) 글로벌 서밋"" 참가 갤럭시아머니트리 I 2024-08-30 갤럭시아머니트리, 국토부 주최 엔진 공유 서비스 사업 설명회 참가 갤럭시아머니트리 I 2024-08-28 갤럭시아머니트리, 부릉-신한카드와 MOU ""배달료 결제 전용카드 출시"" 갤럭시아머니트리 I 2024-06-2"
094480::2024,094480,갤럭시아머니트리,SECONDARY_SUMMARY_ONLY,SECONDARY_SUMMARY_ONLY,200,https://m.irgo.co.kr/IR-COMP/094480,2024-11-27,,"I 2025-11-18 갤럭시아머니트리, 3분기 실적 리뷰 및 주요 사업 현황 설명 갤럭시아머니트리 I 2025-11-18 갤럭시아머니트리, 반기 실적 리뷰 및 주요 사업 현황 설명 갤럭시아머니트리 I 2025-09-23 갤럭시아머니트리, 반기 실적 리뷰 및 주요 사업 현황 설명 갤럭시아머니트리 I 2025-09-03 갤럭시아머니트리, 회사 주요 사업 현황 설명 갤럭시아머니트리 I 2025-06-24 갤럭시아머니트리, 한화투자증권 2Q25 Corporate Day 갤럭시아머니트리 I 2025-06-13 갤럭시아머니트리, 2024년 실적 리뷰 갤럭시아머니트리 I 2025-04-28 갤럭시아머니트리, 3분기 실적 설명 갤럭시아머니트리 I 2024-11-27 갤럭시아머니트리, 반기 실적 리뷰 및 주요 사업 현황 설명 갤럭시아머니트리 I 2024-08-30 갤럭시아머니트리, 반기 실적 리뷰 및 주요 사업 현황 설명 갤럭시아머니트리 I 2024-08-30 갤럭시아머니트리,"
094480::2024,094480,갤럭시아머니트리,SECONDARY_SUMMARY_ONLY,SECONDARY_SUMMARY_ONLY,200,https://m.irgo.co.kr/IR-COMP/094480,2024-11-27,,N/R 회사소개 및 주요 사업현황 해당기업 IR팀 I 2025-09-02 N/R 회사소개 및 주요 사업현황 해당기업 IR팀 I 2025-06-24 N/R 회사소개 및 주요 사업현황 해당기업 IR팀 I 2025-06-13 N/R 회사소개 및 주요 경영현황 해당기업 IR팀 I 2025-04-28 N/R 회사소개 및 주요 사업현황 해당기업 IR팀 I 2024-11-27 N/R 회사소개 및 주요 사업현황 해당기업 IR팀 I 2024-08-30 N/R 회사소개 및 주요 사업현황 해당기업 IR팀 I 2024-08-20 N/R STO사업 기대감 고조 IBK투자증권 김태현 I 2024-02-28 N/R 회사소개 및 주요 사업현황 해당기업 IR팀 I 2024-02-26 N/R STO 관련 비즈니스 가시화로 성장성 가속화 하이투자증권 이상헌 I 2024-01-02 N/R STO 제도화로 성장성 가속화 하이투자증권 이상헌 I 2023-12-04 N/R STO 발행부터 유통까지 준비
094480::2024,094480,갤럭시아머니트리,SECONDARY_SUMMARY_ONLY,SECONDARY_SUMMARY_ONLY,200,https://m.irgo.co.kr/IR-COMP/094480,2024-11-27,,N/R 회사소개 및 주요 사업현황 해당기업 IR팀 I 2025-09-23 N/R 회사소개 및 주요 사업현황 해당기업 IR팀 I 2025-09-02 N/R 회사소개 및 주요 사업현황 해당기업 IR팀 I 2025-06-24 N/R 회사소개 및 주요 사업현황 해당기업 IR팀 I 2025-06-13 N/R 회사소개 및 주요 경영현황 해당기업 IR팀 I 2025-04-28 N/R 회사소개 및 주요 사업현황 해당기업 IR팀 I 2024-11-27 N/R 회사소개 및 주요 사업현황 해당기업 IR팀 I 2024-08-30 N/R 회사소개 및 주요 사업현황 해당기업 IR팀 I 2024-08-20 N/R STO사업 기대감 고조 IBK투자증권 김태현 I 2024-02-28 N/R 회사소개 및 주요 사업현황 해당기업 IR팀 I 2024-02-26 N/R STO 관련 비즈니스 가시화로 성장성 가속화 하이투자증권 이상헌 I 2024-01-02 N/R STO 제도화로 성장성 가속화 하이투자
094480::2024,094480,갤럭시아머니트리,SECONDARY_SUMMARY_ONLY,SECONDARY_SUMMARY_ONLY,200,https://m.irgo.co.kr/IR-COMP/094480,2024-11-27,,"Player로의 부상 기대 유안타증권 권명준,서석준 I 2025-10-23 N/R 회사소개 및 주요 사업현황 해당기업 IR팀 I 2025-09-23 N/R 회사소개 및 주요 사업현황 해당기업 IR팀 I 2025-09-02 N/R 회사소개 및 주요 사업현황 해당기업 IR팀 I 2025-06-24 N/R 회사소개 및 주요 사업현황 해당기업 IR팀 I 2025-06-13 N/R 회사소개 및 주요 경영현황 해당기업 IR팀 I 2025-04-28 N/R 회사소개 및 주요 사업현황 해당기업 IR팀 I 2024-11-27 N/R 회사소개 및 주요 사업현황 해당기업 IR팀 I 2024-08-30 N/R 회사소개 및 주요 사업현황 해당기업 IR팀 I 2024-08-20 N/R STO사업 기대감 고조 IBK투자증권 김태현 I 2024-02-28 N/R 회사소개 및 주요 사업현황 해당기업 IR팀 I 2024-02-26 N/R STO 관련 비즈니스 가시화로 성장성 가속화 하이투자증권"
094480::2024,094480,갤럭시아머니트리,SECONDARY_SUMMARY_ONLY,SECONDARY_SUMMARY_ONLY,200,https://m.irgo.co.kr/IR-COMP/094480,2024-11-27,,"리 I 2025-09-23 갤럭시아머니트리, 반기 실적 리뷰 및 주요 사업 현황 설명 갤럭시아머니트리 I 2025-09-03 갤럭시아머니트리, 회사 주요 사업 현황 설명 갤럭시아머니트리 I 2025-06-24 갤럭시아머니트리, 한화투자증권 2Q25 Corporate Day 갤럭시아머니트리 I 2025-06-13 갤럭시아머니트리, 2024년 실적 리뷰 갤럭시아머니트리 I 2025-04-28 갤럭시아머니트리, 3분기 실적 설명 갤럭시아머니트리 I 2024-11-27 갤럭시아머니트리, 반기 실적 리뷰 및 주요 사업 현황 설명 갤럭시아머니트리 I 2024-08-30 갤럭시아머니트리, 반기 실적 리뷰 및 주요 사업 현황 설명 갤럭시아머니트리 I 2024-08-30 갤럭시아머니트리, 사업 내용 및 현황 갤럭시아머니트리 I 2024-02-28 갤럭시아머니트리, 3분기 실적 리뷰 갤럭시아머니트리 I 2023-12-12 갤럭시아머니트리, 3분기 실적 리뷰 갤럭시아머니트리 I 202"
094480::2024,094480,갤럭시아머니트리,SECONDARY_SUMMARY_ONLY,SECONDARY_SUMMARY_ONLY,200,https://m.irgo.co.kr/IR-COMP/094480,2024-11-27,,"리 I 2025-11-18 갤럭시아머니트리, 반기 실적 리뷰 및 주요 사업 현황 설명 갤럭시아머니트리 I 2025-09-23 갤럭시아머니트리, 반기 실적 리뷰 및 주요 사업 현황 설명 갤럭시아머니트리 I 2025-09-03 갤럭시아머니트리, 회사 주요 사업 현황 설명 갤럭시아머니트리 I 2025-06-24 갤럭시아머니트리, 한화투자증권 2Q25 Corporate Day 갤럭시아머니트리 I 2025-06-13 갤럭시아머니트리, 2024년 실적 리뷰 갤럭시아머니트리 I 2025-04-28 갤럭시아머니트리, 3분기 실적 설명 갤럭시아머니트리 I 2024-11-27 갤럭시아머니트리, 반기 실적 리뷰 및 주요 사업 현황 설명 갤럭시아머니트리 I 2024-08-30 갤럭시아머니트리, 반기 실적 리뷰 및 주요 사업 현황 설명 갤럭시아머니트리 I 2024-08-30 갤럭시아머니트리, 사업 내용 및 현황 갤럭시아머니트리 I 2024-02-28 갤럭시아머니트리, 3분기 실적 리뷰 갤"
094480::2024,094480,갤럭시아머니트리,SECONDARY_SUMMARY_ONLY,SECONDARY_SUMMARY_ONLY,200,https://m.irgo.co.kr/IR-COMP/094480,2024-11-27,,"보유 삼성증권 홍진현 I 2025-12-12 N/R 회사소개 및 주요 사업현황 해당기업 IR팀 I 2025-11-18 N/R STO 법제화시 Key Player로의 부상 기대 유안타증권 권명준,서석준 I 2025-10-23 N/R 회사소개 및 주요 사업현황 해당기업 IR팀 I 2025-09-23 N/R 회사소개 및 주요 사업현황 해당기업 IR팀 I 2025-09-02 N/R 회사소개 및 주요 사업현황 해당기업 IR팀 I 2025-06-24 N/R 회사소개 및 주요 사업현황 해당기업 IR팀 I 2025-06-13 N/R 회사소개 및 주요 경영현황 해당기업 IR팀 I 2025-04-28 N/R 회사소개 및 주요 사업현황 해당기업 IR팀 I 2024-11-27 N/R 회사소개 및 주요 사업현황 해당기업 IR팀 I 2024-08-30 N/R 회사소개 및 주요 사업현황 해당기업 IR팀 I 2024-08-20 N/R STO사업 기대감 고조 IBK투자증권 김태현 I 2024-0"
094480::2024,094480,갤럭시아머니트리,SECONDARY_SUMMARY_ONLY,SECONDARY_SUMMARY_ONLY,200,https://m.irgo.co.kr/IR-COMP/094480,2024-11-27,,"주요 사업현황 해당기업 IR팀 I 2025-06-24 N/R 회사소개 및 주요 사업현황 해당기업 IR팀 I 2025-06-13 N/R 회사소개 및 주요 경영현황 해당기업 IR팀 I 2025-04-28 N/R 회사소개 및 주요 사업현황 해당기업 IR팀 I 2024-11-27 N/R 회사소개 및 주요 사업현황 해당기업 IR팀 I 2024-08-30 N/R 회사소개 및 주요 사업현황 해당기업 IR팀 I 2024-08-20 N/R STO사업 기대감 고조 IBK투자증권 김태현 I 2024-02-28 N/R 회사소개 및 주요 사업현황 해당기업 IR팀 I 2024-02-26 N/R STO 관련 비즈니스 가시화로 성장성 가속화 하이투자증권 이상헌 I 2024-01-02 N/R STO 제도화로 성장성 가속화 하이투자증권 이상헌 I 2023-12-04 N/R STO 발행부터 유통까지 준비 완료, 대장주로 판단 하나증권 최재호,박희철 I 2023-12-04 N/R 풍부한 STO 모멘텀"
094480::2024,094480,갤럭시아머니트리,SECONDARY_SUMMARY_ONLY,SECONDARY_SUMMARY_ONLY,200,https://m.irgo.co.kr/IR-COMP/094480,2024-11-27,,"현황 해당기업 IR팀 I 2025-11-18 N/R STO 법제화시 Key Player로의 부상 기대 유안타증권 권명준,서석준 I 2025-10-23 N/R 회사소개 및 주요 사업현황 해당기업 IR팀 I 2025-09-23 N/R 회사소개 및 주요 사업현황 해당기업 IR팀 I 2025-09-02 N/R 회사소개 및 주요 사업현황 해당기업 IR팀 I 2025-06-24 N/R 회사소개 및 주요 사업현황 해당기업 IR팀 I 2025-06-13 N/R 회사소개 및 주요 경영현황 해당기업 IR팀 I 2025-04-28 N/R 회사소개 및 주요 사업현황 해당기업 IR팀 I 2024-11-27 N/R 회사소개 및 주요 사업현황 해당기업 IR팀 I 2024-08-30 N/R 회사소개 및 주요 사업현황 해당기업 IR팀 I 2024-08-20 N/R STO사업 기대감 고조 IBK투자증권 김태현 I 2024-02-28 N/R 회사소개 및 주요 사업현황 해당기업 IR팀 I 2024-0"
094480::2024,094480,갤럭시아머니트리,SECONDARY_SUMMARY_ONLY,SECONDARY_SUMMARY_ONLY,200,https://m.irgo.co.kr/IR-COMP/094480,2024-11-27,,"황 설명 갤럭시아머니트리 I 2025-09-03 갤럭시아머니트리, 회사 주요 사업 현황 설명 갤럭시아머니트리 I 2025-06-24 갤럭시아머니트리, 한화투자증권 2Q25 Corporate Day 갤럭시아머니트리 I 2025-06-13 갤럭시아머니트리, 2024년 실적 리뷰 갤럭시아머니트리 I 2025-04-28 갤럭시아머니트리, 3분기 실적 설명 갤럭시아머니트리 I 2024-11-27 갤럭시아머니트리, 반기 실적 리뷰 및 주요 사업 현황 설명 갤럭시아머니트리 I 2024-08-30 갤럭시아머니트리, 반기 실적 리뷰 및 주요 사업 현황 설명 갤럭시아머니트리 I 2024-08-30 갤럭시아머니트리, 사업 내용 및 현황 갤럭시아머니트리 I 2024-02-28 갤럭시아머니트리, 3분기 실적 리뷰 갤럭시아머니트리 I 2023-12-12 갤럭시아머니트리, 3분기 실적 리뷰 갤럭시아머니트리 I 2023-12-12 갤럭시아머니트리, 2023년 반기 실적 리뷰 및 주요 사업 현황"
094480::2024,094480,갤럭시아머니트리,SECONDARY_SUMMARY_ONLY,SECONDARY_SUMMARY_ONLY,200,https://m.irgo.co.kr/IR-COMP/094480,2024-12-18,,"갤럭시아머니트리 I 2024-12-18 갤럭시아머니트리, 차지인 전기차 충전기 토큰증권 연계상품 전문적 지원 갤럭시아머니트리 I 2024-12-11 갤럭시아메타버스, 블록체인 전문 뉴스 미디어 '블록미디어'와 업무협약 체결 갤럭시아머니트리 I 2024-11-12 갤럭시아머니트리, 부산디지털자산거래소ᆞ파이브노드와 MOU…STO 생태계 확대 갤럭시아머니트리 I 2024-10-22 갤럭시아머니트리, 항공사 대상 ' 블록체인 기반의 항공기 엔진 신탁수익증권 거래 유통 서비스' 사업 설명회 진행 갤럭시아머니트리 I 2024-09-26 갤럭시아메타버스, 블록체인 전문 뉴스레터 서비스 ‘온체인픽(Onchain PICK)’ 오픈 갤럭시아머니트리 I 2024-09-03 갤럭시아머니트리, 토큰증권 활성화 위한 정책 세미나 참가 ""토큰증권 시장 현황 및 이슈 점검"" 주제 발표 갤럭시아머니트리 I 2024-09-03 아텐티오 주최 ""실물자산토큰화(RWA) 글로벌 서밋"" 참가 갤럭시아머"
094480::2024,094480,갤럭시아머니트리,SECONDARY_SUMMARY_ONLY,SECONDARY_SUMMARY_ONLY,200,https://m.irgo.co.kr/IR-COMP/094480,2024-12-19,,"협약 갤럭시아머니트리 I 2024-12-19 갤럭시아머니트리, 재테크 박람회 참가…다양한 이벤트로 '머니트리카드' 신규 회원 유치 갤럭시아머니트리 I 2024-12-18 갤럭시아머니트리, 차지인 전기차 충전기 토큰증권 연계상품 전문적 지원 갤럭시아머니트리 I 2024-12-11 갤럭시아메타버스, 블록체인 전문 뉴스 미디어 '블록미디어'와 업무협약 체결 갤럭시아머니트리 I 2024-11-12 갤럭시아머니트리, 부산디지털자산거래소ᆞ파이브노드와 MOU…STO 생태계 확대 갤럭시아머니트리 I 2024-10-22 갤럭시아머니트리, 항공사 대상 ' 블록체인 기반의 항공기 엔진 신탁수익증권 거래 유통 서비스' 사업 설명회 진행 갤럭시아머니트리 I 2024-09-26 갤럭시아메타버스, 블록체인 전문 뉴스레터 서비스 ‘온체인픽(Onchain PICK)’ 오픈 갤럭시아머니트리 I 2024-09-03 갤럭시아머니트리, 토큰증권 활성화 위한 정책 세미나 참가 ""토큰증권 시장 현황 및"
094480::2024,094480,갤럭시아머니트리,SECONDARY_SUMMARY_ONLY,SECONDARY_SUMMARY_ONLY,200,https://m.irgo.co.kr/IR-COMP/094480,2024-12-27,,"3천만원 규모 에어드랍 이벤트 진행 갤럭시아머니트리 I 2024-12-27 갤럭시아머니트리, '항공기 엔진 신탁수익증권 거래유통 서비스' 강화 위한 다자 협약 갤럭시아머니트리 I 2024-12-19 갤럭시아머니트리, 재테크 박람회 참가…다양한 이벤트로 '머니트리카드' 신규 회원 유치 갤럭시아머니트리 I 2024-12-18 갤럭시아머니트리, 차지인 전기차 충전기 토큰증권 연계상품 전문적 지원 갤럭시아머니트리 I 2024-12-11 갤럭시아메타버스, 블록체인 전문 뉴스 미디어 '블록미디어'와 업무협약 체결 갤럭시아머니트리 I 2024-11-12 갤럭시아머니트리, 부산디지털자산거래소ᆞ파이브노드와 MOU…STO 생태계 확대 갤럭시아머니트리 I 2024-10-22 갤럭시아머니트리, 항공사 대상 ' 블록체인 기반의 항공기 엔진 신탁수익증권 거래 유통 서비스' 사업 설명회 진행 갤럭시아머니트리 I 2024-09-26 갤럭시아메타버스, 블록체인 전문 뉴스레터 서비스 ‘온체인픽(O"
094480::2024,094480,갤럭시아머니트리,SECONDARY_SUMMARY_ONLY,SECONDARY_SUMMARY_ONLY,200,https://m.irgo.co.kr/IR-COMP/094480,2024-12-27,,"I DSS 4.0 인증 취득 갤럭시아머니트리 I 2025-04-15 혁신금융서비스 지정 내용 변경(2025.03.19 금융위원회 공고) 갤럭시아머니트리 I 2025-03-19 갤럭시아머니트리, ABMF 참가…'항공기 엔진 리스 비금전신탁수익증권' 관련 발표 갤럭시아머니트리 I 2025-02-10 [공유] “150억짜리 항공기 엔진, 이제 누구나 조각투자로 소유” [블록체인 히어로즈] 갤럭시아머니트리 I 2025-01-06 갤럭시아메타버스, 코인사이렌 런칭 기념 3천만원 규모 에어드랍 이벤트 진행 갤럭시아머니트리 I 2024-12-27 갤럭시아머니트리, '항공기 엔진 신탁수익증권 거래유통 서비스' 강화 위한 다자 협약 갤럭시아머니트리 I 2024-12-19 갤럭시아머니트리, 재테크 박람회 참가…다양한 이벤트로 '머니트리카드' 신규 회원 유치 갤럭시아머니트리 I 2024-12-18 갤럭시아머니트리, 차지인 전기차 충전기 토큰증권 연계상품 전문적 지원 갤럭시아머니트리 I"
094480::2024,094480,갤럭시아머니트리,SECONDARY_SUMMARY_ONLY,SECONDARY_SUMMARY_ONLY,200,https://m.irgo.co.kr/IR-COMP/094480,2024-12-27,,"각투자로 소유” [블록체인 히어로즈] 갤럭시아머니트리 I 2025-01-06 갤럭시아메타버스, 코인사이렌 런칭 기념 3천만원 규모 에어드랍 이벤트 진행 갤럭시아머니트리 I 2024-12-27 갤럭시아머니트리, '항공기 엔진 신탁수익증권 거래유통 서비스' 강화 위한 다자 협약 갤럭시아머니트리 I 2024-12-19 갤럭시아머니트리, 재테크 박람회 참가…다양한 이벤트로 '머니트리카드' 신규 회원 유치 갤럭시아머니트리 I 2024-12-18 갤럭시아머니트리, 차지인 전기차 충전기 토큰증권 연계상품 전문적 지원 갤럭시아머니트리 I 2024-12-11 갤럭시아메타버스, 블록체인 전문 뉴스 미디어 '블록미디어'와 업무협약 체결 갤럭시아머니트리 I 2024-11-12 갤럭시아머니트리, 부산디지털자산거래소ᆞ파이브노드와 MOU…STO 생태계 확대 갤럭시아머니트리 I 2024-10-22 갤럭시아머니트리, 항공사 대상 ' 블록체인 기반의 항공기 엔진 신탁수익증권 거래 유통 서비스' 사"
094480::2024,094480,갤럭시아머니트리,SECONDARY_SUMMARY_ONLY,SECONDARY_SUMMARY_ONLY,200,https://m.irgo.co.kr/IR-COMP/094480,2024-12-27,,"럭시아머니트리, ‘머니트리카드’로 민생회복 소비쿠폰 수령 가능 갤럭시아머니트리 I 2025-07-15 갤럭시아머니트리, PCI DSS 4.0 인증 취득 갤럭시아머니트리 I 2025-04-15 혁신금융서비스 지정 내용 변경(2025.03.19 금융위원회 공고) 갤럭시아머니트리 I 2025-03-19 갤럭시아머니트리, ABMF 참가…'항공기 엔진 리스 비금전신탁수익증권' 관련 발표 갤럭시아머니트리 I 2025-02-10 [공유] “150억짜리 항공기 엔진, 이제 누구나 조각투자로 소유” [블록체인 히어로즈] 갤럭시아머니트리 I 2025-01-06 갤럭시아메타버스, 코인사이렌 런칭 기념 3천만원 규모 에어드랍 이벤트 진행 갤럭시아머니트리 I 2024-12-27 갤럭시아머니트리, '항공기 엔진 신탁수익증권 거래유통 서비스' 강화 위한 다자 협약 갤럭시아머니트리 I 2024-12-19 갤럭시아머니트리, 재테크 박람회 참가…다양한 이벤트로 '머니트리카드' 신규 회원 유치 갤럭"
094480::2024,094480,갤럭시아머니트리,SECONDARY_SUMMARY_ONLY,SECONDARY_SUMMARY_ONLY,200,https://m.irgo.co.kr/IR-COMP/094480,2024-12-27,,"탁수익증권' 관련 발표 갤럭시아머니트리 I 2025-02-10 [공유] “150억짜리 항공기 엔진, 이제 누구나 조각투자로 소유” [블록체인 히어로즈] 갤럭시아머니트리 I 2025-01-06 갤럭시아메타버스, 코인사이렌 런칭 기념 3천만원 규모 에어드랍 이벤트 진행 갤럭시아머니트리 I 2024-12-27 갤럭시아머니트리, '항공기 엔진 신탁수익증권 거래유통 서비스' 강화 위한 다자 협약 갤럭시아머니트리 I 2024-12-19 갤럭시아머니트리, 재테크 박람회 참가…다양한 이벤트로 '머니트리카드' 신규 회원 유치 갤럭시아머니트리 I 2024-12-18 갤럭시아머니트리, 차지인 전기차 충전기 토큰증권 연계상품 전문적 지원 갤럭시아머니트리 I 2024-12-11 갤럭시아메타버스, 블록체인 전문 뉴스 미디어 '블록미디어'와 업무협약 체결 갤럭시아머니트리 I 2024-11-12 갤럭시아머니트리, 부산디지털자산거래소ᆞ파이브노드와 MOU…STO 생태계 확대 갤럭시아머니트리 I 2"
094480::2024,094480,갤럭시아머니트리,SECONDARY_SUMMARY_ONLY,SECONDARY_SUMMARY_ONLY,200,https://m.irgo.co.kr/IR-COMP/094480,2024-12-27,,"회 공고) 갤럭시아머니트리 I 2025-03-19 갤럭시아머니트리, ABMF 참가…'항공기 엔진 리스 비금전신탁수익증권' 관련 발표 갤럭시아머니트리 I 2025-02-10 [공유] “150억짜리 항공기 엔진, 이제 누구나 조각투자로 소유” [블록체인 히어로즈] 갤럭시아머니트리 I 2025-01-06 갤럭시아메타버스, 코인사이렌 런칭 기념 3천만원 규모 에어드랍 이벤트 진행 갤럭시아머니트리 I 2024-12-27 갤럭시아머니트리, '항공기 엔진 신탁수익증권 거래유통 서비스' 강화 위한 다자 협약 갤럭시아머니트리 I 2024-12-19 갤럭시아머니트리, 재테크 박람회 참가…다양한 이벤트로 '머니트리카드' 신규 회원 유치 갤럭시아머니트리 I 2024-12-18 갤럭시아머니트리, 차지인 전기차 충전기 토큰증권 연계상품 전문적 지원 갤럭시아머니트리 I 2024-12-11 갤럭시아메타버스, 블록체인 전문 뉴스 미디어 '블록미디어'와 업무협약 체결 갤럭시아머니트리 I 2024-"
094970::2024,094970,제이엠티,SECONDARY_SUMMARY_ONLY,SECONDARY_SUMMARY_ONLY,200,https://m.irgo.co.kr/IR-COMP/094970,2024-03-06,,리포트 N/R 숨겨진 애플 OLED 확장의 수혜 기업 SK증권 허선재 I 2024-03-06 N/R 신규 아이템으로 성장 및 수익성 호전 한화투자증권 오주식 I 2012-08-28 N/R 신규 아이템을 통한 실적 Level Up! IBK투자증권 최광현 I 2012-08-14 N/R 신규 아이템을 통한 실적
095610::2024,095610,테스,SECONDARY_SUMMARY_ONLY,SECONDARY_SUMMARY_ONLY,200,https://m.irgo.co.kr/IR-COMP/095610,2024-12-19,,"-05-13 매수 실적으로 확인된 NAND 투자 효과 메리츠증권 김동관 I 2025-05-13 매수 올해 이익 추정치 상향에 따른 목표주가 상향 한화투자증권 김광진 I 2025-04-14 매수 NAND 투자 재개의 주인공 메리츠증권 김동관 I 2025-04-07 매수 25년 영업이익 35% 증가 전망 DS투자증권 이수림,김진형 I 2025-03-31 매수 NAND 공정 업그레이드 투자 수혜 키움증권 박유악 I 2025-02-18 N/R 회사소개 및 주요 경영현황 해당기업 IR팀 I 2025-02-12 N/R 25년 전공정 투자에 따른 실적 성장 대신증권 신석환 I 2024-12-19 N/R 회사소개 및 주요 사업현황 해당기업 IR팀 I 2024-12-03 매수 디램 장비사로의 인식 전환 필요 한화투자증권 김광진 I 2024-11-21 매수 25년 메모리 투자 사이클에 대비해야 할 시기 키움증권 박유악 I 2024-08-27 매수 1Q24 영업흑자 전환 전망 키움증권"
095610::2024,095610,테스,SECONDARY_SUMMARY_ONLY,SECONDARY_SUMMARY_ONLY,200,https://m.irgo.co.kr/IR-COMP/095610,2024-12-19,,"025-04-07 매수 25년 영업이익 35% 증가 전망 DS투자증권 이수림,김진형 I 2025-03-31 매수 NAND 공정 업그레이드 투자 수혜 키움증권 박유악 I 2025-02-18 N/R 회사소개 및 주요 경영현황 해당기업 IR팀 I 2025-02-12 N/R 25년 전공정 투자에 따른 실적 성장 대신증권 신석환 I 2024-12-19 N/R 회사소개 및 주요 사업현황 해당기업 IR팀 I 2024-12-03 매수 디램 장비사로의 인식 전환 필요 한화투자증권 김광진 I 2024-11-21 매수 25년 메모리 투자 사이클에 대비해야 할 시기 키움증권 박유악 I 2024-08-27 매수 1Q24 영업흑자 전환 전망 키움증권 박유악 I 2024-02-27 매수 메모리 반도체 투자 공백기 키움증권 박유악,손인준 I 2023-11-29 매수 파운드리, 메모리 장비 국산화 수혜 키움증권 박유악 I 2023-08-09 매수 반도체 전공정 장비 국산화 흐름에 주목 키움증권"
095610::2024,095610,테스,SECONDARY_SUMMARY_ONLY,SECONDARY_SUMMARY_ONLY,200,https://m.irgo.co.kr/IR-COMP/095610,2024-12-19,,"05-14 매수 낸드 전환 가속화와 신규 장비 SK증권 이동주 I 2025-05-13 매수 실적으로 확인된 NAND 투자 효과 메리츠증권 김동관 I 2025-05-13 매수 올해 이익 추정치 상향에 따른 목표주가 상향 한화투자증권 김광진 I 2025-04-14 매수 NAND 투자 재개의 주인공 메리츠증권 김동관 I 2025-04-07 매수 25년 영업이익 35% 증가 전망 DS투자증권 이수림,김진형 I 2025-03-31 매수 NAND 공정 업그레이드 투자 수혜 키움증권 박유악 I 2025-02-18 N/R 회사소개 및 주요 경영현황 해당기업 IR팀 I 2025-02-12 N/R 25년 전공정 투자에 따른 실적 성장 대신증권 신석환 I 2024-12-19 N/R 회사소개 및 주요 사업현황 해당기업 IR팀 I 2024-12-03 매수 디램 장비사로의 인식 전환 필요 한화투자증권 김광진 I 2024-11-21 매수 25년 메모리 투자 사이클에 대비해야 할 시기 키움증권"
095610::2024,095610,테스,SECONDARY_SUMMARY_ONLY,SECONDARY_SUMMARY_ONLY,200,https://m.irgo.co.kr/IR-COMP/095610,2024-12-19,,"25-04-14 매수 NAND 투자 재개의 주인공 메리츠증권 김동관 I 2025-04-07 매수 25년 영업이익 35% 증가 전망 DS투자증권 이수림,김진형 I 2025-03-31 매수 NAND 공정 업그레이드 투자 수혜 키움증권 박유악 I 2025-02-18 N/R 회사소개 및 주요 경영현황 해당기업 IR팀 I 2025-02-12 N/R 25년 전공정 투자에 따른 실적 성장 대신증권 신석환 I 2024-12-19 N/R 회사소개 및 주요 사업현황 해당기업 IR팀 I 2024-12-03 매수 디램 장비사로의 인식 전환 필요 한화투자증권 김광진 I 2024-11-21 매수 25년 메모리 투자 사이클에 대비해야 할 시기 키움증권 박유악 I 2024-08-27 매수 1Q24 영업흑자 전환 전망 키움증권 박유악 I 2024-02-27 매수 메모리 반도체 투자 공백기 키움증권 박유악,손인준 I 2023-11-29 매수 파운드리, 메모리 장비 국산화 수혜 키움증권 박유악 I"
095610::2024,095610,테스,SECONDARY_SUMMARY_ONLY,SECONDARY_SUMMARY_ONLY,200,https://m.irgo.co.kr/IR-COMP/095610,2024-12-19,,"5-05-13 매수 올해 이익 추정치 상향에 따른 목표주가 상향 한화투자증권 김광진 I 2025-04-14 매수 NAND 투자 재개의 주인공 메리츠증권 김동관 I 2025-04-07 매수 25년 영업이익 35% 증가 전망 DS투자증권 이수림,김진형 I 2025-03-31 매수 NAND 공정 업그레이드 투자 수혜 키움증권 박유악 I 2025-02-18 N/R 회사소개 및 주요 경영현황 해당기업 IR팀 I 2025-02-12 N/R 25년 전공정 투자에 따른 실적 성장 대신증권 신석환 I 2024-12-19 N/R 회사소개 및 주요 사업현황 해당기업 IR팀 I 2024-12-03 매수 디램 장비사로의 인식 전환 필요 한화투자증권 김광진 I 2024-11-21 매수 25년 메모리 투자 사이클에 대비해야 할 시기 키움증권 박유악 I 2024-08-27 매수 1Q24 영업흑자 전환 전망 키움증권 박유악 I 2024-02-27 매수 메모리 반도체 투자 공백기 키움증권 박유악,"
100030::2024,100030,인지소프트,SECONDARY_SUMMARY_ONLY,EQUITY_PRIMARY_NONMAPPABLE,200,https://m.irgo.co.kr/IR-COMP/100030,2024-11-05,,"리포트 N/R 주주환원 확대 지속 및 M&A 추진 기대 KB증권 임상국 I 2025-11-20 N/R 실적 턴어라운드에 이어 주주환원 확대 본격화 KB증권 임상국 I 2025-08-12 N/R 주 4.5일 근무제 그리고 기업가치 재평가 기대 KB증권 임상국 I 2025-06-25 N/R 3분기 턴어라운드에 이어 향후 M&A를 통한 제 2성장 기대 KB증권 임상국 I 2024-11-05 N/R AI, 클라우드, 로보틱 삼박자에 케이뱅크 가치 부각 / 임상국 KB증권 임상국 I 2024-05-14 N/R 금융권의 AI 이미지 인식 및 로보틱 솔루션의 최강자 KB증권 임상국 I 2023-03-09 N"
100030::2024,100030,인지소프트,SECONDARY_SUMMARY_ONLY,EQUITY_PRIMARY_NONMAPPABLE,200,https://m.irgo.co.kr/IR-COMP/100030,2024-11-05,,"리포트 N/R 주주환원 확대 지속 및 M&A 추진 기대 KB증권 임상국 I 2025-11-20 N/R 실적 턴어라운드에 이어 주주환원 확대 본격화 KB증권 임상국 I 2025-08-12 N/R 주 4.5일 근무제 그리고 기업가치 재평가 기대 KB증권 임상국 I 2025-06-25 N/R 3분기 턴어라운드에 이어 향후 M&A를 통한 제 2성장 기대 KB증권 임상국 I 2024-11-05 N/R AI, 클라우드, 로보틱 삼박자에 케이뱅크 가치 부각 / 임상국 KB증권 임상국 I 2024-05-14 N/R 금융권의 AI 이미지 인식 및 로보틱 솔루션의 최강자 KB증권 임상국 I 2023-03-09 N/R 자회사 성장을 통해 투자회사로 거듭나다! 기업가치 Re-rating 구간 돌입! 하나금융투자 이정기 I 2"
100090::2024,100090,SK오션플랜트,PRIMARY_INDEX_AVAILABLE,EQUITY_INDEX_PLUS_SECONDARY_SUMMARY,200,https://m.irgo.co.kr/IR-COMP/100090,2024-05-20,,"024-05-20 매수 앞으로 나올 수주를 기다리며 KB증권 정혜정 I 2024-05-20 매수 1분기 부진했으나 2분기부터 회복세 유진투자증권 한병화 I 2024-05-20 매수 1Q24 Review: 기대치 대비 하회하는 실적 SK증권 나민식 I 2024-05-20 매수 1Q24 Review: 지금이 매수 적기 메리츠증권 문경원,윤동준 I 2024-05-20 N/R 2024년 1분기 실적발표 해당기업 IR팀 I 2024-05-17 매수 2분기 탑라인 성장 기대 미래에셋증권 이진호,김태형 I 2024-05-17 매수 신규수주가 절실한 때 DS투자증권 안주원 I 2024-05-17 매수 해상풍력시장 성장의 최대수혜주 흥국증권 장현구 I 2024-05-10 더보기"
100090::2024,100090,SK오션플랜트,PRIMARY_INDEX_AVAILABLE,EQUITY_INDEX_PLUS_SECONDARY_SUMMARY,200,https://m.irgo.co.kr/IR-COMP/100090,2024-05-20,,"024-05-20 매수 우려했던 수주 공백은 없을 것 삼성증권 허재준 I 2024-05-20 매수 앞으로 나올 수주를 기다리며 KB증권 정혜정 I 2024-05-20 매수 1분기 부진했으나 2분기부터 회복세 유진투자증권 한병화 I 2024-05-20 매수 1Q24 Review: 기대치 대비 하회하는 실적 SK증권 나민식 I 2024-05-20 매수 1Q24 Review: 지금이 매수 적기 메리츠증권 문경원,윤동준 I 2024-05-20 N/R 2024년 1분기 실적발표 해당기업 IR팀 I 2024-05-17 매수 2분기 탑라인 성장 기대 미래에셋증권 이진호,김태형 I 2024-05-17 매수 신규수주가 절실한 때 DS투자증권 안주원 I 2024-05-17 매수 해상풍력시장 성장의 최대수혜주 흥국증권 장현구 I 2024-05-10 더보기"
100090::2024,100090,SK오션플랜트,PRIMARY_INDEX_AVAILABLE,EQUITY_INDEX_PLUS_SECONDARY_SUMMARY,200,https://m.irgo.co.kr/IR-COMP/100090,2024-05-20,,"024-05-30 매수 1분기가 바닥 신한투자증권 박광래,한승훈 I 2024-05-20 매수 우려했던 수주 공백은 없을 것 삼성증권 허재준 I 2024-05-20 매수 앞으로 나올 수주를 기다리며 KB증권 정혜정 I 2024-05-20 매수 1분기 부진했으나 2분기부터 회복세 유진투자증권 한병화 I 2024-05-20 매수 1Q24 Review: 기대치 대비 하회하는 실적 SK증권 나민식 I 2024-05-20 매수 1Q24 Review: 지금이 매수 적기 메리츠증권 문경원,윤동준 I 2024-05-20 N/R 2024년 1분기 실적발표 해당기업 IR팀 I 2024-05-17 매수 2분기 탑라인 성장 기대 미래에셋증권 이진호,김태형 I 2024-05-17 매수 신규수주가 절실한 때 DS투자증권 안주원 I 2024-05-17 매수 해상풍력시장 성장의 최대수혜주 흥국증권 장현구 I 2024-05-10 더보기"
100090::2024,100090,SK오션플랜트,PRIMARY_INDEX_AVAILABLE,EQUITY_INDEX_PLUS_SECONDARY_SUMMARY,200,https://m.irgo.co.kr/IR-COMP/100090,2024-05-30,,"수 이 공백기만 지나면 쏟아질 수주와 매출 성장 다올투자증권 전혜영,차윤지 I 2024-05-30 매수 1분기가 바닥 신한투자증권 박광래,한승훈 I 2024-05-20 매수 우려했던 수주 공백은 없을 것 삼성증권 허재준 I 2024-05-20 매수 앞으로 나올 수주를 기다리며 KB증권 정혜정 I 2024-05-20 매수 1분기 부진했으나 2분기부터 회복세 유진투자증권 한병화 I 2024-05-20 매수 1Q24 Review: 기대치 대비 하회하는 실적 SK증권 나민식 I 2024-05-20 매수 1Q24 Review: 지금이 매수 적기 메리츠증권 문경원,윤동준 I 2024-05-20 N/R 2024년 1분기 실적발표 해당기업 IR팀 I 2024-05-17 매수 2분기 탑라인 성장 기대 미래에셋증권 이진호,김태형 I 2024-05-17 매수 신규수주가 절실한 때 DS투자증권 안주원 I 2024-05-17 매수 해상풍력시장 성장의 최대수혜주 흥국증권 장현구 I 2024"
100090::2024,100090,SK오션플랜트,PRIMARY_INDEX_AVAILABLE,EQUITY_INDEX_PLUS_SECONDARY_SUMMARY,200,https://m.irgo.co.kr/IR-COMP/100090,2024-05-31,,"노이즈 없는 재생에너지 주식 메리츠증권 문경원 I 2024-05-31 매수 이 공백기만 지나면 쏟아질 수주와 매출 성장 다올투자증권 전혜영,차윤지 I 2024-05-30 매수 1분기가 바닥 신한투자증권 박광래,한승훈 I 2024-05-20 매수 우려했던 수주 공백은 없을 것 삼성증권 허재준 I 2024-05-20 매수 앞으로 나올 수주를 기다리며 KB증권 정혜정 I 2024-05-20 매수 1분기 부진했으나 2분기부터 회복세 유진투자증권 한병화 I 2024-05-20 매수 1Q24 Review: 기대치 대비 하회하는 실적 SK증권 나민식 I 2024-05-20 매수 1Q24 Review: 지금이 매수 적기 메리츠증권 문경원,윤동준 I 2024-05-20 N/R 2024년 1분기 실적발표 해당기업 IR팀 I 2024-05-17 매수 2분기 탑라인 성장 기대 미래에셋증권 이진호,김태형 I 2024-05-17 매수 신규수주가 절실한 때 DS투자증권 안주원 I 2024-"
100090::2024,100090,SK오션플랜트,PRIMARY_INDEX_AVAILABLE,EQUITY_INDEX_PLUS_SECONDARY_SUMMARY,200,https://m.irgo.co.kr/IR-COMP/100090,2024-06-21,,"이슈 없어, 경쟁사 대비 시가총액 1/3에 불과 유진투자증권 한병화 I 2024-06-21 매수 노이즈 없는 재생에너지 주식 메리츠증권 문경원 I 2024-05-31 매수 이 공백기만 지나면 쏟아질 수주와 매출 성장 다올투자증권 전혜영,차윤지 I 2024-05-30 매수 1분기가 바닥 신한투자증권 박광래,한승훈 I 2024-05-20 매수 우려했던 수주 공백은 없을 것 삼성증권 허재준 I 2024-05-20 매수 앞으로 나올 수주를 기다리며 KB증권 정혜정 I 2024-05-20 매수 1분기 부진했으나 2분기부터 회복세 유진투자증권 한병화 I 2024-05-20 매수 1Q24 Review: 기대치 대비 하회하는 실적 SK증권 나민식 I 2024-05-20 매수 1Q24 Review: 지금이 매수 적기 메리츠증권 문경원,윤동준 I 2024-05-20 N/R 2024년 1분기 실적발표 해당기업 IR팀 I 2024-05-17 매수 2분기 탑라인 성장 기대 미래에셋증권 이"
100090::2024,100090,SK오션플랜트,PRIMARY_INDEX_AVAILABLE,EQUITY_INDEX_PLUS_SECONDARY_SUMMARY,200,https://m.irgo.co.kr/IR-COMP/100090,2024-06-26,,"현황 및 전망 업데이트 삼성증권 허재준 I 2024-06-26 매수 주가 영향 미칠 펀더멘탈 이슈 없어, 경쟁사 대비 시가총액 1/3에 불과 유진투자증권 한병화 I 2024-06-21 매수 노이즈 없는 재생에너지 주식 메리츠증권 문경원 I 2024-05-31 매수 이 공백기만 지나면 쏟아질 수주와 매출 성장 다올투자증권 전혜영,차윤지 I 2024-05-30 매수 1분기가 바닥 신한투자증권 박광래,한승훈 I 2024-05-20 매수 우려했던 수주 공백은 없을 것 삼성증권 허재준 I 2024-05-20 매수 앞으로 나올 수주를 기다리며 KB증권 정혜정 I 2024-05-20 매수 1분기 부진했으나 2분기부터 회복세 유진투자증권 한병화 I 2024-05-20 매수 1Q24 Review: 기대치 대비 하회하는 실적 SK증권 나민식 I 2024-05-20 매수 1Q24 Review: 지금이 매수 적기 메리츠증권 문경원,윤동준 I 2024-05-20 N/R 2024년 1분기"
100090::2024,100090,SK오션플랜트,PRIMARY_INDEX_AVAILABLE,EQUITY_INDEX_PLUS_SECONDARY_SUMMARY,200,https://m.irgo.co.kr/IR-COMP/100090,2024-07-15,,"eview 하반기를 기다리며 상상인증권 김광식 I 2024-07-15 매수 풍력 산업 현황 및 전망 업데이트 삼성증권 허재준 I 2024-06-26 매수 주가 영향 미칠 펀더멘탈 이슈 없어, 경쟁사 대비 시가총액 1/3에 불과 유진투자증권 한병화 I 2024-06-21 매수 노이즈 없는 재생에너지 주식 메리츠증권 문경원 I 2024-05-31 매수 이 공백기만 지나면 쏟아질 수주와 매출 성장 다올투자증권 전혜영,차윤지 I 2024-05-30 매수 1분기가 바닥 신한투자증권 박광래,한승훈 I 2024-05-20 매수 우려했던 수주 공백은 없을 것 삼성증권 허재준 I 2024-05-20 매수 앞으로 나올 수주를 기다리며 KB증권 정혜정 I 2024-05-20 매수 1분기 부진했으나 2분기부터 회복세 유진투자증권 한병화 I 2024-05-20 매수 1Q24 Review: 기대치 대비 하회하는 실적 SK증권 나민식 I 2024-05-20 매수 1Q24 Review: 지금이"
100090::2024,100090,SK오션플랜트,PRIMARY_INDEX_AVAILABLE,EQUITY_INDEX_PLUS_SECONDARY_SUMMARY,200,https://m.irgo.co.kr/IR-COMP/100090,2024-07-17,,"트이는 중 DS투자증권 안주원 I 2024-07-17 매수 2Q24 Preview 하반기를 기다리며 상상인증권 김광식 I 2024-07-15 매수 풍력 산업 현황 및 전망 업데이트 삼성증권 허재준 I 2024-06-26 매수 주가 영향 미칠 펀더멘탈 이슈 없어, 경쟁사 대비 시가총액 1/3에 불과 유진투자증권 한병화 I 2024-06-21 매수 노이즈 없는 재생에너지 주식 메리츠증권 문경원 I 2024-05-31 매수 이 공백기만 지나면 쏟아질 수주와 매출 성장 다올투자증권 전혜영,차윤지 I 2024-05-30 매수 1분기가 바닥 신한투자증권 박광래,한승훈 I 2024-05-20 매수 우려했던 수주 공백은 없을 것 삼성증권 허재준 I 2024-05-20 매수 앞으로 나올 수주를 기다리며 KB증권 정혜정 I 2024-05-20 매수 1분기 부진했으나 2분기부터 회복세 유진투자증권 한병화 I 2024-05-20 매수 1Q24 Review: 기대치 대비 하회하는 실적"
100090::2024,100090,SK오션플랜트,PRIMARY_INDEX_AVAILABLE,EQUITY_INDEX_PLUS_SECONDARY_SUMMARY,200,https://m.irgo.co.kr/IR-COMP/100090,2024-08-14,,"2분기 실적발표 해당기업 IR팀 I 2024-08-14 매수 신규수주 물꼬가 트이는 중 DS투자증권 안주원 I 2024-07-17 매수 2Q24 Preview 하반기를 기다리며 상상인증권 김광식 I 2024-07-15 매수 풍력 산업 현황 및 전망 업데이트 삼성증권 허재준 I 2024-06-26 매수 주가 영향 미칠 펀더멘탈 이슈 없어, 경쟁사 대비 시가총액 1/3에 불과 유진투자증권 한병화 I 2024-06-21 매수 노이즈 없는 재생에너지 주식 메리츠증권 문경원 I 2024-05-31 매수 이 공백기만 지나면 쏟아질 수주와 매출 성장 다올투자증권 전혜영,차윤지 I 2024-05-30 매수 1분기가 바닥 신한투자증권 박광래,한승훈 I 2024-05-20 매수 우려했던 수주 공백은 없을 것 삼성증권 허재준 I 2024-05-20 매수 앞으로 나올 수주를 기다리며 KB증권 정혜정 I 2024-05-20 매수 1분기 부진했으나 2분기부터 회복세 유진투자증권 한병화 I"
100090::2024,100090,SK오션플랜트,PRIMARY_INDEX_AVAILABLE,EQUITY_INDEX_PLUS_SECONDARY_SUMMARY,200,https://m.irgo.co.kr/IR-COMP/100090,2024-08-16,,"I 2024-08-16 매수 장기 성장성에 집중 신한투자증권 박광래,한승훈 I 2024-08-16 매수 2Q24 Review: 도약을 위한 준비 삼성증권 허재준 I 2024-08-16 매수 국내외 수주 환경 크게 개선 유진투자증권 한병화 I 2024-08-16 매수 2Q24 Review 주요 변곡점 돌입 상상인증권 김광식 I 2024-08-16 N/R 2024년 2분기 실적발표 해당기업 IR팀 I 2024-08-14 매수 신규수주 물꼬가 트이는 중 DS투자증권 안주원 I 2024-07-17 매수 2Q24 Preview 하반기를 기다리며 상상인증권 김광식 I 2024-07-15 매수 풍력 산업 현황 및 전망 업데이트 삼성증권 허재준 I 2024-06-26 매수 주가 영향 미칠 펀더멘탈 이슈 없어, 경쟁사 대비 시가총액 1/3에 불과 유진투자증권 한병화 I 2024-06-21 매수 노이즈 없는 재생에너지 주식 메리츠증권 문경원 I 2024-05-31 매수 이 공백기만"
100090::2024,100090,SK오션플랜트,PRIMARY_INDEX_AVAILABLE,EQUITY_INDEX_PLUS_SECONDARY_SUMMARY,200,https://m.irgo.co.kr/IR-COMP/100090,2024-08-16,,"ew: 도약을 위한 준비 삼성증권 허재준 I 2024-08-16 매수 국내외 수주 환경 크게 개선 유진투자증권 한병화 I 2024-08-16 매수 2Q24 Review 주요 변곡점 돌입 상상인증권 김광식 I 2024-08-16 N/R 2024년 2분기 실적발표 해당기업 IR팀 I 2024-08-14 매수 신규수주 물꼬가 트이는 중 DS투자증권 안주원 I 2024-07-17 매수 2Q24 Preview 하반기를 기다리며 상상인증권 김광식 I 2024-07-15 매수 풍력 산업 현황 및 전망 업데이트 삼성증권 허재준 I 2024-06-26 매수 주가 영향 미칠 펀더멘탈 이슈 없어, 경쟁사 대비 시가총액 1/3에 불과 유진투자증권 한병화 I 2024-06-21 매수 노이즈 없는 재생에너지 주식 메리츠증권 문경원 I 2024-05-31 매수 이 공백기만 지나면 쏟아질 수주와 매출 성장 다올투자증권 전혜영,차윤지 I 2024-05-30 매수 1분기가 바닥 신한투자증권 박광래"
100090::2024,100090,SK오션플랜트,PRIMARY_INDEX_AVAILABLE,EQUITY_INDEX_PLUS_SECONDARY_SUMMARY,200,https://m.irgo.co.kr/IR-COMP/100090,2024-08-16,,"곡점 돌입 상상인증권 김광식 I 2024-08-16 N/R 2024년 2분기 실적발표 해당기업 IR팀 I 2024-08-14 매수 신규수주 물꼬가 트이는 중 DS투자증권 안주원 I 2024-07-17 매수 2Q24 Preview 하반기를 기다리며 상상인증권 김광식 I 2024-07-15 매수 풍력 산업 현황 및 전망 업데이트 삼성증권 허재준 I 2024-06-26 매수 주가 영향 미칠 펀더멘탈 이슈 없어, 경쟁사 대비 시가총액 1/3에 불과 유진투자증권 한병화 I 2024-06-21 매수 노이즈 없는 재생에너지 주식 메리츠증권 문경원 I 2024-05-31 매수 이 공백기만 지나면 쏟아질 수주와 매출 성장 다올투자증권 전혜영,차윤지 I 2024-05-30 매수 1분기가 바닥 신한투자증권 박광래,한승훈 I 2024-05-20 매수 우려했던 수주 공백은 없을 것 삼성증권 허재준 I 2024-05-20 매수 앞으로 나올 수주를 기다리며 KB증권 정혜정 I 2024-05-"
100090::2024,100090,SK오션플랜트,PRIMARY_INDEX_AVAILABLE,EQUITY_INDEX_PLUS_SECONDARY_SUMMARY,200,https://m.irgo.co.kr/IR-COMP/100090,2024-08-16,,"문경원,윤동준 I 2024-08-16 매수 하반기에도 수주 탄탄 LS증권 이주영 I 2024-08-16 매수 장기 성장성에 집중 신한투자증권 박광래,한승훈 I 2024-08-16 매수 2Q24 Review: 도약을 위한 준비 삼성증권 허재준 I 2024-08-16 매수 국내외 수주 환경 크게 개선 유진투자증권 한병화 I 2024-08-16 매수 2Q24 Review 주요 변곡점 돌입 상상인증권 김광식 I 2024-08-16 N/R 2024년 2분기 실적발표 해당기업 IR팀 I 2024-08-14 매수 신규수주 물꼬가 트이는 중 DS투자증권 안주원 I 2024-07-17 매수 2Q24 Preview 하반기를 기다리며 상상인증권 김광식 I 2024-07-15 매수 풍력 산업 현황 및 전망 업데이트 삼성증권 허재준 I 2024-06-26 매수 주가 영향 미칠 펀더멘탈 이슈 없어, 경쟁사 대비 시가총액 1/3에 불과 유진투자증권 한병화 I 2024-06-21 매수 노이즈"
100090::2024,100090,SK오션플랜트,PRIMARY_INDEX_AVAILABLE,EQUITY_INDEX_PLUS_SECONDARY_SUMMARY,200,https://m.irgo.co.kr/IR-COMP/100090,2024-08-16,,"수주 환경 크게 개선 유진투자증권 한병화 I 2024-08-16 매수 2Q24 Review 주요 변곡점 돌입 상상인증권 김광식 I 2024-08-16 N/R 2024년 2분기 실적발표 해당기업 IR팀 I 2024-08-14 매수 신규수주 물꼬가 트이는 중 DS투자증권 안주원 I 2024-07-17 매수 2Q24 Preview 하반기를 기다리며 상상인증권 김광식 I 2024-07-15 매수 풍력 산업 현황 및 전망 업데이트 삼성증권 허재준 I 2024-06-26 매수 주가 영향 미칠 펀더멘탈 이슈 없어, 경쟁사 대비 시가총액 1/3에 불과 유진투자증권 한병화 I 2024-06-21 매수 노이즈 없는 재생에너지 주식 메리츠증권 문경원 I 2024-05-31 매수 이 공백기만 지나면 쏟아질 수주와 매출 성장 다올투자증권 전혜영,차윤지 I 2024-05-30 매수 1분기가 바닥 신한투자증권 박광래,한승훈 I 2024-05-20 매수 우려했던 수주 공백은 없을 것 삼성증권"
100090::2024,100090,SK오션플랜트,PRIMARY_INDEX_AVAILABLE,EQUITY_INDEX_PLUS_SECONDARY_SUMMARY,200,https://m.irgo.co.kr/IR-COMP/100090,2024-08-16,,"이진호,김태형 I 2024-08-16 매수 2Q24 Review: 실적 쳌! 메리츠증권 문경원,윤동준 I 2024-08-16 매수 하반기에도 수주 탄탄 LS증권 이주영 I 2024-08-16 매수 장기 성장성에 집중 신한투자증권 박광래,한승훈 I 2024-08-16 매수 2Q24 Review: 도약을 위한 준비 삼성증권 허재준 I 2024-08-16 매수 국내외 수주 환경 크게 개선 유진투자증권 한병화 I 2024-08-16 매수 2Q24 Review 주요 변곡점 돌입 상상인증권 김광식 I 2024-08-16 N/R 2024년 2분기 실적발표 해당기업 IR팀 I 2024-08-14 매수 신규수주 물꼬가 트이는 중 DS투자증권 안주원 I 2024-07-17 매수 2Q24 Preview 하반기를 기다리며 상상인증권 김광식 I 2024-07-15 매수 풍력 산업 현황 및 전망 업데이트 삼성증권 허재준 I 2024-06-26 매수 주가 영향 미칠 펀더멘탈 이슈 없어, 경쟁"
100090::2024,100090,SK오션플랜트,PRIMARY_INDEX_AVAILABLE,EQUITY_INDEX_PLUS_SECONDARY_SUMMARY,200,https://m.irgo.co.kr/IR-COMP/100090,2024-08-22,,"4-10-02 매수 한국에서도 본격화되는 해상풍력 하나증권 유재선,채운샘 I 2024-08-22 매수 뚜렷한 상저하고. 기대되는 하반기 미래에셋증권 이진호,김태형 I 2024-08-16 매수 2Q24 Review: 실적 쳌! 메리츠증권 문경원,윤동준 I 2024-08-16 매수 하반기에도 수주 탄탄 LS증권 이주영 I 2024-08-16 매수 장기 성장성에 집중 신한투자증권 박광래,한승훈 I 2024-08-16 매수 2Q24 Review: 도약을 위한 준비 삼성증권 허재준 I 2024-08-16 매수 국내외 수주 환경 크게 개선 유진투자증권 한병화 I 2024-08-16 매수 2Q24 Review 주요 변곡점 돌입 상상인증권 김광식 I 2024-08-16 N/R 2024년 2분기 실적발표 해당기업 IR팀 I 2024-08-14 매수 신규수주 물꼬가 트이는 중 DS투자증권 안주원 I 2024-07-17 매수 2Q24 Preview 하반기를 기다리며 상상인증권 김광식"
100090::2024,100090,SK오션플랜트,PRIMARY_INDEX_AVAILABLE,EQUITY_INDEX_PLUS_SECONDARY_SUMMARY,200,https://m.irgo.co.kr/IR-COMP/100090,2024-08-22,,"I 2024-08-22 매수 뚜렷한 상저하고. 기대되는 하반기 미래에셋증권 이진호,김태형 I 2024-08-16 매수 2Q24 Review: 실적 쳌! 메리츠증권 문경원,윤동준 I 2024-08-16 매수 하반기에도 수주 탄탄 LS증권 이주영 I 2024-08-16 매수 장기 성장성에 집중 신한투자증권 박광래,한승훈 I 2024-08-16 매수 2Q24 Review: 도약을 위한 준비 삼성증권 허재준 I 2024-08-16 매수 국내외 수주 환경 크게 개선 유진투자증권 한병화 I 2024-08-16 매수 2Q24 Review 주요 변곡점 돌입 상상인증권 김광식 I 2024-08-16 N/R 2024년 2분기 실적발표 해당기업 IR팀 I 2024-08-14 매수 신규수주 물꼬가 트이는 중 DS투자증권 안주원 I 2024-07-17 매수 2Q24 Preview 하반기를 기다리며 상상인증권 김광식 I 2024-07-15 매수 풍력 산업 현황 및 전망 업데이트 삼성증권 허"
100090::2024,100090,SK오션플랜트,PRIMARY_INDEX_AVAILABLE,EQUITY_INDEX_PLUS_SECONDARY_SUMMARY,200,https://m.irgo.co.kr/IR-COMP/100090,2024-10-18,,"4-10-24 매수 3Q24 Preview: 얼마 남지 않은 봄 상상인증권 김광식 I 2024-10-18 매수 양적 확장, 질적 다양화 메리츠증권 문경원 I 2024-10-02 매수 한국에서도 본격화되는 해상풍력 하나증권 유재선,채운샘 I 2024-08-22 매수 뚜렷한 상저하고. 기대되는 하반기 미래에셋증권 이진호,김태형 I 2024-08-16 매수 2Q24 Review: 실적 쳌! 메리츠증권 문경원,윤동준 I 2024-08-16 매수 하반기에도 수주 탄탄 LS증권 이주영 I 2024-08-16 매수 장기 성장성에 집중 신한투자증권 박광래,한승훈 I 2024-08-16 매수 2Q24 Review: 도약을 위한 준비 삼성증권 허재준 I 2024-08-16 매수 국내외 수주 환경 크게 개선 유진투자증권 한병화 I 2024-08-16 매수 2Q24 Review 주요 변곡점 돌입 상상인증권 김광식 I 2024-08-16 N/R 2024년 2분기 실적발표 해당기업 IR팀"
100090::2024,100090,SK오션플랜트,PRIMARY_INDEX_AVAILABLE,EQUITY_INDEX_PLUS_SECONDARY_SUMMARY,200,https://m.irgo.co.kr/IR-COMP/100090,2024-10-18,,"광식 I 2024-10-18 매수 양적 확장, 질적 다양화 메리츠증권 문경원 I 2024-10-02 매수 한국에서도 본격화되는 해상풍력 하나증권 유재선,채운샘 I 2024-08-22 매수 뚜렷한 상저하고. 기대되는 하반기 미래에셋증권 이진호,김태형 I 2024-08-16 매수 2Q24 Review: 실적 쳌! 메리츠증권 문경원,윤동준 I 2024-08-16 매수 하반기에도 수주 탄탄 LS증권 이주영 I 2024-08-16 매수 장기 성장성에 집중 신한투자증권 박광래,한승훈 I 2024-08-16 매수 2Q24 Review: 도약을 위한 준비 삼성증권 허재준 I 2024-08-16 매수 국내외 수주 환경 크게 개선 유진투자증권 한병화 I 2024-08-16 매수 2Q24 Review 주요 변곡점 돌입 상상인증권 김광식 I 2024-08-16 N/R 2024년 2분기 실적발표 해당기업 IR팀 I 2024-08-14 매수 신규수주 물꼬가 트이는 중 DS투자증권 안주원 I"
100090::2024,100090,SK오션플랜트,PRIMARY_INDEX_AVAILABLE,EQUITY_INDEX_PLUS_SECONDARY_SUMMARY,200,https://m.irgo.co.kr/IR-COMP/100090,2024-11-11,,"권 한병화 I 2024-11-11 매수 보릿고개를 지나는 중 LS증권 이주영 I 2024-10-24 매수 3Q24 Preview: 얼마 남지 않은 봄 상상인증권 김광식 I 2024-10-18 매수 양적 확장, 질적 다양화 메리츠증권 문경원 I 2024-10-02 매수 한국에서도 본격화되는 해상풍력 하나증권 유재선,채운샘 I 2024-08-22 매수 뚜렷한 상저하고. 기대되는 하반기 미래에셋증권 이진호,김태형 I 2024-08-16 매수 2Q24 Review: 실적 쳌! 메리츠증권 문경원,윤동준 I 2024-08-16 매수 하반기에도 수주 탄탄 LS증권 이주영 I 2024-08-16 매수 장기 성장성에 집중 신한투자증권 박광래,한승훈 I 2024-08-16 매수 2Q24 Review: 도약을 위한 준비 삼성증권 허재준 I 2024-08-16 매수 국내외 수주 환경 크게 개선 유진투자증권 한병화 I 2024-08-16 매수 2Q24 Review 주요 변곡점 돌입 상상인"
100090::2024,100090,SK오션플랜트,PRIMARY_INDEX_AVAILABLE,EQUITY_INDEX_PLUS_SECONDARY_SUMMARY,200,https://m.irgo.co.kr/IR-COMP/100090,2024-11-14,,",윤동준 I 2024-11-14 매수 대만발 대형 정책 호재 확정 유진투자증권 한병화 I 2024-11-11 매수 보릿고개를 지나는 중 LS증권 이주영 I 2024-10-24 매수 3Q24 Preview: 얼마 남지 않은 봄 상상인증권 김광식 I 2024-10-18 매수 양적 확장, 질적 다양화 메리츠증권 문경원 I 2024-10-02 매수 한국에서도 본격화되는 해상풍력 하나증권 유재선,채운샘 I 2024-08-22 매수 뚜렷한 상저하고. 기대되는 하반기 미래에셋증권 이진호,김태형 I 2024-08-16 매수 2Q24 Review: 실적 쳌! 메리츠증권 문경원,윤동준 I 2024-08-16 매수 하반기에도 수주 탄탄 LS증권 이주영 I 2024-08-16 매수 장기 성장성에 집중 신한투자증권 박광래,한승훈 I 2024-08-16 매수 2Q24 Review: 도약을 위한 준비 삼성증권 허재준 I 2024-08-16 매수 국내외 수주 환경 크게 개선 유진투자증권 한병화"
100090::2024,100090,SK오션플랜트,PRIMARY_INDEX_AVAILABLE,EQUITY_INDEX_PLUS_SECONDARY_SUMMARY,200,https://m.irgo.co.kr/IR-COMP/100090,2024-11-14,,"14 매수 3Q24 Review: 새 판이 깔렸다 메리츠증권 문경원,윤동준 I 2024-11-14 매수 대만발 대형 정책 호재 확정 유진투자증권 한병화 I 2024-11-11 매수 보릿고개를 지나는 중 LS증권 이주영 I 2024-10-24 매수 3Q24 Preview: 얼마 남지 않은 봄 상상인증권 김광식 I 2024-10-18 매수 양적 확장, 질적 다양화 메리츠증권 문경원 I 2024-10-02 매수 한국에서도 본격화되는 해상풍력 하나증권 유재선,채운샘 I 2024-08-22 매수 뚜렷한 상저하고. 기대되는 하반기 미래에셋증권 이진호,김태형 I 2024-08-16 매수 2Q24 Review: 실적 쳌! 메리츠증권 문경원,윤동준 I 2024-08-16 매수 하반기에도 수주 탄탄 LS증권 이주영 I 2024-08-16 매수 장기 성장성에 집중 신한투자증권 박광래,한승훈 I 2024-08-16 매수 2Q24 Review: 도약을 위한 준비 삼성증권 허재준 I 202"
100090::2024,100090,SK오션플랜트,PRIMARY_INDEX_AVAILABLE,EQUITY_INDEX_PLUS_SECONDARY_SUMMARY,200,https://m.irgo.co.kr/IR-COMP/100090,2024-11-15,,"1-28 매수 2025년부터 빠른 회복 기대 하나증권 유재선,채운샘 I 2024-11-15 매수 3Q24 Review: 이미 불어온 변화의 바람 상상인증권 김광식 I 2024-11-15 매수 실적은 25년부터 본격 개선 미래에셋증권 이진호,김태형 I 2024-11-15 매수 아쉬운 2024년, 기대되는 2025년 삼성증권 허재준 I 2024-11-15 N/R 2024년 3분기 경영실적 해당기업 IR팀 I 2024-11-14 매수 3Q24 Review: 새 판이 깔렸다 메리츠증권 문경원,윤동준 I 2024-11-14 매수 대만발 대형 정책 호재 확정 유진투자증권 한병화 I 2024-11-11 매수 보릿고개를 지나는 중 LS증권 이주영 I 2024-10-24 매수 3Q24 Preview: 얼마 남지 않은 봄 상상인증권 김광식 I 2024-10-18 매수 양적 확장, 질적 다양화 메리츠증권 문경원 I 2024-10-02 매수 한국에서도 본격화되는 해상풍력 하나증권 유재선"
100090::2024,100090,SK오션플랜트,PRIMARY_INDEX_AVAILABLE,EQUITY_INDEX_PLUS_SECONDARY_SUMMARY,200,https://m.irgo.co.kr/IR-COMP/100090,2024-11-15,,"2024-11-15 N/R 2024년 3분기 경영실적 해당기업 IR팀 I 2024-11-14 매수 3Q24 Review: 새 판이 깔렸다 메리츠증권 문경원,윤동준 I 2024-11-14 매수 대만발 대형 정책 호재 확정 유진투자증권 한병화 I 2024-11-11 매수 보릿고개를 지나는 중 LS증권 이주영 I 2024-10-24 매수 3Q24 Preview: 얼마 남지 않은 봄 상상인증권 김광식 I 2024-10-18 매수 양적 확장, 질적 다양화 메리츠증권 문경원 I 2024-10-02 매수 한국에서도 본격화되는 해상풍력 하나증권 유재선,채운샘 I 2024-08-22 매수 뚜렷한 상저하고. 기대되는 하반기 미래에셋증권 이진호,김태형 I 2024-08-16 매수 2Q24 Review: 실적 쳌! 메리츠증권 문경원,윤동준 I 2024-08-16 매수 하반기에도 수주 탄탄 LS증권 이주영 I 2024-08-16 매수 장기 성장성에 집중 신한투자증권 박광래,한승훈 I 20"
100090::2024,100090,SK오션플랜트,PRIMARY_INDEX_AVAILABLE,EQUITY_INDEX_PLUS_SECONDARY_SUMMARY,200,https://m.irgo.co.kr/IR-COMP/100090,2024-11-15,,"I 2024-11-15 매수 실적은 25년부터 본격 개선 미래에셋증권 이진호,김태형 I 2024-11-15 매수 아쉬운 2024년, 기대되는 2025년 삼성증권 허재준 I 2024-11-15 N/R 2024년 3분기 경영실적 해당기업 IR팀 I 2024-11-14 매수 3Q24 Review: 새 판이 깔렸다 메리츠증권 문경원,윤동준 I 2024-11-14 매수 대만발 대형 정책 호재 확정 유진투자증권 한병화 I 2024-11-11 매수 보릿고개를 지나는 중 LS증권 이주영 I 2024-10-24 매수 3Q24 Preview: 얼마 남지 않은 봄 상상인증권 김광식 I 2024-10-18 매수 양적 확장, 질적 다양화 메리츠증권 문경원 I 2024-10-02 매수 한국에서도 본격화되는 해상풍력 하나증권 유재선,채운샘 I 2024-08-22 매수 뚜렷한 상저하고. 기대되는 하반기 미래에셋증권 이진호,김태형 I 2024-08-16 매수 2Q24 Review: 실적 쳌! 메"
100090::2024,100090,SK오션플랜트,PRIMARY_INDEX_AVAILABLE,EQUITY_INDEX_PLUS_SECONDARY_SUMMARY,200,https://m.irgo.co.kr/IR-COMP/100090,2024-11-15,,"I 2024-11-15 매수 아쉬운 2024년, 기대되는 2025년 삼성증권 허재준 I 2024-11-15 N/R 2024년 3분기 경영실적 해당기업 IR팀 I 2024-11-14 매수 3Q24 Review: 새 판이 깔렸다 메리츠증권 문경원,윤동준 I 2024-11-14 매수 대만발 대형 정책 호재 확정 유진투자증권 한병화 I 2024-11-11 매수 보릿고개를 지나는 중 LS증권 이주영 I 2024-10-24 매수 3Q24 Preview: 얼마 남지 않은 봄 상상인증권 김광식 I 2024-10-18 매수 양적 확장, 질적 다양화 메리츠증권 문경원 I 2024-10-02 매수 한국에서도 본격화되는 해상풍력 하나증권 유재선,채운샘 I 2024-08-22 매수 뚜렷한 상저하고. 기대되는 하반기 미래에셋증권 이진호,김태형 I 2024-08-16 매수 2Q24 Review: 실적 쳌! 메리츠증권 문경원,윤동준 I 2024-08-16 매수 하반기에도 수주 탄탄 LS증권"
100090::2024,100090,SK오션플랜트,PRIMARY_INDEX_AVAILABLE,EQUITY_INDEX_PLUS_SECONDARY_SUMMARY,200,https://m.irgo.co.kr/IR-COMP/100090,2024-11-15,,"매수 3Q24 Review: 이미 불어온 변화의 바람 상상인증권 김광식 I 2024-11-15 매수 실적은 25년부터 본격 개선 미래에셋증권 이진호,김태형 I 2024-11-15 매수 아쉬운 2024년, 기대되는 2025년 삼성증권 허재준 I 2024-11-15 N/R 2024년 3분기 경영실적 해당기업 IR팀 I 2024-11-14 매수 3Q24 Review: 새 판이 깔렸다 메리츠증권 문경원,윤동준 I 2024-11-14 매수 대만발 대형 정책 호재 확정 유진투자증권 한병화 I 2024-11-11 매수 보릿고개를 지나는 중 LS증권 이주영 I 2024-10-24 매수 3Q24 Preview: 얼마 남지 않은 봄 상상인증권 김광식 I 2024-10-18 매수 양적 확장, 질적 다양화 메리츠증권 문경원 I 2024-10-02 매수 한국에서도 본격화되는 해상풍력 하나증권 유재선,채운샘 I 2024-08-22 매수 뚜렷한 상저하고. 기대되는 하반기 미래에셋증권 이진호,"
100090::2024,100090,SK오션플랜트,PRIMARY_INDEX_AVAILABLE,EQUITY_INDEX_PLUS_SECONDARY_SUMMARY,200,https://m.irgo.co.kr/IR-COMP/100090,2024-11-28,,"ew: 변한 것은 템포 뿐 메리츠증권 문경원 I 2025-02-04 매수 가시권에 들어온 수주 모멘텀 DS투자증권 안주원,김진형 I 2025-02-04 매수 올해 해상풍력 수주 2배 이상 증가 유진투자증권 한병화 I 2025-02-03 매수 대만 해상풍력시장은 우려와 달리 견조 KB증권 정혜정 I 2024-11-28 매수 2025년부터 빠른 회복 기대 하나증권 유재선,채운샘 I 2024-11-15 매수 3Q24 Review: 이미 불어온 변화의 바람 상상인증권 김광식 I 2024-11-15 매수 실적은 25년부터 본격 개선 미래에셋증권 이진호,김태형 I 2024-11-15 매수 아쉬운 2024년, 기대되는 2025년 삼성증권 허재준 I 2024-11-15 N/R 2024년 3분기 경영실적 해당기업 IR팀 I 2024-11-14 매수 3Q24 Review: 새 판이 깔렸다 메리츠증권 문경원,윤동준 I 2024-11-14 매수 대만발 대형 정책 호재 확정 유진투자증권"
100090::2024,100090,SK오션플랜트,PRIMARY_INDEX_AVAILABLE,EQUITY_INDEX_PLUS_SECONDARY_SUMMARY,200,https://m.irgo.co.kr/IR-COMP/100090,2024-11-28,,"가시권에 들어온 수주 모멘텀 DS투자증권 안주원,김진형 I 2025-02-04 매수 올해 해상풍력 수주 2배 이상 증가 유진투자증권 한병화 I 2025-02-03 매수 대만 해상풍력시장은 우려와 달리 견조 KB증권 정혜정 I 2024-11-28 매수 2025년부터 빠른 회복 기대 하나증권 유재선,채운샘 I 2024-11-15 매수 3Q24 Review: 이미 불어온 변화의 바람 상상인증권 김광식 I 2024-11-15 매수 실적은 25년부터 본격 개선 미래에셋증권 이진호,김태형 I 2024-11-15 매수 아쉬운 2024년, 기대되는 2025년 삼성증권 허재준 I 2024-11-15 N/R 2024년 3분기 경영실적 해당기업 IR팀 I 2024-11-14 매수 3Q24 Review: 새 판이 깔렸다 메리츠증권 문경원,윤동준 I 2024-11-14 매수 대만발 대형 정책 호재 확정 유진투자증권 한병화 I 2024-11-11 매수 보릿고개를 지나는 중 LS증권 이주영"
100090::2024,100090,SK오션플랜트,PRIMARY_INDEX_AVAILABLE,EQUITY_INDEX_PLUS_SECONDARY_SUMMARY,200,https://m.irgo.co.kr/IR-COMP/100090,2024-11-28,"{""CX"": [""보수적""]}","가이던스 하나증권 유재선,채운샘 I 2025-02-04 매수 보수적 가이던스와 추가 수주 기대감 미래에셋증권 이진호,김태형 I 2025-02-04 매수 4Q24 Review: 변한 것은 템포 뿐 메리츠증권 문경원 I 2025-02-04 매수 가시권에 들어온 수주 모멘텀 DS투자증권 안주원,김진형 I 2025-02-04 매수 올해 해상풍력 수주 2배 이상 증가 유진투자증권 한병화 I 2025-02-03 매수 대만 해상풍력시장은 우려와 달리 견조 KB증권 정혜정 I 2024-11-28 매수 2025년부터 빠른 회복 기대 하나증권 유재선,채운샘 I 2024-11-15 매수 3Q24 Review: 이미 불어온 변화의 바람 상상인증권 김광식 I 2024-11-15 매수 실적은 25년부터 본격 개선 미래에셋증권 이진호,김태형 I 2024-11-15 매수 아쉬운 2024년, 기대되는 2025년 삼성증권 허재준 I 2024-11-15 N/R 2024년 3분기 경영실적 해당기업 I"
100090::2024,100090,SK오션플랜트,PRIMARY_INDEX_AVAILABLE,EQUITY_INDEX_PLUS_SECONDARY_SUMMARY,200,https://m.irgo.co.kr/IR-COMP/100090,2024-11-28,,"만 해상풍력시장은 우려와 달리 견조 KB증권 정혜정 I 2024-11-28 매수 2025년부터 빠른 회복 기대 하나증권 유재선,채운샘 I 2024-11-15 매수 3Q24 Review: 이미 불어온 변화의 바람 상상인증권 김광식 I 2024-11-15 매수 실적은 25년부터 본격 개선 미래에셋증권 이진호,김태형 I 2024-11-15 매수 아쉬운 2024년, 기대되는 2025년 삼성증권 허재준 I 2024-11-15 N/R 2024년 3분기 경영실적 해당기업 IR팀 I 2024-11-14 매수 3Q24 Review: 새 판이 깔렸다 메리츠증권 문경원,윤동준 I 2024-11-14 매수 대만발 대형 정책 호재 확정 유진투자증권 한병화 I 2024-11-11 매수 보릿고개를 지나는 중 LS증권 이주영 I 2024-10-24 매수 3Q24 Preview: 얼마 남지 않은 봄 상상인증권 김광식 I 2024-10-18 매수 양적 확장, 질적 다양화 메리츠증권 문경원 I 20"
100090::2024,100090,SK오션플랜트,PRIMARY_INDEX_AVAILABLE,EQUITY_INDEX_PLUS_SECONDARY_SUMMARY,200,https://m.irgo.co.kr/IR-COMP/100090,2024-11-28,"{""CX"": [""보수적""]}","불확실성 해소 필요 삼성증권 허재준 I 2025-02-04 매수 공격적이지만 이유가 있는 매출 가이던스 하나증권 유재선,채운샘 I 2025-02-04 매수 보수적 가이던스와 추가 수주 기대감 미래에셋증권 이진호,김태형 I 2025-02-04 매수 4Q24 Review: 변한 것은 템포 뿐 메리츠증권 문경원 I 2025-02-04 매수 가시권에 들어온 수주 모멘텀 DS투자증권 안주원,김진형 I 2025-02-04 매수 올해 해상풍력 수주 2배 이상 증가 유진투자증권 한병화 I 2025-02-03 매수 대만 해상풍력시장은 우려와 달리 견조 KB증권 정혜정 I 2024-11-28 매수 2025년부터 빠른 회복 기대 하나증권 유재선,채운샘 I 2024-11-15 매수 3Q24 Review: 이미 불어온 변화의 바람 상상인증권 김광식 I 2024-11-15 매수 실적은 25년부터 본격 개선 미래에셋증권 이진호,김태형 I 2024-11-15 매수 아쉬운 2024년, 기대되는"
100090::2024,100090,SK오션플랜트,PRIMARY_INDEX_AVAILABLE,EQUITY_INDEX_PLUS_SECONDARY_SUMMARY,200,https://m.irgo.co.kr/IR-COMP/100090,2024-11-28,,"수주 기대감 미래에셋증권 이진호,김태형 I 2025-02-04 매수 4Q24 Review: 변한 것은 템포 뿐 메리츠증권 문경원 I 2025-02-04 매수 가시권에 들어온 수주 모멘텀 DS투자증권 안주원,김진형 I 2025-02-04 매수 올해 해상풍력 수주 2배 이상 증가 유진투자증권 한병화 I 2025-02-03 매수 대만 해상풍력시장은 우려와 달리 견조 KB증권 정혜정 I 2024-11-28 매수 2025년부터 빠른 회복 기대 하나증권 유재선,채운샘 I 2024-11-15 매수 3Q24 Review: 이미 불어온 변화의 바람 상상인증권 김광식 I 2024-11-15 매수 실적은 25년부터 본격 개선 미래에셋증권 이진호,김태형 I 2024-11-15 매수 아쉬운 2024년, 기대되는 2025년 삼성증권 허재준 I 2024-11-15 N/R 2024년 3분기 경영실적 해당기업 IR팀 I 2024-11-14 매수 3Q24 Review: 새 판이 깔렸다 메리츠증권"
100090::2024,100090,SK오션플랜트,PRIMARY_INDEX_AVAILABLE,EQUITY_INDEX_PLUS_SECONDARY_SUMMARY,200,https://m.irgo.co.kr/IR-COMP/100090,2024-11-28,"{""CX"": [""보수적""]}","자증권 안주원 I 2025-02-11 N/R 4Q24 Review: 해상풍력 수주 불확실성 해소 필요 삼성증권 허재준 I 2025-02-04 매수 공격적이지만 이유가 있는 매출 가이던스 하나증권 유재선,채운샘 I 2025-02-04 매수 보수적 가이던스와 추가 수주 기대감 미래에셋증권 이진호,김태형 I 2025-02-04 매수 4Q24 Review: 변한 것은 템포 뿐 메리츠증권 문경원 I 2025-02-04 매수 가시권에 들어온 수주 모멘텀 DS투자증권 안주원,김진형 I 2025-02-04 매수 올해 해상풍력 수주 2배 이상 증가 유진투자증권 한병화 I 2025-02-03 매수 대만 해상풍력시장은 우려와 달리 견조 KB증권 정혜정 I 2024-11-28 매수 2025년부터 빠른 회복 기대 하나증권 유재선,채운샘 I 2024-11-15 매수 3Q24 Review: 이미 불어온 변화의 바람 상상인증권 김광식 I 2024-11-15 매수 실적은 25년부터 본격 개선 미"
100090::2024,100090,SK오션플랜트,PRIMARY_INDEX_AVAILABLE,EQUITY_INDEX_PLUS_SECONDARY_SUMMARY,200,https://m.irgo.co.kr/IR-COMP/100090,2024-11-28,,"풍력 수주 2배 이상 증가 유진투자증권 한병화 I 2025-02-03 매수 대만 해상풍력시장은 우려와 달리 견조 KB증권 정혜정 I 2024-11-28 매수 2025년부터 빠른 회복 기대 하나증권 유재선,채운샘 I 2024-11-15 매수 3Q24 Review: 이미 불어온 변화의 바람 상상인증권 김광식 I 2024-11-15 매수 실적은 25년부터 본격 개선 미래에셋증권 이진호,김태형 I 2024-11-15 매수 아쉬운 2024년, 기대되는 2025년 삼성증권 허재준 I 2024-11-15 N/R 2024년 3분기 경영실적 해당기업 IR팀 I 2024-11-14 매수 3Q24 Review: 새 판이 깔렸다 메리츠증권 문경원,윤동준 I 2024-11-14 매수 대만발 대형 정책 호재 확정 유진투자증권 한병화 I 2024-11-11 매수 보릿고개를 지나는 중 LS증권 이주영 I 2024-10-24 매수 3Q24 Preview: 얼마 남지 않은 봄 상상인증권 김광식 I"
100120::2024,100120,뷰웍스,PRIMARY_INDEX_AVAILABLE,OTHER_EXPERT_PRIMARY_NONCANONICAL_PRODUCT_GROWTH,200,https://m.irgo.co.kr/IR-COMP/100120,2024-08-06,"{""WC"": [""재고""]}",2024-08-06 매수 메디칼 솔루션 여전히 실적 성장 지속 전망 유진투자증권 박종선 I 2024-07-05 매수 금리인하 시 산업용 솔루션 회복 기대 유진투자증권 박종선 I 2024-07-03 매수 매출액 성장이 대수롭지 않은 기업 교보증권 김민철 I 2024-06-26 매수 조용한 회복의 전조 교보증권 김민철 I 2024-05-14 매수 1Q24 Review: 영업이익 회복 이베스트투자증권 정홍식 I 2024-05-09 매수 시장기대치 부합하는 실적 달성 미래에셋증권 김충현 I 2024-05-08 매수 2023년은 부진한 실적은 2024년 성장의 디딤돌 미래에셋증권 김충현 I 2024-02-13 매수 추세전환 교보증권 김민철 I 2024-01-15 매수 3Q23 Review: 서서히 회복 진행 중 이베스트투자증권 정홍식 I 2023-11-07 매수 아쉬운 실적 미래에셋증권 김충현 I 2023-11-02 N/R 아직은 재고 조정 중 다올투자증권 박종현 I 20
100120::2024,100120,뷰웍스,PRIMARY_INDEX_AVAILABLE,OTHER_EXPERT_PRIMARY_NONCANONICAL_PRODUCT_GROWTH,200,https://m.irgo.co.kr/IR-COMP/100120,2024-08-06,,4 매수 시장기대치 하회하는 실적 달성 미래에셋증권 김충현 I 2024-08-06 매수 2Q24 Review: 외형은 YoY 성장했지만 LS증권 정홍식 I 2024-08-06 매수 메디칼 솔루션 여전히 실적 성장 지속 전망 유진투자증권 박종선 I 2024-07-05 매수 금리인하 시 산업용 솔루션 회복 기대 유진투자증권 박종선 I 2024-07-03 매수 매출액 성장이 대수롭지 않은 기업 교보증권 김민철 I 2024-06-26 매수 조용한 회복의 전조 교보증권 김민철 I 2024-05-14 매수 1Q24 Review: 영업이익 회복 이베스트투자증권 정홍식 I 2024-05-09 매수 시장기대치 부합하는 실적 달성 미래에셋증권 김충현 I 2024-05-08 매수 2023년은 부진한 실적은 2024년 성장의 디딤돌 미래에셋증권 김충현 I 2024-02-13 매수 추세전환 교보증권 김민철 I 2024-01-15 매수 3Q23 Review: 서서히 회복 진행 중 이베스트투
100120::2024,100120,뷰웍스,PRIMARY_INDEX_AVAILABLE,OTHER_EXPERT_PRIMARY_NONCANONICAL_PRODUCT_GROWTH,200,https://m.irgo.co.kr/IR-COMP/100120,2024-08-06,,view: 외형은 YoY 성장했지만 LS증권 정홍식 I 2024-08-06 매수 메디칼 솔루션 여전히 실적 성장 지속 전망 유진투자증권 박종선 I 2024-07-05 매수 금리인하 시 산업용 솔루션 회복 기대 유진투자증권 박종선 I 2024-07-03 매수 매출액 성장이 대수롭지 않은 기업 교보증권 김민철 I 2024-06-26 매수 조용한 회복의 전조 교보증권 김민철 I 2024-05-14 매수 1Q24 Review: 영업이익 회복 이베스트투자증권 정홍식 I 2024-05-09 매수 시장기대치 부합하는 실적 달성 미래에셋증권 김충현 I 2024-05-08 매수 2023년은 부진한 실적은 2024년 성장의 디딤돌 미래에셋증권 김충현 I 2024-02-13 매수 추세전환 교보증권 김민철 I 2024-01-15 매수 3Q23 Review: 서서히 회복 진행 중 이베스트투자증권 정홍식 I 2023-11-07 매수 아쉬운 실적 미래에셋증권 김충현 I 2023-11-02 N
100120::2024,100120,뷰웍스,PRIMARY_INDEX_AVAILABLE,OTHER_EXPERT_PRIMARY_NONCANONICAL_PRODUCT_GROWTH,200,https://m.irgo.co.kr/IR-COMP/100120,2024-08-14,,024-08-20 매수 한 걸음씩 회복 중 교보증권 김민철 I 2024-08-14 매수 시장기대치 하회하는 실적 달성 미래에셋증권 김충현 I 2024-08-06 매수 2Q24 Review: 외형은 YoY 성장했지만 LS증권 정홍식 I 2024-08-06 매수 메디칼 솔루션 여전히 실적 성장 지속 전망 유진투자증권 박종선 I 2024-07-05 매수 금리인하 시 산업용 솔루션 회복 기대 유진투자증권 박종선 I 2024-07-03 매수 매출액 성장이 대수롭지 않은 기업 교보증권 김민철 I 2024-06-26 매수 조용한 회복의 전조 교보증권 김민철 I 2024-05-14 매수 1Q24 Review: 영업이익 회복 이베스트투자증권 정홍식 I 2024-05-09 매수 시장기대치 부합하는 실적 달성 미래에셋증권 김충현 I 2024-05-08 매수 2023년은 부진한 실적은 2024년 성장의 디딤돌 미래에셋증권 김충현 I 2024-02-13 매수 추세전환 교보증권 김민철 I
100120::2024,100120,뷰웍스,PRIMARY_INDEX_AVAILABLE,OTHER_EXPERT_PRIMARY_NONCANONICAL_PRODUCT_GROWTH,200,https://m.irgo.co.kr/IR-COMP/100120,2024-08-28,,"2Q24 Review: 유럽 지역 판매 본격 활성화 수혜 유진투자증권 박종선 I 2024-08-28 N/R 회복과 성장 NH투자증권 심의섭,황지현 I 2024-08-20 매수 한 걸음씩 회복 중 교보증권 김민철 I 2024-08-14 매수 시장기대치 하회하는 실적 달성 미래에셋증권 김충현 I 2024-08-06 매수 2Q24 Review: 외형은 YoY 성장했지만 LS증권 정홍식 I 2024-08-06 매수 메디칼 솔루션 여전히 실적 성장 지속 전망 유진투자증권 박종선 I 2024-07-05 매수 금리인하 시 산업용 솔루션 회복 기대 유진투자증권 박종선 I 2024-07-03 매수 매출액 성장이 대수롭지 않은 기업 교보증권 김민철 I 2024-06-26 매수 조용한 회복의 전조 교보증권 김민철 I 2024-05-14 매수 1Q24 Review: 영업이익 회복 이베스트투자증권 정홍식 I 2024-05-09 매수 시장기대치 부합하는 실적 달성 미래에셋증권 김충현 I"
100120::2024,100120,뷰웍스,PRIMARY_INDEX_AVAILABLE,OTHER_EXPERT_PRIMARY_NONCANONICAL_PRODUCT_GROWTH,200,https://m.irgo.co.kr/IR-COMP/100120,2024-08-28,,"자증권 박종선 I 2024-08-28 N/R 회복과 성장 NH투자증권 심의섭,황지현 I 2024-08-20 매수 한 걸음씩 회복 중 교보증권 김민철 I 2024-08-14 매수 시장기대치 하회하는 실적 달성 미래에셋증권 김충현 I 2024-08-06 매수 2Q24 Review: 외형은 YoY 성장했지만 LS증권 정홍식 I 2024-08-06 매수 메디칼 솔루션 여전히 실적 성장 지속 전망 유진투자증권 박종선 I 2024-07-05 매수 금리인하 시 산업용 솔루션 회복 기대 유진투자증권 박종선 I 2024-07-03 매수 매출액 성장이 대수롭지 않은 기업 교보증권 김민철 I 2024-06-26 매수 조용한 회복의 전조 교보증권 김민철 I 2024-05-14 매수 1Q24 Review: 영업이익 회복 이베스트투자증권 정홍식 I 2024-05-09 매수 시장기대치 부합하는 실적 달성 미래에셋증권 김충현 I 2024-05-08 매수 2023년은 부진한 실적은 2024년 성"
100120::2024,100120,뷰웍스,PRIMARY_INDEX_AVAILABLE,OTHER_EXPERT_PRIMARY_NONCANONICAL_PRODUCT_GROWTH,200,https://m.irgo.co.kr/IR-COMP/100120,2024-11-07,,"iew: 해외 실적 성장세 전환 유진투자증권 박종선 I 2024-11-07 매수 2Q24 Review: 유럽 지역 판매 본격 활성화 수혜 유진투자증권 박종선 I 2024-08-28 N/R 회복과 성장 NH투자증권 심의섭,황지현 I 2024-08-20 매수 한 걸음씩 회복 중 교보증권 김민철 I 2024-08-14 매수 시장기대치 하회하는 실적 달성 미래에셋증권 김충현 I 2024-08-06 매수 2Q24 Review: 외형은 YoY 성장했지만 LS증권 정홍식 I 2024-08-06 매수 메디칼 솔루션 여전히 실적 성장 지속 전망 유진투자증권 박종선 I 2024-07-05 매수 금리인하 시 산업용 솔루션 회복 기대 유진투자증권 박종선 I 2024-07-03 매수 매출액 성장이 대수롭지 않은 기업 교보증권 김민철 I 2024-06-26 매수 조용한 회복의 전조 교보증권 김민철 I 2024-05-14 매수 1Q24 Review: 영업이익 회복 이베스트투자증권 정홍식 I"
100120::2024,100120,뷰웍스,PRIMARY_INDEX_AVAILABLE,OTHER_EXPERT_PRIMARY_NONCANONICAL_PRODUCT_GROWTH,200,https://m.irgo.co.kr/IR-COMP/100120,2024-11-07,,"시장기대치 하회 미래에셋증권 김충현,박선영 I 2024-11-07 매수 3Q24 Review: 해외 실적 성장세 전환 유진투자증권 박종선 I 2024-11-07 매수 2Q24 Review: 유럽 지역 판매 본격 활성화 수혜 유진투자증권 박종선 I 2024-08-28 N/R 회복과 성장 NH투자증권 심의섭,황지현 I 2024-08-20 매수 한 걸음씩 회복 중 교보증권 김민철 I 2024-08-14 매수 시장기대치 하회하는 실적 달성 미래에셋증권 김충현 I 2024-08-06 매수 2Q24 Review: 외형은 YoY 성장했지만 LS증권 정홍식 I 2024-08-06 매수 메디칼 솔루션 여전히 실적 성장 지속 전망 유진투자증권 박종선 I 2024-07-05 매수 금리인하 시 산업용 솔루션 회복 기대 유진투자증권 박종선 I 2024-07-03 매수 매출액 성장이 대수롭지 않은 기업 교보증권 김민철 I 2024-06-26 매수 조용한 회복의 전조 교보증권 김민철 I 20"
100120::2024,100120,뷰웍스,PRIMARY_INDEX_AVAILABLE,OTHER_EXPERT_PRIMARY_NONCANONICAL_PRODUCT_GROWTH,200,https://m.irgo.co.kr/IR-COMP/100120,2024-11-11,,"Review: 4분기에는 회복할 듯 LS증권 정홍식 I 2024-11-11 매수 또 다시 시장기대치 하회 미래에셋증권 김충현,박선영 I 2024-11-07 매수 3Q24 Review: 해외 실적 성장세 전환 유진투자증권 박종선 I 2024-11-07 매수 2Q24 Review: 유럽 지역 판매 본격 활성화 수혜 유진투자증권 박종선 I 2024-08-28 N/R 회복과 성장 NH투자증권 심의섭,황지현 I 2024-08-20 매수 한 걸음씩 회복 중 교보증권 김민철 I 2024-08-14 매수 시장기대치 하회하는 실적 달성 미래에셋증권 김충현 I 2024-08-06 매수 2Q24 Review: 외형은 YoY 성장했지만 LS증권 정홍식 I 2024-08-06 매수 메디칼 솔루션 여전히 실적 성장 지속 전망 유진투자증권 박종선 I 2024-07-05 매수 금리인하 시 산업용 솔루션 회복 기대 유진투자증권 박종선 I 2024-07-03 매수 매출액 성장이 대수롭지 않은 기"
100120::2024,100120,뷰웍스,PRIMARY_INDEX_AVAILABLE,OTHER_EXPERT_PRIMARY_NONCANONICAL_PRODUCT_GROWTH,200,https://m.irgo.co.kr/IR-COMP/100120,2024-12-10,,"-12 매수 4Q24 Review: 유럽 지역 성장세 지속 유진투자증권 박종선 I 2025-02-12 매수 기대는 여전 교보증권 김민철 I 2024-12-10 매수 3Q24 Review: 4분기에는 회복할 듯 LS증권 정홍식 I 2024-11-11 매수 또 다시 시장기대치 하회 미래에셋증권 김충현,박선영 I 2024-11-07 매수 3Q24 Review: 해외 실적 성장세 전환 유진투자증권 박종선 I 2024-11-07 매수 2Q24 Review: 유럽 지역 판매 본격 활성화 수혜 유진투자증권 박종선 I 2024-08-28 N/R 회복과 성장 NH투자증권 심의섭,황지현 I 2024-08-20 매수 한 걸음씩 회복 중 교보증권 김민철 I 2024-08-14 매수 시장기대치 하회하는 실적 달성 미래에셋증권 김충현 I 2024-08-06 매수 2Q24 Review: 외형은 YoY 성장했지만 LS증권 정홍식 I 2024-08-06 매수 메디칼 솔루션 여전히 실적 성장 지속"
100120::2024,100120,뷰웍스,PRIMARY_INDEX_AVAILABLE,OTHER_EXPERT_PRIMARY_NONCANONICAL_PRODUCT_GROWTH,200,https://m.irgo.co.kr/IR-COMP/100120,2024-12-10,,"07 매수 1Q25 저점으로 점진적인 회복 전망 LS증권 정홍식 I 2025-04-22 매수 신제품 효과, 수익성 개선될 듯 LS증권 정홍식 I 2025-04-15 매수 악몽의 2024년이 지났다 미래에셋증권 김충현,박선영 I 2025-02-12 매수 4Q24 Review: 유럽 지역 성장세 지속 유진투자증권 박종선 I 2025-02-12 매수 기대는 여전 교보증권 김민철 I 2024-12-10 매수 3Q24 Review: 4분기에는 회복할 듯 LS증권 정홍식 I 2024-11-11 매수 또 다시 시장기대치 하회 미래에셋증권 김충현,박선영 I 2024-11-07 매수 3Q24 Review: 해외 실적 성장세 전환 유진투자증권 박종선 I 2024-11-07 매수 2Q24 Review: 유럽 지역 판매 본격 활성화 수혜 유진투자증권 박종선 I 2024-08-28 N/R 회복과 성장 NH투자증권 심의섭,황지현 I 2024-08-20 매수 한 걸음씩 회복 중 교보증권 김민"
100120::2024,100120,뷰웍스,PRIMARY_INDEX_AVAILABLE,OTHER_EXPERT_PRIMARY_NONCANONICAL_PRODUCT_GROWTH,200,https://m.irgo.co.kr/IR-COMP/100120,2024-12-10,,"08-05 N/R 회사소개 및 주요 경영현황 해당기업 IR팀 I 2025-07-02 매수 1Q25 Review: 하반기 신제품 효과 기대 유진투자증권 박종선 I 2025-05-07 매수 1Q25 저점으로 점진적인 회복 전망 LS증권 정홍식 I 2025-04-22 매수 신제품 효과, 수익성 개선될 듯 LS증권 정홍식 I 2025-04-15 매수 악몽의 2024년이 지났다 미래에셋증권 김충현,박선영 I 2025-02-12 매수 4Q24 Review: 유럽 지역 성장세 지속 유진투자증권 박종선 I 2025-02-12 매수 기대는 여전 교보증권 김민철 I 2024-12-10 매수 3Q24 Review: 4분기에는 회복할 듯 LS증권 정홍식 I 2024-11-11 매수 또 다시 시장기대치 하회 미래에셋증권 김충현,박선영 I 2024-11-07 매수 3Q24 Review: 해외 실적 성장세 전환 유진투자증권 박종선 I 2024-11-07 매수 2Q24 Review: 유럽 지역"
100120::2024,100120,뷰웍스,PRIMARY_INDEX_AVAILABLE,OTHER_EXPERT_PRIMARY_NONCANONICAL_PRODUCT_GROWTH,200,https://m.irgo.co.kr/IR-COMP/100120,2024-12-10,,"2 매수 1Q25 Review: 하반기 신제품 효과 기대 유진투자증권 박종선 I 2025-05-07 매수 1Q25 저점으로 점진적인 회복 전망 LS증권 정홍식 I 2025-04-22 매수 신제품 효과, 수익성 개선될 듯 LS증권 정홍식 I 2025-04-15 매수 악몽의 2024년이 지났다 미래에셋증권 김충현,박선영 I 2025-02-12 매수 4Q24 Review: 유럽 지역 성장세 지속 유진투자증권 박종선 I 2025-02-12 매수 기대는 여전 교보증권 김민철 I 2024-12-10 매수 3Q24 Review: 4분기에는 회복할 듯 LS증권 정홍식 I 2024-11-11 매수 또 다시 시장기대치 하회 미래에셋증권 김충현,박선영 I 2024-11-07 매수 3Q24 Review: 해외 실적 성장세 전환 유진투자증권 박종선 I 2024-11-07 매수 2Q24 Review: 유럽 지역 판매 본격 활성화 수혜 유진투자증권 박종선 I 2024-08-28 N/R 회복과"
100120::2024,100120,뷰웍스,PRIMARY_INDEX_AVAILABLE,OTHER_EXPERT_PRIMARY_NONCANONICAL_PRODUCT_GROWTH,200,https://m.irgo.co.kr/IR-COMP/100120,2024-12-10,,"2024년이 지났다 미래에셋증권 김충현,박선영 I 2025-02-12 매수 4Q24 Review: 유럽 지역 성장세 지속 유진투자증권 박종선 I 2025-02-12 매수 기대는 여전 교보증권 김민철 I 2024-12-10 매수 3Q24 Review: 4분기에는 회복할 듯 LS증권 정홍식 I 2024-11-11 매수 또 다시 시장기대치 하회 미래에셋증권 김충현,박선영 I 2024-11-07 매수 3Q24 Review: 해외 실적 성장세 전환 유진투자증권 박종선 I 2024-11-07 매수 2Q24 Review: 유럽 지역 판매 본격 활성화 수혜 유진투자증권 박종선 I 2024-08-28 N/R 회복과 성장 NH투자증권 심의섭,황지현 I 2024-08-20 매수 한 걸음씩 회복 중 교보증권 김민철 I 2024-08-14 매수 시장기대치 하회하는 실적 달성 미래에셋증권 김충현 I 2024-08-06 매수 2Q24 Review: 외형은 YoY 성장했지만 LS증권 정홍식"
100120::2024,100120,뷰웍스,PRIMARY_INDEX_AVAILABLE,OTHER_EXPERT_PRIMARY_NONCANONICAL_PRODUCT_GROWTH,200,https://m.irgo.co.kr/IR-COMP/100120,2024-12-10,,"5 매수 2Q25 Review: 북미, 유럽 증가세 전환 유진투자증권 박종선 I 2025-08-05 N/R 회사소개 및 주요 경영현황 해당기업 IR팀 I 2025-07-02 매수 1Q25 Review: 하반기 신제품 효과 기대 유진투자증권 박종선 I 2025-05-07 매수 1Q25 저점으로 점진적인 회복 전망 LS증권 정홍식 I 2025-04-22 매수 신제품 효과, 수익성 개선될 듯 LS증권 정홍식 I 2025-04-15 매수 악몽의 2024년이 지났다 미래에셋증권 김충현,박선영 I 2025-02-12 매수 4Q24 Review: 유럽 지역 성장세 지속 유진투자증권 박종선 I 2025-02-12 매수 기대는 여전 교보증권 김민철 I 2024-12-10 매수 3Q24 Review: 4분기에는 회복할 듯 LS증권 정홍식 I 2024-11-11 매수 또 다시 시장기대치 하회 미래에셋증권 김충현,박선영 I 2024-11-07 매수 3Q24 Review: 해외 실적 성장"
100120::2024,100120,뷰웍스,PRIMARY_INDEX_AVAILABLE,OTHER_EXPERT_PRIMARY_NONCANONICAL_PRODUCT_GROWTH,200,https://m.irgo.co.kr/IR-COMP/100120,2024-12-10,,"I 2025-02-12 매수 기대는 여전 교보증권 김민철 I 2024-12-10 매수 3Q24 Review: 4분기에는 회복할 듯 LS증권 정홍식 I 2024-11-11 매수 또 다시 시장기대치 하회 미래에셋증권 김충현,박선영 I 2024-11-07 매수 3Q24 Review: 해외 실적 성장세 전환 유진투자증권 박종선 I 2024-11-07 매수 2Q24 Review: 유럽 지역 판매 본격 활성화 수혜 유진투자증권 박종선 I 2024-08-28 N/R 회복과 성장 NH투자증권 심의섭,황지현 I 2024-08-20 매수 한 걸음씩 회복 중 교보증권 김민철 I 2024-08-14 매수 시장기대치 하회하는 실적 달성 미래에셋증권 김충현 I 2024-08-06 매수 2Q24 Review: 외형은 YoY 성장했지만 LS증권 정홍식 I 2024-08-06 매수 메디칼 솔루션 여전히 실적 성장 지속 전망 유진투자증권 박종선 I 2024-07-05 매수 금리인하 시 산업용 솔루"
100120::2024,100120,뷰웍스,PRIMARY_INDEX_AVAILABLE,OTHER_EXPERT_PRIMARY_NONCANONICAL_PRODUCT_GROWTH,200,https://m.irgo.co.kr/IR-COMP/100120,2024-12-10,,"수익성 개선될 듯 LS증권 정홍식 I 2025-04-15 매수 악몽의 2024년이 지났다 미래에셋증권 김충현,박선영 I 2025-02-12 매수 4Q24 Review: 유럽 지역 성장세 지속 유진투자증권 박종선 I 2025-02-12 매수 기대는 여전 교보증권 김민철 I 2024-12-10 매수 3Q24 Review: 4분기에는 회복할 듯 LS증권 정홍식 I 2024-11-11 매수 또 다시 시장기대치 하회 미래에셋증권 김충현,박선영 I 2024-11-07 매수 3Q24 Review: 해외 실적 성장세 전환 유진투자증권 박종선 I 2024-11-07 매수 2Q24 Review: 유럽 지역 판매 본격 활성화 수혜 유진투자증권 박종선 I 2024-08-28 N/R 회복과 성장 NH투자증권 심의섭,황지현 I 2024-08-20 매수 한 걸음씩 회복 중 교보증권 김민철 I 2024-08-14 매수 시장기대치 하회하는 실적 달성 미래에셋증권 김충현 I 2024-08-06"
101490::2024,101490,에스앤에스텍,PRIMARY_INDEX_AVAILABLE,EQUITY_PRIMARY_INDEX_NONMAPPABLE,200,https://m.irgo.co.kr/IR-COMP/101490,2024-07-22,,"후기: 2가지 성장 모멘텀 모두 확인 신한투자증권 이경아 I 2024-07-22 N/R 회사소개 및 주요 사업현황 해당기업 IR팀 I 2024-07-18 매수 둘 중 하나만 반영된 주가 신한투자증권 이경아 I 2024-06-11 매수 준비된 자에게 기회가 온다 현대차증권 곽민정,윤서영 I 2024-04-09 매수 용인 공장 준공 임박 SK증권 이동주 I 2024-04-02 N/R 회사소개 및 주요 경영현황 해당기업 IR팀 I 2024-03-14 N/R 회사소개 및 주요 경영현황 해당기업 IR팀 I 2024-02-01 매수 왜 흔들려요? 현대차증권 곽민정,김유진 I 2024-01-31 매수 블랭크마스크, 공급자 우위 SK증권 이동주 I 2024-01-26 매수 마이웨이(My Way) 현대차증권 곽민정,김유진 I 2023-12-06 N/R 영업실적 및 전망 SK증권 이동주 I 2023-11-21 매수 2024년: 중국향 실적 성장 지속 + EUV 진입 SK증권 이동주"
101490::2024,101490,에스앤에스텍,PRIMARY_INDEX_AVAILABLE,EQUITY_PRIMARY_INDEX_NONMAPPABLE,200,https://m.irgo.co.kr/IR-COMP/101490,2024-07-30,,"업이익률 20% 달성 SK증권 이동주 I 2024-07-30 매수 NDR 후기: 2가지 성장 모멘텀 모두 확인 신한투자증권 이경아 I 2024-07-22 N/R 회사소개 및 주요 사업현황 해당기업 IR팀 I 2024-07-18 매수 둘 중 하나만 반영된 주가 신한투자증권 이경아 I 2024-06-11 매수 준비된 자에게 기회가 온다 현대차증권 곽민정,윤서영 I 2024-04-09 매수 용인 공장 준공 임박 SK증권 이동주 I 2024-04-02 N/R 회사소개 및 주요 경영현황 해당기업 IR팀 I 2024-03-14 N/R 회사소개 및 주요 경영현황 해당기업 IR팀 I 2024-02-01 매수 왜 흔들려요? 현대차증권 곽민정,김유진 I 2024-01-31 매수 블랭크마스크, 공급자 우위 SK증권 이동주 I 2024-01-26 매수 마이웨이(My Way) 현대차증권 곽민정,김유진 I 2023-12-06 N/R 영업실적 및 전망 SK증권 이동주 I 2023-11-21"
101490::2024,101490,에스앤에스텍,PRIMARY_INDEX_AVAILABLE,EQUITY_PRIMARY_INDEX_NONMAPPABLE,200,https://m.irgo.co.kr/IR-COMP/101490,2024-08-21,,"-07-03 N/R Company & Business Overview 해당기업 IR팀 I 2025-03-18 N/R 회사소개 및 주요 경영현황 해당기업 IR팀 I 2025-03-18 매수 2Q24 Review 신한투자증권 이경아 I 2024-08-21 매수 본업은 여전히 호황, 영업이익률 20% 달성 SK증권 이동주 I 2024-07-30 매수 NDR 후기: 2가지 성장 모멘텀 모두 확인 신한투자증권 이경아 I 2024-07-22 N/R 회사소개 및 주요 사업현황 해당기업 IR팀 I 2024-07-18 매수 둘 중 하나만 반영된 주가 신한투자증권 이경아 I 2024-06-11 매수 준비된 자에게 기회가 온다 현대차증권 곽민정,윤서영 I 2024-04-09 매수 용인 공장 준공 임박 SK증권 이동주 I 2024-04-02 N/R 회사소개 및 주요 경영현황 해당기업 IR팀 I 2024-03-14 N/R 회사소개 및 주요 경영현황 해당기업 IR팀 I 2024-02-01"
101490::2024,101490,에스앤에스텍,PRIMARY_INDEX_AVAILABLE,EQUITY_PRIMARY_INDEX_NONMAPPABLE,200,https://m.irgo.co.kr/IR-COMP/101490,2024-08-21,,"-07-31 N/R 회사소개 및 주요 사업현황 해당기업 IR팀 I 2025-07-30 매수 Conviction Buy DS투자증권 이수림,김진형 I 2025-07-03 N/R Company & Business Overview 해당기업 IR팀 I 2025-03-18 N/R 회사소개 및 주요 경영현황 해당기업 IR팀 I 2025-03-18 매수 2Q24 Review 신한투자증권 이경아 I 2024-08-21 매수 본업은 여전히 호황, 영업이익률 20% 달성 SK증권 이동주 I 2024-07-30 매수 NDR 후기: 2가지 성장 모멘텀 모두 확인 신한투자증권 이경아 I 2024-07-22 N/R 회사소개 및 주요 사업현황 해당기업 IR팀 I 2024-07-18 매수 둘 중 하나만 반영된 주가 신한투자증권 이경아 I 2024-06-11 매수 준비된 자에게 기회가 온다 현대차증권 곽민정,윤서영 I 2024-04-09 매수 용인 공장 준공 임박 SK증권 이동주 I 2024-0"
101490::2024,101490,에스앤에스텍,PRIMARY_INDEX_AVAILABLE,EQUITY_PRIMARY_INDEX_NONMAPPABLE,200,https://m.irgo.co.kr/IR-COMP/101490,2024-08-21,,"07-30 매수 Conviction Buy DS투자증권 이수림,김진형 I 2025-07-03 N/R Company & Business Overview 해당기업 IR팀 I 2025-03-18 N/R 회사소개 및 주요 경영현황 해당기업 IR팀 I 2025-03-18 매수 2Q24 Review 신한투자증권 이경아 I 2024-08-21 매수 본업은 여전히 호황, 영업이익률 20% 달성 SK증권 이동주 I 2024-07-30 매수 NDR 후기: 2가지 성장 모멘텀 모두 확인 신한투자증권 이경아 I 2024-07-22 N/R 회사소개 및 주요 사업현황 해당기업 IR팀 I 2024-07-18 매수 둘 중 하나만 반영된 주가 신한투자증권 이경아 I 2024-06-11 매수 준비된 자에게 기회가 온다 현대차증권 곽민정,윤서영 I 2024-04-09 매수 용인 공장 준공 임박 SK증권 이동주 I 2024-04-02 N/R 회사소개 및 주요 경영현황 해당기업 IR팀 I 2024-03"
101490::2024,101490,에스앤에스텍,PRIMARY_INDEX_AVAILABLE,EQUITY_PRIMARY_INDEX_NONMAPPABLE,200,https://m.irgo.co.kr/IR-COMP/101490,2024-08-21,,"2 매수 지금 대구는 on FIRE DS투자증권 이수림,김진형 I 2025-07-31 N/R 회사소개 및 주요 사업현황 해당기업 IR팀 I 2025-07-30 매수 Conviction Buy DS투자증권 이수림,김진형 I 2025-07-03 N/R Company & Business Overview 해당기업 IR팀 I 2025-03-18 N/R 회사소개 및 주요 경영현황 해당기업 IR팀 I 2025-03-18 매수 2Q24 Review 신한투자증권 이경아 I 2024-08-21 매수 본업은 여전히 호황, 영업이익률 20% 달성 SK증권 이동주 I 2024-07-30 매수 NDR 후기: 2가지 성장 모멘텀 모두 확인 신한투자증권 이경아 I 2024-07-22 N/R 회사소개 및 주요 사업현황 해당기업 IR팀 I 2024-07-18 매수 둘 중 하나만 반영된 주가 신한투자증권 이경아 I 2024-06-11 매수 준비된 자에게 기회가 온다 현대차증권 곽민정,윤서영 I 20"
101490::2024,101490,에스앤에스텍,PRIMARY_INDEX_AVAILABLE,EQUITY_PRIMARY_INDEX_NONMAPPABLE,200,https://m.irgo.co.kr/IR-COMP/101490,2024-08-21,,"I 2025-10-24 매수 근거 있는 자신감 DS투자증권 이수림,김진형 I 2025-10-22 매수 지금 대구는 on FIRE DS투자증권 이수림,김진형 I 2025-07-31 N/R 회사소개 및 주요 사업현황 해당기업 IR팀 I 2025-07-30 매수 Conviction Buy DS투자증권 이수림,김진형 I 2025-07-03 N/R Company & Business Overview 해당기업 IR팀 I 2025-03-18 N/R 회사소개 및 주요 경영현황 해당기업 IR팀 I 2025-03-18 매수 2Q24 Review 신한투자증권 이경아 I 2024-08-21 매수 본업은 여전히 호황, 영업이익률 20% 달성 SK증권 이동주 I 2024-07-30 매수 NDR 후기: 2가지 성장 모멘텀 모두 확인 신한투자증권 이경아 I 2024-07-22 N/R 회사소개 및 주요 사업현황 해당기업 IR팀 I 2024-07-18 매수 둘 중 하나만 반영된 주가 신한투자증권 이"
101490::2024,101490,에스앤에스텍,PRIMARY_INDEX_AVAILABLE,EQUITY_PRIMARY_INDEX_NONMAPPABLE,200,https://m.irgo.co.kr/IR-COMP/101490,2024-08-21,,"w 해당기업 IR팀 I 2025-03-18 N/R 회사소개 및 주요 경영현황 해당기업 IR팀 I 2025-03-18 매수 2Q24 Review 신한투자증권 이경아 I 2024-08-21 매수 본업은 여전히 호황, 영업이익률 20% 달성 SK증권 이동주 I 2024-07-30 매수 NDR 후기: 2가지 성장 모멘텀 모두 확인 신한투자증권 이경아 I 2024-07-22 N/R 회사소개 및 주요 사업현황 해당기업 IR팀 I 2024-07-18 매수 둘 중 하나만 반영된 주가 신한투자증권 이경아 I 2024-06-11 매수 준비된 자에게 기회가 온다 현대차증권 곽민정,윤서영 I 2024-04-09 매수 용인 공장 준공 임박 SK증권 이동주 I 2024-04-02 N/R 회사소개 및 주요 경영현황 해당기업 IR팀 I 2024-03-14 N/R 회사소개 및 주요 경영현황 해당기업 IR팀 I 2024-02-01 매수 왜 흔들려요? 현대차증권 곽민정,김유진 I 2024-01-31"
101490::2024,101490,에스앤에스텍,PRIMARY_INDEX_AVAILABLE,EQUITY_PRIMARY_INDEX_NONMAPPABLE,200,https://m.irgo.co.kr/IR-COMP/101490,2024-08-21,,"투자증권 이경아 I 2024-08-21 매수 본업은 여전히 호황, 영업이익률 20% 달성 SK증권 이동주 I 2024-07-30 매수 NDR 후기: 2가지 성장 모멘텀 모두 확인 신한투자증권 이경아 I 2024-07-22 N/R 회사소개 및 주요 사업현황 해당기업 IR팀 I 2024-07-18 매수 둘 중 하나만 반영된 주가 신한투자증권 이경아 I 2024-06-11 매수 준비된 자에게 기회가 온다 현대차증권 곽민정,윤서영 I 2024-04-09 매수 용인 공장 준공 임박 SK증권 이동주 I 2024-04-02 N/R 회사소개 및 주요 경영현황 해당기업 IR팀 I 2024-03-14 N/R 회사소개 및 주요 경영현황 해당기업 IR팀 I 2024-02-01 매수 왜 흔들려요? 현대차증권 곽민정,김유진 I 2024-01-31 매수 블랭크마스크, 공급자 우위 SK증권 이동주 I 2024-01-26 매수 마이웨이(My Way) 현대차증권 곽민정,김유진 I 2023-12-0"
101490::2024,101490,에스앤에스텍,PRIMARY_INDEX_AVAILABLE,EQUITY_PRIMARY_INDEX_NONMAPPABLE,200,https://m.irgo.co.kr/IR-COMP/101490,2024-08-21,,"해당기업 IR팀 I 2025-10-24 N/R 회사소개 및 주요 사업현황 해당기업 IR팀 I 2025-10-24 매수 근거 있는 자신감 DS투자증권 이수림,김진형 I 2025-10-22 매수 지금 대구는 on FIRE DS투자증권 이수림,김진형 I 2025-07-31 N/R 회사소개 및 주요 사업현황 해당기업 IR팀 I 2025-07-30 매수 Conviction Buy DS투자증권 이수림,김진형 I 2025-07-03 N/R Company & Business Overview 해당기업 IR팀 I 2025-03-18 N/R 회사소개 및 주요 경영현황 해당기업 IR팀 I 2025-03-18 매수 2Q24 Review 신한투자증권 이경아 I 2024-08-21 매수 본업은 여전히 호황, 영업이익률 20% 달성 SK증권 이동주 I 2024-07-30 매수 NDR 후기: 2가지 성장 모멘텀 모두 확인 신한투자증권 이경아 I 2024-07-22 N/R 회사소개 및 주요 사업현"
101490::2024,101490,에스앤에스텍,PRIMARY_INDEX_AVAILABLE,EQUITY_PRIMARY_INDEX_NONMAPPABLE,200,https://m.irgo.co.kr/IR-COMP/101490,2024-08-21,,"황 해당기업 IR팀 I 2025-03-18 매수 2Q24 Review 신한투자증권 이경아 I 2024-08-21 매수 본업은 여전히 호황, 영업이익률 20% 달성 SK증권 이동주 I 2024-07-30 매수 NDR 후기: 2가지 성장 모멘텀 모두 확인 신한투자증권 이경아 I 2024-07-22 N/R 회사소개 및 주요 사업현황 해당기업 IR팀 I 2024-07-18 매수 둘 중 하나만 반영된 주가 신한투자증권 이경아 I 2024-06-11 매수 준비된 자에게 기회가 온다 현대차증권 곽민정,윤서영 I 2024-04-09 매수 용인 공장 준공 임박 SK증권 이동주 I 2024-04-02 N/R 회사소개 및 주요 경영현황 해당기업 IR팀 I 2024-03-14 N/R 회사소개 및 주요 경영현황 해당기업 IR팀 I 2024-02-01 매수 왜 흔들려요? 현대차증권 곽민정,김유진 I 2024-01-31 매수 블랭크마스크, 공급자 우위 SK증권 이동주 I 2024-01-26"
104830::2024,104830,원익머트리얼즈,SECONDARY_SUMMARY_ONLY,SECONDARY_SUMMARY_ONLY,200,https://m.irgo.co.kr/IR-COMP/104830,2024-09-05,"{""OE"": [""원가"", ""절감""]}","통 신한투자증권 이경아,송혜수 I 2024-09-05 매수 믹스 개선 x 원가 절감 DB금융투자 서승연 I 2024-08-29 매수 2Q24 Review 신한투자증권 이경아 I 2024-08-21 N/R 영업이익 서프라이즈 시현 하나증권 김민경 I 2024-08-09 N/R 25년 반등을 위한 준비 하나증권 김민경,김록호 I 2024-07-12 매수 시장 관심 높아질 하반기 IBK투자증권 이건재 I 2024-07-03 매수 레퍼체크 완료된 특수가스 대표주 신한투자증권 이경아 I 2024-06-11 매수 반도체 생산량 증가 = 실적 개선 IBK투자증권 이건재 I 2024-05-24 매수 길었던 터널에서 벗어나는 중 DB금융투자 서승연 I 2024-02-28 N/R 더블 모멘텀: 가동률 반등 + 수익성 회복 키움증권 박유악 I 2023-12-07 매수 내년을 바라보며 DB금융투자 서승연 I 2023-08-16 N/R 3분기 실적 반등 전망 키움증권 박유악 I 2023-"
104830::2024,104830,원익머트리얼즈,SECONDARY_SUMMARY_ONLY,SECONDARY_SUMMARY_ONLY,200,https://m.irgo.co.kr/IR-COMP/104830,2024-12-18,"{""OE"": [""원가"", ""절감""]}","-23 매수 회복에서 성장으로 가는 길목 신한투자증권 김형태,송혜수 I 2026-01-20 매수 바닥 통과 후 회복세 진입 신한투자증권 김형태,송혜수 I 2025-11-21 매수 2분기 저점 확인 후 회복세 진입 신한투자증권 김형태,송혜수 I 2025-08-27 매수 상저하고 실적 전망 DB증권 서승연 I 2025-06-20 매수 저평가된 주가, 높아질 회복 기대감 신한투자증권 김형태,여현석 I 2025-03-21 매수 파고가 높아도 우상향으로 간다 IBK투자증권 이건재 I 2025-03-19 매수 아쉬운 매출 속 수익성 개선에 주목 DB금융투자 서승연 I 2024-12-18 매수 2025년을 위한 성장통 신한투자증권 이경아,송혜수 I 2024-09-05 매수 믹스 개선 x 원가 절감 DB금융투자 서승연 I 2024-08-29 매수 2Q24 Review 신한투자증권 이경아 I 2024-08-21 N/R 영업이익 서프라이즈 시현 하나증권 김민경 I 2024-08-09"
104830::2024,104830,원익머트리얼즈,SECONDARY_SUMMARY_ONLY,SECONDARY_SUMMARY_ONLY,200,https://m.irgo.co.kr/IR-COMP/104830,2024-12-18,"{""OE"": [""원가"", ""절감""]}","026-01-20 매수 바닥 통과 후 회복세 진입 신한투자증권 김형태,송혜수 I 2025-11-21 매수 2분기 저점 확인 후 회복세 진입 신한투자증권 김형태,송혜수 I 2025-08-27 매수 상저하고 실적 전망 DB증권 서승연 I 2025-06-20 매수 저평가된 주가, 높아질 회복 기대감 신한투자증권 김형태,여현석 I 2025-03-21 매수 파고가 높아도 우상향으로 간다 IBK투자증권 이건재 I 2025-03-19 매수 아쉬운 매출 속 수익성 개선에 주목 DB금융투자 서승연 I 2024-12-18 매수 2025년을 위한 성장통 신한투자증권 이경아,송혜수 I 2024-09-05 매수 믹스 개선 x 원가 절감 DB금융투자 서승연 I 2024-08-29 매수 2Q24 Review 신한투자증권 이경아 I 2024-08-21 N/R 영업이익 서프라이즈 시현 하나증권 김민경 I 2024-08-09 N/R 25년 반등을 위한 준비 하나증권 김민경,김록호 I 2024-07"
104830::2024,104830,원익머트리얼즈,SECONDARY_SUMMARY_ONLY,SECONDARY_SUMMARY_ONLY,200,https://m.irgo.co.kr/IR-COMP/104830,2024-12-18,"{""OE"": [""원가"", ""절감""]}","간다 IBK투자증권 이건재 I 2025-03-19 매수 아쉬운 매출 속 수익성 개선에 주목 DB금융투자 서승연 I 2024-12-18 매수 2025년을 위한 성장통 신한투자증권 이경아,송혜수 I 2024-09-05 매수 믹스 개선 x 원가 절감 DB금융투자 서승연 I 2024-08-29 매수 2Q24 Review 신한투자증권 이경아 I 2024-08-21 N/R 영업이익 서프라이즈 시현 하나증권 김민경 I 2024-08-09 N/R 25년 반등을 위한 준비 하나증권 김민경,김록호 I 2024-07-12 매수 시장 관심 높아질 하반기 IBK투자증권 이건재 I 2024-07-03 매수 레퍼체크 완료된 특수가스 대표주 신한투자증권 이경아 I 2024-06-11 매수 반도체 생산량 증가 = 실적 개선 IBK투자증권 이건재 I 2024-05-24 매수 길었던 터널에서 벗어나는 중 DB금융투자 서승연 I 2024-02-28 N/R 더블 모멘텀: 가동률 반등 + 수익성 회복 키"
104830::2024,104830,원익머트리얼즈,SECONDARY_SUMMARY_ONLY,SECONDARY_SUMMARY_ONLY,200,https://m.irgo.co.kr/IR-COMP/104830,2024-12-18,"{""OE"": [""원가"", ""절감""]}","권 서승연 I 2025-06-20 매수 저평가된 주가, 높아질 회복 기대감 신한투자증권 김형태,여현석 I 2025-03-21 매수 파고가 높아도 우상향으로 간다 IBK투자증권 이건재 I 2025-03-19 매수 아쉬운 매출 속 수익성 개선에 주목 DB금융투자 서승연 I 2024-12-18 매수 2025년을 위한 성장통 신한투자증권 이경아,송혜수 I 2024-09-05 매수 믹스 개선 x 원가 절감 DB금융투자 서승연 I 2024-08-29 매수 2Q24 Review 신한투자증권 이경아 I 2024-08-21 N/R 영업이익 서프라이즈 시현 하나증권 김민경 I 2024-08-09 N/R 25년 반등을 위한 준비 하나증권 김민경,김록호 I 2024-07-12 매수 시장 관심 높아질 하반기 IBK투자증권 이건재 I 2024-07-03 매수 레퍼체크 완료된 특수가스 대표주 신한투자증권 이경아 I 2024-06-11 매수 반도체 생산량 증가 = 실적 개선 IBK투자증권 이건"
104830::2024,104830,원익머트리얼즈,SECONDARY_SUMMARY_ONLY,SECONDARY_SUMMARY_ONLY,200,https://m.irgo.co.kr/IR-COMP/104830,2024-12-18,"{""OE"": [""원가"", ""절감""]}","매수 성장의 해. 밸류에이션 매력에 주목 하나증권 김록호,김영규 I 2026-02-23 매수 회복에서 성장으로 가는 길목 신한투자증권 김형태,송혜수 I 2026-01-20 매수 바닥 통과 후 회복세 진입 신한투자증권 김형태,송혜수 I 2025-11-21 매수 2분기 저점 확인 후 회복세 진입 신한투자증권 김형태,송혜수 I 2025-08-27 매수 상저하고 실적 전망 DB증권 서승연 I 2025-06-20 매수 저평가된 주가, 높아질 회복 기대감 신한투자증권 김형태,여현석 I 2025-03-21 매수 파고가 높아도 우상향으로 간다 IBK투자증권 이건재 I 2025-03-19 매수 아쉬운 매출 속 수익성 개선에 주목 DB금융투자 서승연 I 2024-12-18 매수 2025년을 위한 성장통 신한투자증권 이경아,송혜수 I 2024-09-05 매수 믹스 개선 x 원가 절감 DB금융투자 서승연 I 2024-08-29 매수 2Q24 Review 신한투자증권 이경아 I 2024-"
104830::2024,104830,원익머트리얼즈,SECONDARY_SUMMARY_ONLY,SECONDARY_SUMMARY_ONLY,200,https://m.irgo.co.kr/IR-COMP/104830,2024-12-18,"{""OE"": [""원가"", ""절감""]}","송혜수 I 2025-11-21 매수 2분기 저점 확인 후 회복세 진입 신한투자증권 김형태,송혜수 I 2025-08-27 매수 상저하고 실적 전망 DB증권 서승연 I 2025-06-20 매수 저평가된 주가, 높아질 회복 기대감 신한투자증권 김형태,여현석 I 2025-03-21 매수 파고가 높아도 우상향으로 간다 IBK투자증권 이건재 I 2025-03-19 매수 아쉬운 매출 속 수익성 개선에 주목 DB금융투자 서승연 I 2024-12-18 매수 2025년을 위한 성장통 신한투자증권 이경아,송혜수 I 2024-09-05 매수 믹스 개선 x 원가 절감 DB금융투자 서승연 I 2024-08-29 매수 2Q24 Review 신한투자증권 이경아 I 2024-08-21 N/R 영업이익 서프라이즈 시현 하나증권 김민경 I 2024-08-09 N/R 25년 반등을 위한 준비 하나증권 김민경,김록호 I 2024-07-12 매수 시장 관심 높아질 하반기 IBK투자증권 이건재 I 2024"
104830::2024,104830,원익머트리얼즈,SECONDARY_SUMMARY_ONLY,SECONDARY_SUMMARY_ONLY,200,https://m.irgo.co.kr/IR-COMP/104830,2024-12-18,"{""OE"": [""원가"", ""절감""]}","신한투자증권 김형태,여현석 I 2025-03-21 매수 파고가 높아도 우상향으로 간다 IBK투자증권 이건재 I 2025-03-19 매수 아쉬운 매출 속 수익성 개선에 주목 DB금융투자 서승연 I 2024-12-18 매수 2025년을 위한 성장통 신한투자증권 이경아,송혜수 I 2024-09-05 매수 믹스 개선 x 원가 절감 DB금융투자 서승연 I 2024-08-29 매수 2Q24 Review 신한투자증권 이경아 I 2024-08-21 N/R 영업이익 서프라이즈 시현 하나증권 김민경 I 2024-08-09 N/R 25년 반등을 위한 준비 하나증권 김민경,김록호 I 2024-07-12 매수 시장 관심 높아질 하반기 IBK투자증권 이건재 I 2024-07-03 매수 레퍼체크 완료된 특수가스 대표주 신한투자증권 이경아 I 2024-06-11 매수 반도체 생산량 증가 = 실적 개선 IBK투자증권 이건재 I 2024-05-24 매수 길었던 터널에서 벗어나는 중 DB금융투자 서"
104830::2024,104830,원익머트리얼즈,SECONDARY_SUMMARY_ONLY,SECONDARY_SUMMARY_ONLY,200,https://m.irgo.co.kr/IR-COMP/104830,2024-12-18,"{""OE"": [""원가"", ""절감""]}","주목 DB금융투자 서승연 I 2024-12-18 매수 2025년을 위한 성장통 신한투자증권 이경아,송혜수 I 2024-09-05 매수 믹스 개선 x 원가 절감 DB금융투자 서승연 I 2024-08-29 매수 2Q24 Review 신한투자증권 이경아 I 2024-08-21 N/R 영업이익 서프라이즈 시현 하나증권 김민경 I 2024-08-09 N/R 25년 반등을 위한 준비 하나증권 김민경,김록호 I 2024-07-12 매수 시장 관심 높아질 하반기 IBK투자증권 이건재 I 2024-07-03 매수 레퍼체크 완료된 특수가스 대표주 신한투자증권 이경아 I 2024-06-11 매수 반도체 생산량 증가 = 실적 개선 IBK투자증권 이건재 I 2024-05-24 매수 길었던 터널에서 벗어나는 중 DB금융투자 서승연 I 2024-02-28 N/R 더블 모멘텀: 가동률 반등 + 수익성 회복 키움증권 박유악 I 2023-12-07 매수 내년을 바라보며 DB금융투자 서승연 I 2"
104830::2024,104830,원익머트리얼즈,SECONDARY_SUMMARY_ONLY,SECONDARY_SUMMARY_ONLY,200,https://m.irgo.co.kr/IR-COMP/104830,2024-12-18,"{""OE"": [""원가"", ""절감""]}","한투자증권 김형태,송혜수 I 2025-08-27 매수 상저하고 실적 전망 DB증권 서승연 I 2025-06-20 매수 저평가된 주가, 높아질 회복 기대감 신한투자증권 김형태,여현석 I 2025-03-21 매수 파고가 높아도 우상향으로 간다 IBK투자증권 이건재 I 2025-03-19 매수 아쉬운 매출 속 수익성 개선에 주목 DB금융투자 서승연 I 2024-12-18 매수 2025년을 위한 성장통 신한투자증권 이경아,송혜수 I 2024-09-05 매수 믹스 개선 x 원가 절감 DB금융투자 서승연 I 2024-08-29 매수 2Q24 Review 신한투자증권 이경아 I 2024-08-21 N/R 영업이익 서프라이즈 시현 하나증권 김민경 I 2024-08-09 N/R 25년 반등을 위한 준비 하나증권 김민경,김록호 I 2024-07-12 매수 시장 관심 높아질 하반기 IBK투자증권 이건재 I 2024-07-03 매수 레퍼체크 완료된 특수가스 대표주 신한투자증권 이경아 I"
105840::2024,105840,우진,SECONDARY_SUMMARY_ONLY,SECONDARY_SUMMARY_ONLY,200,https://m.irgo.co.kr/IR-COMP/105840,2024-10-23,,"영증권 권덕민 I 2024-10-23 N/R 회사소개 및 주요 사업현황 해당기업 IR팀 I 2024-08-21 N/R 2Q24 Preview: 다다익선 상상인증권 이소중,권오휘 I 2024-07-15 N/R 한국형 원전과 함께 간다 대신증권 박장욱 I 2024-07-09 N/R 회사소개 및 주요 경영현황 해당기업 IR팀 I 2024-05-27 매수 원전 싸이클에 올라타다 신영증권 권덕민 I 2024-05-20 N/R 회사소개 및 주요 사업현황 해당기업 IR팀 I 2024-04-17 N/R 원자력이 크면, 계측기도 큰다 대신증권 박장욱 I 2024-04-15 N/R 다가오는 친원전 사이클, 국내 원전 계측기 1위 기업 KB증권 한제윤 I 2024-03-20 매수 원전 산업 활성화에 따른 수혜 신영증권 권덕민 I 2023-11-23 매수 연간 역대 최고 매출 달성 가능성 신영증권 권덕민 I 2023-08-14 매수 국내 원전 주요 핵심 부품을 납품하다 신영증권 권덕민"
105840::2024,105840,우진,SECONDARY_SUMMARY_ONLY,SECONDARY_SUMMARY_ONLY,200,https://m.irgo.co.kr/IR-COMP/105840,2024-11-14,,"신한투자증권 최승환,이병화 I 2024-11-14 매수 상고하저, 하지만 연간 성장세는 지속전망 신영증권 권덕민 I 2024-10-23 N/R 회사소개 및 주요 사업현황 해당기업 IR팀 I 2024-08-21 N/R 2Q24 Preview: 다다익선 상상인증권 이소중,권오휘 I 2024-07-15 N/R 한국형 원전과 함께 간다 대신증권 박장욱 I 2024-07-09 N/R 회사소개 및 주요 경영현황 해당기업 IR팀 I 2024-05-27 매수 원전 싸이클에 올라타다 신영증권 권덕민 I 2024-05-20 N/R 회사소개 및 주요 사업현황 해당기업 IR팀 I 2024-04-17 N/R 원자력이 크면, 계측기도 큰다 대신증권 박장욱 I 2024-04-15 N/R 다가오는 친원전 사이클, 국내 원전 계측기 1위 기업 KB증권 한제윤 I 2024-03-20 매수 원전 산업 활성화에 따른 수혜 신영증권 권덕민 I 2023-11-23 매수 연간 역대 최고 매출 달성 가능성"
105840::2024,105840,우진,SECONDARY_SUMMARY_ONLY,SECONDARY_SUMMARY_ONLY,200,https://m.irgo.co.kr/IR-COMP/105840,2024-11-19,,"권덕민 I 2024-11-19 N/R K원전 르네상스도 SMR도 준비된 사수 신한투자증권 최승환,이병화 I 2024-11-14 매수 상고하저, 하지만 연간 성장세는 지속전망 신영증권 권덕민 I 2024-10-23 N/R 회사소개 및 주요 사업현황 해당기업 IR팀 I 2024-08-21 N/R 2Q24 Preview: 다다익선 상상인증권 이소중,권오휘 I 2024-07-15 N/R 한국형 원전과 함께 간다 대신증권 박장욱 I 2024-07-09 N/R 회사소개 및 주요 경영현황 해당기업 IR팀 I 2024-05-27 매수 원전 싸이클에 올라타다 신영증권 권덕민 I 2024-05-20 N/R 회사소개 및 주요 사업현황 해당기업 IR팀 I 2024-04-17 N/R 원자력이 크면, 계측기도 큰다 대신증권 박장욱 I 2024-04-15 N/R 다가오는 친원전 사이클, 국내 원전 계측기 1위 기업 KB증권 한제윤 I 2024-03-20 매수 원전 산업 활성화에 따른 수혜"
105840::2024,105840,우진,SECONDARY_SUMMARY_ONLY,SECONDARY_SUMMARY_ONLY,200,https://m.irgo.co.kr/IR-COMP/105840,2024-11-21,,"I 2025-06-18 N/R “독점 공급” 시장이 확장되고 있다. 유안타증권 백종민 I 2025-04-03 N/R 회사소개 및 주요 경영현황 해당기업 IR팀 I 2024-11-21 매수 3분기 적자 기록 신영증권 권덕민 I 2024-11-19 N/R K원전 르네상스도 SMR도 준비된 사수 신한투자증권 최승환,이병화 I 2024-11-14 매수 상고하저, 하지만 연간 성장세는 지속전망 신영증권 권덕민 I 2024-10-23 N/R 회사소개 및 주요 사업현황 해당기업 IR팀 I 2024-08-21 N/R 2Q24 Preview: 다다익선 상상인증권 이소중,권오휘 I 2024-07-15 N/R 한국형 원전과 함께 간다 대신증권 박장욱 I 2024-07-09 N/R 회사소개 및 주요 경영현황 해당기업 IR팀 I 2024-05-27 매수 원전 싸이클에 올라타다 신영증권 권덕민 I 2024-05-20 N/R 회사소개 및 주요 사업현황 해당기업 IR팀 I 2024-04-17"
105840::2024,105840,우진,SECONDARY_SUMMARY_ONLY,SECONDARY_SUMMARY_ONLY,200,https://m.irgo.co.kr/IR-COMP/105840,2024-11-21,,"I 2025-10-29 N/R 회사소개 및 주요 경영현황 해당기업 IR팀 I 2025-06-18 N/R “독점 공급” 시장이 확장되고 있다. 유안타증권 백종민 I 2025-04-03 N/R 회사소개 및 주요 경영현황 해당기업 IR팀 I 2024-11-21 매수 3분기 적자 기록 신영증권 권덕민 I 2024-11-19 N/R K원전 르네상스도 SMR도 준비된 사수 신한투자증권 최승환,이병화 I 2024-11-14 매수 상고하저, 하지만 연간 성장세는 지속전망 신영증권 권덕민 I 2024-10-23 N/R 회사소개 및 주요 사업현황 해당기업 IR팀 I 2024-08-21 N/R 2Q24 Preview: 다다익선 상상인증권 이소중,권오휘 I 2024-07-15 N/R 한국형 원전과 함께 간다 대신증권 박장욱 I 2024-07-09 N/R 회사소개 및 주요 경영현황 해당기업 IR팀 I 2024-05-27 매수 원전 싸이클에 올라타다 신영증권 권덕민 I 2024-05-20"
105840::2024,105840,우진,SECONDARY_SUMMARY_ONLY,SECONDARY_SUMMARY_ONLY,200,https://m.irgo.co.kr/IR-COMP/105840,2024-11-21,,"R팀 I 2025-11-13 N/R ICI는 SMR에도 들어갑니다 메리츠증권 문경원 I 2025-11-07 N/R 국내 유일의 원전 계측기 공급사 SK증권 나민식 I 2025-10-29 N/R 회사소개 및 주요 경영현황 해당기업 IR팀 I 2025-06-18 N/R “독점 공급” 시장이 확장되고 있다. 유안타증권 백종민 I 2025-04-03 N/R 회사소개 및 주요 경영현황 해당기업 IR팀 I 2024-11-21 매수 3분기 적자 기록 신영증권 권덕민 I 2024-11-19 N/R K원전 르네상스도 SMR도 준비된 사수 신한투자증권 최승환,이병화 I 2024-11-14 매수 상고하저, 하지만 연간 성장세는 지속전망 신영증권 권덕민 I 2024-10-23 N/R 회사소개 및 주요 사업현황 해당기업 IR팀 I 2024-08-21 N/R 2Q24 Preview: 다다익선 상상인증권 이소중,권오휘 I 2024-07-15 N/R 한국형 원전과 함께 간다 대신증권 박장욱 I"
105840::2024,105840,우진,SECONDARY_SUMMARY_ONLY,SECONDARY_SUMMARY_ONLY,200,https://m.irgo.co.kr/IR-COMP/105840,2024-11-21,,"권 문경원 I 2025-11-07 N/R 국내 유일의 원전 계측기 공급사 SK증권 나민식 I 2025-10-29 N/R 회사소개 및 주요 경영현황 해당기업 IR팀 I 2025-06-18 N/R “독점 공급” 시장이 확장되고 있다. 유안타증권 백종민 I 2025-04-03 N/R 회사소개 및 주요 경영현황 해당기업 IR팀 I 2024-11-21 매수 3분기 적자 기록 신영증권 권덕민 I 2024-11-19 N/R K원전 르네상스도 SMR도 준비된 사수 신한투자증권 최승환,이병화 I 2024-11-14 매수 상고하저, 하지만 연간 성장세는 지속전망 신영증권 권덕민 I 2024-10-23 N/R 회사소개 및 주요 사업현황 해당기업 IR팀 I 2024-08-21 N/R 2Q24 Preview: 다다익선 상상인증권 이소중,권오휘 I 2024-07-15 N/R 한국형 원전과 함께 간다 대신증권 박장욱 I 2024-07-09 N/R 회사소개 및 주요 경영현황 해당기업 IR팀 I"
105840::2024,105840,우진,SECONDARY_SUMMARY_ONLY,SECONDARY_SUMMARY_ONLY,200,https://m.irgo.co.kr/IR-COMP/105840,2024-11-21,,"적인 돈주머니 + 알파! 유안타증권 김도엽 I 2026-04-02 N/R 점차 확대되는 실적 기반 키움증권 조재원 I 2026-03-05 N/R 회사소개 및 주요 경영현황 해당기업 IR팀 I 2025-11-13 N/R ICI는 SMR에도 들어갑니다 메리츠증권 문경원 I 2025-11-07 N/R 국내 유일의 원전 계측기 공급사 SK증권 나민식 I 2025-10-29 N/R 회사소개 및 주요 경영현황 해당기업 IR팀 I 2025-06-18 N/R “독점 공급” 시장이 확장되고 있다. 유안타증권 백종민 I 2025-04-03 N/R 회사소개 및 주요 경영현황 해당기업 IR팀 I 2024-11-21 매수 3분기 적자 기록 신영증권 권덕민 I 2024-11-19 N/R K원전 르네상스도 SMR도 준비된 사수 신한투자증권 최승환,이병화 I 2024-11-14 매수 상고하저, 하지만 연간 성장세는 지속전망 신영증권 권덕민 I 2024-10-23 N/R 회사소개 및 주요 사업현"
105840::2024,105840,우진,SECONDARY_SUMMARY_ONLY,SECONDARY_SUMMARY_ONLY,200,https://m.irgo.co.kr/IR-COMP/105840,2024-11-21,,"키움증권 조재원 I 2026-03-05 N/R 회사소개 및 주요 경영현황 해당기업 IR팀 I 2025-11-13 N/R ICI는 SMR에도 들어갑니다 메리츠증권 문경원 I 2025-11-07 N/R 국내 유일의 원전 계측기 공급사 SK증권 나민식 I 2025-10-29 N/R 회사소개 및 주요 경영현황 해당기업 IR팀 I 2025-06-18 N/R “독점 공급” 시장이 확장되고 있다. 유안타증권 백종민 I 2025-04-03 N/R 회사소개 및 주요 경영현황 해당기업 IR팀 I 2024-11-21 매수 3분기 적자 기록 신영증권 권덕민 I 2024-11-19 N/R K원전 르네상스도 SMR도 준비된 사수 신한투자증권 최승환,이병화 I 2024-11-14 매수 상고하저, 하지만 연간 성장세는 지속전망 신영증권 권덕민 I 2024-10-23 N/R 회사소개 및 주요 사업현황 해당기업 IR팀 I 2024-08-21 N/R 2Q24 Preview: 다다익선 상상인증권 이"
105840::2024,105840,우진,SECONDARY_SUMMARY_ONLY,SECONDARY_SUMMARY_ONLY,200,https://m.irgo.co.kr/IR-COMP/105840,2024-11-21,,"타증권 백종민 I 2025-04-03 N/R 회사소개 및 주요 경영현황 해당기업 IR팀 I 2024-11-21 매수 3분기 적자 기록 신영증권 권덕민 I 2024-11-19 N/R K원전 르네상스도 SMR도 준비된 사수 신한투자증권 최승환,이병화 I 2024-11-14 매수 상고하저, 하지만 연간 성장세는 지속전망 신영증권 권덕민 I 2024-10-23 N/R 회사소개 및 주요 사업현황 해당기업 IR팀 I 2024-08-21 N/R 2Q24 Preview: 다다익선 상상인증권 이소중,권오휘 I 2024-07-15 N/R 한국형 원전과 함께 간다 대신증권 박장욱 I 2024-07-09 N/R 회사소개 및 주요 경영현황 해당기업 IR팀 I 2024-05-27 매수 원전 싸이클에 올라타다 신영증권 권덕민 I 2024-05-20 N/R 회사소개 및 주요 사업현황 해당기업 IR팀 I 2024-04-17 N/R 원자력이 크면, 계측기도 큰다 대신증권 박장욱 I 2024-04-"
105840::2024,105840,우진,SECONDARY_SUMMARY_ONLY,SECONDARY_SUMMARY_ONLY,200,https://m.irgo.co.kr/IR-COMP/105840,2024-11-21,,"현황 해당기업 IR팀 I 2026-05-08 매수 ICI, 안정적인 돈주머니 + 알파! 유안타증권 김도엽 I 2026-04-02 N/R 점차 확대되는 실적 기반 키움증권 조재원 I 2026-03-05 N/R 회사소개 및 주요 경영현황 해당기업 IR팀 I 2025-11-13 N/R ICI는 SMR에도 들어갑니다 메리츠증권 문경원 I 2025-11-07 N/R 국내 유일의 원전 계측기 공급사 SK증권 나민식 I 2025-10-29 N/R 회사소개 및 주요 경영현황 해당기업 IR팀 I 2025-06-18 N/R “독점 공급” 시장이 확장되고 있다. 유안타증권 백종민 I 2025-04-03 N/R 회사소개 및 주요 경영현황 해당기업 IR팀 I 2024-11-21 매수 3분기 적자 기록 신영증권 권덕민 I 2024-11-19 N/R K원전 르네상스도 SMR도 준비된 사수 신한투자증권 최승환,이병화 I 2024-11-14 매수 상고하저, 하지만 연간 성장세는 지속전망 신영증권"
105840::2024,105840,우진,SECONDARY_SUMMARY_ONLY,SECONDARY_SUMMARY_ONLY,200,https://m.irgo.co.kr/IR-COMP/105840,2024-11-21,,"황 해당기업 IR팀 I 2024-11-21 매수 3분기 적자 기록 신영증권 권덕민 I 2024-11-19 N/R K원전 르네상스도 SMR도 준비된 사수 신한투자증권 최승환,이병화 I 2024-11-14 매수 상고하저, 하지만 연간 성장세는 지속전망 신영증권 권덕민 I 2024-10-23 N/R 회사소개 및 주요 사업현황 해당기업 IR팀 I 2024-08-21 N/R 2Q24 Preview: 다다익선 상상인증권 이소중,권오휘 I 2024-07-15 N/R 한국형 원전과 함께 간다 대신증권 박장욱 I 2024-07-09 N/R 회사소개 및 주요 경영현황 해당기업 IR팀 I 2024-05-27 매수 원전 싸이클에 올라타다 신영증권 권덕민 I 2024-05-20 N/R 회사소개 및 주요 사업현황 해당기업 IR팀 I 2024-04-17 N/R 원자력이 크면, 계측기도 큰다 대신증권 박장욱 I 2024-04-15 N/R 다가오는 친원전 사이클, 국내 원전 계측기 1위 기업 K"
108230::2024,108230,톱텍,SECONDARY_SUMMARY_ONLY,EQUITY_PRIMARY_NO_ACTION,200,https://m.irgo.co.kr/IR-COMP/108230,2024-02-20,,"리포트 N/R 4Q23 Preview: 배당도 진심, 실적은 서프라이즈! KB증권 김현겸 I 2024-02-20 N/R 체질 변화 중 KB증권 김현겸 I 2023-11-16 N/R 2Q23 실적 Review: 실적대비 가장 저평가 된 2차전지 장비주 KB증권 김현겸 I 2023-08-14 N/R 1분기 수주 대박을 잇는 2분"
108380::2024,108380,대양전기공업,SECONDARY_SUMMARY_ONLY,EQUITY_PRIMARY_INDEX_NO_ACTION,200,https://m.irgo.co.kr/IR-COMP/108380,2024-12-04,,"7 매수 1Q25 Review: 영업이익 고성장 LS증권 정홍식 I 2025-05-16 매수 으라차차차! 호실적!! IBK투자증권 이건재 I 2025-05-16 매수 센서 사업, 조선 호황을 뛰어넘는 성장 축 IBK투자증권 이건재 I 2025-04-30 매수 자동차용 센서 고성장, 영업이익 큰 폭 증가 LS증권 정홍식 I 2025-04-21 매수 실적으로 증명될 가치 IBK투자증권 이건재 I 2025-03-11 매수 좋음, 모든 사업부가! IBK투자증권 이건재 I 2025-02-06 매수 기존 사업의 안정성 + 센서 사업의 성장성 LS증권 정홍식 I 2025-01-07 매수 조선 + 방산, 성장모멘텀: 자동차용 센서 LS증권 정홍식 I 2024-12-04 매수 3Q24 Review: 영업이익 +69.5% YoY LS증권 정홍식 I 2024-11-15 매수 3Q24 Preview: 영업이익 +61.1% YoY 전망 LS증권 정홍식 I 2024-10-08 매수 2Q24"
108380::2024,108380,대양전기공업,SECONDARY_SUMMARY_ONLY,EQUITY_PRIMARY_INDEX_NO_ACTION,200,https://m.irgo.co.kr/IR-COMP/108380,2024-12-04,,"로 증명될 가치 IBK투자증권 이건재 I 2025-03-11 매수 좋음, 모든 사업부가! IBK투자증권 이건재 I 2025-02-06 매수 기존 사업의 안정성 + 센서 사업의 성장성 LS증권 정홍식 I 2025-01-07 매수 조선 + 방산, 성장모멘텀: 자동차용 센서 LS증권 정홍식 I 2024-12-04 매수 3Q24 Review: 영업이익 +69.5% YoY LS증권 정홍식 I 2024-11-15 매수 3Q24 Preview: 영업이익 +61.1% YoY 전망 LS증권 정홍식 I 2024-10-08 매수 2Q24 Review: 영업이익 기대치 상회 LS증권 정홍식 I 2024-08-16 매수 전 사업의 성장흐름 LS증권 정홍식 I 2024-05-28 매수 1Q24 Review: 영업이익 기대치 상회 이베스트투자증권 정홍식 I 2024-05-17 매수 자동차용 센서 고성장 기대감 이베스트투자증권 정홍식 I 2024-04-01 N/R 자동차용 ESC 센서 고성장"
108380::2024,108380,대양전기공업,SECONDARY_SUMMARY_ONLY,EQUITY_PRIMARY_INDEX_NO_ACTION,200,https://m.irgo.co.kr/IR-COMP/108380,2024-12-04,,"성장 축 IBK투자증권 이건재 I 2025-04-30 매수 자동차용 센서 고성장, 영업이익 큰 폭 증가 LS증권 정홍식 I 2025-04-21 매수 실적으로 증명될 가치 IBK투자증권 이건재 I 2025-03-11 매수 좋음, 모든 사업부가! IBK투자증권 이건재 I 2025-02-06 매수 기존 사업의 안정성 + 센서 사업의 성장성 LS증권 정홍식 I 2025-01-07 매수 조선 + 방산, 성장모멘텀: 자동차용 센서 LS증권 정홍식 I 2024-12-04 매수 3Q24 Review: 영업이익 +69.5% YoY LS증권 정홍식 I 2024-11-15 매수 3Q24 Preview: 영업이익 +61.1% YoY 전망 LS증권 정홍식 I 2024-10-08 매수 2Q24 Review: 영업이익 기대치 상회 LS증권 정홍식 I 2024-08-16 매수 전 사업의 성장흐름 LS증권 정홍식 I 2024-05-28 매수 1Q24 Review: 영업이익 기대치 상회 이베스트투"
108380::2024,108380,대양전기공업,SECONDARY_SUMMARY_ONLY,EQUITY_PRIMARY_INDEX_NO_ACTION,200,https://m.irgo.co.kr/IR-COMP/108380,2024-12-04,,"자증권 이건재 I 2025-02-06 매수 기존 사업의 안정성 + 센서 사업의 성장성 LS증권 정홍식 I 2025-01-07 매수 조선 + 방산, 성장모멘텀: 자동차용 센서 LS증권 정홍식 I 2024-12-04 매수 3Q24 Review: 영업이익 +69.5% YoY LS증권 정홍식 I 2024-11-15 매수 3Q24 Preview: 영업이익 +61.1% YoY 전망 LS증권 정홍식 I 2024-10-08 매수 2Q24 Review: 영업이익 기대치 상회 LS증권 정홍식 I 2024-08-16 매수 전 사업의 성장흐름 LS증권 정홍식 I 2024-05-28 매수 1Q24 Review: 영업이익 기대치 상회 이베스트투자증권 정홍식 I 2024-05-17 매수 자동차용 센서 고성장 기대감 이베스트투자증권 정홍식 I 2024-04-01 N/R 자동차용 ESC 센서 고성장 기대감 이베스트투자증권 정홍식 I 2023-10-04 N/R 형님 따라 강남 간다 NH투자증권 백"
108380::2024,108380,대양전기공업,SECONDARY_SUMMARY_ONLY,EQUITY_PRIMARY_INDEX_NO_ACTION,200,https://m.irgo.co.kr/IR-COMP/108380,2024-12-04,,"장성 LS증권 정홍식 I 2025-01-07 매수 조선 + 방산, 성장모멘텀: 자동차용 센서 LS증권 정홍식 I 2024-12-04 매수 3Q24 Review: 영업이익 +69.5% YoY LS증권 정홍식 I 2024-11-15 매수 3Q24 Preview: 영업이익 +61.1% YoY 전망 LS증권 정홍식 I 2024-10-08 매수 2Q24 Review: 영업이익 기대치 상회 LS증권 정홍식 I 2024-08-16 매수 전 사업의 성장흐름 LS증권 정홍식 I 2024-05-28 매수 1Q24 Review: 영업이익 기대치 상회 이베스트투자증권 정홍식 I 2024-05-17 매수 자동차용 센서 고성장 기대감 이베스트투자증권 정홍식 I 2024-04-01 N/R 자동차용 ESC 센서 고성장 기대감 이베스트투자증권 정홍식 I 2023-10-04 N/R 형님 따라 강남 간다 NH투자증권 백준기,황지현 I 2023-08-03 N/R 기뢰 처리기 등 심해 무인 잠수정 수요"
108380::2024,108380,대양전기공업,SECONDARY_SUMMARY_ONLY,EQUITY_PRIMARY_INDEX_NO_ACTION,200,https://m.irgo.co.kr/IR-COMP/108380,2024-12-04,,"차차차! 호실적!! IBK투자증권 이건재 I 2025-05-16 매수 센서 사업, 조선 호황을 뛰어넘는 성장 축 IBK투자증권 이건재 I 2025-04-30 매수 자동차용 센서 고성장, 영업이익 큰 폭 증가 LS증권 정홍식 I 2025-04-21 매수 실적으로 증명될 가치 IBK투자증권 이건재 I 2025-03-11 매수 좋음, 모든 사업부가! IBK투자증권 이건재 I 2025-02-06 매수 기존 사업의 안정성 + 센서 사업의 성장성 LS증권 정홍식 I 2025-01-07 매수 조선 + 방산, 성장모멘텀: 자동차용 센서 LS증권 정홍식 I 2024-12-04 매수 3Q24 Review: 영업이익 +69.5% YoY LS증권 정홍식 I 2024-11-15 매수 3Q24 Preview: 영업이익 +61.1% YoY 전망 LS증권 정홍식 I 2024-10-08 매수 2Q24 Review: 영업이익 기대치 상회 LS증권 정홍식 I 2024-08-16 매수 전 사업의 성장"
108380::2024,108380,대양전기공업,SECONDARY_SUMMARY_ONLY,EQUITY_PRIMARY_INDEX_NO_ACTION,200,https://m.irgo.co.kr/IR-COMP/108380,2024-12-04,,"큰 폭 증가 LS증권 정홍식 I 2025-04-21 매수 실적으로 증명될 가치 IBK투자증권 이건재 I 2025-03-11 매수 좋음, 모든 사업부가! IBK투자증권 이건재 I 2025-02-06 매수 기존 사업의 안정성 + 센서 사업의 성장성 LS증권 정홍식 I 2025-01-07 매수 조선 + 방산, 성장모멘텀: 자동차용 센서 LS증권 정홍식 I 2024-12-04 매수 3Q24 Review: 영업이익 +69.5% YoY LS증권 정홍식 I 2024-11-15 매수 3Q24 Preview: 영업이익 +61.1% YoY 전망 LS증권 정홍식 I 2024-10-08 매수 2Q24 Review: 영업이익 기대치 상회 LS증권 정홍식 I 2024-08-16 매수 전 사업의 성장흐름 LS증권 정홍식 I 2024-05-28 매수 1Q24 Review: 영업이익 기대치 상회 이베스트투자증권 정홍식 I 2024-05-17 매수 자동차용 센서 고성장 기대감 이베스트투자증권 정"
109740::2024,109740,디에스케이,PRIMARY_INDEX_AVAILABLE,PRIMARY_UNAVAILABLE_AFTER_PASS2,200,https://m.irgo.co.kr/IR-COMP/109740,2024-10-23,,리포트 N/R 회사소개 및 주요 경영현황 해당기업 IR팀 I 2024-10-23 더보기
110790::2024,110790,크리스에프앤씨,SECONDARY_SUMMARY_ONLY,SECONDARY_SUMMARY_NONMAPPABLE,200,https://m.irgo.co.kr/IR-COMP/110790,2024-09-30,,"리포트 매수 4Q24 Review: 신규 브랜드 런칭 구간 유진투자증권 이해니 I 2025-03-31 매수 신규 브랜드 하·마·앤 출동 유진투자증권 이해니 I 2024-09-30 매수 아웃도어, 고프코어 다 준비했어 유진투자증권 이해니 I 2024-03-29 N/R 회사소개 및 주요 사업현황 해당기업 IR팀 I 2024-03-22 N/R 회사소개 및 주요 사업현황 해당기업 IR팀 I 202"
110790::2024,110790,크리스에프앤씨,SECONDARY_SUMMARY_ONLY,SECONDARY_SUMMARY_NONMAPPABLE,200,https://m.irgo.co.kr/IR-COMP/110790,2024-09-30,,"리포트 매수 4Q24 Review: 신규 브랜드 런칭 구간 유진투자증권 이해니 I 2025-03-31 매수 신규 브랜드 하·마·앤 출동 유진투자증권 이해니 I 2024-09-30 매수 아웃도어, 고프코어 다 준비했어 유진투자증권 이해니 I 2024-03-29 N/R 회사소개 및 주요 사업현황 해당기업 IR팀 I 2024-03-22 N/R 회사소개 및 주요 사업현황 해당기업 IR팀 I 2024-03-14 N/R 24년은... 유안타증권 권명준 I 2024-02-23 N/"
110790::2024,110790,크리스에프앤씨,SECONDARY_SUMMARY_ONLY,SECONDARY_SUMMARY_NONMAPPABLE,200,https://m.irgo.co.kr/IR-COMP/110790,2024-09-30,,"리포트 매수 4Q24 Review: 신규 브랜드 런칭 구간 유진투자증권 이해니 I 2025-03-31 매수 신규 브랜드 하·마·앤 출동 유진투자증권 이해니 I 2024-09-30 매수 아웃도어, 고프코어 다 준비했어 유진투자증권 이해니 I 2024-03-29 N/R 회사소개 및 주요 사업현황 해당기업 IR팀 I 2024-03-22 N/R 회사소개 및 주요 사업현황 해당기업 IR팀 I 2024-03-14 N/R 24년은... 유안타증권 권명준 I 2024-02-23 N/R 회사소개 및 주요 사업현황 해당기업 IR팀 I 2024-02-21 N/"
110790::2024,110790,크리스에프앤씨,SECONDARY_SUMMARY_ONLY,SECONDARY_SUMMARY_NONMAPPABLE,200,https://m.irgo.co.kr/IR-COMP/110790,2024-09-30,,"리포트 매수 4Q24 Review: 신규 브랜드 런칭 구간 유진투자증권 이해니 I 2025-03-31 매수 신규 브랜드 하·마·앤 출동 유진투자증권 이해니 I 2024-09-30 매수 아웃도어, 고프코어 다 준비했어 유진투자증권 이해니 I 2024-03-29 N/R 회사소개 및 주요 사업현황 해당기업 IR팀 I 2024-03-22 N/R 회사소개 및 주요 사업현황 해당기업 IR팀 I 2024-03-14 N/R 24년은... 유안타증권 권명준 I 2024-02-23 N/R 회사소개 및 주요 사업현황 해당기업 IR팀 I 2024-02-21 N/R 2024년 변화 #하이드로겐 #마무트 유안타증권 권명준 I 2023-1"
110790::2024,110790,크리스에프앤씨,SECONDARY_SUMMARY_ONLY,SECONDARY_SUMMARY_NONMAPPABLE,200,https://m.irgo.co.kr/IR-COMP/110790,2024-09-30,,"리포트 매수 4Q24 Review: 신규 브랜드 런칭 구간 유진투자증권 이해니 I 2025-03-31 매수 신규 브랜드 하·마·앤 출동 유진투자증권 이해니 I 2024-09-30 매수 아웃도어, 고프코어 다 준비했어 유진투자증권 이해니 I 2024-03-29 N/R 회사소개 및 주요 사업현황 해당기업 IR팀 I 2024-03-22 N/R 회사소개 및 주요 사업현황 해당기업 IR팀 I 2024-03-14 N/R 24년은... 유안타증권 권명준 I 2024-02-23 N/R 회사소개 및 주요 사업현황 해당기업 IR팀 I 2024-02-21 N/R 2024년 변화 #하이드로겐 #마무트 유안타증권 권명준 I 2023-11-14 매수 골프웨어 성수기는 하반기 유진투자증권 이해니 I"
110790::2024,110790,크리스에프앤씨,SECONDARY_SUMMARY_ONLY,SECONDARY_SUMMARY_NONMAPPABLE,200,https://m.irgo.co.kr/IR-COMP/110790,2024-09-30,,"리포트 매수 4Q24 Review: 신규 브랜드 런칭 구간 유진투자증권 이해니 I 2025-03-31 매수 신규 브랜드 하·마·앤 출동 유진투자증권 이해니 I 2024-09-30 매수 아웃도어, 고프코어 다 준비했어 유진투자증권 이해니 I 2024-03-29 N/R 회사소개 및 주요 사업현황 해당기업 IR팀 I 2024-03-22 N/R 회사소개 및 주요 사업현황 해당기업 IR팀 I 2024-03-14 N/R 24년은... 유안타증권 권명준 I 2024-02-23 N/R 회사소개 및 주요 사업현황 해당기업 IR팀 I 2024-02-21 N/R 2024년 변화 #하이드로겐 #마무트 유안타증권 권명준 I 2023-11-14 매수 골프웨어 성수기는 하반기 유진투자증권 이해니 I 2023-09-27 매수 봄날의 라운딩을 좋아하세요? 유진투자증권 이해니"
110990::2024,110990,디아이티,PRIMARY_INDEX_AVAILABLE,EQUITY_PRIMARY_INDEX_NO_ACTION,200,https://m.irgo.co.kr/IR-COMP/110990,2024-08-16,,"10 N/R 본격적인 성장의 서막 현대차증권 곽민정 I 2024-08-16 N/R 답은 이미 나와있다 현대차증권 곽민정 I 2024-07-01 N/R 레이저 장비의 성장을 기대 하나증권 김민경,김록호 I 2024-06-13 N/R 1Q24 review: 본격적인 성장의 서막 현대차증권 곽민정,윤서영 I 2024-05-16 매수 Advanced Tech node와 PKG는 디아이티와 함께 유안타증권 백길현 I 2024-04-17 N/R 너무 우려할 필요 없다 현대차증권 곽민정,윤서영 I 2024-04-09 N/R 내러티브 & 넘버스 현대차증권 곽민정,김유진 I 2024-02-27 N/R 변화는 이미 시작되었다 현대차증권 곽민정,김유진 I 2024-02-01 N/R 본격적인 성장과 변화의 서막 현대차증권 곽민정,김유진 I 2023-12-04 N/R HBM의 숨겨진 수혜주 현대차증권 곽민정,김유진 I 2023-10-11 N/R 모멘텀을 기다림 삼성증권 장정훈 I 2021"
110990::2024,110990,디아이티,PRIMARY_INDEX_AVAILABLE,EQUITY_PRIMARY_INDEX_NO_ACTION,200,https://m.irgo.co.kr/IR-COMP/110990,2024-10-10,,"25-02-12 매수 3Q24 실적 프리뷰 유안타증권 백길현 I 2024-10-10 N/R 본격적인 성장의 서막 현대차증권 곽민정 I 2024-08-16 N/R 답은 이미 나와있다 현대차증권 곽민정 I 2024-07-01 N/R 레이저 장비의 성장을 기대 하나증권 김민경,김록호 I 2024-06-13 N/R 1Q24 review: 본격적인 성장의 서막 현대차증권 곽민정,윤서영 I 2024-05-16 매수 Advanced Tech node와 PKG는 디아이티와 함께 유안타증권 백길현 I 2024-04-17 N/R 너무 우려할 필요 없다 현대차증권 곽민정,윤서영 I 2024-04-09 N/R 내러티브 & 넘버스 현대차증권 곽민정,김유진 I 2024-02-27 N/R 변화는 이미 시작되었다 현대차증권 곽민정,김유진 I 2024-02-01 N/R 본격적인 성장과 변화의 서막 현대차증권 곽민정,김유진 I 2023-12-04 N/R HBM의 숨겨진 수혜주 현대차증권 곽민정,김"
110990::2024,110990,디아이티,PRIMARY_INDEX_AVAILABLE,EQUITY_PRIMARY_INDEX_NO_ACTION,200,https://m.irgo.co.kr/IR-COMP/110990,2024-10-10,,"리포트 매수 방향성과 Valuation 모두 긍정적 유안타증권 백길현,박현주 I 2025-02-12 매수 3Q24 실적 프리뷰 유안타증권 백길현 I 2024-10-10 N/R 본격적인 성장의 서막 현대차증권 곽민정 I 2024-08-16 N/R 답은 이미 나와있다 현대차증권 곽민정 I 2024-07-01 N/R 레이저 장비의 성장을 기대 하나증권 김민경,김록호 I 2024-06-"
110990::2024,110990,디아이티,PRIMARY_INDEX_AVAILABLE,EQUITY_PRIMARY_INDEX_NO_ACTION,200,https://m.irgo.co.kr/IR-COMP/110990,2024-10-10,,"리포트 매수 방향성과 Valuation 모두 긍정적 유안타증권 백길현,박현주 I 2025-02-12 매수 3Q24 실적 프리뷰 유안타증권 백길현 I 2024-10-10 N/R 본격적인 성장의 서막 현대차증권 곽민정 I 2024-08-16 N/R 답은 이미 나와있다 현대차증권 곽민정 I 2024-07-01 N/R 레이저 장비의 성장을 기대 하나증권 김민경,김록호 I 2024-06-13 N/R 1Q24 review: 본격적인 성장의 서막 현대차증권 곽"
110990::2024,110990,디아이티,PRIMARY_INDEX_AVAILABLE,EQUITY_PRIMARY_INDEX_NO_ACTION,200,https://m.irgo.co.kr/IR-COMP/110990,2024-10-10,,"리포트 매수 방향성과 Valuation 모두 긍정적 유안타증권 백길현,박현주 I 2025-02-12 매수 3Q24 실적 프리뷰 유안타증권 백길현 I 2024-10-10 N/R 본격적인 성장의 서막 현대차증권 곽민정 I 2024-08-16 N/R 답은 이미 나와있다 현대차증권 곽민정 I 2024-07-01 N/R 레이저 장비의 성장을 기대 하나증권 김민경,김록호 I 2024-06-13 N/R 1Q24 review: 본격적인 성장의 서막 현대차증권 곽민정,윤서영 I 2024-05-16 매수 Advanced Tech n"
110990::2024,110990,디아이티,PRIMARY_INDEX_AVAILABLE,EQUITY_PRIMARY_INDEX_NO_ACTION,200,https://m.irgo.co.kr/IR-COMP/110990,2024-10-10,,"리포트 매수 방향성과 Valuation 모두 긍정적 유안타증권 백길현,박현주 I 2025-02-12 매수 3Q24 실적 프리뷰 유안타증권 백길현 I 2024-10-10 N/R 본격적인 성장의 서막 현대차증권 곽민정 I 2024-08-16 N/R 답은 이미 나와있다 현대차증권 곽민정 I 2024-07-01 N/R 레이저 장비의 성장을 기대 하나증권 김민경,김록호 I 2024-06-13 N/R 1Q24 review: 본격적인 성장의 서막 현대차증권 곽민정,윤서영 I 2024-05-16 매수 Advanced Tech node와 PKG는 디아이티와 함께 유안타증권 백길현 I 2024-04-17 N/R"
110990::2024,110990,디아이티,PRIMARY_INDEX_AVAILABLE,EQUITY_PRIMARY_INDEX_NO_ACTION,200,https://m.irgo.co.kr/IR-COMP/110990,2024-10-10,,"리포트 매수 방향성과 Valuation 모두 긍정적 유안타증권 백길현,박현주 I 2025-02-12 매수 3Q24 실적 프리뷰 유안타증권 백길현 I 2024-10-10 N/R 본격적인 성장의 서막 현대차증권 곽민정 I 2024-08-16 N/R 답은 이미 나와있다 현대차증권 곽민정 I 2024-07-01 N/R 레이저 장비의 성장을 기대 하나증권 김민경,김록호 I 2024-06-13 N/R 1Q24 review: 본격적인 성장의 서막 현대차증권 곽민정,윤서영 I 2024-05-16 매수 Advanced Tech node와 PKG는 디아이티와 함께 유안타증권 백길현 I 2024-04-17 N/R 너무 우려할 필요 없다 현대차증권 곽민정,윤서영 I 2024-04-09 N/R 내러티브 & 넘버스"
110990::2024,110990,디아이티,PRIMARY_INDEX_AVAILABLE,EQUITY_PRIMARY_INDEX_NO_ACTION,200,https://m.irgo.co.kr/IR-COMP/110990,2024-10-10,,"리포트 매수 방향성과 Valuation 모두 긍정적 유안타증권 백길현,박현주 I 2025-02-12 매수 3Q24 실적 프리뷰 유안타증권 백길현 I 2024-10-10 N/R 본격적인 성장의 서막 현대차증권 곽민정 I 2024-08-16 N/R 답은 이미 나와있다 현대차증권 곽민정 I 2024-07-01 N/R 레이저 장비의 성장을 기대 하나증권 김민경,김록호 I 2024-06-13 N/R 1Q24 review: 본격적인 성장의 서막 현대차증권 곽민정,윤서영 I 2024-05-16 매수 Advanced Tech node와 PKG는 디아이티와 함께 유안타증권 백길현 I 2024-04-17 N/R 너무 우려할 필요 없다 현대차증권 곽민정,윤서영 I 2024-04-09 N/R 내러티브 & 넘버스 현대차증권 곽민정,김유진 I 2024-02-27 N/R 변화는 이미 시작되었다 현대차증권 곽민정,김유진 I"
110990::2024,110990,디아이티,PRIMARY_INDEX_AVAILABLE,EQUITY_PRIMARY_INDEX_NO_ACTION,200,https://m.irgo.co.kr/IR-COMP/110990,2024-10-10,,"수 방향성과 Valuation 모두 긍정적 유안타증권 백길현,박현주 I 2025-02-12 매수 3Q24 실적 프리뷰 유안타증권 백길현 I 2024-10-10 N/R 본격적인 성장의 서막 현대차증권 곽민정 I 2024-08-16 N/R 답은 이미 나와있다 현대차증권 곽민정 I 2024-07-01 N/R 레이저 장비의 성장을 기대 하나증권 김민경,김록호 I 2024-06-13 N/R 1Q24 review: 본격적인 성장의 서막 현대차증권 곽민정,윤서영 I 2024-05-16 매수 Advanced Tech node와 PKG는 디아이티와 함께 유안타증권 백길현 I 2024-04-17 N/R 너무 우려할 필요 없다 현대차증권 곽민정,윤서영 I 2024-04-09 N/R 내러티브 & 넘버스 현대차증권 곽민정,김유진 I 2024-02-27 N/R 변화는 이미 시작되었다 현대차증권 곽민정,김유진 I 2024-02-01 N/R 본격적인 성장과 변화의 서막 현대차증권 곽민정,김유진"
114840::2024,114840,아이패밀리에스씨,PRIMARY_INDEX_AVAILABLE,EQUITY_PRIMARY_INDEX_NONMAPPABLE,200,https://m.irgo.co.kr/IR-COMP/114840,2024-05-13,,"성과 메리츠증권 하누리 I 2024-05-13 매수 1Q24 Review: 역사적 최고 실적 달성 하나증권 박은정,김다혜 I 2024-05-13 매수 1Q24E Preview: Too Good Not To Buy 메리츠증권 하누리 I 2024-04-18 매수 글로벌 수요 폭증, 구석구석 예쁜 실적 DB금융투자 허제나 I 2024-04-03 매수 이유 있는 신고가 하나증권 박은정,김다혜 I 2024-03-28 매수 날로 강해지는 롬앤 파워 DB금융투자 허제나 I 2024-02-15 매수 4Q23 Preview: 최고 실적 전망 하나증권 박은정,김다혜 I 2024-02-14 N/R 돋보이는 실적, 프리미엄은 지속된다 유안타증권 이승은 I 2024-01-24 매수 4Q23E Preview: 아이 좋아 메리츠증권 하누리 I 2024-01-12 매수 역대급 실적 시현할 4분기 DB금융투자 허제나 I 2023-12-13 N/R 아직 개척하고 싶은 나라가 많아요 삼성증권 박은"
114840::2024,114840,아이패밀리에스씨,PRIMARY_INDEX_AVAILABLE,EQUITY_PRIMARY_INDEX_NONMAPPABLE,200,https://m.irgo.co.kr/IR-COMP/114840,2024-05-13,,"실적 DB금융투자 허제나 I 2024-05-13 매수 1Q24 Review: 폭발적 성과 메리츠증권 하누리 I 2024-05-13 매수 1Q24 Review: 역사적 최고 실적 달성 하나증권 박은정,김다혜 I 2024-05-13 매수 1Q24E Preview: Too Good Not To Buy 메리츠증권 하누리 I 2024-04-18 매수 글로벌 수요 폭증, 구석구석 예쁜 실적 DB금융투자 허제나 I 2024-04-03 매수 이유 있는 신고가 하나증권 박은정,김다혜 I 2024-03-28 매수 날로 강해지는 롬앤 파워 DB금융투자 허제나 I 2024-02-15 매수 4Q23 Preview: 최고 실적 전망 하나증권 박은정,김다혜 I 2024-02-14 N/R 돋보이는 실적, 프리미엄은 지속된다 유안타증권 이승은 I 2024-01-24 매수 4Q23E Preview: 아이 좋아 메리츠증권 하누리 I 2024-01-12 매수 역대급 실적 시현할 4분기 DB금융투자"
114840::2024,114840,아이패밀리에스씨,PRIMARY_INDEX_AVAILABLE,EQUITY_PRIMARY_INDEX_NONMAPPABLE,200,https://m.irgo.co.kr/IR-COMP/114840,2024-05-13,,"최고 실적 달성 하나증권 박은정,김다혜 I 2024-05-13 매수 1Q24E Preview: Too Good Not To Buy 메리츠증권 하누리 I 2024-04-18 매수 글로벌 수요 폭증, 구석구석 예쁜 실적 DB금융투자 허제나 I 2024-04-03 매수 이유 있는 신고가 하나증권 박은정,김다혜 I 2024-03-28 매수 날로 강해지는 롬앤 파워 DB금융투자 허제나 I 2024-02-15 매수 4Q23 Preview: 최고 실적 전망 하나증권 박은정,김다혜 I 2024-02-14 N/R 돋보이는 실적, 프리미엄은 지속된다 유안타증권 이승은 I 2024-01-24 매수 4Q23E Preview: 아이 좋아 메리츠증권 하누리 I 2024-01-12 매수 역대급 실적 시현할 4분기 DB금융투자 허제나 I 2023-12-13 N/R 아직 개척하고 싶은 나라가 많아요 삼성증권 박은경,한수진 I 2023-12-08 N/R 많이 싸요 미래에셋증권 배송이 I 2023-"
114840::2024,114840,아이패밀리에스씨,PRIMARY_INDEX_AVAILABLE,EQUITY_PRIMARY_INDEX_NONMAPPABLE,200,https://m.irgo.co.kr/IR-COMP/114840,2024-05-20,,"2 N/R 회사소개 및 주요 사업현황 해당기업 IR팀 I 2024-05-20 매수 놀라기 이른 실적 DB금융투자 허제나 I 2024-05-13 매수 1Q24 Review: 폭발적 성과 메리츠증권 하누리 I 2024-05-13 매수 1Q24 Review: 역사적 최고 실적 달성 하나증권 박은정,김다혜 I 2024-05-13 매수 1Q24E Preview: Too Good Not To Buy 메리츠증권 하누리 I 2024-04-18 매수 글로벌 수요 폭증, 구석구석 예쁜 실적 DB금융투자 허제나 I 2024-04-03 매수 이유 있는 신고가 하나증권 박은정,김다혜 I 2024-03-28 매수 날로 강해지는 롬앤 파워 DB금융투자 허제나 I 2024-02-15 매수 4Q23 Preview: 최고 실적 전망 하나증권 박은정,김다혜 I 2024-02-14 N/R 돋보이는 실적, 프리미엄은 지속된다 유안타증권 이승은 I 2024-01-24 매수 4Q23E Preview: 아이"
114840::2024,114840,아이패밀리에스씨,PRIMARY_INDEX_AVAILABLE,EQUITY_PRIMARY_INDEX_NONMAPPABLE,200,https://m.irgo.co.kr/IR-COMP/114840,2024-05-22,,"5-29 N/R 틴트 집에 불났다 미래에셋증권 배송이 I 2024-05-22 N/R 회사소개 및 주요 사업현황 해당기업 IR팀 I 2024-05-20 매수 놀라기 이른 실적 DB금융투자 허제나 I 2024-05-13 매수 1Q24 Review: 폭발적 성과 메리츠증권 하누리 I 2024-05-13 매수 1Q24 Review: 역사적 최고 실적 달성 하나증권 박은정,김다혜 I 2024-05-13 매수 1Q24E Preview: Too Good Not To Buy 메리츠증권 하누리 I 2024-04-18 매수 글로벌 수요 폭증, 구석구석 예쁜 실적 DB금융투자 허제나 I 2024-04-03 매수 이유 있는 신고가 하나증권 박은정,김다혜 I 2024-03-28 매수 날로 강해지는 롬앤 파워 DB금융투자 허제나 I 2024-02-15 매수 4Q23 Preview: 최고 실적 전망 하나증권 박은정,김다혜 I 2024-02-14 N/R 돋보이는 실적, 프리미엄은 지속된다 유안"
114840::2024,114840,아이패밀리에스씨,PRIMARY_INDEX_AVAILABLE,EQUITY_PRIMARY_INDEX_NONMAPPABLE,200,https://m.irgo.co.kr/IR-COMP/114840,2024-05-29,,"N/R 색조에서 한국 1등 신한투자증권 박현진,주지은 I 2024-05-29 N/R 틴트 집에 불났다 미래에셋증권 배송이 I 2024-05-22 N/R 회사소개 및 주요 사업현황 해당기업 IR팀 I 2024-05-20 매수 놀라기 이른 실적 DB금융투자 허제나 I 2024-05-13 매수 1Q24 Review: 폭발적 성과 메리츠증권 하누리 I 2024-05-13 매수 1Q24 Review: 역사적 최고 실적 달성 하나증권 박은정,김다혜 I 2024-05-13 매수 1Q24E Preview: Too Good Not To Buy 메리츠증권 하누리 I 2024-04-18 매수 글로벌 수요 폭증, 구석구석 예쁜 실적 DB금융투자 허제나 I 2024-04-03 매수 이유 있는 신고가 하나증권 박은정,김다혜 I 2024-03-28 매수 날로 강해지는 롬앤 파워 DB금융투자 허제나 I 2024-02-15 매수 4Q23 Preview: 최고 실적 전망 하나증권 박은정,김다혜"
114840::2024,114840,아이패밀리에스씨,PRIMARY_INDEX_AVAILABLE,EQUITY_PRIMARY_INDEX_NONMAPPABLE,200,https://m.irgo.co.kr/IR-COMP/114840,2024-06-17,,",이가영 I 2024-06-17 매수 이제 시작 메리츠증권 하누리 I 2024-05-31 N/R 색조에서 한국 1등 신한투자증권 박현진,주지은 I 2024-05-29 N/R 틴트 집에 불났다 미래에셋증권 배송이 I 2024-05-22 N/R 회사소개 및 주요 사업현황 해당기업 IR팀 I 2024-05-20 매수 놀라기 이른 실적 DB금융투자 허제나 I 2024-05-13 매수 1Q24 Review: 폭발적 성과 메리츠증권 하누리 I 2024-05-13 매수 1Q24 Review: 역사적 최고 실적 달성 하나증권 박은정,김다혜 I 2024-05-13 매수 1Q24E Preview: Too Good Not To Buy 메리츠증권 하누리 I 2024-04-18 매수 글로벌 수요 폭증, 구석구석 예쁜 실적 DB금융투자 허제나 I 2024-04-03 매수 이유 있는 신고가 하나증권 박은정,김다혜 I 2024-03-28 매수 날로 강해지는 롬앤 파워 DB금융투자 허제나 I 2"
114840::2024,114840,아이패밀리에스씨,PRIMARY_INDEX_AVAILABLE,EQUITY_PRIMARY_INDEX_NONMAPPABLE,200,https://m.irgo.co.kr/IR-COMP/114840,2024-06-20,,"사소개 및 주요 사업현황 해당기업 IR팀 I 2024-06-20 매수 밸류 매력 아직 높아요 DB금융투자 허제나 I 2024-06-20 N/R 신제품도 빠르게, 마케팅도 빠르게, 성장도 빠르게 삼성증권 한영수,이가영 I 2024-06-17 매수 이제 시작 메리츠증권 하누리 I 2024-05-31 N/R 색조에서 한국 1등 신한투자증권 박현진,주지은 I 2024-05-29 N/R 틴트 집에 불났다 미래에셋증권 배송이 I 2024-05-22 N/R 회사소개 및 주요 사업현황 해당기업 IR팀 I 2024-05-20 매수 놀라기 이른 실적 DB금융투자 허제나 I 2024-05-13 매수 1Q24 Review: 폭발적 성과 메리츠증권 하누리 I 2024-05-13 매수 1Q24 Review: 역사적 최고 실적 달성 하나증권 박은정,김다혜 I 2024-05-13 매수 1Q24E Preview: Too Good Not To Buy 메리츠증권 하누리 I 2024-04-18 매수"
114840::2024,114840,아이패밀리에스씨,PRIMARY_INDEX_AVAILABLE,EQUITY_PRIMARY_INDEX_NONMAPPABLE,200,https://m.irgo.co.kr/IR-COMP/114840,2024-06-20,,"융투자 허제나 I 2024-06-20 N/R 신제품도 빠르게, 마케팅도 빠르게, 성장도 빠르게 삼성증권 한영수,이가영 I 2024-06-17 매수 이제 시작 메리츠증권 하누리 I 2024-05-31 N/R 색조에서 한국 1등 신한투자증권 박현진,주지은 I 2024-05-29 N/R 틴트 집에 불났다 미래에셋증권 배송이 I 2024-05-22 N/R 회사소개 및 주요 사업현황 해당기업 IR팀 I 2024-05-20 매수 놀라기 이른 실적 DB금융투자 허제나 I 2024-05-13 매수 1Q24 Review: 폭발적 성과 메리츠증권 하누리 I 2024-05-13 매수 1Q24 Review: 역사적 최고 실적 달성 하나증권 박은정,김다혜 I 2024-05-13 매수 1Q24E Preview: Too Good Not To Buy 메리츠증권 하누리 I 2024-04-18 매수 글로벌 수요 폭증, 구석구석 예쁜 실적 DB금융투자 허제나 I 2024-04-03 매수 이유 있는"
114840::2024,114840,아이패밀리에스씨,PRIMARY_INDEX_AVAILABLE,EQUITY_PRIMARY_INDEX_NONMAPPABLE,200,https://m.irgo.co.kr/IR-COMP/114840,2024-07-08,,"적 우려는 주가에 충분히 반영 DB금융투자 허제나 I 2024-07-08 N/R 회사소개 및 주요 사업현황 해당기업 IR팀 I 2024-06-20 매수 밸류 매력 아직 높아요 DB금융투자 허제나 I 2024-06-20 N/R 신제품도 빠르게, 마케팅도 빠르게, 성장도 빠르게 삼성증권 한영수,이가영 I 2024-06-17 매수 이제 시작 메리츠증권 하누리 I 2024-05-31 N/R 색조에서 한국 1등 신한투자증권 박현진,주지은 I 2024-05-29 N/R 틴트 집에 불났다 미래에셋증권 배송이 I 2024-05-22 N/R 회사소개 및 주요 사업현황 해당기업 IR팀 I 2024-05-20 매수 놀라기 이른 실적 DB금융투자 허제나 I 2024-05-13 매수 1Q24 Review: 폭발적 성과 메리츠증권 하누리 I 2024-05-13 매수 1Q24 Review: 역사적 최고 실적 달성 하나증권 박은정,김다혜 I 2024-05-13 매수 1Q24E Preview:"
114840::2024,114840,아이패밀리에스씨,PRIMARY_INDEX_AVAILABLE,EQUITY_PRIMARY_INDEX_NONMAPPABLE,200,https://m.irgo.co.kr/IR-COMP/114840,2024-07-26,,"박은정,김다혜 I 2024-07-26 매수 아쉬웠던 6월, 단기 실적 우려는 주가에 충분히 반영 DB금융투자 허제나 I 2024-07-08 N/R 회사소개 및 주요 사업현황 해당기업 IR팀 I 2024-06-20 매수 밸류 매력 아직 높아요 DB금융투자 허제나 I 2024-06-20 N/R 신제품도 빠르게, 마케팅도 빠르게, 성장도 빠르게 삼성증권 한영수,이가영 I 2024-06-17 매수 이제 시작 메리츠증권 하누리 I 2024-05-31 N/R 색조에서 한국 1등 신한투자증권 박현진,주지은 I 2024-05-29 N/R 틴트 집에 불났다 미래에셋증권 배송이 I 2024-05-22 N/R 회사소개 및 주요 사업현황 해당기업 IR팀 I 2024-05-20 매수 놀라기 이른 실적 DB금융투자 허제나 I 2024-05-13 매수 1Q24 Review: 폭발적 성과 메리츠증권 하누리 I 2024-05-13 매수 1Q24 Review: 역사적 최고 실적 달성 하나증권 박은"
114840::2024,114840,아이패밀리에스씨,PRIMARY_INDEX_AVAILABLE,EQUITY_PRIMARY_INDEX_NONMAPPABLE,200,https://m.irgo.co.kr/IR-COMP/114840,2024-08-12,,"2Q24 Review: 창창한 미래 메리츠증권 하누리 I 2024-08-12 매수 2Q24 Review: 아쉬우나, 하반기를 주목 하나증권 박은정,김다혜 I 2024-08-12 매수 하반기 해외 확장에 주목 하나증권 박은정,김다혜 I 2024-07-26 매수 아쉬웠던 6월, 단기 실적 우려는 주가에 충분히 반영 DB금융투자 허제나 I 2024-07-08 N/R 회사소개 및 주요 사업현황 해당기업 IR팀 I 2024-06-20 매수 밸류 매력 아직 높아요 DB금융투자 허제나 I 2024-06-20 N/R 신제품도 빠르게, 마케팅도 빠르게, 성장도 빠르게 삼성증권 한영수,이가영 I 2024-06-17 매수 이제 시작 메리츠증권 하누리 I 2024-05-31 N/R 색조에서 한국 1등 신한투자증권 박현진,주지은 I 2024-05-29 N/R 틴트 집에 불났다 미래에셋증권 배송이 I 2024-05-22 N/R 회사소개 및 주요 사업현황 해당기업 IR팀 I 2024-05-"
114840::2024,114840,아이패밀리에스씨,PRIMARY_INDEX_AVAILABLE,EQUITY_PRIMARY_INDEX_NONMAPPABLE,200,https://m.irgo.co.kr/IR-COMP/114840,2024-08-12,,"다시 시작 DB금융투자 허제나 I 2024-08-12 매수 2Q24 Review: 창창한 미래 메리츠증권 하누리 I 2024-08-12 매수 2Q24 Review: 아쉬우나, 하반기를 주목 하나증권 박은정,김다혜 I 2024-08-12 매수 하반기 해외 확장에 주목 하나증권 박은정,김다혜 I 2024-07-26 매수 아쉬웠던 6월, 단기 실적 우려는 주가에 충분히 반영 DB금융투자 허제나 I 2024-07-08 N/R 회사소개 및 주요 사업현황 해당기업 IR팀 I 2024-06-20 매수 밸류 매력 아직 높아요 DB금융투자 허제나 I 2024-06-20 N/R 신제품도 빠르게, 마케팅도 빠르게, 성장도 빠르게 삼성증권 한영수,이가영 I 2024-06-17 매수 이제 시작 메리츠증권 하누리 I 2024-05-31 N/R 색조에서 한국 1등 신한투자증권 박현진,주지은 I 2024-05-29 N/R 틴트 집에 불났다 미래에셋증권 배송이 I 2024-05-22 N/R 회사"
114840::2024,114840,아이패밀리에스씨,PRIMARY_INDEX_AVAILABLE,EQUITY_PRIMARY_INDEX_NONMAPPABLE,200,https://m.irgo.co.kr/IR-COMP/114840,2024-08-12,,"매수 2Q24 Review: 아쉬우나, 하반기를 주목 하나증권 박은정,김다혜 I 2024-08-12 매수 하반기 해외 확장에 주목 하나증권 박은정,김다혜 I 2024-07-26 매수 아쉬웠던 6월, 단기 실적 우려는 주가에 충분히 반영 DB금융투자 허제나 I 2024-07-08 N/R 회사소개 및 주요 사업현황 해당기업 IR팀 I 2024-06-20 매수 밸류 매력 아직 높아요 DB금융투자 허제나 I 2024-06-20 N/R 신제품도 빠르게, 마케팅도 빠르게, 성장도 빠르게 삼성증권 한영수,이가영 I 2024-06-17 매수 이제 시작 메리츠증권 하누리 I 2024-05-31 N/R 색조에서 한국 1등 신한투자증권 박현진,주지은 I 2024-05-29 N/R 틴트 집에 불났다 미래에셋증권 배송이 I 2024-05-22 N/R 회사소개 및 주요 사업현황 해당기업 IR팀 I 2024-05-20 매수 놀라기 이른 실적 DB금융투자 허제나 I 2024-05-13 매수"
114840::2024,114840,아이패밀리에스씨,PRIMARY_INDEX_AVAILABLE,EQUITY_PRIMARY_INDEX_NONMAPPABLE,200,https://m.irgo.co.kr/IR-COMP/114840,2024-08-12,,"정,김다혜 I 2024-08-12 매수 하반기 해외 확장에 주목 하나증권 박은정,김다혜 I 2024-07-26 매수 아쉬웠던 6월, 단기 실적 우려는 주가에 충분히 반영 DB금융투자 허제나 I 2024-07-08 N/R 회사소개 및 주요 사업현황 해당기업 IR팀 I 2024-06-20 매수 밸류 매력 아직 높아요 DB금융투자 허제나 I 2024-06-20 N/R 신제품도 빠르게, 마케팅도 빠르게, 성장도 빠르게 삼성증권 한영수,이가영 I 2024-06-17 매수 이제 시작 메리츠증권 하누리 I 2024-05-31 N/R 색조에서 한국 1등 신한투자증권 박현진,주지은 I 2024-05-29 N/R 틴트 집에 불났다 미래에셋증권 배송이 I 2024-05-22 N/R 회사소개 및 주요 사업현황 해당기업 IR팀 I 2024-05-20 매수 놀라기 이른 실적 DB금융투자 허제나 I 2024-05-13 매수 1Q24 Review: 폭발적 성과 메리츠증권 하누리 I 2024-0"
114840::2024,114840,아이패밀리에스씨,PRIMARY_INDEX_AVAILABLE,EQUITY_PRIMARY_INDEX_NONMAPPABLE,200,https://m.irgo.co.kr/IR-COMP/114840,2024-10-07,,"24-10-28 매수 해외 성장 이상 무 DB금융투자 허제나 I 2024-10-07 매수 한 박자 쉬고 다시 시작 DB금융투자 허제나 I 2024-08-12 매수 2Q24 Review: 창창한 미래 메리츠증권 하누리 I 2024-08-12 매수 2Q24 Review: 아쉬우나, 하반기를 주목 하나증권 박은정,김다혜 I 2024-08-12 매수 하반기 해외 확장에 주목 하나증권 박은정,김다혜 I 2024-07-26 매수 아쉬웠던 6월, 단기 실적 우려는 주가에 충분히 반영 DB금융투자 허제나 I 2024-07-08 N/R 회사소개 및 주요 사업현황 해당기업 IR팀 I 2024-06-20 매수 밸류 매력 아직 높아요 DB금융투자 허제나 I 2024-06-20 N/R 신제품도 빠르게, 마케팅도 빠르게, 성장도 빠르게 삼성증권 한영수,이가영 I 2024-06-17 매수 이제 시작 메리츠증권 하누리 I 2024-05-31 N/R 색조에서 한국 1등 신한투자증권 박현진,주지은"
114840::2024,114840,아이패밀리에스씨,PRIMARY_INDEX_AVAILABLE,EQUITY_PRIMARY_INDEX_NONMAPPABLE,200,https://m.irgo.co.kr/IR-COMP/114840,2024-10-28,,"컨센서스 하회 예상, 그만큼 반영한 주가 하나증권 박은정,김다혜 I 2024-10-28 매수 해외 성장 이상 무 DB금융투자 허제나 I 2024-10-07 매수 한 박자 쉬고 다시 시작 DB금융투자 허제나 I 2024-08-12 매수 2Q24 Review: 창창한 미래 메리츠증권 하누리 I 2024-08-12 매수 2Q24 Review: 아쉬우나, 하반기를 주목 하나증권 박은정,김다혜 I 2024-08-12 매수 하반기 해외 확장에 주목 하나증권 박은정,김다혜 I 2024-07-26 매수 아쉬웠던 6월, 단기 실적 우려는 주가에 충분히 반영 DB금융투자 허제나 I 2024-07-08 N/R 회사소개 및 주요 사업현황 해당기업 IR팀 I 2024-06-20 매수 밸류 매력 아직 높아요 DB금융투자 허제나 I 2024-06-20 N/R 신제품도 빠르게, 마케팅도 빠르게, 성장도 빠르게 삼성증권 한영수,이가영 I 2024-06-17 매수 이제 시작 메리츠증권 하누리 I"
114840::2024,114840,아이패밀리에스씨,PRIMARY_INDEX_AVAILABLE,EQUITY_PRIMARY_INDEX_NONMAPPABLE,200,https://m.irgo.co.kr/IR-COMP/114840,2024-11-19,,"/R 4분기 감익, 마케팅비 증가 but 매출은 이연 메리츠증권 박종대 I 2025-02-11 매수 속도 조절하는 4분기 DB금융투자 허제나 I 2025-01-21 매수 색조 K-뷰티 ‘혁신성’의 아이콘 메리츠증권 박종대 I 2025-01-20 매수 4Q24 Preview: 컨센서스 부합 전망 하나증권 박은정,김다혜 I 2025-01-09 매수 글로벌 코덕 사로잡기 한화투자증권 한유정,이다연 I 2025-01-09 매수 [NDR 후기] 품목 증가 + 글로벌 진출 국가 확대 = 성장 모멘텀 지속 하나증권 박은정,김다혜 I 2024-11-19 매수 3Q24 Preview: 컨센서스 하회 예상, 그만큼 반영한 주가 하나증권 박은정,김다혜 I 2024-10-28 매수 해외 성장 이상 무 DB금융투자 허제나 I 2024-10-07 매수 한 박자 쉬고 다시 시작 DB금융투자 허제나 I 2024-08-12 매수 2Q24 Review: 창창한 미래 메리츠증권 하누리 I 2024-"
114840::2024,114840,아이패밀리에스씨,PRIMARY_INDEX_AVAILABLE,EQUITY_PRIMARY_INDEX_NONMAPPABLE,200,https://m.irgo.co.kr/IR-COMP/114840,2024-11-19,,"025-01-09 매수 [NDR 후기] 품목 증가 + 글로벌 진출 국가 확대 = 성장 모멘텀 지속 하나증권 박은정,김다혜 I 2024-11-19 매수 3Q24 Preview: 컨센서스 하회 예상, 그만큼 반영한 주가 하나증권 박은정,김다혜 I 2024-10-28 매수 해외 성장 이상 무 DB금융투자 허제나 I 2024-10-07 매수 한 박자 쉬고 다시 시작 DB금융투자 허제나 I 2024-08-12 매수 2Q24 Review: 창창한 미래 메리츠증권 하누리 I 2024-08-12 매수 2Q24 Review: 아쉬우나, 하반기를 주목 하나증권 박은정,김다혜 I 2024-08-12 매수 하반기 해외 확장에 주목 하나증권 박은정,김다혜 I 2024-07-26 매수 아쉬웠던 6월, 단기 실적 우려는 주가에 충분히 반영 DB금융투자 허제나 I 2024-07-08 N/R 회사소개 및 주요 사업현황 해당기업 IR팀 I 2024-06-20 매수 밸류 매력 아직 높아요 DB금융투"
114840::2024,114840,아이패밀리에스씨,PRIMARY_INDEX_AVAILABLE,EQUITY_PRIMARY_INDEX_NONMAPPABLE,200,https://m.irgo.co.kr/IR-COMP/114840,2024-11-19,,"025-01-09 매수 글로벌 코덕 사로잡기 한화투자증권 한유정,이다연 I 2025-01-09 매수 [NDR 후기] 품목 증가 + 글로벌 진출 국가 확대 = 성장 모멘텀 지속 하나증권 박은정,김다혜 I 2024-11-19 매수 3Q24 Preview: 컨센서스 하회 예상, 그만큼 반영한 주가 하나증권 박은정,김다혜 I 2024-10-28 매수 해외 성장 이상 무 DB금융투자 허제나 I 2024-10-07 매수 한 박자 쉬고 다시 시작 DB금융투자 허제나 I 2024-08-12 매수 2Q24 Review: 창창한 미래 메리츠증권 하누리 I 2024-08-12 매수 2Q24 Review: 아쉬우나, 하반기를 주목 하나증권 박은정,김다혜 I 2024-08-12 매수 하반기 해외 확장에 주목 하나증권 박은정,김다혜 I 2024-07-26 매수 아쉬웠던 6월, 단기 실적 우려는 주가에 충분히 반영 DB금융투자 허제나 I 2024-07-08 N/R 회사소개 및 주요 사업현황"
114840::2024,114840,아이패밀리에스씨,PRIMARY_INDEX_AVAILABLE,EQUITY_PRIMARY_INDEX_NONMAPPABLE,200,https://m.irgo.co.kr/IR-COMP/114840,2024-11-19,,"2025-01-20 매수 4Q24 Preview: 컨센서스 부합 전망 하나증권 박은정,김다혜 I 2025-01-09 매수 글로벌 코덕 사로잡기 한화투자증권 한유정,이다연 I 2025-01-09 매수 [NDR 후기] 품목 증가 + 글로벌 진출 국가 확대 = 성장 모멘텀 지속 하나증권 박은정,김다혜 I 2024-11-19 매수 3Q24 Preview: 컨센서스 하회 예상, 그만큼 반영한 주가 하나증권 박은정,김다혜 I 2024-10-28 매수 해외 성장 이상 무 DB금융투자 허제나 I 2024-10-07 매수 한 박자 쉬고 다시 시작 DB금융투자 허제나 I 2024-08-12 매수 2Q24 Review: 창창한 미래 메리츠증권 하누리 I 2024-08-12 매수 2Q24 Review: 아쉬우나, 하반기를 주목 하나증권 박은정,김다혜 I 2024-08-12 매수 하반기 해외 확장에 주목 하나증권 박은정,김다혜 I 2024-07-26 매수 아쉬웠던 6월, 단기 실적 우려"
114840::2024,114840,아이패밀리에스씨,PRIMARY_INDEX_AVAILABLE,EQUITY_PRIMARY_INDEX_NONMAPPABLE,200,https://m.irgo.co.kr/IR-COMP/114840,2024-11-19,,"I 2025-01-21 매수 색조 K-뷰티 ‘혁신성’의 아이콘 메리츠증권 박종대 I 2025-01-20 매수 4Q24 Preview: 컨센서스 부합 전망 하나증권 박은정,김다혜 I 2025-01-09 매수 글로벌 코덕 사로잡기 한화투자증권 한유정,이다연 I 2025-01-09 매수 [NDR 후기] 품목 증가 + 글로벌 진출 국가 확대 = 성장 모멘텀 지속 하나증권 박은정,김다혜 I 2024-11-19 매수 3Q24 Preview: 컨센서스 하회 예상, 그만큼 반영한 주가 하나증권 박은정,김다혜 I 2024-10-28 매수 해외 성장 이상 무 DB금융투자 허제나 I 2024-10-07 매수 한 박자 쉬고 다시 시작 DB금융투자 허제나 I 2024-08-12 매수 2Q24 Review: 창창한 미래 메리츠증권 하누리 I 2024-08-12 매수 2Q24 Review: 아쉬우나, 하반기를 주목 하나증권 박은정,김다혜 I 2024-08-12 매수 하반기 해외 확장에 주목"
114840::2024,114840,아이패밀리에스씨,PRIMARY_INDEX_AVAILABLE,EQUITY_PRIMARY_INDEX_NONMAPPABLE,200,https://m.irgo.co.kr/IR-COMP/114840,2024-11-19,,"대 I 2025-02-11 매수 속도 조절하는 4분기 DB금융투자 허제나 I 2025-01-21 매수 색조 K-뷰티 ‘혁신성’의 아이콘 메리츠증권 박종대 I 2025-01-20 매수 4Q24 Preview: 컨센서스 부합 전망 하나증권 박은정,김다혜 I 2025-01-09 매수 글로벌 코덕 사로잡기 한화투자증권 한유정,이다연 I 2025-01-09 매수 [NDR 후기] 품목 증가 + 글로벌 진출 국가 확대 = 성장 모멘텀 지속 하나증권 박은정,김다혜 I 2024-11-19 매수 3Q24 Preview: 컨센서스 하회 예상, 그만큼 반영한 주가 하나증권 박은정,김다혜 I 2024-10-28 매수 해외 성장 이상 무 DB금융투자 허제나 I 2024-10-07 매수 한 박자 쉬고 다시 시작 DB금융투자 허제나 I 2024-08-12 매수 2Q24 Review: 창창한 미래 메리츠증권 하누리 I 2024-08-12 매수 2Q24 Review: 아쉬우나, 하반기를 주목 하나"
114840::2024,114840,아이패밀리에스씨,PRIMARY_INDEX_AVAILABLE,EQUITY_PRIMARY_INDEX_NONMAPPABLE,200,https://m.irgo.co.kr/IR-COMP/114840,2024-11-19,,"증권 박은정,김다혜 I 2024-11-19 매수 3Q24 Preview: 컨센서스 하회 예상, 그만큼 반영한 주가 하나증권 박은정,김다혜 I 2024-10-28 매수 해외 성장 이상 무 DB금융투자 허제나 I 2024-10-07 매수 한 박자 쉬고 다시 시작 DB금융투자 허제나 I 2024-08-12 매수 2Q24 Review: 창창한 미래 메리츠증권 하누리 I 2024-08-12 매수 2Q24 Review: 아쉬우나, 하반기를 주목 하나증권 박은정,김다혜 I 2024-08-12 매수 하반기 해외 확장에 주목 하나증권 박은정,김다혜 I 2024-07-26 매수 아쉬웠던 6월, 단기 실적 우려는 주가에 충분히 반영 DB금융투자 허제나 I 2024-07-08 N/R 회사소개 및 주요 사업현황 해당기업 IR팀 I 2024-06-20 매수 밸류 매력 아직 높아요 DB금융투자 허제나 I 2024-06-20 N/R 신제품도 빠르게, 마케팅도 빠르게, 성장도 빠르게 삼성증권 한"
114840::2024,114840,아이패밀리에스씨,PRIMARY_INDEX_AVAILABLE,EQUITY_PRIMARY_INDEX_NONMAPPABLE,200,https://m.irgo.co.kr/IR-COMP/114840,2024-11-19,,"증권 한유정,이다연 I 2025-02-11 매수 아쉽지만 투자의 일환 하나증권 박은정,김다혜 I 2025-02-11 N/R 4분기 감익, 마케팅비 증가 but 매출은 이연 메리츠증권 박종대 I 2025-02-11 매수 속도 조절하는 4분기 DB금융투자 허제나 I 2025-01-21 매수 색조 K-뷰티 ‘혁신성’의 아이콘 메리츠증권 박종대 I 2025-01-20 매수 4Q24 Preview: 컨센서스 부합 전망 하나증권 박은정,김다혜 I 2025-01-09 매수 글로벌 코덕 사로잡기 한화투자증권 한유정,이다연 I 2025-01-09 매수 [NDR 후기] 품목 증가 + 글로벌 진출 국가 확대 = 성장 모멘텀 지속 하나증권 박은정,김다혜 I 2024-11-19 매수 3Q24 Preview: 컨센서스 하회 예상, 그만큼 반영한 주가 하나증권 박은정,김다혜 I 2024-10-28 매수 해외 성장 이상 무 DB금융투자 허제나 I 2024-10-07 매수 한 박자 쉬고 다시 시"
115450::2024,115450,HLB테라퓨틱스,PRIMARY_INDEX_AVAILABLE,IR_NONMAPPABLE,200,https://m.irgo.co.kr/IR-COMP/115450,2024-11-29,,리포트 N/R 회사소개 및 주요 사업현황 해당기업 IR팀 I 2026-04-09 N/R 회사소개 및 주요 사업현황 해당기업 IR팀 I 2025-03-25 N/R 회사소개 및 주요 사업현황 해당기업 IR팀 I 2024-11-29 N/R 회사소개 및 주요 사업현황 해당기업 IR팀 I 2024-11-05 N/R 회사소개 및 주요 사업현황 해당기업 IR팀 I 2024-10-31 N/R 회사소개 및 주요 사업현황 해당기업 IR팀 I 2024-10
115450::2024,115450,HLB테라퓨틱스,PRIMARY_INDEX_AVAILABLE,IR_NONMAPPABLE,200,https://m.irgo.co.kr/IR-COMP/115450,2024-11-29,,리포트 N/R 회사소개 및 주요 사업현황 해당기업 IR팀 I 2026-04-09 N/R 회사소개 및 주요 사업현황 해당기업 IR팀 I 2025-03-25 N/R 회사소개 및 주요 사업현황 해당기업 IR팀 I 2024-11-29 N/R 회사소개 및 주요 사업현황 해당기업 IR팀 I 2024-11-05 N/R 회사소개 및 주요 사업현황 해당기업 IR팀 I 2024-10-31 N/R 회사소개 및 주요 사업현황 해당기업 IR팀 I 2024-10-24 N/R 회사소개 및 주요 사업현황 해당기업 IR팀 I 2024-10
115450::2024,115450,HLB테라퓨틱스,PRIMARY_INDEX_AVAILABLE,IR_NONMAPPABLE,200,https://m.irgo.co.kr/IR-COMP/115450,2024-11-29,,리포트 N/R 회사소개 및 주요 사업현황 해당기업 IR팀 I 2026-04-09 N/R 회사소개 및 주요 사업현황 해당기업 IR팀 I 2025-03-25 N/R 회사소개 및 주요 사업현황 해당기업 IR팀 I 2024-11-29 N/R 회사소개 및 주요 사업현황 해당기업 IR팀 I 2024-11-05 N/R 회사소개 및 주요 사업현황 해당기업 IR팀 I 2024-10-31 N/R 회사소개 및 주요 사업현황 해당기업 IR팀 I 2024-10-24 N/R 회사소개 및 주요 사업현황 해당기업 IR팀 I 2024-10-22 N/R 회사소개 및 주요 사업현황 해당기업 IR팀 I 2024-08
115450::2024,115450,HLB테라퓨틱스,PRIMARY_INDEX_AVAILABLE,IR_NONMAPPABLE,200,https://m.irgo.co.kr/IR-COMP/115450,2024-11-29,,리포트 N/R 회사소개 및 주요 사업현황 해당기업 IR팀 I 2026-04-09 N/R 회사소개 및 주요 사업현황 해당기업 IR팀 I 2025-03-25 N/R 회사소개 및 주요 사업현황 해당기업 IR팀 I 2024-11-29 N/R 회사소개 및 주요 사업현황 해당기업 IR팀 I 2024-11-05 N/R 회사소개 및 주요 사업현황 해당기업 IR팀 I 2024-10-31 N/R 회사소개 및 주요 사업현황 해당기업 IR팀 I 2024-10-24 N/R 회사소개 및 주요 사업현황 해당기업 IR팀 I 2024-10-22 N/R 회사소개 및 주요 사업현황 해당기업 IR팀 I 2024-08-22 매수 안구건조증 3-3상 투여 완료 KTB투자증권 김재윤 I 202
115450::2024,115450,HLB테라퓨틱스,PRIMARY_INDEX_AVAILABLE,IR_NONMAPPABLE,200,https://m.irgo.co.kr/IR-COMP/115450,2024-11-29,,리포트 N/R 회사소개 및 주요 사업현황 해당기업 IR팀 I 2026-04-09 N/R 회사소개 및 주요 사업현황 해당기업 IR팀 I 2025-03-25 N/R 회사소개 및 주요 사업현황 해당기업 IR팀 I 2024-11-29 N/R 회사소개 및 주요 사업현황 해당기업 IR팀 I 2024-11-05 N/R 회사소개 및 주요 사업현황 해당기업 IR팀 I 2024-10-31 N/R 회사소개 및 주요 사업현황 해당기업 IR팀 I 2024-10-24 N/R 회사소개 및 주요 사업현황 해당기업 IR팀 I 2024-10-22 N/R 회사소개 및 주요 사업현황 해당기업 IR팀 I 2024-08-22 매수 안구건조증 3-3상 투여 완료 KTB투자증권 김재윤 I 2020-11-24 매수 잃을 게 없는 주가. 현 시점 봐야 할 대표종목. 한양
115450::2024,115450,HLB테라퓨틱스,PRIMARY_INDEX_AVAILABLE,IR_NONMAPPABLE,200,https://m.irgo.co.kr/IR-COMP/115450,2024-11-29,,"리포트 N/R 회사소개 및 주요 사업현황 해당기업 IR팀 I 2026-04-09 N/R 회사소개 및 주요 사업현황 해당기업 IR팀 I 2025-03-25 N/R 회사소개 및 주요 사업현황 해당기업 IR팀 I 2024-11-29 N/R 회사소개 및 주요 사업현황 해당기업 IR팀 I 2024-11-05 N/R 회사소개 및 주요 사업현황 해당기업 IR팀 I 2024-10-31 N/R 회사소개 및 주요 사업현황 해당기업 IR팀 I 2024-10-24 N/R 회사소개 및 주요 사업현황 해당기업 IR팀 I 2024-10-22 N/R 회사소개 및 주요 사업현황 해당기업 IR팀 I 2024-08-22 매수 안구건조증 3-3상 투여 완료 KTB투자증권 김재윤 I 2020-11-24 매수 잃을 게 없는 주가. 현 시점 봐야 할 대표종목. 한양증권 오병용 I 2020-08-18 매수 FDA 2상 진입, 대사항암제 가"
121600::2024,121600,나노신소재,PRIMARY_INDEX_AVAILABLE,EQUITY_PRIMARY_NO_ACTION,200,https://m.irgo.co.kr/IR-COMP/121600,2024-11-06,,"었다 유안타증권 이안나 I 2024-11-06 매수 흔들리는 업황 속에서 견고한 실적 지속 전망 미래에셋증권 최유진 I 2024-08-16 매수 흔들리는 업황 속에서 성장성이 느껴진거야 1 미래에셋증권 최유진 I 2024-07-23 매수 CNT도전재 침투율 확장 중 메리츠증권 노우호 I 2024-06-05 매수 하반기 4680향 음극용 CNT 도전재 수요 증가 본격화될 전망 iM증권 정원석 I 2024-05-28 매수 근본(根本)부터 정해져 있다. 상상인증권 백영찬,김진범 I 2024-03-25 매수 차별화된 성장을 보여준다 유안타증권 이안나 I 2024-02-21 매수 4Q23 Preview: 믿고보는 나노신소재 유안타증권 이안나 I 2024-01-09 매수 실리콘 음극재 구조적 성장의 수혜 iM증권 정원석 I 2023-11-20 매수 강력한 CNT 도전재 수요가 몰려온다 하이투자증권 정원석 I 2023-08-29 매수 CNT 도전재 캐파 추가 상향 조정 가능성"
121600::2024,121600,나노신소재,PRIMARY_INDEX_AVAILABLE,EQUITY_PRIMARY_NO_ACTION,200,https://m.irgo.co.kr/IR-COMP/121600,2024-11-14,,"11-14 매수 2025년 LG에너지솔루션 원형전지 Si 음극재 채택 본격화 예상 iM증권 정원석,손우성 I 2024-11-14 매수 실적+기술력+모멘텀 모두 갖추었다 유안타증권 이안나 I 2024-11-06 매수 흔들리는 업황 속에서 견고한 실적 지속 전망 미래에셋증권 최유진 I 2024-08-16 매수 흔들리는 업황 속에서 성장성이 느껴진거야 1 미래에셋증권 최유진 I 2024-07-23 매수 CNT도전재 침투율 확장 중 메리츠증권 노우호 I 2024-06-05 매수 하반기 4680향 음극용 CNT 도전재 수요 증가 본격화될 전망 iM증권 정원석 I 2024-05-28 매수 근본(根本)부터 정해져 있다. 상상인증권 백영찬,김진범 I 2024-03-25 매수 차별화된 성장을 보여준다 유안타증권 이안나 I 2024-02-21 매수 4Q23 Preview: 믿고보는 나노신소재 유안타증권 이안나 I 2024-01-09 매수 실리콘 음극재 구조적 성장의 수혜 iM증권 정"
121600::2024,121600,나노신소재,PRIMARY_INDEX_AVAILABLE,EQUITY_PRIMARY_NO_ACTION,200,https://m.irgo.co.kr/IR-COMP/121600,2024-11-14,,"25 N/R CNT 도전재 Gate keeper 삼성증권 장정훈,서지현 I 2024-11-14 매수 2025년 LG에너지솔루션 원형전지 Si 음극재 채택 본격화 예상 iM증권 정원석,손우성 I 2024-11-14 매수 실적+기술력+모멘텀 모두 갖추었다 유안타증권 이안나 I 2024-11-06 매수 흔들리는 업황 속에서 견고한 실적 지속 전망 미래에셋증권 최유진 I 2024-08-16 매수 흔들리는 업황 속에서 성장성이 느껴진거야 1 미래에셋증권 최유진 I 2024-07-23 매수 CNT도전재 침투율 확장 중 메리츠증권 노우호 I 2024-06-05 매수 하반기 4680향 음극용 CNT 도전재 수요 증가 본격화될 전망 iM증권 정원석 I 2024-05-28 매수 근본(根本)부터 정해져 있다. 상상인증권 백영찬,김진범 I 2024-03-25 매수 차별화된 성장을 보여준다 유안타증권 이안나 I 2024-02-21 매수 4Q23 Preview: 믿고보는 나노신소재 유안타증"
121600::2024,121600,나노신소재,PRIMARY_INDEX_AVAILABLE,EQUITY_PRIMARY_NO_ACTION,200,https://m.irgo.co.kr/IR-COMP/121600,2024-11-14,,"격화 예상 iM증권 정원석,손우성 I 2024-11-14 매수 실적+기술력+모멘텀 모두 갖추었다 유안타증권 이안나 I 2024-11-06 매수 흔들리는 업황 속에서 견고한 실적 지속 전망 미래에셋증권 최유진 I 2024-08-16 매수 흔들리는 업황 속에서 성장성이 느껴진거야 1 미래에셋증권 최유진 I 2024-07-23 매수 CNT도전재 침투율 확장 중 메리츠증권 노우호 I 2024-06-05 매수 하반기 4680향 음극용 CNT 도전재 수요 증가 본격화될 전망 iM증권 정원석 I 2024-05-28 매수 근본(根本)부터 정해져 있다. 상상인증권 백영찬,김진범 I 2024-03-25 매수 차별화된 성장을 보여준다 유안타증권 이안나 I 2024-02-21 매수 4Q23 Preview: 믿고보는 나노신소재 유안타증권 이안나 I 2024-01-09 매수 실리콘 음극재 구조적 성장의 수혜 iM증권 정원석 I 2023-11-20 매수 강력한 CNT 도전재 수요가 몰려온다"
121600::2024,121600,나노신소재,PRIMARY_INDEX_AVAILABLE,EQUITY_PRIMARY_NO_ACTION,200,https://m.irgo.co.kr/IR-COMP/121600,2024-11-25,"{""OE"": [""비용""]}","18 매수 2026년부터 본격적인 실적 회복세 전망 iM증권 정원석 I 2025-11-14 매수 비용은 낮게, 성능은 높게 한국투자증권 김예림 I 2025-10-21 매수 2Q25 Review: 영업이익 기준 컨센 상회 실적 유안타증권 이안나 I 2025-08-19 N/R 회사소개 및 주요 경영현황 해당기업 IR팀 I 2025-07-03 매수 전방 시장 둔화 속 견조한 성장 기반 확보 iM증권 정원석 I 2025-05-27 매수 실적 바닥과 46시리즈 모멘텀 미래에셋증권 최유진 I 2025-04-29 매수 건식 도전재에 대한 기대감 여전 유안타증권 이안나 I 2025-04-02 매수 음극향 CNT도전재 비중 확대 미래에셋증권 최유진 I 2024-11-25 N/R CNT 도전재 Gate keeper 삼성증권 장정훈,서지현 I 2024-11-14 매수 2025년 LG에너지솔루션 원형전지 Si 음극재 채택 본격화 예상 iM증권 정원석,손우성 I 2024-11-14 매수"
121600::2024,121600,나노신소재,PRIMARY_INDEX_AVAILABLE,EQUITY_PRIMARY_NO_ACTION,200,https://m.irgo.co.kr/IR-COMP/121600,2024-11-25,"{""OE"": [""비용""]}","매수 비용은 낮게, 성능은 높게 한국투자증권 김예림 I 2025-10-21 매수 2Q25 Review: 영업이익 기준 컨센 상회 실적 유안타증권 이안나 I 2025-08-19 N/R 회사소개 및 주요 경영현황 해당기업 IR팀 I 2025-07-03 매수 전방 시장 둔화 속 견조한 성장 기반 확보 iM증권 정원석 I 2025-05-27 매수 실적 바닥과 46시리즈 모멘텀 미래에셋증권 최유진 I 2025-04-29 매수 건식 도전재에 대한 기대감 여전 유안타증권 이안나 I 2025-04-02 매수 음극향 CNT도전재 비중 확대 미래에셋증권 최유진 I 2024-11-25 N/R CNT 도전재 Gate keeper 삼성증권 장정훈,서지현 I 2024-11-14 매수 2025년 LG에너지솔루션 원형전지 Si 음극재 채택 본격화 예상 iM증권 정원석,손우성 I 2024-11-14 매수 실적+기술력+모멘텀 모두 갖추었다 유안타증권 이안나 I 2024-11-06 매수 흔들리는"
121600::2024,121600,나노신소재,PRIMARY_INDEX_AVAILABLE,EQUITY_PRIMARY_NO_ACTION,200,https://m.irgo.co.kr/IR-COMP/121600,2024-11-25,,"요 경영현황 해당기업 IR팀 I 2025-07-03 매수 전방 시장 둔화 속 견조한 성장 기반 확보 iM증권 정원석 I 2025-05-27 매수 실적 바닥과 46시리즈 모멘텀 미래에셋증권 최유진 I 2025-04-29 매수 건식 도전재에 대한 기대감 여전 유안타증권 이안나 I 2025-04-02 매수 음극향 CNT도전재 비중 확대 미래에셋증권 최유진 I 2024-11-25 N/R CNT 도전재 Gate keeper 삼성증권 장정훈,서지현 I 2024-11-14 매수 2025년 LG에너지솔루션 원형전지 Si 음극재 채택 본격화 예상 iM증권 정원석,손우성 I 2024-11-14 매수 실적+기술력+모멘텀 모두 갖추었다 유안타증권 이안나 I 2024-11-06 매수 흔들리는 업황 속에서 견고한 실적 지속 전망 미래에셋증권 최유진 I 2024-08-16 매수 흔들리는 업황 속에서 성장성이 느껴진거야 1 미래에셋증권 최유진 I 2024-07-23 매수 CNT도전재 침투율 확"
121600::2024,121600,나노신소재,PRIMARY_INDEX_AVAILABLE,EQUITY_PRIMARY_NO_ACTION,200,https://m.irgo.co.kr/IR-COMP/121600,2024-11-25,,"증권 이안나 I 2025-04-02 매수 음극향 CNT도전재 비중 확대 미래에셋증권 최유진 I 2024-11-25 N/R CNT 도전재 Gate keeper 삼성증권 장정훈,서지현 I 2024-11-14 매수 2025년 LG에너지솔루션 원형전지 Si 음극재 채택 본격화 예상 iM증권 정원석,손우성 I 2024-11-14 매수 실적+기술력+모멘텀 모두 갖추었다 유안타증권 이안나 I 2024-11-06 매수 흔들리는 업황 속에서 견고한 실적 지속 전망 미래에셋증권 최유진 I 2024-08-16 매수 흔들리는 업황 속에서 성장성이 느껴진거야 1 미래에셋증권 최유진 I 2024-07-23 매수 CNT도전재 침투율 확장 중 메리츠증권 노우호 I 2024-06-05 매수 하반기 4680향 음극용 CNT 도전재 수요 증가 본격화될 전망 iM증권 정원석 I 2024-05-28 매수 근본(根本)부터 정해져 있다. 상상인증권 백영찬,김진범 I 2024-03-25 매수 차별화된 성장을"
121600::2024,121600,나노신소재,PRIMARY_INDEX_AVAILABLE,EQUITY_PRIMARY_NO_ACTION,200,https://m.irgo.co.kr/IR-COMP/121600,2024-11-25,,"최유진 I 2025-04-29 매수 건식 도전재에 대한 기대감 여전 유안타증권 이안나 I 2025-04-02 매수 음극향 CNT도전재 비중 확대 미래에셋증권 최유진 I 2024-11-25 N/R CNT 도전재 Gate keeper 삼성증권 장정훈,서지현 I 2024-11-14 매수 2025년 LG에너지솔루션 원형전지 Si 음극재 채택 본격화 예상 iM증권 정원석,손우성 I 2024-11-14 매수 실적+기술력+모멘텀 모두 갖추었다 유안타증권 이안나 I 2024-11-06 매수 흔들리는 업황 속에서 견고한 실적 지속 전망 미래에셋증권 최유진 I 2024-08-16 매수 흔들리는 업황 속에서 성장성이 느껴진거야 1 미래에셋증권 최유진 I 2024-07-23 매수 CNT도전재 침투율 확장 중 메리츠증권 노우호 I 2024-06-05 매수 하반기 4680향 음극용 CNT 도전재 수요 증가 본격화될 전망 iM증권 정원석 I 2024-05-28 매수 근본(根本)부터 정해져"
121600::2024,121600,나노신소재,PRIMARY_INDEX_AVAILABLE,EQUITY_PRIMARY_NO_ACTION,200,https://m.irgo.co.kr/IR-COMP/121600,2024-11-25,,"컨센 상회 실적 유안타증권 이안나 I 2025-08-19 N/R 회사소개 및 주요 경영현황 해당기업 IR팀 I 2025-07-03 매수 전방 시장 둔화 속 견조한 성장 기반 확보 iM증권 정원석 I 2025-05-27 매수 실적 바닥과 46시리즈 모멘텀 미래에셋증권 최유진 I 2025-04-29 매수 건식 도전재에 대한 기대감 여전 유안타증권 이안나 I 2025-04-02 매수 음극향 CNT도전재 비중 확대 미래에셋증권 최유진 I 2024-11-25 N/R CNT 도전재 Gate keeper 삼성증권 장정훈,서지현 I 2024-11-14 매수 2025년 LG에너지솔루션 원형전지 Si 음극재 채택 본격화 예상 iM증권 정원석,손우성 I 2024-11-14 매수 실적+기술력+모멘텀 모두 갖추었다 유안타증권 이안나 I 2024-11-06 매수 흔들리는 업황 속에서 견고한 실적 지속 전망 미래에셋증권 최유진 I 2024-08-16 매수 흔들리는 업황 속에서 성장성이 느껴"
121600::2024,121600,나노신소재,PRIMARY_INDEX_AVAILABLE,EQUITY_PRIMARY_NO_ACTION,200,https://m.irgo.co.kr/IR-COMP/121600,2024-11-25,,"확보 iM증권 정원석 I 2025-05-27 매수 실적 바닥과 46시리즈 모멘텀 미래에셋증권 최유진 I 2025-04-29 매수 건식 도전재에 대한 기대감 여전 유안타증권 이안나 I 2025-04-02 매수 음극향 CNT도전재 비중 확대 미래에셋증권 최유진 I 2024-11-25 N/R CNT 도전재 Gate keeper 삼성증권 장정훈,서지현 I 2024-11-14 매수 2025년 LG에너지솔루션 원형전지 Si 음극재 채택 본격화 예상 iM증권 정원석,손우성 I 2024-11-14 매수 실적+기술력+모멘텀 모두 갖추었다 유안타증권 이안나 I 2024-11-06 매수 흔들리는 업황 속에서 견고한 실적 지속 전망 미래에셋증권 최유진 I 2024-08-16 매수 흔들리는 업황 속에서 성장성이 느껴진거야 1 미래에셋증권 최유진 I 2024-07-23 매수 CNT도전재 침투율 확장 중 메리츠증권 노우호 I 2024-06-05 매수 하반기 4680향 음극용 CNT 도전재"
122640::2024,122640,예스티,SECONDARY_SUMMARY_ONLY,SECONDARY_HUMAN_REPORT_NO_ACTION,200,https://m.irgo.co.kr/IR-COMP/122640,2024-12-18,,"/R 회사소개 및 주요 사업현황 해당기업 IR팀 I 2025-08-26 N/R 회사소개 및 주요 사업현황 해당기업 IR팀 I 2025-05-08 N/R 확장되는 반도체 장비 포트폴리오 대신증권 박장욱 I 2025-04-30 N/R 회사소개 및 주요 사업현황 해당기업 IR팀 I 2025-02-26 N/R 회사소개 및 주요 사업현황 해당기업 IR팀 I 2024-12-18 N/R 회사소개 및 주요 경영현황 해당기업 IR팀 I 2024-11-12 N/R 2024년 3분기 실적발표 해당기업 IR팀 I 2024-11-05 N/R 2024년 상반기 실적발표 해당기업 IR팀 I 2024-08-09 N/R 회사소개 및 주요 사업현황 해당기업 IR팀 I 2024-05-24 N/R 레벨업하는 실적과 내재된 모멘텀의 콜라보 KB증권 한제윤 I 2024-04-01 N/R 과점과 독점 사이(Feat. 소송 결과에 따라) 상상인증권 이준호,권오휘 I 2024-04-01 N/R 예스티 반도체"
122640::2024,122640,예스티,SECONDARY_SUMMARY_ONLY,SECONDARY_HUMAN_REPORT_NO_ACTION,200,https://m.irgo.co.kr/IR-COMP/122640,2024-12-18,,/R 회사소개 및 주요 사업현황 해당기업 IR팀 I 2025-09-19 N/R 회사소개 및 주요 사업현황 해당기업 IR팀 I 2025-08-26 N/R 회사소개 및 주요 사업현황 해당기업 IR팀 I 2025-05-08 N/R 확장되는 반도체 장비 포트폴리오 대신증권 박장욱 I 2025-04-30 N/R 회사소개 및 주요 사업현황 해당기업 IR팀 I 2025-02-26 N/R 회사소개 및 주요 사업현황 해당기업 IR팀 I 2024-12-18 N/R 회사소개 및 주요 경영현황 해당기업 IR팀 I 2024-11-12 N/R 2024년 3분기 실적발표 해당기업 IR팀 I 2024-11-05 N/R 2024년 상반기 실적발표 해당기업 IR팀 I 2024-08-09 N/R 회사소개 및 주요 사업현황 해당기업 IR팀 I 2024-05-24 N/R 레벨업하는 실적과 내재된 모멘텀의 콜라보 KB증권 한제윤 I 2024-04-01 N/R 과점과 독점 사이(Feat. 소송 결과에 따라
122640::2024,122640,예스티,SECONDARY_SUMMARY_ONLY,SECONDARY_HUMAN_REPORT_NO_ACTION,200,https://m.irgo.co.kr/IR-COMP/122640,2024-12-18,,"2-26 N/R 회사소개 및 주요 사업현황 해당기업 IR팀 I 2024-12-18 N/R 회사소개 및 주요 경영현황 해당기업 IR팀 I 2024-11-12 N/R 2024년 3분기 실적발표 해당기업 IR팀 I 2024-11-05 N/R 2024년 상반기 실적발표 해당기업 IR팀 I 2024-08-09 N/R 회사소개 및 주요 사업현황 해당기업 IR팀 I 2024-05-24 N/R 레벨업하는 실적과 내재된 모멘텀의 콜라보 KB증권 한제윤 I 2024-04-01 N/R 과점과 독점 사이(Feat. 소송 결과에 따라) 상상인증권 이준호,권오휘 I 2024-04-01 N/R 예스티 반도체 장비로 시장 판도 변화 예상 하나증권 최재호,박희철 I 2024-04-01 N/R [NDR후기] 쟁쟁한 신규 장비 라인업 한양증권 이준석 I 2023-06-08 N/R 자식 하나 잘 키웠다 신한금융투자 고영민,최도연 I 2021-10-05 N/R 누가 뭐래도 SiC 전력반도체국내 넘버 원"
122640::2024,122640,예스티,SECONDARY_SUMMARY_ONLY,SECONDARY_HUMAN_REPORT_NO_ACTION,200,https://m.irgo.co.kr/IR-COMP/122640,2024-12-18,,"A 장비, 시장 진입 초읽기 리딩투자증권 한제윤 I 2025-11-24 N/R 회사소개 및 주요 사업현황 해당기업 IR팀 I 2025-09-19 N/R 회사소개 및 주요 사업현황 해당기업 IR팀 I 2025-08-26 N/R 회사소개 및 주요 사업현황 해당기업 IR팀 I 2025-05-08 N/R 확장되는 반도체 장비 포트폴리오 대신증권 박장욱 I 2025-04-30 N/R 회사소개 및 주요 사업현황 해당기업 IR팀 I 2025-02-26 N/R 회사소개 및 주요 사업현황 해당기업 IR팀 I 2024-12-18 N/R 회사소개 및 주요 경영현황 해당기업 IR팀 I 2024-11-12 N/R 2024년 3분기 실적발표 해당기업 IR팀 I 2024-11-05 N/R 2024년 상반기 실적발표 해당기업 IR팀 I 2024-08-09 N/R 회사소개 및 주요 사업현황 해당기업 IR팀 I 2024-05-24 N/R 레벨업하는 실적과 내재된 모멘텀의 콜라보 KB증권 한제윤 I"
122640::2024,122640,예스티,SECONDARY_SUMMARY_ONLY,SECONDARY_HUMAN_REPORT_NO_ACTION,200,https://m.irgo.co.kr/IR-COMP/122640,2024-12-18,,"및 주요 사업현황 해당기업 IR팀 I 2025-05-08 N/R 확장되는 반도체 장비 포트폴리오 대신증권 박장욱 I 2025-04-30 N/R 회사소개 및 주요 사업현황 해당기업 IR팀 I 2025-02-26 N/R 회사소개 및 주요 사업현황 해당기업 IR팀 I 2024-12-18 N/R 회사소개 및 주요 경영현황 해당기업 IR팀 I 2024-11-12 N/R 2024년 3분기 실적발표 해당기업 IR팀 I 2024-11-05 N/R 2024년 상반기 실적발표 해당기업 IR팀 I 2024-08-09 N/R 회사소개 및 주요 사업현황 해당기업 IR팀 I 2024-05-24 N/R 레벨업하는 실적과 내재된 모멘텀의 콜라보 KB증권 한제윤 I 2024-04-01 N/R 과점과 독점 사이(Feat. 소송 결과에 따라) 상상인증권 이준호,권오휘 I 2024-04-01 N/R 예스티 반도체 장비로 시장 판도 변화 예상 하나증권 최재호,박희철 I 2024-04-01 N/R [ND"
122640::2024,122640,예스티,SECONDARY_SUMMARY_ONLY,SECONDARY_HUMAN_REPORT_NO_ACTION,200,https://m.irgo.co.kr/IR-COMP/122640,2024-12-18,,"박장욱 I 2025-04-30 N/R 회사소개 및 주요 사업현황 해당기업 IR팀 I 2025-02-26 N/R 회사소개 및 주요 사업현황 해당기업 IR팀 I 2024-12-18 N/R 회사소개 및 주요 경영현황 해당기업 IR팀 I 2024-11-12 N/R 2024년 3분기 실적발표 해당기업 IR팀 I 2024-11-05 N/R 2024년 상반기 실적발표 해당기업 IR팀 I 2024-08-09 N/R 회사소개 및 주요 사업현황 해당기업 IR팀 I 2024-05-24 N/R 레벨업하는 실적과 내재된 모멘텀의 콜라보 KB증권 한제윤 I 2024-04-01 N/R 과점과 독점 사이(Feat. 소송 결과에 따라) 상상인증권 이준호,권오휘 I 2024-04-01 N/R 예스티 반도체 장비로 시장 판도 변화 예상 하나증권 최재호,박희철 I 2024-04-01 N/R [NDR후기] 쟁쟁한 신규 장비 라인업 한양증권 이준석 I 2023-06-08 N/R 자식 하나 잘 키웠다 신"
122640::2024,122640,예스티,SECONDARY_SUMMARY_ONLY,SECONDARY_HUMAN_REPORT_NO_ACTION,200,https://m.irgo.co.kr/IR-COMP/122640,2024-12-18,,"안타증권 권명준,서석준 I 2026-01-09 매수 후공정에서 전공정으로의 확장 흥국증권 손인준 I 2025-12-22 N/R 오랫동안 기다린 HPA 장비, 시장 진입 초읽기 리딩투자증권 한제윤 I 2025-11-24 N/R 회사소개 및 주요 사업현황 해당기업 IR팀 I 2025-09-19 N/R 회사소개 및 주요 사업현황 해당기업 IR팀 I 2025-08-26 N/R 회사소개 및 주요 사업현황 해당기업 IR팀 I 2025-05-08 N/R 확장되는 반도체 장비 포트폴리오 대신증권 박장욱 I 2025-04-30 N/R 회사소개 및 주요 사업현황 해당기업 IR팀 I 2025-02-26 N/R 회사소개 및 주요 사업현황 해당기업 IR팀 I 2024-12-18 N/R 회사소개 및 주요 경영현황 해당기업 IR팀 I 2024-11-12 N/R 2024년 3분기 실적발표 해당기업 IR팀 I 2024-11-05 N/R 2024년 상반기 실적발표 해당기업 IR팀 I 2024-08"
122640::2024,122640,예스티,SECONDARY_SUMMARY_ONLY,SECONDARY_HUMAN_REPORT_NO_ACTION,200,https://m.irgo.co.kr/IR-COMP/122640,2024-12-18,,"확장 흥국증권 손인준 I 2025-12-22 N/R 오랫동안 기다린 HPA 장비, 시장 진입 초읽기 리딩투자증권 한제윤 I 2025-11-24 N/R 회사소개 및 주요 사업현황 해당기업 IR팀 I 2025-09-19 N/R 회사소개 및 주요 사업현황 해당기업 IR팀 I 2025-08-26 N/R 회사소개 및 주요 사업현황 해당기업 IR팀 I 2025-05-08 N/R 확장되는 반도체 장비 포트폴리오 대신증권 박장욱 I 2025-04-30 N/R 회사소개 및 주요 사업현황 해당기업 IR팀 I 2025-02-26 N/R 회사소개 및 주요 사업현황 해당기업 IR팀 I 2024-12-18 N/R 회사소개 및 주요 경영현황 해당기업 IR팀 I 2024-11-12 N/R 2024년 3분기 실적발표 해당기업 IR팀 I 2024-11-05 N/R 2024년 상반기 실적발표 해당기업 IR팀 I 2024-08-09 N/R 회사소개 및 주요 사업현황 해당기업 IR팀 I 2024-05"
123410::2024,123410,코리아에프티,PRIMARY_INDEX_AVAILABLE,EQUITY_PRIMARY_NO_ACTION,200,https://m.irgo.co.kr/IR-COMP/123410,2024-03-21,,"기대 대신증권 이석영 I 2024-03-21 매수 하이브리드 강세 최대 수혜주 LS증권 이병근 I 2024-03-20 N/R 회사소개 및 주요 사업현황 해당기업 IR팀 I 2024-03-13 N/R 회사소개 및 주요 사업현황 해당기업 IR팀 I 2024-03-11 N/R ‘사랑후애’, 역대 최고 실적 NH투자증권 황지현,손세훈 I 2024-02-29 N/R HEV는 성장한다 상상인증권 이준호 I 2024-02-15 N/R 친환경 자동차 부품 ‘사랑앓이’ NH투자증권 황지현,손세훈 I 2024-02-13 N/R [콥데이 후기] 하이브리드의 시간 대신증권 이석영 I 2024-01-25 N/R 회사소개 및 주요 사업현황 해당기업 IR팀 I 2024-01-24 N/R 친환경차 시대의 수혜주 상상인증권 이준호 I 2023-12-04 N/R LCA 도입시 HEV/PHEV 부품 수혜 기대 IBK투자증권 이상현 I 2023-09-11 N/R 하이브리드에서는 더 고가를 씁니다 하"
123410::2024,123410,코리아에프티,PRIMARY_INDEX_AVAILABLE,EQUITY_PRIMARY_NO_ACTION,200,https://m.irgo.co.kr/IR-COMP/123410,2024-03-26,,"배 하이투자증권 조희승 I 2024-03-26 N/R 긍정적 영업환경 지속 기대 대신증권 이석영 I 2024-03-21 매수 하이브리드 강세 최대 수혜주 LS증권 이병근 I 2024-03-20 N/R 회사소개 및 주요 사업현황 해당기업 IR팀 I 2024-03-13 N/R 회사소개 및 주요 사업현황 해당기업 IR팀 I 2024-03-11 N/R ‘사랑후애’, 역대 최고 실적 NH투자증권 황지현,손세훈 I 2024-02-29 N/R HEV는 성장한다 상상인증권 이준호 I 2024-02-15 N/R 친환경 자동차 부품 ‘사랑앓이’ NH투자증권 황지현,손세훈 I 2024-02-13 N/R [콥데이 후기] 하이브리드의 시간 대신증권 이석영 I 2024-01-25 N/R 회사소개 및 주요 사업현황 해당기업 IR팀 I 2024-01-24 N/R 친환경차 시대의 수혜주 상상인증권 이준호 I 2023-12-04 N/R LCA 도입시 HEV/PHEV 부품 수혜 기대 IBK투자증권"
123410::2024,123410,코리아에프티,PRIMARY_INDEX_AVAILABLE,EQUITY_PRIMARY_NO_ACTION,200,https://m.irgo.co.kr/IR-COMP/123410,2024-04-04,,"증권 신윤철,김동휘 I 2024-04-04 N/R 하이브리드 캐니스터는 단가가 2배 하이투자증권 조희승 I 2024-03-26 N/R 긍정적 영업환경 지속 기대 대신증권 이석영 I 2024-03-21 매수 하이브리드 강세 최대 수혜주 LS증권 이병근 I 2024-03-20 N/R 회사소개 및 주요 사업현황 해당기업 IR팀 I 2024-03-13 N/R 회사소개 및 주요 사업현황 해당기업 IR팀 I 2024-03-11 N/R ‘사랑후애’, 역대 최고 실적 NH투자증권 황지현,손세훈 I 2024-02-29 N/R HEV는 성장한다 상상인증권 이준호 I 2024-02-15 N/R 친환경 자동차 부품 ‘사랑앓이’ NH투자증권 황지현,손세훈 I 2024-02-13 N/R [콥데이 후기] 하이브리드의 시간 대신증권 이석영 I 2024-01-25 N/R 회사소개 및 주요 사업현황 해당기업 IR팀 I 2024-01-24 N/R 친환경차 시대의 수혜주 상상인증권 이준호 I 2023"
123410::2024,123410,코리아에프티,PRIMARY_INDEX_AVAILABLE,EQUITY_PRIMARY_NO_ACTION,200,https://m.irgo.co.kr/IR-COMP/123410,2024-05-14,,"주요 사업현황 해당기업 IR팀 I 2024-05-14 N/R 인도, HEV 더블 수혜 키움증권 신윤철,김동휘 I 2024-04-04 N/R 하이브리드 캐니스터는 단가가 2배 하이투자증권 조희승 I 2024-03-26 N/R 긍정적 영업환경 지속 기대 대신증권 이석영 I 2024-03-21 매수 하이브리드 강세 최대 수혜주 LS증권 이병근 I 2024-03-20 N/R 회사소개 및 주요 사업현황 해당기업 IR팀 I 2024-03-13 N/R 회사소개 및 주요 사업현황 해당기업 IR팀 I 2024-03-11 N/R ‘사랑후애’, 역대 최고 실적 NH투자증권 황지현,손세훈 I 2024-02-29 N/R HEV는 성장한다 상상인증권 이준호 I 2024-02-15 N/R 친환경 자동차 부품 ‘사랑앓이’ NH투자증권 황지현,손세훈 I 2024-02-13 N/R [콥데이 후기] 하이브리드의 시간 대신증권 이석영 I 2024-01-25 N/R 회사소개 및 주요 사업현황 해당기업"
123410::2024,123410,코리아에프티,PRIMARY_INDEX_AVAILABLE,EQUITY_PRIMARY_NO_ACTION,200,https://m.irgo.co.kr/IR-COMP/123410,2024-05-16,,"투자증권 황지현,손세훈 I 2024-05-16 N/R 회사소개 및 주요 사업현황 해당기업 IR팀 I 2024-05-14 N/R 인도, HEV 더블 수혜 키움증권 신윤철,김동휘 I 2024-04-04 N/R 하이브리드 캐니스터는 단가가 2배 하이투자증권 조희승 I 2024-03-26 N/R 긍정적 영업환경 지속 기대 대신증권 이석영 I 2024-03-21 매수 하이브리드 강세 최대 수혜주 LS증권 이병근 I 2024-03-20 N/R 회사소개 및 주요 사업현황 해당기업 IR팀 I 2024-03-13 N/R 회사소개 및 주요 사업현황 해당기업 IR팀 I 2024-03-11 N/R ‘사랑후애’, 역대 최고 실적 NH투자증권 황지현,손세훈 I 2024-02-29 N/R HEV는 성장한다 상상인증권 이준호 I 2024-02-15 N/R 친환경 자동차 부품 ‘사랑앓이’ NH투자증권 황지현,손세훈 I 2024-02-13 N/R [콥데이 후기] 하이브리드의 시간 대신증권 이석영"
123410::2024,123410,코리아에프티,PRIMARY_INDEX_AVAILABLE,EQUITY_PRIMARY_NO_ACTION,200,https://m.irgo.co.kr/IR-COMP/123410,2024-05-21,,"및 주요 사업현황 해당기업 IR팀 I 2024-05-21 N/R 여전히 잘 팔린다 NH투자증권 황지현,손세훈 I 2024-05-16 N/R 회사소개 및 주요 사업현황 해당기업 IR팀 I 2024-05-14 N/R 인도, HEV 더블 수혜 키움증권 신윤철,김동휘 I 2024-04-04 N/R 하이브리드 캐니스터는 단가가 2배 하이투자증권 조희승 I 2024-03-26 N/R 긍정적 영업환경 지속 기대 대신증권 이석영 I 2024-03-21 매수 하이브리드 강세 최대 수혜주 LS증권 이병근 I 2024-03-20 N/R 회사소개 및 주요 사업현황 해당기업 IR팀 I 2024-03-13 N/R 회사소개 및 주요 사업현황 해당기업 IR팀 I 2024-03-11 N/R ‘사랑후애’, 역대 최고 실적 NH투자증권 황지현,손세훈 I 2024-02-29 N/R HEV는 성장한다 상상인증권 이준호 I 2024-02-15 N/R 친환경 자동차 부품 ‘사랑앓이’ NH투자증권 황지현,"
123410::2024,123410,코리아에프티,PRIMARY_INDEX_AVAILABLE,EQUITY_PRIMARY_NO_ACTION,200,https://m.irgo.co.kr/IR-COMP/123410,2024-05-22,,"분기 쇼크 아닙니다 LS증권 이병근 I 2024-05-22 N/R 회사소개 및 주요 사업현황 해당기업 IR팀 I 2024-05-21 N/R 여전히 잘 팔린다 NH투자증권 황지현,손세훈 I 2024-05-16 N/R 회사소개 및 주요 사업현황 해당기업 IR팀 I 2024-05-14 N/R 인도, HEV 더블 수혜 키움증권 신윤철,김동휘 I 2024-04-04 N/R 하이브리드 캐니스터는 단가가 2배 하이투자증권 조희승 I 2024-03-26 N/R 긍정적 영업환경 지속 기대 대신증권 이석영 I 2024-03-21 매수 하이브리드 강세 최대 수혜주 LS증권 이병근 I 2024-03-20 N/R 회사소개 및 주요 사업현황 해당기업 IR팀 I 2024-03-13 N/R 회사소개 및 주요 사업현황 해당기업 IR팀 I 2024-03-11 N/R ‘사랑후애’, 역대 최고 실적 NH투자증권 황지현,손세훈 I 2024-02-29 N/R HEV는 성장한다 상상인증권 이준호 I 202"
123410::2024,123410,코리아에프티,PRIMARY_INDEX_AVAILABLE,EQUITY_PRIMARY_NO_ACTION,200,https://m.irgo.co.kr/IR-COMP/123410,2024-06-03,,"회사소개 및 주요 사업현황 해당기업 IR팀 I 2024-06-03 매수 1분기 쇼크 아닙니다 LS증권 이병근 I 2024-05-22 N/R 회사소개 및 주요 사업현황 해당기업 IR팀 I 2024-05-21 N/R 여전히 잘 팔린다 NH투자증권 황지현,손세훈 I 2024-05-16 N/R 회사소개 및 주요 사업현황 해당기업 IR팀 I 2024-05-14 N/R 인도, HEV 더블 수혜 키움증권 신윤철,김동휘 I 2024-04-04 N/R 하이브리드 캐니스터는 단가가 2배 하이투자증권 조희승 I 2024-03-26 N/R 긍정적 영업환경 지속 기대 대신증권 이석영 I 2024-03-21 매수 하이브리드 강세 최대 수혜주 LS증권 이병근 I 2024-03-20 N/R 회사소개 및 주요 사업현황 해당기업 IR팀 I 2024-03-13 N/R 회사소개 및 주요 사업현황 해당기업 IR팀 I 2024-03-11 N/R ‘사랑후애’, 역대 최고 실적 NH투자증권 황지현,손세훈 I"
123410::2024,123410,코리아에프티,PRIMARY_INDEX_AVAILABLE,EQUITY_PRIMARY_NO_ACTION,200,https://m.irgo.co.kr/IR-COMP/123410,2024-08-13,,"보니 물 들어온다 한국투자증권 김창호,최건 I 2024-08-13 N/R 회사소개 및 주요 사업현황 해당기업 IR팀 I 2024-06-03 매수 1분기 쇼크 아닙니다 LS증권 이병근 I 2024-05-22 N/R 회사소개 및 주요 사업현황 해당기업 IR팀 I 2024-05-21 N/R 여전히 잘 팔린다 NH투자증권 황지현,손세훈 I 2024-05-16 N/R 회사소개 및 주요 사업현황 해당기업 IR팀 I 2024-05-14 N/R 인도, HEV 더블 수혜 키움증권 신윤철,김동휘 I 2024-04-04 N/R 하이브리드 캐니스터는 단가가 2배 하이투자증권 조희승 I 2024-03-26 N/R 긍정적 영업환경 지속 기대 대신증권 이석영 I 2024-03-21 매수 하이브리드 강세 최대 수혜주 LS증권 이병근 I 2024-03-20 N/R 회사소개 및 주요 사업현황 해당기업 IR팀 I 2024-03-13 N/R 회사소개 및 주요 사업현황 해당기업 IR팀 I 2024-03"
123410::2024,123410,코리아에프티,PRIMARY_INDEX_AVAILABLE,EQUITY_PRIMARY_NO_ACTION,200,https://m.irgo.co.kr/IR-COMP/123410,2024-08-14,,"프라이즈 NH투자증권 황지현,손세훈 I 2024-08-14 N/R 노 젓다보니 물 들어온다 한국투자증권 김창호,최건 I 2024-08-13 N/R 회사소개 및 주요 사업현황 해당기업 IR팀 I 2024-06-03 매수 1분기 쇼크 아닙니다 LS증권 이병근 I 2024-05-22 N/R 회사소개 및 주요 사업현황 해당기업 IR팀 I 2024-05-21 N/R 여전히 잘 팔린다 NH투자증권 황지현,손세훈 I 2024-05-16 N/R 회사소개 및 주요 사업현황 해당기업 IR팀 I 2024-05-14 N/R 인도, HEV 더블 수혜 키움증권 신윤철,김동휘 I 2024-04-04 N/R 하이브리드 캐니스터는 단가가 2배 하이투자증권 조희승 I 2024-03-26 N/R 긍정적 영업환경 지속 기대 대신증권 이석영 I 2024-03-21 매수 하이브리드 강세 최대 수혜주 LS증권 이병근 I 2024-03-20 N/R 회사소개 및 주요 사업현황 해당기업 IR팀 I 2024-03"
123410::2024,123410,코리아에프티,PRIMARY_INDEX_AVAILABLE,EQUITY_PRIMARY_NO_ACTION,200,https://m.irgo.co.kr/IR-COMP/123410,2024-08-20,,"회사소개 및 주요 사업현황 해당기업 IR팀 I 2024-08-20 N/R 역시나 서프라이즈 NH투자증권 황지현,손세훈 I 2024-08-14 N/R 노 젓다보니 물 들어온다 한국투자증권 김창호,최건 I 2024-08-13 N/R 회사소개 및 주요 사업현황 해당기업 IR팀 I 2024-06-03 매수 1분기 쇼크 아닙니다 LS증권 이병근 I 2024-05-22 N/R 회사소개 및 주요 사업현황 해당기업 IR팀 I 2024-05-21 N/R 여전히 잘 팔린다 NH투자증권 황지현,손세훈 I 2024-05-16 N/R 회사소개 및 주요 사업현황 해당기업 IR팀 I 2024-05-14 N/R 인도, HEV 더블 수혜 키움증권 신윤철,김동휘 I 2024-04-04 N/R 하이브리드 캐니스터는 단가가 2배 하이투자증권 조희승 I 2024-03-26 N/R 긍정적 영업환경 지속 기대 대신증권 이석영 I 2024-03-21 매수 하이브리드 강세 최대 수혜주 LS증권 이병근 I 2"
123410::2024,123410,코리아에프티,PRIMARY_INDEX_AVAILABLE,EQUITY_PRIMARY_NO_ACTION,200,https://m.irgo.co.kr/IR-COMP/123410,2024-08-28,,"급! 하이브리드 수혜주 전달드려요 iM증권 조희승 I 2024-08-28 N/R 회사소개 및 주요 사업현황 해당기업 IR팀 I 2024-08-20 N/R 역시나 서프라이즈 NH투자증권 황지현,손세훈 I 2024-08-14 N/R 노 젓다보니 물 들어온다 한국투자증권 김창호,최건 I 2024-08-13 N/R 회사소개 및 주요 사업현황 해당기업 IR팀 I 2024-06-03 매수 1분기 쇼크 아닙니다 LS증권 이병근 I 2024-05-22 N/R 회사소개 및 주요 사업현황 해당기업 IR팀 I 2024-05-21 N/R 여전히 잘 팔린다 NH투자증권 황지현,손세훈 I 2024-05-16 N/R 회사소개 및 주요 사업현황 해당기업 IR팀 I 2024-05-14 N/R 인도, HEV 더블 수혜 키움증권 신윤철,김동휘 I 2024-04-04 N/R 하이브리드 캐니스터는 단가가 2배 하이투자증권 조희승 I 2024-03-26 N/R 긍정적 영업환경 지속 기대 대신증권 이석영"
123410::2024,123410,코리아에프티,PRIMARY_INDEX_AVAILABLE,EQUITY_PRIMARY_NO_ACTION,200,https://m.irgo.co.kr/IR-COMP/123410,2024-09-04,,"EV 판매량 예상치 40% Up!! 캐니스터도 Up!! SK증권 윤혁진,박준형 I 2024-09-04 N/R 실적과 방향성 모두 잡은 캐니스터 키움증권 김학준,조재원 I 2024-09-04 N/R 2Q24 NDR 후기: 긴급! 하이브리드 수혜주 전달드려요 iM증권 조희승 I 2024-08-28 N/R 회사소개 및 주요 사업현황 해당기업 IR팀 I 2024-08-20 N/R 역시나 서프라이즈 NH투자증권 황지현,손세훈 I 2024-08-14 N/R 노 젓다보니 물 들어온다 한국투자증권 김창호,최건 I 2024-08-13 N/R 회사소개 및 주요 사업현황 해당기업 IR팀 I 2024-06-03 매수 1분기 쇼크 아닙니다 LS증권 이병근 I 2024-05-22 N/R 회사소개 및 주요 사업현황 해당기업 IR팀 I 2024-05-21 N/R 여전히 잘 팔린다 NH투자증권 황지현,손세훈 I 2024-05-16 N/R 회사소개 및 주요 사업현황 해당기업 IR팀 I 2024-0"
123410::2024,123410,코리아에프티,PRIMARY_INDEX_AVAILABLE,EQUITY_PRIMARY_NO_ACTION,200,https://m.irgo.co.kr/IR-COMP/123410,2024-09-04,,"권 김학준,조재원 I 2024-09-04 N/R 2Q24 NDR 후기: 긴급! 하이브리드 수혜주 전달드려요 iM증권 조희승 I 2024-08-28 N/R 회사소개 및 주요 사업현황 해당기업 IR팀 I 2024-08-20 N/R 역시나 서프라이즈 NH투자증권 황지현,손세훈 I 2024-08-14 N/R 노 젓다보니 물 들어온다 한국투자증권 김창호,최건 I 2024-08-13 N/R 회사소개 및 주요 사업현황 해당기업 IR팀 I 2024-06-03 매수 1분기 쇼크 아닙니다 LS증권 이병근 I 2024-05-22 N/R 회사소개 및 주요 사업현황 해당기업 IR팀 I 2024-05-21 N/R 여전히 잘 팔린다 NH투자증권 황지현,손세훈 I 2024-05-16 N/R 회사소개 및 주요 사업현황 해당기업 IR팀 I 2024-05-14 N/R 인도, HEV 더블 수혜 키움증권 신윤철,김동휘 I 2024-04-04 N/R 하이브리드 캐니스터는 단가가 2배 하이투자증권 조희승"
123410::2024,123410,코리아에프티,PRIMARY_INDEX_AVAILABLE,EQUITY_PRIMARY_NO_ACTION,200,https://m.irgo.co.kr/IR-COMP/123410,2024-09-04,,"준형 I 2024-09-04 N/R 실적과 방향성 모두 잡은 캐니스터 키움증권 김학준,조재원 I 2024-09-04 N/R 2Q24 NDR 후기: 긴급! 하이브리드 수혜주 전달드려요 iM증권 조희승 I 2024-08-28 N/R 회사소개 및 주요 사업현황 해당기업 IR팀 I 2024-08-20 N/R 역시나 서프라이즈 NH투자증권 황지현,손세훈 I 2024-08-14 N/R 노 젓다보니 물 들어온다 한국투자증권 김창호,최건 I 2024-08-13 N/R 회사소개 및 주요 사업현황 해당기업 IR팀 I 2024-06-03 매수 1분기 쇼크 아닙니다 LS증권 이병근 I 2024-05-22 N/R 회사소개 및 주요 사업현황 해당기업 IR팀 I 2024-05-21 N/R 여전히 잘 팔린다 NH투자증권 황지현,손세훈 I 2024-05-16 N/R 회사소개 및 주요 사업현황 해당기업 IR팀 I 2024-05-14 N/R 인도, HEV 더블 수혜 키움증권 신윤철,김동휘 I 202"
123410::2024,123410,코리아에프티,PRIMARY_INDEX_AVAILABLE,EQUITY_PRIMARY_NO_ACTION,200,https://m.irgo.co.kr/IR-COMP/123410,2024-09-10,,"황 해당기업 IR팀 I 2024-09-10 N/R 현대차 28년 HEV 판매량 예상치 40% Up!! 캐니스터도 Up!! SK증권 윤혁진,박준형 I 2024-09-04 N/R 실적과 방향성 모두 잡은 캐니스터 키움증권 김학준,조재원 I 2024-09-04 N/R 2Q24 NDR 후기: 긴급! 하이브리드 수혜주 전달드려요 iM증권 조희승 I 2024-08-28 N/R 회사소개 및 주요 사업현황 해당기업 IR팀 I 2024-08-20 N/R 역시나 서프라이즈 NH투자증권 황지현,손세훈 I 2024-08-14 N/R 노 젓다보니 물 들어온다 한국투자증권 김창호,최건 I 2024-08-13 N/R 회사소개 및 주요 사업현황 해당기업 IR팀 I 2024-06-03 매수 1분기 쇼크 아닙니다 LS증권 이병근 I 2024-05-22 N/R 회사소개 및 주요 사업현황 해당기업 IR팀 I 2024-05-21 N/R 여전히 잘 팔린다 NH투자증권 황지현,손세훈 I 2024-05-16"
123410::2024,123410,코리아에프티,PRIMARY_INDEX_AVAILABLE,EQUITY_PRIMARY_NO_ACTION,200,https://m.irgo.co.kr/IR-COMP/123410,2024-09-11,,"황 해당기업 IR팀 I 2024-09-11 N/R 회사소개 및 주요 사업현황 해당기업 IR팀 I 2024-09-10 N/R 현대차 28년 HEV 판매량 예상치 40% Up!! 캐니스터도 Up!! SK증권 윤혁진,박준형 I 2024-09-04 N/R 실적과 방향성 모두 잡은 캐니스터 키움증권 김학준,조재원 I 2024-09-04 N/R 2Q24 NDR 후기: 긴급! 하이브리드 수혜주 전달드려요 iM증권 조희승 I 2024-08-28 N/R 회사소개 및 주요 사업현황 해당기업 IR팀 I 2024-08-20 N/R 역시나 서프라이즈 NH투자증권 황지현,손세훈 I 2024-08-14 N/R 노 젓다보니 물 들어온다 한국투자증권 김창호,최건 I 2024-08-13 N/R 회사소개 및 주요 사업현황 해당기업 IR팀 I 2024-06-03 매수 1분기 쇼크 아닙니다 LS증권 이병근 I 2024-05-22 N/R 회사소개 및 주요 사업현황 해당기업 IR팀 I 2024-05-21"
123410::2024,123410,코리아에프티,PRIMARY_INDEX_AVAILABLE,EQUITY_PRIMARY_NO_ACTION,200,https://m.irgo.co.kr/IR-COMP/123410,2024-09-12,,"한국투자증권 김창호,최건 I 2024-09-12 N/R 회사소개 및 주요 사업현황 해당기업 IR팀 I 2024-09-11 N/R 회사소개 및 주요 사업현황 해당기업 IR팀 I 2024-09-10 N/R 현대차 28년 HEV 판매량 예상치 40% Up!! 캐니스터도 Up!! SK증권 윤혁진,박준형 I 2024-09-04 N/R 실적과 방향성 모두 잡은 캐니스터 키움증권 김학준,조재원 I 2024-09-04 N/R 2Q24 NDR 후기: 긴급! 하이브리드 수혜주 전달드려요 iM증권 조희승 I 2024-08-28 N/R 회사소개 및 주요 사업현황 해당기업 IR팀 I 2024-08-20 N/R 역시나 서프라이즈 NH투자증권 황지현,손세훈 I 2024-08-14 N/R 노 젓다보니 물 들어온다 한국투자증권 김창호,최건 I 2024-08-13 N/R 회사소개 및 주요 사업현황 해당기업 IR팀 I 2024-06-03 매수 1분기 쇼크 아닙니다 LS증권 이병근 I 2024-05"
123410::2024,123410,코리아에프티,PRIMARY_INDEX_AVAILABLE,EQUITY_PRIMARY_NO_ACTION,200,https://m.irgo.co.kr/IR-COMP/123410,2024-11-14,,"손세훈 I 2024-11-14 N/R NDR 후기: 다음 안내까지 직진입니다 한국투자증권 김창호,최건 I 2024-09-12 N/R 회사소개 및 주요 사업현황 해당기업 IR팀 I 2024-09-11 N/R 회사소개 및 주요 사업현황 해당기업 IR팀 I 2024-09-10 N/R 현대차 28년 HEV 판매량 예상치 40% Up!! 캐니스터도 Up!! SK증권 윤혁진,박준형 I 2024-09-04 N/R 실적과 방향성 모두 잡은 캐니스터 키움증권 김학준,조재원 I 2024-09-04 N/R 2Q24 NDR 후기: 긴급! 하이브리드 수혜주 전달드려요 iM증권 조희승 I 2024-08-28 N/R 회사소개 및 주요 사업현황 해당기업 IR팀 I 2024-08-20 N/R 역시나 서프라이즈 NH투자증권 황지현,손세훈 I 2024-08-14 N/R 노 젓다보니 물 들어온다 한국투자증권 김창호,최건 I 2024-08-13 N/R 회사소개 및 주요 사업현황 해당기업 IR팀 I 20"
123410::2024,123410,코리아에프티,PRIMARY_INDEX_AVAILABLE,EQUITY_PRIMARY_NO_ACTION,200,https://m.irgo.co.kr/IR-COMP/123410,2024-11-18,,"근 I 2024-11-18 N/R 아쉬운 일회성 요인 NH투자증권 황지현,손세훈 I 2024-11-14 N/R NDR 후기: 다음 안내까지 직진입니다 한국투자증권 김창호,최건 I 2024-09-12 N/R 회사소개 및 주요 사업현황 해당기업 IR팀 I 2024-09-11 N/R 회사소개 및 주요 사업현황 해당기업 IR팀 I 2024-09-10 N/R 현대차 28년 HEV 판매량 예상치 40% Up!! 캐니스터도 Up!! SK증권 윤혁진,박준형 I 2024-09-04 N/R 실적과 방향성 모두 잡은 캐니스터 키움증권 김학준,조재원 I 2024-09-04 N/R 2Q24 NDR 후기: 긴급! 하이브리드 수혜주 전달드려요 iM증권 조희승 I 2024-08-28 N/R 회사소개 및 주요 사업현황 해당기업 IR팀 I 2024-08-20 N/R 역시나 서프라이즈 NH투자증권 황지현,손세훈 I 2024-08-14 N/R 노 젓다보니 물 들어온다 한국투자증권 김창호,최건 I 20"
123410::2024,123410,코리아에프티,PRIMARY_INDEX_AVAILABLE,EQUITY_PRIMARY_NO_ACTION,200,https://m.irgo.co.kr/IR-COMP/123410,2024-11-19,,"동력원의 공존, 성장기회 확대 상상인증권 유민기 I 2024-11-19 매수 추가수주 기대 LS증권 이병근 I 2024-11-18 N/R 아쉬운 일회성 요인 NH투자증권 황지현,손세훈 I 2024-11-14 N/R NDR 후기: 다음 안내까지 직진입니다 한국투자증권 김창호,최건 I 2024-09-12 N/R 회사소개 및 주요 사업현황 해당기업 IR팀 I 2024-09-11 N/R 회사소개 및 주요 사업현황 해당기업 IR팀 I 2024-09-10 N/R 현대차 28년 HEV 판매량 예상치 40% Up!! 캐니스터도 Up!! SK증권 윤혁진,박준형 I 2024-09-04 N/R 실적과 방향성 모두 잡은 캐니스터 키움증권 김학준,조재원 I 2024-09-04 N/R 2Q24 NDR 후기: 긴급! 하이브리드 수혜주 전달드려요 iM증권 조희승 I 2024-08-28 N/R 회사소개 및 주요 사업현황 해당기업 IR팀 I 2024-08-20 N/R 역시나 서프라이즈 NH투자증"
123410::2024,123410,코리아에프티,PRIMARY_INDEX_AVAILABLE,EQUITY_PRIMARY_NO_ACTION,200,https://m.irgo.co.kr/IR-COMP/123410,2024-11-25,,"-13 매수 하이브리드 최대 수혜주 LS증권 이병근 I 2024-11-25 N/R 다양한 동력원의 공존, 성장기회 확대 상상인증권 유민기 I 2024-11-19 매수 추가수주 기대 LS증권 이병근 I 2024-11-18 N/R 아쉬운 일회성 요인 NH투자증권 황지현,손세훈 I 2024-11-14 N/R NDR 후기: 다음 안내까지 직진입니다 한국투자증권 김창호,최건 I 2024-09-12 N/R 회사소개 및 주요 사업현황 해당기업 IR팀 I 2024-09-11 N/R 회사소개 및 주요 사업현황 해당기업 IR팀 I 2024-09-10 N/R 현대차 28년 HEV 판매량 예상치 40% Up!! 캐니스터도 Up!! SK증권 윤혁진,박준형 I 2024-09-04 N/R 실적과 방향성 모두 잡은 캐니스터 키움증권 김학준,조재원 I 2024-09-04 N/R 2Q24 NDR 후기: 긴급! 하이브리드 수혜주 전달드려요 iM증권 조희승 I 2024-08-28 N/R 회사소개 및"
123410::2024,123410,코리아에프티,PRIMARY_INDEX_AVAILABLE,EQUITY_PRIMARY_NO_ACTION,200,https://m.irgo.co.kr/IR-COMP/123410,2024-11-25,,"10-24 N/R 대 HEV 시대: 이래도 싸다 교보증권 김광식 I 2025-09-05 N/R 자, 따라해보세요. HEV 부품 = 코리아에프티 한국투자증권 김창호,최건 I 2025-08-08 매수 실적 좋고, 관세 리스크 없고 LS증권 이병근 I 2025-05-28 N/R 산업 트렌드가 유리한 방향으로 진행 하나증권 송선재,강민아 I 2025-05-28 N/R 회사소개 및 주요 사업현황 해당기업 IR팀 I 2025-05-22 N/R HEV/EREV 신차 출시 효과 수혜 지속 DB금융투자 남주신 I 2025-03-24 N/R 회사소개 및 주요 사업현황 해당기업 IR팀 I 2025-03-13 매수 하이브리드 최대 수혜주 LS증권 이병근 I 2024-11-25 N/R 다양한 동력원의 공존, 성장기회 확대 상상인증권 유민기 I 2024-11-19 매수 추가수주 기대 LS증권 이병근 I 2024-11-18 N/R 아쉬운 일회성 요인 NH투자증권 황지현,손세훈 I 2024-1"
123410::2024,123410,코리아에프티,PRIMARY_INDEX_AVAILABLE,EQUITY_PRIMARY_NO_ACTION,200,https://m.irgo.co.kr/IR-COMP/123410,2024-11-25,,"N/R 자, 따라해보세요. HEV 부품 = 코리아에프티 한국투자증권 김창호,최건 I 2025-08-08 매수 실적 좋고, 관세 리스크 없고 LS증권 이병근 I 2025-05-28 N/R 산업 트렌드가 유리한 방향으로 진행 하나증권 송선재,강민아 I 2025-05-28 N/R 회사소개 및 주요 사업현황 해당기업 IR팀 I 2025-05-22 N/R HEV/EREV 신차 출시 효과 수혜 지속 DB금융투자 남주신 I 2025-03-24 N/R 회사소개 및 주요 사업현황 해당기업 IR팀 I 2025-03-13 매수 하이브리드 최대 수혜주 LS증권 이병근 I 2024-11-25 N/R 다양한 동력원의 공존, 성장기회 확대 상상인증권 유민기 I 2024-11-19 매수 추가수주 기대 LS증권 이병근 I 2024-11-18 N/R 아쉬운 일회성 요인 NH투자증권 황지현,손세훈 I 2024-11-14 N/R NDR 후기: 다음 안내까지 직진입니다 한국투자증권 김창호,최건 I 2"
123410::2024,123410,코리아에프티,PRIMARY_INDEX_AVAILABLE,EQUITY_PRIMARY_NO_ACTION,200,https://m.irgo.co.kr/IR-COMP/123410,2024-11-25,,"국투자증권 김창호,최건 I 2025-08-08 매수 실적 좋고, 관세 리스크 없고 LS증권 이병근 I 2025-05-28 N/R 산업 트렌드가 유리한 방향으로 진행 하나증권 송선재,강민아 I 2025-05-28 N/R 회사소개 및 주요 사업현황 해당기업 IR팀 I 2025-05-22 N/R HEV/EREV 신차 출시 효과 수혜 지속 DB금융투자 남주신 I 2025-03-24 N/R 회사소개 및 주요 사업현황 해당기업 IR팀 I 2025-03-13 매수 하이브리드 최대 수혜주 LS증권 이병근 I 2024-11-25 N/R 다양한 동력원의 공존, 성장기회 확대 상상인증권 유민기 I 2024-11-19 매수 추가수주 기대 LS증권 이병근 I 2024-11-18 N/R 아쉬운 일회성 요인 NH투자증권 황지현,손세훈 I 2024-11-14 N/R NDR 후기: 다음 안내까지 직진입니다 한국투자증권 김창호,최건 I 2024-09-12 N/R 회사소개 및 주요 사업현황 해당기업"
123410::2024,123410,코리아에프티,PRIMARY_INDEX_AVAILABLE,EQUITY_PRIMARY_NO_ACTION,200,https://m.irgo.co.kr/IR-COMP/123410,2024-11-25,,"송선재,강민아 I 2025-05-28 N/R 회사소개 및 주요 사업현황 해당기업 IR팀 I 2025-05-22 N/R HEV/EREV 신차 출시 효과 수혜 지속 DB금융투자 남주신 I 2025-03-24 N/R 회사소개 및 주요 사업현황 해당기업 IR팀 I 2025-03-13 매수 하이브리드 최대 수혜주 LS증권 이병근 I 2024-11-25 N/R 다양한 동력원의 공존, 성장기회 확대 상상인증권 유민기 I 2024-11-19 매수 추가수주 기대 LS증권 이병근 I 2024-11-18 N/R 아쉬운 일회성 요인 NH투자증권 황지현,손세훈 I 2024-11-14 N/R NDR 후기: 다음 안내까지 직진입니다 한국투자증권 김창호,최건 I 2024-09-12 N/R 회사소개 및 주요 사업현황 해당기업 IR팀 I 2024-09-11 N/R 회사소개 및 주요 사업현황 해당기업 IR팀 I 2024-09-10 N/R 현대차 28년 HEV 판매량 예상치 40% Up!! 캐니스터"
123410::2024,123410,코리아에프티,PRIMARY_INDEX_AVAILABLE,EQUITY_PRIMARY_NO_ACTION,200,https://m.irgo.co.kr/IR-COMP/123410,2024-11-25,,"없고 LS증권 이병근 I 2025-05-28 N/R 산업 트렌드가 유리한 방향으로 진행 하나증권 송선재,강민아 I 2025-05-28 N/R 회사소개 및 주요 사업현황 해당기업 IR팀 I 2025-05-22 N/R HEV/EREV 신차 출시 효과 수혜 지속 DB금융투자 남주신 I 2025-03-24 N/R 회사소개 및 주요 사업현황 해당기업 IR팀 I 2025-03-13 매수 하이브리드 최대 수혜주 LS증권 이병근 I 2024-11-25 N/R 다양한 동력원의 공존, 성장기회 확대 상상인증권 유민기 I 2024-11-19 매수 추가수주 기대 LS증권 이병근 I 2024-11-18 N/R 아쉬운 일회성 요인 NH투자증권 황지현,손세훈 I 2024-11-14 N/R NDR 후기: 다음 안내까지 직진입니다 한국투자증권 김창호,최건 I 2024-09-12 N/R 회사소개 및 주요 사업현황 해당기업 IR팀 I 2024-09-11 N/R 회사소개 및 주요 사업현황 해당기업 I"
123410::2024,123410,코리아에프티,PRIMARY_INDEX_AVAILABLE,EQUITY_PRIMARY_NO_ACTION,200,https://m.irgo.co.kr/IR-COMP/123410,2024-11-25,,"해당기업 IR팀 I 2025-05-22 N/R HEV/EREV 신차 출시 효과 수혜 지속 DB금융투자 남주신 I 2025-03-24 N/R 회사소개 및 주요 사업현황 해당기업 IR팀 I 2025-03-13 매수 하이브리드 최대 수혜주 LS증권 이병근 I 2024-11-25 N/R 다양한 동력원의 공존, 성장기회 확대 상상인증권 유민기 I 2024-11-19 매수 추가수주 기대 LS증권 이병근 I 2024-11-18 N/R 아쉬운 일회성 요인 NH투자증권 황지현,손세훈 I 2024-11-14 N/R NDR 후기: 다음 안내까지 직진입니다 한국투자증권 김창호,최건 I 2024-09-12 N/R 회사소개 및 주요 사업현황 해당기업 IR팀 I 2024-09-11 N/R 회사소개 및 주요 사업현황 해당기업 IR팀 I 2024-09-10 N/R 현대차 28년 HEV 판매량 예상치 40% Up!! 캐니스터도 Up!! SK증권 윤혁진,박준형 I 2024-09-04 N/R 실적과"
123410::2024,123410,코리아에프티,PRIMARY_INDEX_AVAILABLE,EQUITY_PRIMARY_NO_ACTION,200,https://m.irgo.co.kr/IR-COMP/123410,2024-11-25,,"효과 수혜 지속 DB금융투자 남주신 I 2025-03-24 N/R 회사소개 및 주요 사업현황 해당기업 IR팀 I 2025-03-13 매수 하이브리드 최대 수혜주 LS증권 이병근 I 2024-11-25 N/R 다양한 동력원의 공존, 성장기회 확대 상상인증권 유민기 I 2024-11-19 매수 추가수주 기대 LS증권 이병근 I 2024-11-18 N/R 아쉬운 일회성 요인 NH투자증권 황지현,손세훈 I 2024-11-14 N/R NDR 후기: 다음 안내까지 직진입니다 한국투자증권 김창호,최건 I 2024-09-12 N/R 회사소개 및 주요 사업현황 해당기업 IR팀 I 2024-09-11 N/R 회사소개 및 주요 사업현황 해당기업 IR팀 I 2024-09-10 N/R 현대차 28년 HEV 판매량 예상치 40% Up!! 캐니스터도 Up!! SK증권 윤혁진,박준형 I 2024-09-04 N/R 실적과 방향성 모두 잡은 캐니스터 키움증권 김학준,조재원 I 2024-09-04"
126720::2024,126720,수산인더스트리,SECONDARY_SUMMARY_ONLY,EQUITY_PRIMARY_NONMAPPABLE,200,https://m.irgo.co.kr/IR-COMP/126720,2024-10-30,,"소에 따른 이익 감소 전망 신영증권 권덕민 I 2024-10-30 N/R 빅테크 기업들의 SMR 투자 확대에 따른 국내 SMR 관련 기업 가치 상승 기대 KB증권 김현겸 I 2024-10-18 N/R 회사소개 및 주요 경영현황 해당기업 IR팀 I 2024-08-21 매수 사업다각화는-ing 신영증권 권덕민 I 2024-05-20 N/R 안정성에 더해지는 모멘텀 키움증권 김학준 I 2024-05-08 N/R 원자력 정비 1위 + 발전소 운영 대신증권 박장욱 I 2024-04-15 매수 원자력발전소 전 생애주기로 사업 확대 DS투자증권 조대형 I 2024-04-03 N/R 우호적인 시장 환경 속에 성장성이 부각받을 시기 KB증권 김현겸 I 2024-03-20 N/R 견조한 수주 흐름 지속 삼성증권 김영호,이가영 I 2023-12-08 매수 민간업체 중에는 원전 O/H 공사의 선두주자 신영증권 권덕민 I 2023-11-23 매수 발전소 건설과 운영, 정비까지 가능한 올라"
126720::2024,126720,수산인더스트리,SECONDARY_SUMMARY_ONLY,EQUITY_PRIMARY_NONMAPPABLE,200,https://m.irgo.co.kr/IR-COMP/126720,2024-11-07,,"매수 국내 1위 민영 원전 정비기업 교보증권 김민철 I 2024-11-07 매수 O/H공사 감소에 따른 이익 감소 전망 신영증권 권덕민 I 2024-10-30 N/R 빅테크 기업들의 SMR 투자 확대에 따른 국내 SMR 관련 기업 가치 상승 기대 KB증권 김현겸 I 2024-10-18 N/R 회사소개 및 주요 경영현황 해당기업 IR팀 I 2024-08-21 매수 사업다각화는-ing 신영증권 권덕민 I 2024-05-20 N/R 안정성에 더해지는 모멘텀 키움증권 김학준 I 2024-05-08 N/R 원자력 정비 1위 + 발전소 운영 대신증권 박장욱 I 2024-04-15 매수 원자력발전소 전 생애주기로 사업 확대 DS투자증권 조대형 I 2024-04-03 N/R 우호적인 시장 환경 속에 성장성이 부각받을 시기 KB증권 김현겸 I 2024-03-20 N/R 견조한 수주 흐름 지속 삼성증권 김영호,이가영 I 2023-12-08 매수 민간업체 중에는 원전 O/H 공사의"
126720::2024,126720,수산인더스트리,SECONDARY_SUMMARY_ONLY,EQUITY_PRIMARY_NONMAPPABLE,200,https://m.irgo.co.kr/IR-COMP/126720,2024-11-14,,"R 단언컨데 가장 싼 원전(SMR)주 신한투자증권 최승환,이병화 I 2024-11-14 매수 국내 1위 민영 원전 정비기업 교보증권 김민철 I 2024-11-07 매수 O/H공사 감소에 따른 이익 감소 전망 신영증권 권덕민 I 2024-10-30 N/R 빅테크 기업들의 SMR 투자 확대에 따른 국내 SMR 관련 기업 가치 상승 기대 KB증권 김현겸 I 2024-10-18 N/R 회사소개 및 주요 경영현황 해당기업 IR팀 I 2024-08-21 매수 사업다각화는-ing 신영증권 권덕민 I 2024-05-20 N/R 안정성에 더해지는 모멘텀 키움증권 김학준 I 2024-05-08 N/R 원자력 정비 1위 + 발전소 운영 대신증권 박장욱 I 2024-04-15 매수 원자력발전소 전 생애주기로 사업 확대 DS투자증권 조대형 I 2024-04-03 N/R 우호적인 시장 환경 속에 성장성이 부각받을 시기 KB증권 김현겸 I 2024-03-20 N/R 견조한 수주 흐름 지속 삼"
126720::2024,126720,수산인더스트리,SECONDARY_SUMMARY_ONLY,EQUITY_PRIMARY_NONMAPPABLE,200,https://m.irgo.co.kr/IR-COMP/126720,2024-11-19,,"7 매수 악재에 악재가 겹쳐진 3분기 신영증권 권덕민 I 2024-11-19 N/R 단언컨데 가장 싼 원전(SMR)주 신한투자증권 최승환,이병화 I 2024-11-14 매수 국내 1위 민영 원전 정비기업 교보증권 김민철 I 2024-11-07 매수 O/H공사 감소에 따른 이익 감소 전망 신영증권 권덕민 I 2024-10-30 N/R 빅테크 기업들의 SMR 투자 확대에 따른 국내 SMR 관련 기업 가치 상승 기대 KB증권 김현겸 I 2024-10-18 N/R 회사소개 및 주요 경영현황 해당기업 IR팀 I 2024-08-21 매수 사업다각화는-ing 신영증권 권덕민 I 2024-05-20 N/R 안정성에 더해지는 모멘텀 키움증권 김학준 I 2024-05-08 N/R 원자력 정비 1위 + 발전소 운영 대신증권 박장욱 I 2024-04-15 매수 원자력발전소 전 생애주기로 사업 확대 DS투자증권 조대형 I 2024-04-03 N/R 우호적인 시장 환경 속에 성장성이 부각받"
126720::2024,126720,수산인더스트리,SECONDARY_SUMMARY_ONLY,EQUITY_PRIMARY_NONMAPPABLE,200,https://m.irgo.co.kr/IR-COMP/126720,2024-11-27,,"10 매수 여전한 저평가 DS투자증권 조대형,김진형 I 2024-11-27 매수 악재에 악재가 겹쳐진 3분기 신영증권 권덕민 I 2024-11-19 N/R 단언컨데 가장 싼 원전(SMR)주 신한투자증권 최승환,이병화 I 2024-11-14 매수 국내 1위 민영 원전 정비기업 교보증권 김민철 I 2024-11-07 매수 O/H공사 감소에 따른 이익 감소 전망 신영증권 권덕민 I 2024-10-30 N/R 빅테크 기업들의 SMR 투자 확대에 따른 국내 SMR 관련 기업 가치 상승 기대 KB증권 김현겸 I 2024-10-18 N/R 회사소개 및 주요 경영현황 해당기업 IR팀 I 2024-08-21 매수 사업다각화는-ing 신영증권 권덕민 I 2024-05-20 N/R 안정성에 더해지는 모멘텀 키움증권 김학준 I 2024-05-08 N/R 원자력 정비 1위 + 발전소 운영 대신증권 박장욱 I 2024-04-15 매수 원자력발전소 전 생애주기로 사업 확대 DS투자증권 조대형"
126720::2024,126720,수산인더스트리,SECONDARY_SUMMARY_ONLY,EQUITY_PRIMARY_NONMAPPABLE,200,https://m.irgo.co.kr/IR-COMP/126720,2024-12-10,,"03 매수 4분기 영업이익 감소 전망 신영증권 권덕민 I 2025-01-15 매수 아쉬움 속 회복 기대 교보증권 김민철 I 2024-12-10 매수 여전한 저평가 DS투자증권 조대형,김진형 I 2024-11-27 매수 악재에 악재가 겹쳐진 3분기 신영증권 권덕민 I 2024-11-19 N/R 단언컨데 가장 싼 원전(SMR)주 신한투자증권 최승환,이병화 I 2024-11-14 매수 국내 1위 민영 원전 정비기업 교보증권 김민철 I 2024-11-07 매수 O/H공사 감소에 따른 이익 감소 전망 신영증권 권덕민 I 2024-10-30 N/R 빅테크 기업들의 SMR 투자 확대에 따른 국내 SMR 관련 기업 가치 상승 기대 KB증권 김현겸 I 2024-10-18 N/R 회사소개 및 주요 경영현황 해당기업 IR팀 I 2024-08-21 매수 사업다각화는-ing 신영증권 권덕민 I 2024-05-20 N/R 안정성에 더해지는 모멘텀 키움증권 김학준 I 2024-05-08 N/"
126720::2024,126720,수산인더스트리,SECONDARY_SUMMARY_ONLY,EQUITY_PRIMARY_NONMAPPABLE,200,https://m.irgo.co.kr/IR-COMP/126720,2024-12-10,,"5 매수 아쉬움 속 회복 기대 교보증권 김민철 I 2024-12-10 매수 여전한 저평가 DS투자증권 조대형,김진형 I 2024-11-27 매수 악재에 악재가 겹쳐진 3분기 신영증권 권덕민 I 2024-11-19 N/R 단언컨데 가장 싼 원전(SMR)주 신한투자증권 최승환,이병화 I 2024-11-14 매수 국내 1위 민영 원전 정비기업 교보증권 김민철 I 2024-11-07 매수 O/H공사 감소에 따른 이익 감소 전망 신영증권 권덕민 I 2024-10-30 N/R 빅테크 기업들의 SMR 투자 확대에 따른 국내 SMR 관련 기업 가치 상승 기대 KB증권 김현겸 I 2024-10-18 N/R 회사소개 및 주요 경영현황 해당기업 IR팀 I 2024-08-21 매수 사업다각화는-ing 신영증권 권덕민 I 2024-05-20 N/R 안정성에 더해지는 모멘텀 키움증권 김학준 I 2024-05-08 N/R 원자력 정비 1위 + 발전소 운영 대신증권 박장욱 I 2024-04-1"
126720::2024,126720,수산인더스트리,SECONDARY_SUMMARY_ONLY,EQUITY_PRIMARY_NONMAPPABLE,200,https://m.irgo.co.kr/IR-COMP/126720,2024-12-10,,"김진형 I 2025-05-22 N/R “해외”레퍼런스 보유한 “1위“ 민간 원전 정비 업체 유안타증권 백종민 I 2025-04-03 매수 4분기 영업이익 감소 전망 신영증권 권덕민 I 2025-01-15 매수 아쉬움 속 회복 기대 교보증권 김민철 I 2024-12-10 매수 여전한 저평가 DS투자증권 조대형,김진형 I 2024-11-27 매수 악재에 악재가 겹쳐진 3분기 신영증권 권덕민 I 2024-11-19 N/R 단언컨데 가장 싼 원전(SMR)주 신한투자증권 최승환,이병화 I 2024-11-14 매수 국내 1위 민영 원전 정비기업 교보증권 김민철 I 2024-11-07 매수 O/H공사 감소에 따른 이익 감소 전망 신영증권 권덕민 I 2024-10-30 N/R 빅테크 기업들의 SMR 투자 확대에 따른 국내 SMR 관련 기업 가치 상승 기대 KB증권 김현겸 I 2024-10-18 N/R 회사소개 및 주요 경영현황 해당기업 IR팀 I 2024-08-21 매수 사업다각"
126720::2024,126720,수산인더스트리,SECONDARY_SUMMARY_ONLY,EQUITY_PRIMARY_NONMAPPABLE,200,https://m.irgo.co.kr/IR-COMP/126720,2024-12-10,,"리포트 매수 원전 생태계 확대로 기대되는 수혜 DS투자증권 조대형 I 2026-05-27 매수 K-원전 확산 수혜의 초입 DS투자증권 조대형,김진형 I 2025-05-22 N/R “해외”레퍼런스 보유한 “1위“ 민간 원전 정비 업체 유안타증권 백종민 I 2025-04-03 매수 4분기 영업이익 감소 전망 신영증권 권덕민 I 2025-01-15 매수 아쉬움 속 회복 기대 교보증권 김민철 I 2024-12-10 매수 여전한 저평가 DS투자증권 조대형,김진형 I 2024-11-27 매수 악재에 악재가 겹쳐진 3분기 신영증권 권덕민 I 2024-11-19 N/R 단언컨데 가장 싼 원전(SMR)주 신한투자증권 최승환,이병화 I"
126720::2024,126720,수산인더스트리,SECONDARY_SUMMARY_ONLY,EQUITY_PRIMARY_NONMAPPABLE,200,https://m.irgo.co.kr/IR-COMP/126720,2024-12-10,,"리포트 매수 원전 생태계 확대로 기대되는 수혜 DS투자증권 조대형 I 2026-05-27 매수 K-원전 확산 수혜의 초입 DS투자증권 조대형,김진형 I 2025-05-22 N/R “해외”레퍼런스 보유한 “1위“ 민간 원전 정비 업체 유안타증권 백종민 I 2025-04-03 매수 4분기 영업이익 감소 전망 신영증권 권덕민 I 2025-01-15 매수 아쉬움 속 회복 기대 교보증권 김민철 I 2024-12-10 매수 여전한 저평가 DS투자증권 조대형,김진형 I 2024-11-27 매수 악재에 악재가 겹쳐진 3분기 신영증권 권덕민 I 2024-11-19 N/R 단언컨데 가장 싼 원전(SMR)주 신한투자증권 최승환,이병화 I 2024-11-14 매수 국내 1위 민영 원전 정비기업 교보증권 김민"
126720::2024,126720,수산인더스트리,SECONDARY_SUMMARY_ONLY,EQUITY_PRIMARY_NONMAPPABLE,200,https://m.irgo.co.kr/IR-COMP/126720,2024-12-10,,"리포트 매수 원전 생태계 확대로 기대되는 수혜 DS투자증권 조대형 I 2026-05-27 매수 K-원전 확산 수혜의 초입 DS투자증권 조대형,김진형 I 2025-05-22 N/R “해외”레퍼런스 보유한 “1위“ 민간 원전 정비 업체 유안타증권 백종민 I 2025-04-03 매수 4분기 영업이익 감소 전망 신영증권 권덕민 I 2025-01-15 매수 아쉬움 속 회복 기대 교보증권 김민철 I 2024-12-10 매수 여전한 저평가 DS투자증권 조대형,김진형 I 2024-11-27 매수 악재에 악재가 겹쳐진 3분기 신영증권 권덕민 I 2024-11-19 N/R 단언컨데 가장 싼 원전(SMR)주 신한투자증권 최승환,이병화 I 2024-11-14 매수 국내 1위 민영 원전 정비기업 교보증권 김민철 I 2024-11-07 매수 O/H공사 감소에 따른 이익 감소 전망 신"
126720::2024,126720,수산인더스트리,SECONDARY_SUMMARY_ONLY,EQUITY_PRIMARY_NONMAPPABLE,200,https://m.irgo.co.kr/IR-COMP/126720,2024-12-10,,"리포트 매수 원전 생태계 확대로 기대되는 수혜 DS투자증권 조대형 I 2026-05-27 매수 K-원전 확산 수혜의 초입 DS투자증권 조대형,김진형 I 2025-05-22 N/R “해외”레퍼런스 보유한 “1위“ 민간 원전 정비 업체 유안타증권 백종민 I 2025-04-03 매수 4분기 영업이익 감소 전망 신영증권 권덕민 I 2025-01-15 매수 아쉬움 속 회복 기대 교보증권 김민철 I 2024-12-10 매수 여전한 저평가 DS투자증권 조대형,김진형 I 2024-11-27 매수 악재에 악재가 겹쳐진 3분기 신영증권 권덕민 I 2024-11-19 N/R 단언컨데 가장 싼 원전(SMR)주 신한투자증권 최승환,이병화 I 2024-11-14 매수 국내 1위 민영 원전 정비기업 교보증권 김민철 I 2024-11-07 매수 O/H공사 감소에 따른 이익 감소 전망 신영증권 권덕민 I 2024-10-30 N/R 빅테크 기업들의 SMR 투자 확대에 따른 국내"
126720::2024,126720,수산인더스트리,SECONDARY_SUMMARY_ONLY,EQUITY_PRIMARY_NONMAPPABLE,200,https://m.irgo.co.kr/IR-COMP/126720,2024-12-10,,"조대형 I 2026-05-27 매수 K-원전 확산 수혜의 초입 DS투자증권 조대형,김진형 I 2025-05-22 N/R “해외”레퍼런스 보유한 “1위“ 민간 원전 정비 업체 유안타증권 백종민 I 2025-04-03 매수 4분기 영업이익 감소 전망 신영증권 권덕민 I 2025-01-15 매수 아쉬움 속 회복 기대 교보증권 김민철 I 2024-12-10 매수 여전한 저평가 DS투자증권 조대형,김진형 I 2024-11-27 매수 악재에 악재가 겹쳐진 3분기 신영증권 권덕민 I 2024-11-19 N/R 단언컨데 가장 싼 원전(SMR)주 신한투자증권 최승환,이병화 I 2024-11-14 매수 국내 1위 민영 원전 정비기업 교보증권 김민철 I 2024-11-07 매수 O/H공사 감소에 따른 이익 감소 전망 신영증권 권덕민 I 2024-10-30 N/R 빅테크 기업들의 SMR 투자 확대에 따른 국내 SMR 관련 기업 가치 상승 기대 KB증권 김현겸 I 2024-10-18 N"
126730::2024,126730,코칩,PRIMARY_INDEX_AVAILABLE,EQUITY_PRIMARY_INDEX_NO_ACTION,200,https://m.irgo.co.kr/IR-COMP/126730,2024-07-30,,"N/R AIDC의 전력 안정성에 기여하게 될 것 한국투자증권 윤철환 I 2026-09-29 N/R 구조적 성장의 초입 한국투자증권 윤철환 I 2026-08-20 N/R IPO 기업 업데이트: 실적 정상화 개시 한국투자증권 윤철환 I 2026-04-30 N/R IPO 기업 업데이트: 본업 선방 중 한국투자증권 윤철환 I 2025-10-15 N/R 실적 정상화 전망 한국투자증권 윤철환,이재성 I 2025-03-28 N/R 힘을 내요 슈퍼파월 한국투자증권 윤철환,박정인 I 2024-07-30 N/R (3D) 이차전지, 초소형의 시대로 상상인증권 이종원 I 2024-05-09 N/R 확장이 기대되는 초소형 커패시터 전문성 SK증권 박제민 I 2024-05-08 더보기"
126730::2024,126730,코칩,PRIMARY_INDEX_AVAILABLE,EQUITY_PRIMARY_INDEX_NO_ACTION,200,https://m.irgo.co.kr/IR-COMP/126730,2024-07-30,,"리포트 N/R AIDC의 전력 안정성에 기여하게 될 것 한국투자증권 윤철환 I 2026-09-29 N/R 구조적 성장의 초입 한국투자증권 윤철환 I 2026-08-20 N/R IPO 기업 업데이트: 실적 정상화 개시 한국투자증권 윤철환 I 2026-04-30 N/R IPO 기업 업데이트: 본업 선방 중 한국투자증권 윤철환 I 2025-10-15 N/R 실적 정상화 전망 한국투자증권 윤철환,이재성 I 2025-03-28 N/R 힘을 내요 슈퍼파월 한국투자증권 윤철환,박정인 I 2024-07-30 N/R (3D) 이차전지, 초소형의 시대로 상상인증권 이종원 I 2024-05-09 N/R 확장이 기대되는 초소형 커패시터 전문성 SK증권 박제민 I 2024-05-08 더보기"
131030::2024,131030,옵투스제약,PRIMARY_INDEX_AVAILABLE,OTHER_EXPERT_PRIMARY_NONMAPPABLE,200,https://m.irgo.co.kr/IR-COMP/131030,2024-06-20,,"리포트 N/R 회사소개 및 주요 사업현황 해당기업 IR팀 I 2024-06-20 N/R 약가 인하로 영업이익 타격 우려 이베스트투자증권 이나경,정홍식 I 2021-01-05 N/R 안구건조증 환자 증가세에 점안제 수요 확대 지속 유안타증권 강동근 I 2020-03-30 N/R 1회용 점안제 생"
131290::2024,131290,티에스이,PRIMARY_INDEX_AVAILABLE,EQUITY_PRIMARY_INDEX_NO_ACTION,200,https://m.irgo.co.kr/IR-COMP/131290,2024-08-16,,"매수 실적 서프라이즈로 확인된 방향성 대신증권 신석환 I 2024-08-16 매수 25년 신제품 공급 기대감 유효 대신증권 신석환 I 2024-06-14 N/R NDR 후기: HBM 테스트 시장 진입 기대 상상인증권 정민규 I 2024-05-23 매수 24년 정상화 구간, 25년 신제품 양산 기대 대신증권 신석환 I 2024-04-02 매수 실적, 반등 그리고 충분한 모멘텀 신한투자증권 오강호 I 2024-03-25 N/R 4Q23 Review: 늦어지는 업황 회복, 모멘텀은 유효하다 KB증권 유우형 I 2024-02-27 매수 좋아질 일만 남았다 KB증권 유우형 I 2024-01-11 N/R 현황 업데이트 이베스트투자증권 정홍식 I 2024-01-11 매수 회복이 보인다 신한투자증권 오강호,박윤 I 2023-10-11 N/R 사업영역 & 고객선 확대 진행 중 이베스트투자증권 정홍식 I 2023-09-26 N/R Probe Card & Test Socket 이베스"
131290::2024,131290,티에스이,PRIMARY_INDEX_AVAILABLE,EQUITY_PRIMARY_INDEX_NO_ACTION,200,https://m.irgo.co.kr/IR-COMP/131290,2024-08-27,,"단이 열린 업사이드 스토리 신한투자증권 오강호 I 2024-08-27 매수 실적 서프라이즈로 확인된 방향성 대신증권 신석환 I 2024-08-16 매수 25년 신제품 공급 기대감 유효 대신증권 신석환 I 2024-06-14 N/R NDR 후기: HBM 테스트 시장 진입 기대 상상인증권 정민규 I 2024-05-23 매수 24년 정상화 구간, 25년 신제품 양산 기대 대신증권 신석환 I 2024-04-02 매수 실적, 반등 그리고 충분한 모멘텀 신한투자증권 오강호 I 2024-03-25 N/R 4Q23 Review: 늦어지는 업황 회복, 모멘텀은 유효하다 KB증권 유우형 I 2024-02-27 매수 좋아질 일만 남았다 KB증권 유우형 I 2024-01-11 N/R 현황 업데이트 이베스트투자증권 정홍식 I 2024-01-11 매수 회복이 보인다 신한투자증권 오강호,박윤 I 2023-10-11 N/R 사업영역 & 고객선 확대 진행 중 이베스트투자증권 정홍식 I 2023-"
131290::2024,131290,티에스이,PRIMARY_INDEX_AVAILABLE,EQUITY_PRIMARY_INDEX_NO_ACTION,200,https://m.irgo.co.kr/IR-COMP/131290,2024-08-30,,"및 주요 사업현황 해당기업 IR팀 I 2024-08-30 매수 상단이 열린 업사이드 스토리 신한투자증권 오강호 I 2024-08-27 매수 실적 서프라이즈로 확인된 방향성 대신증권 신석환 I 2024-08-16 매수 25년 신제품 공급 기대감 유효 대신증권 신석환 I 2024-06-14 N/R NDR 후기: HBM 테스트 시장 진입 기대 상상인증권 정민규 I 2024-05-23 매수 24년 정상화 구간, 25년 신제품 양산 기대 대신증권 신석환 I 2024-04-02 매수 실적, 반등 그리고 충분한 모멘텀 신한투자증권 오강호 I 2024-03-25 N/R 4Q23 Review: 늦어지는 업황 회복, 모멘텀은 유효하다 KB증권 유우형 I 2024-02-27 매수 좋아질 일만 남았다 KB증권 유우형 I 2024-01-11 N/R 현황 업데이트 이베스트투자증권 정홍식 I 2024-01-11 매수 회복이 보인다 신한투자증권 오강호,박윤 I 2023-10-11 N/R 사업영"
131290::2024,131290,티에스이,PRIMARY_INDEX_AVAILABLE,EQUITY_PRIMARY_INDEX_NO_ACTION,200,https://m.irgo.co.kr/IR-COMP/131290,2024-09-25,,"4-09-26 N/R 프로브카드 본격적인 회복 기대감 LS증권 정홍식 I 2024-09-25 N/R 회사소개 및 주요 사업현황 해당기업 IR팀 I 2024-08-30 매수 상단이 열린 업사이드 스토리 신한투자증권 오강호 I 2024-08-27 매수 실적 서프라이즈로 확인된 방향성 대신증권 신석환 I 2024-08-16 매수 25년 신제품 공급 기대감 유효 대신증권 신석환 I 2024-06-14 N/R NDR 후기: HBM 테스트 시장 진입 기대 상상인증권 정민규 I 2024-05-23 매수 24년 정상화 구간, 25년 신제품 양산 기대 대신증권 신석환 I 2024-04-02 매수 실적, 반등 그리고 충분한 모멘텀 신한투자증권 오강호 I 2024-03-25 N/R 4Q23 Review: 늦어지는 업황 회복, 모멘텀은 유효하다 KB증권 유우형 I 2024-02-27 매수 좋아질 일만 남았다 KB증권 유우형 I 2024-01-11 N/R 현황 업데이트 이베스트투자증권 정"
131290::2024,131290,티에스이,PRIMARY_INDEX_AVAILABLE,EQUITY_PRIMARY_INDEX_NO_ACTION,200,https://m.irgo.co.kr/IR-COMP/131290,2024-11-14,,"024-11-15 매수 목표주가 75,000원, 투자의견 ‘매수’ 유지 신한투자증권 오강호,서지범 I 2024-11-14 매수 조연에서 주연으로 신한투자증권 오강호 I 2024-09-26 N/R 프로브카드 본격적인 회복 기대감 LS증권 정홍식 I 2024-09-25 N/R 회사소개 및 주요 사업현황 해당기업 IR팀 I 2024-08-30 매수 상단이 열린 업사이드 스토리 신한투자증권 오강호 I 2024-08-27 매수 실적 서프라이즈로 확인된 방향성 대신증권 신석환 I 2024-08-16 매수 25년 신제품 공급 기대감 유효 대신증권 신석환 I 2024-06-14 N/R NDR 후기: HBM 테스트 시장 진입 기대 상상인증권 정민규 I 2024-05-23 매수 24년 정상화 구간, 25년 신제품 양산 기대 대신증권 신석환 I 2024-04-02 매수 실적, 반등 그리고 충분한 모멘텀 신한투자증권 오강호 I 2024-03-25 N/R 4Q23 Review: 늦어지는"
131290::2024,131290,티에스이,PRIMARY_INDEX_AVAILABLE,EQUITY_PRIMARY_INDEX_NO_ACTION,200,https://m.irgo.co.kr/IR-COMP/131290,2024-11-14,,"서지범 I 2024-11-14 매수 조연에서 주연으로 신한투자증권 오강호 I 2024-09-26 N/R 프로브카드 본격적인 회복 기대감 LS증권 정홍식 I 2024-09-25 N/R 회사소개 및 주요 사업현황 해당기업 IR팀 I 2024-08-30 매수 상단이 열린 업사이드 스토리 신한투자증권 오강호 I 2024-08-27 매수 실적 서프라이즈로 확인된 방향성 대신증권 신석환 I 2024-08-16 매수 25년 신제품 공급 기대감 유효 대신증권 신석환 I 2024-06-14 N/R NDR 후기: HBM 테스트 시장 진입 기대 상상인증권 정민규 I 2024-05-23 매수 24년 정상화 구간, 25년 신제품 양산 기대 대신증권 신석환 I 2024-04-02 매수 실적, 반등 그리고 충분한 모멘텀 신한투자증권 오강호 I 2024-03-25 N/R 4Q23 Review: 늦어지는 업황 회복, 모멘텀은 유효하다 KB증권 유우형 I 2024-02-27 매수 좋아질 일만 남았"
131290::2024,131290,티에스이,PRIMARY_INDEX_AVAILABLE,EQUITY_PRIMARY_INDEX_NO_ACTION,200,https://m.irgo.co.kr/IR-COMP/131290,2024-11-26,,"05-16 N/R Probe Card 사업에서 성장 흐름 유지 LS증권 정홍식 I 2025-04-29 매수 호실적보다 2025년에 주목 신한투자증권 오강호,서지범 I 2025-02-25 N/R 2025년 업데이트 LS증권 정홍식 I 2025-01-14 매수 업그레이드 완료 신한투자증권 오강호,서지범 I 2024-11-26 매수 3Q24: 프로브카드와 디스플레이 장비의 성장 대신증권 신석환 I 2024-11-15 매수 목표주가 75,000원, 투자의견 ‘매수’ 유지 신한투자증권 오강호,서지범 I 2024-11-14 매수 조연에서 주연으로 신한투자증권 오강호 I 2024-09-26 N/R 프로브카드 본격적인 회복 기대감 LS증권 정홍식 I 2024-09-25 N/R 회사소개 및 주요 사업현황 해당기업 IR팀 I 2024-08-30 매수 상단이 열린 업사이드 스토리 신한투자증권 오강호 I 2024-08-27 매수 실적 서프라이즈로 확인된 방향성 대신증권 신석환 I 202"
131290::2024,131290,티에스이,PRIMARY_INDEX_AVAILABLE,EQUITY_PRIMARY_INDEX_NO_ACTION,200,https://m.irgo.co.kr/IR-COMP/131290,2024-11-26,,"2024-11-26 매수 3Q24: 프로브카드와 디스플레이 장비의 성장 대신증권 신석환 I 2024-11-15 매수 목표주가 75,000원, 투자의견 ‘매수’ 유지 신한투자증권 오강호,서지범 I 2024-11-14 매수 조연에서 주연으로 신한투자증권 오강호 I 2024-09-26 N/R 프로브카드 본격적인 회복 기대감 LS증권 정홍식 I 2024-09-25 N/R 회사소개 및 주요 사업현황 해당기업 IR팀 I 2024-08-30 매수 상단이 열린 업사이드 스토리 신한투자증권 오강호 I 2024-08-27 매수 실적 서프라이즈로 확인된 방향성 대신증권 신석환 I 2024-08-16 매수 25년 신제품 공급 기대감 유효 대신증권 신석환 I 2024-06-14 N/R NDR 후기: HBM 테스트 시장 진입 기대 상상인증권 정민규 I 2024-05-23 매수 24년 정상화 구간, 25년 신제품 양산 기대 대신증권 신석환 I 2024-04-02 매수 실적, 반등 그리고 충분"
131290::2024,131290,티에스이,PRIMARY_INDEX_AVAILABLE,EQUITY_PRIMARY_INDEX_NO_ACTION,200,https://m.irgo.co.kr/IR-COMP/131290,2024-11-26,,"2025-08-28 매수 새로움이 필요할 때 신한투자증권 오강호,서지범 I 2025-08-19 N/R ProbeCard 추세적인 성장성 LS증권 정홍식 I 2025-07-25 매수 아쉬운 실적에도 방향성 유지 신한투자증권 오강호,서지범 I 2025-05-16 N/R Probe Card 사업에서 성장 흐름 유지 LS증권 정홍식 I 2025-04-29 매수 호실적보다 2025년에 주목 신한투자증권 오강호,서지범 I 2025-02-25 N/R 2025년 업데이트 LS증권 정홍식 I 2025-01-14 매수 업그레이드 완료 신한투자증권 오강호,서지범 I 2024-11-26 매수 3Q24: 프로브카드와 디스플레이 장비의 성장 대신증권 신석환 I 2024-11-15 매수 목표주가 75,000원, 투자의견 ‘매수’ 유지 신한투자증권 오강호,서지범 I 2024-11-14 매수 조연에서 주연으로 신한투자증권 오강호 I 2024-09-26 N/R 프로브카드 본격적인 회복 기대감 LS"
131290::2024,131290,티에스이,PRIMARY_INDEX_AVAILABLE,EQUITY_PRIMARY_INDEX_NO_ACTION,200,https://m.irgo.co.kr/IR-COMP/131290,2024-11-26,,"25 매수 아쉬운 실적에도 방향성 유지 신한투자증권 오강호,서지범 I 2025-05-16 N/R Probe Card 사업에서 성장 흐름 유지 LS증권 정홍식 I 2025-04-29 매수 호실적보다 2025년에 주목 신한투자증권 오강호,서지범 I 2025-02-25 N/R 2025년 업데이트 LS증권 정홍식 I 2025-01-14 매수 업그레이드 완료 신한투자증권 오강호,서지범 I 2024-11-26 매수 3Q24: 프로브카드와 디스플레이 장비의 성장 대신증권 신석환 I 2024-11-15 매수 목표주가 75,000원, 투자의견 ‘매수’ 유지 신한투자증권 오강호,서지범 I 2024-11-14 매수 조연에서 주연으로 신한투자증권 오강호 I 2024-09-26 N/R 프로브카드 본격적인 회복 기대감 LS증권 정홍식 I 2024-09-25 N/R 회사소개 및 주요 사업현황 해당기업 IR팀 I 2024-08-30 매수 상단이 열린 업사이드 스토리 신한투자증권 오강호 I 20"
131290::2024,131290,티에스이,PRIMARY_INDEX_AVAILABLE,EQUITY_PRIMARY_INDEX_NO_ACTION,200,https://m.irgo.co.kr/IR-COMP/131290,2024-11-26,,"I 2025-01-14 매수 업그레이드 완료 신한투자증권 오강호,서지범 I 2024-11-26 매수 3Q24: 프로브카드와 디스플레이 장비의 성장 대신증권 신석환 I 2024-11-15 매수 목표주가 75,000원, 투자의견 ‘매수’ 유지 신한투자증권 오강호,서지범 I 2024-11-14 매수 조연에서 주연으로 신한투자증권 오강호 I 2024-09-26 N/R 프로브카드 본격적인 회복 기대감 LS증권 정홍식 I 2024-09-25 N/R 회사소개 및 주요 사업현황 해당기업 IR팀 I 2024-08-30 매수 상단이 열린 업사이드 스토리 신한투자증권 오강호 I 2024-08-27 매수 실적 서프라이즈로 확인된 방향성 대신증권 신석환 I 2024-08-16 매수 25년 신제품 공급 기대감 유효 대신증권 신석환 I 2024-06-14 N/R NDR 후기: HBM 테스트 시장 진입 기대 상상인증권 정민규 I 2024-05-23 매수 24년 정상화 구간, 25년 신제품 양"
131290::2024,131290,티에스이,PRIMARY_INDEX_AVAILABLE,EQUITY_PRIMARY_INDEX_NO_ACTION,200,https://m.irgo.co.kr/IR-COMP/131290,2024-11-26,,"robeCard 추세적인 성장성 LS증권 정홍식 I 2025-07-25 매수 아쉬운 실적에도 방향성 유지 신한투자증권 오강호,서지범 I 2025-05-16 N/R Probe Card 사업에서 성장 흐름 유지 LS증권 정홍식 I 2025-04-29 매수 호실적보다 2025년에 주목 신한투자증권 오강호,서지범 I 2025-02-25 N/R 2025년 업데이트 LS증권 정홍식 I 2025-01-14 매수 업그레이드 완료 신한투자증권 오강호,서지범 I 2024-11-26 매수 3Q24: 프로브카드와 디스플레이 장비의 성장 대신증권 신석환 I 2024-11-15 매수 목표주가 75,000원, 투자의견 ‘매수’ 유지 신한투자증권 오강호,서지범 I 2024-11-14 매수 조연에서 주연으로 신한투자증권 오강호 I 2024-09-26 N/R 프로브카드 본격적인 회복 기대감 LS증권 정홍식 I 2024-09-25 N/R 회사소개 및 주요 사업현황 해당기업 IR팀 I 2024-08-"
131290::2024,131290,티에스이,PRIMARY_INDEX_AVAILABLE,EQUITY_PRIMARY_INDEX_NO_ACTION,200,https://m.irgo.co.kr/IR-COMP/131290,2024-11-26,,"강호,서지범 I 2025-02-25 N/R 2025년 업데이트 LS증권 정홍식 I 2025-01-14 매수 업그레이드 완료 신한투자증권 오강호,서지범 I 2024-11-26 매수 3Q24: 프로브카드와 디스플레이 장비의 성장 대신증권 신석환 I 2024-11-15 매수 목표주가 75,000원, 투자의견 ‘매수’ 유지 신한투자증권 오강호,서지범 I 2024-11-14 매수 조연에서 주연으로 신한투자증권 오강호 I 2024-09-26 N/R 프로브카드 본격적인 회복 기대감 LS증권 정홍식 I 2024-09-25 N/R 회사소개 및 주요 사업현황 해당기업 IR팀 I 2024-08-30 매수 상단이 열린 업사이드 스토리 신한투자증권 오강호 I 2024-08-27 매수 실적 서프라이즈로 확인된 방향성 대신증권 신석환 I 2024-08-16 매수 25년 신제품 공급 기대감 유효 대신증권 신석환 I 2024-06-14 N/R NDR 후기: HBM 테스트 시장 진입 기대 상상인증"
131290::2024,131290,티에스이,PRIMARY_INDEX_AVAILABLE,EQUITY_PRIMARY_INDEX_NO_ACTION,200,https://m.irgo.co.kr/IR-COMP/131290,2024-11-26,,"나증권 김민경 I 2025-09-15 N/R 회사소개 및 주요 경영현황 해당기업 IR팀 I 2025-08-28 매수 새로움이 필요할 때 신한투자증권 오강호,서지범 I 2025-08-19 N/R ProbeCard 추세적인 성장성 LS증권 정홍식 I 2025-07-25 매수 아쉬운 실적에도 방향성 유지 신한투자증권 오강호,서지범 I 2025-05-16 N/R Probe Card 사업에서 성장 흐름 유지 LS증권 정홍식 I 2025-04-29 매수 호실적보다 2025년에 주목 신한투자증권 오강호,서지범 I 2025-02-25 N/R 2025년 업데이트 LS증권 정홍식 I 2025-01-14 매수 업그레이드 완료 신한투자증권 오강호,서지범 I 2024-11-26 매수 3Q24: 프로브카드와 디스플레이 장비의 성장 대신증권 신석환 I 2024-11-15 매수 목표주가 75,000원, 투자의견 ‘매수’ 유지 신한투자증권 오강호,서지범 I 2024-11-14 매수 조연에서 주연"
131290::2024,131290,티에스이,PRIMARY_INDEX_AVAILABLE,EQUITY_PRIMARY_INDEX_NO_ACTION,200,https://m.irgo.co.kr/IR-COMP/131290,2024-11-26,,"홍식 I 2025-04-29 매수 호실적보다 2025년에 주목 신한투자증권 오강호,서지범 I 2025-02-25 N/R 2025년 업데이트 LS증권 정홍식 I 2025-01-14 매수 업그레이드 완료 신한투자증권 오강호,서지범 I 2024-11-26 매수 3Q24: 프로브카드와 디스플레이 장비의 성장 대신증권 신석환 I 2024-11-15 매수 목표주가 75,000원, 투자의견 ‘매수’ 유지 신한투자증권 오강호,서지범 I 2024-11-14 매수 조연에서 주연으로 신한투자증권 오강호 I 2024-09-26 N/R 프로브카드 본격적인 회복 기대감 LS증권 정홍식 I 2024-09-25 N/R 회사소개 및 주요 사업현황 해당기업 IR팀 I 2024-08-30 매수 상단이 열린 업사이드 스토리 신한투자증권 오강호 I 2024-08-27 매수 실적 서프라이즈로 확인된 방향성 대신증권 신석환 I 2024-08-16 매수 25년 신제품 공급 기대감 유효 대신증권 신석환 I 2"
138080::2024,138080,오이솔루션,PRIMARY_INDEX_AVAILABLE,EQUITY_PRIMARY_NO_ACTION,200,https://m.irgo.co.kr/IR-COMP/138080,2024-11-06,,"-12 매수 2019년 이상의 주가 상승을 경험할 겁니다 하나증권 김홍식,이상훈 I 2026-03-04 매수 2026년은 실적과 주가 동반 상승의 원년이 될 겁니다 하나증권 김홍식,이상훈 I 2026-01-14 N/R 데이터센터로 향하는 초입 한양증권 이준석 I 2025-12-11 N/R 낙수효과(Trickle-down Effect) 메리츠증권 정지수 I 2025-09-12 N/R 턴어라운드 임박 신한투자증권 김아람 I 2025-08-26 N/R 회사소개 및 주요 경영현황 해당기업 IR팀 I 2025-06-16 N/R 광네트워크 확충 필수품 SK증권 나승두 I 2024-11-06 N/R 데이터센터 시장으로 진출? 신한투자증권 김아람 I 2024-04-09 N/R NDR 후기: 레이저 기반 사업 다각화 및 고객 다변화로 바닥 탈출 중 유진투자증권 박종선 I 2023-09-05 매수 글로벌 5G 투자에 따른 2023년 회복 기대 유진투자증권 박종선 I 2023-02-2"
138080::2024,138080,오이솔루션,PRIMARY_INDEX_AVAILABLE,EQUITY_PRIMARY_NO_ACTION,200,https://m.irgo.co.kr/IR-COMP/138080,2024-11-06,,"3-12 매수 내일 매수하면 늦습니다 하나증권 김홍식,이상훈 I 2026-03-12 매수 2019년 이상의 주가 상승을 경험할 겁니다 하나증권 김홍식,이상훈 I 2026-03-04 매수 2026년은 실적과 주가 동반 상승의 원년이 될 겁니다 하나증권 김홍식,이상훈 I 2026-01-14 N/R 데이터센터로 향하는 초입 한양증권 이준석 I 2025-12-11 N/R 낙수효과(Trickle-down Effect) 메리츠증권 정지수 I 2025-09-12 N/R 턴어라운드 임박 신한투자증권 김아람 I 2025-08-26 N/R 회사소개 및 주요 경영현황 해당기업 IR팀 I 2025-06-16 N/R 광네트워크 확충 필수품 SK증권 나승두 I 2024-11-06 N/R 데이터센터 시장으로 진출? 신한투자증권 김아람 I 2024-04-09 N/R NDR 후기: 레이저 기반 사업 다각화 및 고객 다변화로 바닥 탈출 중 유진투자증권 박종선 I 2023-09-05 매수 글로벌 5"
138490::2024,138490,코오롱ENP,PRIMARY_INDEX_AVAILABLE,SECONDARY_HUMAN_REPORT_NONMAPPABLE,200,https://m.irgo.co.kr/IR-COMP/138490,2024-11-25,,"5-08-26 매수 NDR 후기: 역대 두 번째 최대 실적 신한투자증권 이진명,김명주 I 2025-05-22 매수 NDR 후기: 견고한 실적, 필요한 관심 신한투자증권 이진명,김명주 I 2025-02-27 매수 NDR 후기: 흔들리지 않는 실적 신한투자증권 이진명,김명주 I 2024-11-25 매수 지속될 연간 증익 기조 신한투자증권 이진명 I 2024-08-28 매수 2Q24 영업이익 91억원(-13% QoQ) 전망 신한투자증권 이진명 I 2024-07-12 매수 NDR 후기: 수익성과 성장성을 한번에 신한투자증권 이진명 I 2024-05-22 매수 1Q24 영업이익 119억원(+63% QoQ)으로 호실적 전망 신한투자증권 이진명 I 2024-04-11 매수 선방한 실적, 기대되는 1분기 신한투자증권 이진명 I 2024-02-26 매수 NDR 후기: 내년에도 안정적인 실적 지속 신한투자증권 이진명 I 2023-12-01 매수 하반기도 안정적인 실적 흐름 지속 신한"
138490::2024,138490,코오롱ENP,PRIMARY_INDEX_AVAILABLE,SECONDARY_HUMAN_REPORT_NONMAPPABLE,200,https://m.irgo.co.kr/IR-COMP/138490,2024-11-25,,"김명주 I 2025-05-22 매수 NDR 후기: 견고한 실적, 필요한 관심 신한투자증권 이진명,김명주 I 2025-02-27 매수 NDR 후기: 흔들리지 않는 실적 신한투자증권 이진명,김명주 I 2024-11-25 매수 지속될 연간 증익 기조 신한투자증권 이진명 I 2024-08-28 매수 2Q24 영업이익 91억원(-13% QoQ) 전망 신한투자증권 이진명 I 2024-07-12 매수 NDR 후기: 수익성과 성장성을 한번에 신한투자증권 이진명 I 2024-05-22 매수 1Q24 영업이익 119억원(+63% QoQ)으로 호실적 전망 신한투자증권 이진명 I 2024-04-11 매수 선방한 실적, 기대되는 1분기 신한투자증권 이진명 I 2024-02-26 매수 NDR 후기: 내년에도 안정적인 실적 지속 신한투자증권 이진명 I 2023-12-01 매수 하반기도 안정적인 실적 흐름 지속 신한투자증권 이진명,최규헌 I 2023-08-16 매수 작지만 강한 기업 신한투자증"
138490::2024,138490,코오롱ENP,PRIMARY_INDEX_AVAILABLE,SECONDARY_HUMAN_REPORT_NONMAPPABLE,200,https://m.irgo.co.kr/IR-COMP/138490,2024-11-25,,"리포트 매수 NDR 후기: 견조한 실적과 주가 신한투자증권 이진명,김명주 I 2025-08-26 매수 NDR 후기: 역대 두 번째 최대 실적 신한투자증권 이진명,김명주 I 2025-05-22 매수 NDR 후기: 견고한 실적, 필요한 관심 신한투자증권 이진명,김명주 I 2025-02-27 매수 NDR 후기: 흔들리지 않는 실적 신한투자증권 이진명,김명주 I 2024-11-25 매수 지속될 연간 증익 기조 신한투자증권 이진명 I 2024-08-28 매수 2Q24 영업이익 91억원(-13% QoQ) 전망 신한투자증권 이진명 I 2024-07-12 매수 NDR 후기: 수익성과 성장성을 한번에"
138490::2024,138490,코오롱ENP,PRIMARY_INDEX_AVAILABLE,SECONDARY_HUMAN_REPORT_NONMAPPABLE,200,https://m.irgo.co.kr/IR-COMP/138490,2024-11-25,,"리포트 매수 NDR 후기: 견조한 실적과 주가 신한투자증권 이진명,김명주 I 2025-08-26 매수 NDR 후기: 역대 두 번째 최대 실적 신한투자증권 이진명,김명주 I 2025-05-22 매수 NDR 후기: 견고한 실적, 필요한 관심 신한투자증권 이진명,김명주 I 2025-02-27 매수 NDR 후기: 흔들리지 않는 실적 신한투자증권 이진명,김명주 I 2024-11-25 매수 지속될 연간 증익 기조 신한투자증권 이진명 I 2024-08-28 매수 2Q24 영업이익 91억원(-13% QoQ) 전망 신한투자증권 이진명 I 2024-07-12 매수 NDR 후기: 수익성과 성장성을 한번에 신한투자증권 이진명 I 2024-05-22 매수 1Q24 영업이익 11"
138490::2024,138490,코오롱ENP,PRIMARY_INDEX_AVAILABLE,SECONDARY_HUMAN_REPORT_NONMAPPABLE,200,https://m.irgo.co.kr/IR-COMP/138490,2024-11-25,,"리포트 매수 NDR 후기: 견조한 실적과 주가 신한투자증권 이진명,김명주 I 2025-08-26 매수 NDR 후기: 역대 두 번째 최대 실적 신한투자증권 이진명,김명주 I 2025-05-22 매수 NDR 후기: 견고한 실적, 필요한 관심 신한투자증권 이진명,김명주 I 2025-02-27 매수 NDR 후기: 흔들리지 않는 실적 신한투자증권 이진명,김명주 I 2024-11-25 매수 지속될 연간 증익 기조 신한투자증권 이진명 I 2024-08-28 매수 2Q24 영업이익 91억원(-13% QoQ) 전망 신한투자증권 이진명 I 2024-07-12 매수 NDR 후기: 수익성과 성장성을 한번에 신한투자증권 이진명 I 2024-05-22 매수 1Q24 영업이익 119억원(+63% QoQ)으로 호실적 전망 신한투자증권 이진명 I 2024-04-11 매수 선방한 실"
138490::2024,138490,코오롱ENP,PRIMARY_INDEX_AVAILABLE,SECONDARY_HUMAN_REPORT_NONMAPPABLE,200,https://m.irgo.co.kr/IR-COMP/138490,2024-11-25,,"리포트 매수 NDR 후기: 견조한 실적과 주가 신한투자증권 이진명,김명주 I 2025-08-26 매수 NDR 후기: 역대 두 번째 최대 실적 신한투자증권 이진명,김명주 I 2025-05-22 매수 NDR 후기: 견고한 실적, 필요한 관심 신한투자증권 이진명,김명주 I 2025-02-27 매수 NDR 후기: 흔들리지 않는 실적 신한투자증권 이진명,김명주 I 2024-11-25 매수 지속될 연간 증익 기조 신한투자증권 이진명 I 2024-08-28 매수 2Q24 영업이익 91억원(-13% QoQ) 전망 신한투자증권 이진명 I 2024-07-12 매수 NDR 후기: 수익성과 성장성을 한번에 신한투자증권 이진명 I 2024-05-22 매수 1Q24 영업이익 119억원(+63% QoQ)으로 호실적 전망 신한투자증권 이진명 I 2024-04-11 매수 선방한 실적, 기대되는 1분기 신한투자증권 이진명 I 2024-02-26 매수 NDR 후기: 내년"
141080::2024,141080,리가켐바이오,PRIMARY_INDEX_AVAILABLE,SECONDARY_HUMAN_REPORT_NONMAPPABLE,200,https://m.irgo.co.kr/IR-COMP/141080,2024-05-08,,"14 매수 ASCO를 통해 다시 한번 확인할 링커의 안전성 메리츠증권 김준영 I 2024-05-08 매수 다이이찌산쿄를 넘어설 수 있을까? 유진투자증권 권해순 I 2024-04-29 매수 신약 개발에 최적화 된 조직역량 유진투자증권 권해순 I 2024-04-23 N/R 국가대표 Bio-Tech 교보증권 김정현 I 2024-04-09 N/R 실탄 확보, 자체 임상 파이프라인 확대로 밸류업 하나증권 박재경 I 2024-04-03 N/R 빅바이오텍을 향해 이베스트투자증권 신지훈 I 2024-03-27 매수 명실상부 최고의 ADC 플랫폼 기업 메리츠증권 김준영 I 2024-03-20 N/R AACR을 주목해야하는 이유 IBK투자증권 이선경 I 2024-03-04 N/R ConjuALL이 주는 안정감 유안타증권 하현수 I 2024-01-29 더보기"
141080::2024,141080,리가켐바이오,PRIMARY_INDEX_AVAILABLE,SECONDARY_HUMAN_REPORT_NONMAPPABLE,200,https://m.irgo.co.kr/IR-COMP/141080,2024-05-08,,"2024-05-08 매수 다이이찌산쿄를 넘어설 수 있을까? 유진투자증권 권해순 I 2024-04-29 매수 신약 개발에 최적화 된 조직역량 유진투자증권 권해순 I 2024-04-23 N/R 국가대표 Bio-Tech 교보증권 김정현 I 2024-04-09 N/R 실탄 확보, 자체 임상 파이프라인 확대로 밸류업 하나증권 박재경 I 2024-04-03 N/R 빅바이오텍을 향해 이베스트투자증권 신지훈 I 2024-03-27 매수 명실상부 최고의 ADC 플랫폼 기업 메리츠증권 김준영 I 2024-03-20 N/R AACR을 주목해야하는 이유 IBK투자증권 이선경 I 2024-03-04 N/R ConjuALL이 주는 안정감 유안타증권 하현수 I 2024-01-29 더보기"
141080::2024,141080,리가켐바이오,PRIMARY_INDEX_AVAILABLE,SECONDARY_HUMAN_REPORT_NONMAPPABLE,200,https://m.irgo.co.kr/IR-COMP/141080,2024-05-14,,"4-05-16 N/R 이제 시작이다 신한투자증권 엄민용,정희령 I 2024-05-14 매수 ASCO를 통해 다시 한번 확인할 링커의 안전성 메리츠증권 김준영 I 2024-05-08 매수 다이이찌산쿄를 넘어설 수 있을까? 유진투자증권 권해순 I 2024-04-29 매수 신약 개발에 최적화 된 조직역량 유진투자증권 권해순 I 2024-04-23 N/R 국가대표 Bio-Tech 교보증권 김정현 I 2024-04-09 N/R 실탄 확보, 자체 임상 파이프라인 확대로 밸류업 하나증권 박재경 I 2024-04-03 N/R 빅바이오텍을 향해 이베스트투자증권 신지훈 I 2024-03-27 매수 명실상부 최고의 ADC 플랫폼 기업 메리츠증권 김준영 I 2024-03-20 N/R AACR을 주목해야하는 이유 IBK투자증권 이선경 I 2024-03-04 N/R ConjuALL이 주는 안정감 유안타증권 하현수 I 2024-01-29 더보기"
141080::2024,141080,리가켐바이오,PRIMARY_INDEX_AVAILABLE,SECONDARY_HUMAN_REPORT_NONMAPPABLE,200,https://m.irgo.co.kr/IR-COMP/141080,2024-05-16,,"매수 2024.1Q 실적 리뷰: 흑자기조 유지될 전망 유진투자증권 권해순 I 2024-05-16 N/R 이제 시작이다 신한투자증권 엄민용,정희령 I 2024-05-14 매수 ASCO를 통해 다시 한번 확인할 링커의 안전성 메리츠증권 김준영 I 2024-05-08 매수 다이이찌산쿄를 넘어설 수 있을까? 유진투자증권 권해순 I 2024-04-29 매수 신약 개발에 최적화 된 조직역량 유진투자증권 권해순 I 2024-04-23 N/R 국가대표 Bio-Tech 교보증권 김정현 I 2024-04-09 N/R 실탄 확보, 자체 임상 파이프라인 확대로 밸류업 하나증권 박재경 I 2024-04-03 N/R 빅바이오텍을 향해 이베스트투자증권 신지훈 I 2024-03-27 매수 명실상부 최고의 ADC 플랫폼 기업 메리츠증권 김준영 I 2024-03-20 N/R AACR을 주목해야하는 이유 IBK투자증권 이선경 I 2024-03-04 N/R ConjuALL이 주는 안정감 유안타증권 하"
141080::2024,141080,리가켐바이오,PRIMARY_INDEX_AVAILABLE,SECONDARY_HUMAN_REPORT_NONMAPPABLE,200,https://m.irgo.co.kr/IR-COMP/141080,2024-05-29,,"-30 매수 돈버는 바이오텍 미래에셋증권 서미화 I 2024-05-29 매수 2024.1Q 실적 리뷰: 흑자기조 유지될 전망 유진투자증권 권해순 I 2024-05-16 N/R 이제 시작이다 신한투자증권 엄민용,정희령 I 2024-05-14 매수 ASCO를 통해 다시 한번 확인할 링커의 안전성 메리츠증권 김준영 I 2024-05-08 매수 다이이찌산쿄를 넘어설 수 있을까? 유진투자증권 권해순 I 2024-04-29 매수 신약 개발에 최적화 된 조직역량 유진투자증권 권해순 I 2024-04-23 N/R 국가대표 Bio-Tech 교보증권 김정현 I 2024-04-09 N/R 실탄 확보, 자체 임상 파이프라인 확대로 밸류업 하나증권 박재경 I 2024-04-03 N/R 빅바이오텍을 향해 이베스트투자증권 신지훈 I 2024-03-27 매수 명실상부 최고의 ADC 플랫폼 기업 메리츠증권 김준영 I 2024-03-20 N/R AACR을 주목해야하는 이유 IBK투자증권 이선경 I"
141080::2024,141080,리가켐바이오,PRIMARY_INDEX_AVAILABLE,SECONDARY_HUMAN_REPORT_NONMAPPABLE,200,https://m.irgo.co.kr/IR-COMP/141080,2024-06-03,,"05 매수 Trop2 ADCs 파이프라인 update 유진투자증권 권해순 I 2024-06-03 N/R ˝펀더멘털˝하면 떠오르는 기업 iM증권 장민환 I 2024-05-30 매수 돈버는 바이오텍 미래에셋증권 서미화 I 2024-05-29 매수 2024.1Q 실적 리뷰: 흑자기조 유지될 전망 유진투자증권 권해순 I 2024-05-16 N/R 이제 시작이다 신한투자증권 엄민용,정희령 I 2024-05-14 매수 ASCO를 통해 다시 한번 확인할 링커의 안전성 메리츠증권 김준영 I 2024-05-08 매수 다이이찌산쿄를 넘어설 수 있을까? 유진투자증권 권해순 I 2024-04-29 매수 신약 개발에 최적화 된 조직역량 유진투자증권 권해순 I 2024-04-23 N/R 국가대표 Bio-Tech 교보증권 김정현 I 2024-04-09 N/R 실탄 확보, 자체 임상 파이프라인 확대로 밸류업 하나증권 박재경 I 2024-04-03 N/R 빅바이오텍을 향해 이베스트투자증권 신지훈"
141080::2024,141080,리가켐바이오,PRIMARY_INDEX_AVAILABLE,SECONDARY_HUMAN_REPORT_NONMAPPABLE,200,https://m.irgo.co.kr/IR-COMP/141080,2024-06-03,,"I 2024-06-03 N/R ˝펀더멘털˝하면 떠오르는 기업 iM증권 장민환 I 2024-05-30 매수 돈버는 바이오텍 미래에셋증권 서미화 I 2024-05-29 매수 2024.1Q 실적 리뷰: 흑자기조 유지될 전망 유진투자증권 권해순 I 2024-05-16 N/R 이제 시작이다 신한투자증권 엄민용,정희령 I 2024-05-14 매수 ASCO를 통해 다시 한번 확인할 링커의 안전성 메리츠증권 김준영 I 2024-05-08 매수 다이이찌산쿄를 넘어설 수 있을까? 유진투자증권 권해순 I 2024-04-29 매수 신약 개발에 최적화 된 조직역량 유진투자증권 권해순 I 2024-04-23 N/R 국가대표 Bio-Tech 교보증권 김정현 I 2024-04-09 N/R 실탄 확보, 자체 임상 파이프라인 확대로 밸류업 하나증권 박재경 I 2024-04-03 N/R 빅바이오텍을 향해 이베스트투자증권 신지훈 I 2024-03-27 매수 명실상부 최고의 ADC 플랫폼 기업 메리츠"
141080::2024,141080,리가켐바이오,PRIMARY_INDEX_AVAILABLE,SECONDARY_HUMAN_REPORT_NONMAPPABLE,200,https://m.irgo.co.kr/IR-COMP/141080,2024-06-05,,"4-06-13 매수 안전한 ADC로의 발걸음 메리츠증권 김준영 I 2024-06-05 매수 Trop2 ADCs 파이프라인 update 유진투자증권 권해순 I 2024-06-03 N/R ˝펀더멘털˝하면 떠오르는 기업 iM증권 장민환 I 2024-05-30 매수 돈버는 바이오텍 미래에셋증권 서미화 I 2024-05-29 매수 2024.1Q 실적 리뷰: 흑자기조 유지될 전망 유진투자증권 권해순 I 2024-05-16 N/R 이제 시작이다 신한투자증권 엄민용,정희령 I 2024-05-14 매수 ASCO를 통해 다시 한번 확인할 링커의 안전성 메리츠증권 김준영 I 2024-05-08 매수 다이이찌산쿄를 넘어설 수 있을까? 유진투자증권 권해순 I 2024-04-29 매수 신약 개발에 최적화 된 조직역량 유진투자증권 권해순 I 2024-04-23 N/R 국가대표 Bio-Tech 교보증권 김정현 I 2024-04-09 N/R 실탄 확보, 자체 임상 파이프라인 확대로 밸류업 하나증"
141080::2024,141080,리가켐바이오,PRIMARY_INDEX_AVAILABLE,SECONDARY_HUMAN_REPORT_NONMAPPABLE,200,https://m.irgo.co.kr/IR-COMP/141080,2024-06-13,,"06-24 매수 앞으로가 기대되는 ADC 강자 다올투자증권 이지수,임도영 I 2024-06-13 매수 안전한 ADC로의 발걸음 메리츠증권 김준영 I 2024-06-05 매수 Trop2 ADCs 파이프라인 update 유진투자증권 권해순 I 2024-06-03 N/R ˝펀더멘털˝하면 떠오르는 기업 iM증권 장민환 I 2024-05-30 매수 돈버는 바이오텍 미래에셋증권 서미화 I 2024-05-29 매수 2024.1Q 실적 리뷰: 흑자기조 유지될 전망 유진투자증권 권해순 I 2024-05-16 N/R 이제 시작이다 신한투자증권 엄민용,정희령 I 2024-05-14 매수 ASCO를 통해 다시 한번 확인할 링커의 안전성 메리츠증권 김준영 I 2024-05-08 매수 다이이찌산쿄를 넘어설 수 있을까? 유진투자증권 권해순 I 2024-04-29 매수 신약 개발에 최적화 된 조직역량 유진투자증권 권해순 I 2024-04-23 N/R 국가대표 Bio-Tech 교보증권 김정현 I"
141080::2024,141080,리가켐바이오,PRIMARY_INDEX_AVAILABLE,SECONDARY_HUMAN_REPORT_NONMAPPABLE,200,https://m.irgo.co.kr/IR-COMP/141080,2024-06-24,,"4 N/R 애널리스트 간담회 후기: 실탄 충분. 속도는 더 높인다 하나증권 박재경 I 2024-06-24 매수 앞으로가 기대되는 ADC 강자 다올투자증권 이지수,임도영 I 2024-06-13 매수 안전한 ADC로의 발걸음 메리츠증권 김준영 I 2024-06-05 매수 Trop2 ADCs 파이프라인 update 유진투자증권 권해순 I 2024-06-03 N/R ˝펀더멘털˝하면 떠오르는 기업 iM증권 장민환 I 2024-05-30 매수 돈버는 바이오텍 미래에셋증권 서미화 I 2024-05-29 매수 2024.1Q 실적 리뷰: 흑자기조 유지될 전망 유진투자증권 권해순 I 2024-05-16 N/R 이제 시작이다 신한투자증권 엄민용,정희령 I 2024-05-14 매수 ASCO를 통해 다시 한번 확인할 링커의 안전성 메리츠증권 김준영 I 2024-05-08 매수 다이이찌산쿄를 넘어설 수 있을까? 유진투자증권 권해순 I 2024-04-29 매수 신약 개발에 최적화 된 조직역량"
141080::2024,141080,리가켐바이오,PRIMARY_INDEX_AVAILABLE,SECONDARY_HUMAN_REPORT_NONMAPPABLE,200,https://m.irgo.co.kr/IR-COMP/141080,2024-06-24,,"Day 후기: 이렇게 좋을리가! 유진투자증권 권해순 I 2024-06-24 N/R 애널리스트 간담회 후기: 실탄 충분. 속도는 더 높인다 하나증권 박재경 I 2024-06-24 매수 앞으로가 기대되는 ADC 강자 다올투자증권 이지수,임도영 I 2024-06-13 매수 안전한 ADC로의 발걸음 메리츠증권 김준영 I 2024-06-05 매수 Trop2 ADCs 파이프라인 update 유진투자증권 권해순 I 2024-06-03 N/R ˝펀더멘털˝하면 떠오르는 기업 iM증권 장민환 I 2024-05-30 매수 돈버는 바이오텍 미래에셋증권 서미화 I 2024-05-29 매수 2024.1Q 실적 리뷰: 흑자기조 유지될 전망 유진투자증권 권해순 I 2024-05-16 N/R 이제 시작이다 신한투자증권 엄민용,정희령 I 2024-05-14 매수 ASCO를 통해 다시 한번 확인할 링커의 안전성 메리츠증권 김준영 I 2024-05-08 매수 다이이찌산쿄를 넘어설 수 있을까? 유진투자"
141080::2024,141080,리가켐바이오,PRIMARY_INDEX_AVAILABLE,SECONDARY_HUMAN_REPORT_NONMAPPABLE,200,https://m.irgo.co.kr/IR-COMP/141080,2024-06-24,,"기: 공격적으로 나아갈 타이밍 메리츠증권 김준영 I 2024-06-24 매수 Global R&D Day 후기: 이렇게 좋을리가! 유진투자증권 권해순 I 2024-06-24 N/R 애널리스트 간담회 후기: 실탄 충분. 속도는 더 높인다 하나증권 박재경 I 2024-06-24 매수 앞으로가 기대되는 ADC 강자 다올투자증권 이지수,임도영 I 2024-06-13 매수 안전한 ADC로의 발걸음 메리츠증권 김준영 I 2024-06-05 매수 Trop2 ADCs 파이프라인 update 유진투자증권 권해순 I 2024-06-03 N/R ˝펀더멘털˝하면 떠오르는 기업 iM증권 장민환 I 2024-05-30 매수 돈버는 바이오텍 미래에셋증권 서미화 I 2024-05-29 매수 2024.1Q 실적 리뷰: 흑자기조 유지될 전망 유진투자증권 권해순 I 2024-05-16 N/R 이제 시작이다 신한투자증권 엄민용,정희령 I 2024-05-14 매수 ASCO를 통해 다시 한번 확인할 링커의"
141080::2024,141080,리가켐바이오,PRIMARY_INDEX_AVAILABLE,SECONDARY_HUMAN_REPORT_NONMAPPABLE,200,https://m.irgo.co.kr/IR-COMP/141080,2024-07-08,,"유대웅 I 2024-07-08 매수 Global R&D Day후기: 공격적으로 나아갈 타이밍 메리츠증권 김준영 I 2024-06-24 매수 Global R&D Day 후기: 이렇게 좋을리가! 유진투자증권 권해순 I 2024-06-24 N/R 애널리스트 간담회 후기: 실탄 충분. 속도는 더 높인다 하나증권 박재경 I 2024-06-24 매수 앞으로가 기대되는 ADC 강자 다올투자증권 이지수,임도영 I 2024-06-13 매수 안전한 ADC로의 발걸음 메리츠증권 김준영 I 2024-06-05 매수 Trop2 ADCs 파이프라인 update 유진투자증권 권해순 I 2024-06-03 N/R ˝펀더멘털˝하면 떠오르는 기업 iM증권 장민환 I 2024-05-30 매수 돈버는 바이오텍 미래에셋증권 서미화 I 2024-05-29 매수 2024.1Q 실적 리뷰: 흑자기조 유지될 전망 유진투자증권 권해순 I 2024-05-16 N/R 이제 시작이다 신한투자증권 엄민용,정희령 I"
141080::2024,141080,리가켐바이오,PRIMARY_INDEX_AVAILABLE,SECONDARY_HUMAN_REPORT_NONMAPPABLE,200,https://m.irgo.co.kr/IR-COMP/141080,2024-07-26,,"2024-07-26 N/R 입증된 링커 기술에 더해지는 신규 페이로드 부국증권 유대웅 I 2024-07-08 매수 Global R&D Day후기: 공격적으로 나아갈 타이밍 메리츠증권 김준영 I 2024-06-24 매수 Global R&D Day 후기: 이렇게 좋을리가! 유진투자증권 권해순 I 2024-06-24 N/R 애널리스트 간담회 후기: 실탄 충분. 속도는 더 높인다 하나증권 박재경 I 2024-06-24 매수 앞으로가 기대되는 ADC 강자 다올투자증권 이지수,임도영 I 2024-06-13 매수 안전한 ADC로의 발걸음 메리츠증권 김준영 I 2024-06-05 매수 Trop2 ADCs 파이프라인 update 유진투자증권 권해순 I 2024-06-03 N/R ˝펀더멘털˝하면 떠오르는 기업 iM증권 장민환 I 2024-05-30 매수 돈버는 바이오텍 미래에셋증권 서미화 I 2024-05-29 매수 2024.1Q 실적 리뷰: 흑자기조 유지될 전망 유진투자증권 권해순"
141080::2024,141080,리가켐바이오,PRIMARY_INDEX_AVAILABLE,SECONDARY_HUMAN_REPORT_NONMAPPABLE,200,https://m.irgo.co.kr/IR-COMP/141080,2024-08-07,,"2024-08-07 N/R ADC신약 Pipeline 탄력 받고 있다 상상인증권 하태기 I 2024-07-26 N/R 입증된 링커 기술에 더해지는 신규 페이로드 부국증권 유대웅 I 2024-07-08 매수 Global R&D Day후기: 공격적으로 나아갈 타이밍 메리츠증권 김준영 I 2024-06-24 매수 Global R&D Day 후기: 이렇게 좋을리가! 유진투자증권 권해순 I 2024-06-24 N/R 애널리스트 간담회 후기: 실탄 충분. 속도는 더 높인다 하나증권 박재경 I 2024-06-24 매수 앞으로가 기대되는 ADC 강자 다올투자증권 이지수,임도영 I 2024-06-13 매수 안전한 ADC로의 발걸음 메리츠증권 김준영 I 2024-06-05 매수 Trop2 ADCs 파이프라인 update 유진투자증권 권해순 I 2024-06-03 N/R ˝펀더멘털˝하면 떠오르는 기업 iM증권 장민환 I 2024-05-30 매수 돈버는 바이오텍 미래에셋증권 서미화 I"
141080::2024,141080,리가켐바이오,PRIMARY_INDEX_AVAILABLE,SECONDARY_HUMAN_REPORT_NONMAPPABLE,200,https://m.irgo.co.kr/IR-COMP/141080,2024-08-07,,"8-08 매수 빅파마의 니즈에 가장 걸맞는 기업 DS투자증권 김민정 I 2024-08-07 N/R ADC신약 Pipeline 탄력 받고 있다 상상인증권 하태기 I 2024-07-26 N/R 입증된 링커 기술에 더해지는 신규 페이로드 부국증권 유대웅 I 2024-07-08 매수 Global R&D Day후기: 공격적으로 나아갈 타이밍 메리츠증권 김준영 I 2024-06-24 매수 Global R&D Day 후기: 이렇게 좋을리가! 유진투자증권 권해순 I 2024-06-24 N/R 애널리스트 간담회 후기: 실탄 충분. 속도는 더 높인다 하나증권 박재경 I 2024-06-24 매수 앞으로가 기대되는 ADC 강자 다올투자증권 이지수,임도영 I 2024-06-13 매수 안전한 ADC로의 발걸음 메리츠증권 김준영 I 2024-06-05 매수 Trop2 ADCs 파이프라인 update 유진투자증권 권해순 I 2024-06-03 N/R ˝펀더멘털˝하면 떠오르는 기업 iM증권 장민"
141080::2024,141080,리가켐바이오,PRIMARY_INDEX_AVAILABLE,SECONDARY_HUMAN_REPORT_NONMAPPABLE,200,https://m.irgo.co.kr/IR-COMP/141080,2024-08-08,,"-27 N/R 완전체 ADC 기업에 가까워져 가는 중 유안타증권 하현수 I 2024-08-08 매수 빅파마의 니즈에 가장 걸맞는 기업 DS투자증권 김민정 I 2024-08-07 N/R ADC신약 Pipeline 탄력 받고 있다 상상인증권 하태기 I 2024-07-26 N/R 입증된 링커 기술에 더해지는 신규 페이로드 부국증권 유대웅 I 2024-07-08 매수 Global R&D Day후기: 공격적으로 나아갈 타이밍 메리츠증권 김준영 I 2024-06-24 매수 Global R&D Day 후기: 이렇게 좋을리가! 유진투자증권 권해순 I 2024-06-24 N/R 애널리스트 간담회 후기: 실탄 충분. 속도는 더 높인다 하나증권 박재경 I 2024-06-24 매수 앞으로가 기대되는 ADC 강자 다올투자증권 이지수,임도영 I 2024-06-13 매수 안전한 ADC로의 발걸음 메리츠증권 김준영 I 2024-06-05 매수 Trop2 ADCs 파이프라인 update 유진투자"
141080::2024,141080,리가켐바이오,PRIMARY_INDEX_AVAILABLE,SECONDARY_HUMAN_REPORT_NONMAPPABLE,200,https://m.irgo.co.kr/IR-COMP/141080,2024-08-29,,"임도영 I 2024-08-29 매수 LCB71 질주의 서막을 열다 DS투자증권 김민정 I 2024-08-27 N/R 완전체 ADC 기업에 가까워져 가는 중 유안타증권 하현수 I 2024-08-08 매수 빅파마의 니즈에 가장 걸맞는 기업 DS투자증권 김민정 I 2024-08-07 N/R ADC신약 Pipeline 탄력 받고 있다 상상인증권 하태기 I 2024-07-26 N/R 입증된 링커 기술에 더해지는 신규 페이로드 부국증권 유대웅 I 2024-07-08 매수 Global R&D Day후기: 공격적으로 나아갈 타이밍 메리츠증권 김준영 I 2024-06-24 매수 Global R&D Day 후기: 이렇게 좋을리가! 유진투자증권 권해순 I 2024-06-24 N/R 애널리스트 간담회 후기: 실탄 충분. 속도는 더 높인다 하나증권 박재경 I 2024-06-24 매수 앞으로가 기대되는 ADC 강자 다올투자증권 이지수,임도영 I 2024-06-13 매수 안전한 ADC로의 발"
141080::2024,141080,리가켐바이오,PRIMARY_INDEX_AVAILABLE,SECONDARY_HUMAN_REPORT_NONMAPPABLE,200,https://m.irgo.co.kr/IR-COMP/141080,2024-09-02,,"더 강하다 유진투자증권 권해순 I 2024-09-02 매수 성과가 나타나고 있다 다올투자증권 이지수,임도영 I 2024-08-29 매수 LCB71 질주의 서막을 열다 DS투자증권 김민정 I 2024-08-27 N/R 완전체 ADC 기업에 가까워져 가는 중 유안타증권 하현수 I 2024-08-08 매수 빅파마의 니즈에 가장 걸맞는 기업 DS투자증권 김민정 I 2024-08-07 N/R ADC신약 Pipeline 탄력 받고 있다 상상인증권 하태기 I 2024-07-26 N/R 입증된 링커 기술에 더해지는 신규 페이로드 부국증권 유대웅 I 2024-07-08 매수 Global R&D Day후기: 공격적으로 나아갈 타이밍 메리츠증권 김준영 I 2024-06-24 매수 Global R&D Day 후기: 이렇게 좋을리가! 유진투자증권 권해순 I 2024-06-24 N/R 애널리스트 간담회 후기: 실탄 충분. 속도는 더 높인다 하나증권 박재경 I 2024-06-24 매수 앞으로"
141080::2024,141080,리가켐바이오,PRIMARY_INDEX_AVAILABLE,SECONDARY_HUMAN_REPORT_NONMAPPABLE,200,https://m.irgo.co.kr/IR-COMP/141080,2024-09-05,,"09-19 매수 얀센은 거들 뿐 현대차증권 여노래,김현석 I 2024-09-05 매수 3번째 레벨 업은 더 강하다 유진투자증권 권해순 I 2024-09-02 매수 성과가 나타나고 있다 다올투자증권 이지수,임도영 I 2024-08-29 매수 LCB71 질주의 서막을 열다 DS투자증권 김민정 I 2024-08-27 N/R 완전체 ADC 기업에 가까워져 가는 중 유안타증권 하현수 I 2024-08-08 매수 빅파마의 니즈에 가장 걸맞는 기업 DS투자증권 김민정 I 2024-08-07 N/R ADC신약 Pipeline 탄력 받고 있다 상상인증권 하태기 I 2024-07-26 N/R 입증된 링커 기술에 더해지는 신규 페이로드 부국증권 유대웅 I 2024-07-08 매수 Global R&D Day후기: 공격적으로 나아갈 타이밍 메리츠증권 김준영 I 2024-06-24 매수 Global R&D Day 후기: 이렇게 좋을리가! 유진투자증권 권해순 I 2024-06-24 N/R 애"
141080::2024,141080,리가켐바이오,PRIMARY_INDEX_AVAILABLE,SECONDARY_HUMAN_REPORT_NONMAPPABLE,200,https://m.irgo.co.kr/IR-COMP/141080,2024-09-20,,"2024-09-20 매수 높아지는 얀센의 옵션 행사 가능성 메리츠증권 김준영 I 2024-09-19 매수 얀센은 거들 뿐 현대차증권 여노래,김현석 I 2024-09-05 매수 3번째 레벨 업은 더 강하다 유진투자증권 권해순 I 2024-09-02 매수 성과가 나타나고 있다 다올투자증권 이지수,임도영 I 2024-08-29 매수 LCB71 질주의 서막을 열다 DS투자증권 김민정 I 2024-08-27 N/R 완전체 ADC 기업에 가까워져 가는 중 유안타증권 하현수 I 2024-08-08 매수 빅파마의 니즈에 가장 걸맞는 기업 DS투자증권 김민정 I 2024-08-07 N/R ADC신약 Pipeline 탄력 받고 있다 상상인증권 하태기 I 2024-07-26 N/R 입증된 링커 기술에 더해지는 신규 페이로드 부국증권 유대웅 I 2024-07-08 매수 Global R&D Day후기: 공격적으로 나아갈 타이밍 메리츠증권 김준영 I 2024-06-24 매수 Global R"
141080::2024,141080,리가켐바이오,PRIMARY_INDEX_AVAILABLE,SECONDARY_HUMAN_REPORT_NONMAPPABLE,200,https://m.irgo.co.kr/IR-COMP/141080,2024-09-30,,"I 2024-09-30 매수 확대되는 TROP2 ADC 치료제 시장 유진투자증권 권해순 I 2024-09-20 매수 높아지는 얀센의 옵션 행사 가능성 메리츠증권 김준영 I 2024-09-19 매수 얀센은 거들 뿐 현대차증권 여노래,김현석 I 2024-09-05 매수 3번째 레벨 업은 더 강하다 유진투자증권 권해순 I 2024-09-02 매수 성과가 나타나고 있다 다올투자증권 이지수,임도영 I 2024-08-29 매수 LCB71 질주의 서막을 열다 DS투자증권 김민정 I 2024-08-27 N/R 완전체 ADC 기업에 가까워져 가는 중 유안타증권 하현수 I 2024-08-08 매수 빅파마의 니즈에 가장 걸맞는 기업 DS투자증권 김민정 I 2024-08-07 N/R ADC신약 Pipeline 탄력 받고 있다 상상인증권 하태기 I 2024-07-26 N/R 입증된 링커 기술에 더해지는 신규 페이로드 부국증권 유대웅 I 2024-07-08 매수 Global R&D Day후"
141080::2024,141080,리가켐바이오,PRIMARY_INDEX_AVAILABLE,SECONDARY_HUMAN_REPORT_NONMAPPABLE,200,https://m.irgo.co.kr/IR-COMP/141080,2024-09-30,,"매수 NDR 후기: 가치 level up은 계속 된다 다올투자증권 이지수,임도영 I 2024-09-30 매수 확대되는 TROP2 ADC 치료제 시장 유진투자증권 권해순 I 2024-09-20 매수 높아지는 얀센의 옵션 행사 가능성 메리츠증권 김준영 I 2024-09-19 매수 얀센은 거들 뿐 현대차증권 여노래,김현석 I 2024-09-05 매수 3번째 레벨 업은 더 강하다 유진투자증권 권해순 I 2024-09-02 매수 성과가 나타나고 있다 다올투자증권 이지수,임도영 I 2024-08-29 매수 LCB71 질주의 서막을 열다 DS투자증권 김민정 I 2024-08-27 N/R 완전체 ADC 기업에 가까워져 가는 중 유안타증권 하현수 I 2024-08-08 매수 빅파마의 니즈에 가장 걸맞는 기업 DS투자증권 김민정 I 2024-08-07 N/R ADC신약 Pipeline 탄력 받고 있다 상상인증권 하태기 I 2024-07-26 N/R 입증된 링커 기술에 더해지는 신규"
141080::2024,141080,리가켐바이오,PRIMARY_INDEX_AVAILABLE,SECONDARY_HUMAN_REPORT_NONMAPPABLE,200,https://m.irgo.co.kr/IR-COMP/141080,2024-10-11,,"2024-10-11 매수 다름에서 오는 경쟁력 유안타증권 하현수 I 2024-10-02 매수 NDR 후기: 가치 level up은 계속 된다 다올투자증권 이지수,임도영 I 2024-09-30 매수 확대되는 TROP2 ADC 치료제 시장 유진투자증권 권해순 I 2024-09-20 매수 높아지는 얀센의 옵션 행사 가능성 메리츠증권 김준영 I 2024-09-19 매수 얀센은 거들 뿐 현대차증권 여노래,김현석 I 2024-09-05 매수 3번째 레벨 업은 더 강하다 유진투자증권 권해순 I 2024-09-02 매수 성과가 나타나고 있다 다올투자증권 이지수,임도영 I 2024-08-29 매수 LCB71 질주의 서막을 열다 DS투자증권 김민정 I 2024-08-27 N/R 완전체 ADC 기업에 가까워져 가는 중 유안타증권 하현수 I 2024-08-08 매수 빅파마의 니즈에 가장 걸맞는 기업 DS투자증권 김민정 I 2024-08-07 N/R ADC신약 Pipeline 탄력 받고"
141080::2024,141080,리가켐바이오,PRIMARY_INDEX_AVAILABLE,SECONDARY_HUMAN_REPORT_NONMAPPABLE,200,https://m.irgo.co.kr/IR-COMP/141080,2024-10-11,,"24-10-25 매수 전임상에서 1조 기술이전, 국내 바이오텍의 위대한 한 걸음 현대차증권 여노래,김현석 I 2024-10-11 매수 LCB97 기술이전. 또 레벨 업 다올투자증권 이지수,임도영 I 2024-10-11 매수 Liga is Still Hungry! 유진투자증권 권해순 I 2024-10-11 매수 투자자들과의 약속을 지키는 기업 메리츠증권 김준영 I 2024-10-11 매수 LCB97 딜 size, 플랫폼 가치 모두 계속 커지는 중 DS투자증권 김민정 I 2024-10-11 매수 다름에서 오는 경쟁력 유안타증권 하현수 I 2024-10-02 매수 NDR 후기: 가치 level up은 계속 된다 다올투자증권 이지수,임도영 I 2024-09-30 매수 확대되는 TROP2 ADC 치료제 시장 유진투자증권 권해순 I 2024-09-20 매수 높아지는 얀센의 옵션 행사 가능성 메리츠증권 김준영 I 2024-09-19 매수 얀센은 거들 뿐 현대차증권 여노래,김현석"
141080::2024,141080,리가켐바이오,PRIMARY_INDEX_AVAILABLE,SECONDARY_HUMAN_REPORT_NONMAPPABLE,200,https://m.irgo.co.kr/IR-COMP/141080,2024-10-11,,"CB97 딜 size, 플랫폼 가치 모두 계속 커지는 중 DS투자증권 김민정 I 2024-10-11 매수 다름에서 오는 경쟁력 유안타증권 하현수 I 2024-10-02 매수 NDR 후기: 가치 level up은 계속 된다 다올투자증권 이지수,임도영 I 2024-09-30 매수 확대되는 TROP2 ADC 치료제 시장 유진투자증권 권해순 I 2024-09-20 매수 높아지는 얀센의 옵션 행사 가능성 메리츠증권 김준영 I 2024-09-19 매수 얀센은 거들 뿐 현대차증권 여노래,김현석 I 2024-09-05 매수 3번째 레벨 업은 더 강하다 유진투자증권 권해순 I 2024-09-02 매수 성과가 나타나고 있다 다올투자증권 이지수,임도영 I 2024-08-29 매수 LCB71 질주의 서막을 열다 DS투자증권 김민정 I 2024-08-27 N/R 완전체 ADC 기업에 가까워져 가는 중 유안타증권 하현수 I 2024-08-08 매수 빅파마의 니즈에 가장 걸맞는 기업 DS투자"
141080::2024,141080,리가켐바이오,PRIMARY_INDEX_AVAILABLE,SECONDARY_HUMAN_REPORT_NONMAPPABLE,200,https://m.irgo.co.kr/IR-COMP/141080,2024-10-11,,"Still Hungry! 유진투자증권 권해순 I 2024-10-11 매수 투자자들과의 약속을 지키는 기업 메리츠증권 김준영 I 2024-10-11 매수 LCB97 딜 size, 플랫폼 가치 모두 계속 커지는 중 DS투자증권 김민정 I 2024-10-11 매수 다름에서 오는 경쟁력 유안타증권 하현수 I 2024-10-02 매수 NDR 후기: 가치 level up은 계속 된다 다올투자증권 이지수,임도영 I 2024-09-30 매수 확대되는 TROP2 ADC 치료제 시장 유진투자증권 권해순 I 2024-09-20 매수 높아지는 얀센의 옵션 행사 가능성 메리츠증권 김준영 I 2024-09-19 매수 얀센은 거들 뿐 현대차증권 여노래,김현석 I 2024-09-05 매수 3번째 레벨 업은 더 강하다 유진투자증권 권해순 I 2024-09-02 매수 성과가 나타나고 있다 다올투자증권 이지수,임도영 I 2024-08-29 매수 LCB71 질주의 서막을 열다 DS투자증권 김민정 I"
141080::2024,141080,리가켐바이오,PRIMARY_INDEX_AVAILABLE,SECONDARY_HUMAN_REPORT_NONMAPPABLE,200,https://m.irgo.co.kr/IR-COMP/141080,2024-10-11,,"권 여노래,김현석 I 2024-10-11 매수 LCB97 기술이전. 또 레벨 업 다올투자증권 이지수,임도영 I 2024-10-11 매수 Liga is Still Hungry! 유진투자증권 권해순 I 2024-10-11 매수 투자자들과의 약속을 지키는 기업 메리츠증권 김준영 I 2024-10-11 매수 LCB97 딜 size, 플랫폼 가치 모두 계속 커지는 중 DS투자증권 김민정 I 2024-10-11 매수 다름에서 오는 경쟁력 유안타증권 하현수 I 2024-10-02 매수 NDR 후기: 가치 level up은 계속 된다 다올투자증권 이지수,임도영 I 2024-09-30 매수 확대되는 TROP2 ADC 치료제 시장 유진투자증권 권해순 I 2024-09-20 매수 높아지는 얀센의 옵션 행사 가능성 메리츠증권 김준영 I 2024-09-19 매수 얀센은 거들 뿐 현대차증권 여노래,김현석 I 2024-09-05 매수 3번째 레벨 업은 더 강하다 유진투자증권 권해순 I 202"
141080::2024,141080,리가켐바이오,PRIMARY_INDEX_AVAILABLE,SECONDARY_HUMAN_REPORT_NONMAPPABLE,200,https://m.irgo.co.kr/IR-COMP/141080,2024-10-11,,"다올투자증권 이지수,임도영 I 2024-10-11 매수 Liga is Still Hungry! 유진투자증권 권해순 I 2024-10-11 매수 투자자들과의 약속을 지키는 기업 메리츠증권 김준영 I 2024-10-11 매수 LCB97 딜 size, 플랫폼 가치 모두 계속 커지는 중 DS투자증권 김민정 I 2024-10-11 매수 다름에서 오는 경쟁력 유안타증권 하현수 I 2024-10-02 매수 NDR 후기: 가치 level up은 계속 된다 다올투자증권 이지수,임도영 I 2024-09-30 매수 확대되는 TROP2 ADC 치료제 시장 유진투자증권 권해순 I 2024-09-20 매수 높아지는 얀센의 옵션 행사 가능성 메리츠증권 김준영 I 2024-09-19 매수 얀센은 거들 뿐 현대차증권 여노래,김현석 I 2024-09-05 매수 3번째 레벨 업은 더 강하다 유진투자증권 권해순 I 2024-09-02 매수 성과가 나타나고 있다 다올투자증권 이지수,임도영 I 2024-"
141080::2024,141080,리가켐바이오,PRIMARY_INDEX_AVAILABLE,SECONDARY_HUMAN_REPORT_NONMAPPABLE,200,https://m.irgo.co.kr/IR-COMP/141080,2024-10-11,,"자들과의 약속을 지키는 기업 메리츠증권 김준영 I 2024-10-11 매수 LCB97 딜 size, 플랫폼 가치 모두 계속 커지는 중 DS투자증권 김민정 I 2024-10-11 매수 다름에서 오는 경쟁력 유안타증권 하현수 I 2024-10-02 매수 NDR 후기: 가치 level up은 계속 된다 다올투자증권 이지수,임도영 I 2024-09-30 매수 확대되는 TROP2 ADC 치료제 시장 유진투자증권 권해순 I 2024-09-20 매수 높아지는 얀센의 옵션 행사 가능성 메리츠증권 김준영 I 2024-09-19 매수 얀센은 거들 뿐 현대차증권 여노래,김현석 I 2024-09-05 매수 3번째 레벨 업은 더 강하다 유진투자증권 권해순 I 2024-09-02 매수 성과가 나타나고 있다 다올투자증권 이지수,임도영 I 2024-08-29 매수 LCB71 질주의 서막을 열다 DS투자증권 김민정 I 2024-08-27 N/R 완전체 ADC 기업에 가까워져 가는 중 유안타증권"
141080::2024,141080,리가켐바이오,PRIMARY_INDEX_AVAILABLE,SECONDARY_HUMAN_REPORT_NONMAPPABLE,200,https://m.irgo.co.kr/IR-COMP/141080,2024-11-05,,"금융투자 이명선 I 2024-11-05 매수 경쟁사의 악재, 리가켐에게 기회 미래에셋증권 서미화 I 2024-10-25 매수 전임상에서 1조 기술이전, 국내 바이오텍의 위대한 한 걸음 현대차증권 여노래,김현석 I 2024-10-11 매수 LCB97 기술이전. 또 레벨 업 다올투자증권 이지수,임도영 I 2024-10-11 매수 Liga is Still Hungry! 유진투자증권 권해순 I 2024-10-11 매수 투자자들과의 약속을 지키는 기업 메리츠증권 김준영 I 2024-10-11 매수 LCB97 딜 size, 플랫폼 가치 모두 계속 커지는 중 DS투자증권 김민정 I 2024-10-11 매수 다름에서 오는 경쟁력 유안타증권 하현수 I 2024-10-02 매수 NDR 후기: 가치 level up은 계속 된다 다올투자증권 이지수,임도영 I 2024-09-30 매수 확대되는 TROP2 ADC 치료제 시장 유진투자증권 권해순 I 2024-09-20 매수 높아지는 얀센의"
141080::2024,141080,리가켐바이오,PRIMARY_INDEX_AVAILABLE,SECONDARY_HUMAN_REPORT_NONMAPPABLE,200,https://m.irgo.co.kr/IR-COMP/141080,2024-11-06,,"영 I 2024-11-06 N/R 글로벌 빅파마가 선택한 ADC DB금융투자 이명선 I 2024-11-05 매수 경쟁사의 악재, 리가켐에게 기회 미래에셋증권 서미화 I 2024-10-25 매수 전임상에서 1조 기술이전, 국내 바이오텍의 위대한 한 걸음 현대차증권 여노래,김현석 I 2024-10-11 매수 LCB97 기술이전. 또 레벨 업 다올투자증권 이지수,임도영 I 2024-10-11 매수 Liga is Still Hungry! 유진투자증권 권해순 I 2024-10-11 매수 투자자들과의 약속을 지키는 기업 메리츠증권 김준영 I 2024-10-11 매수 LCB97 딜 size, 플랫폼 가치 모두 계속 커지는 중 DS투자증권 김민정 I 2024-10-11 매수 다름에서 오는 경쟁력 유안타증권 하현수 I 2024-10-02 매수 NDR 후기: 가치 level up은 계속 된다 다올투자증권 이지수,임도영 I 2024-09-30 매수 확대되는 TROP2 ADC 치료제 시"
141080::2024,141080,리가켐바이오,PRIMARY_INDEX_AVAILABLE,SECONDARY_HUMAN_REPORT_NONMAPPABLE,200,https://m.irgo.co.kr/IR-COMP/141080,2024-11-13,,"력 다올투자증권 이지수,임도영 I 2024-11-13 매수 2025년 공개될 LCB84 결과 메리츠증권 김준영 I 2024-11-06 N/R 글로벌 빅파마가 선택한 ADC DB금융투자 이명선 I 2024-11-05 매수 경쟁사의 악재, 리가켐에게 기회 미래에셋증권 서미화 I 2024-10-25 매수 전임상에서 1조 기술이전, 국내 바이오텍의 위대한 한 걸음 현대차증권 여노래,김현석 I 2024-10-11 매수 LCB97 기술이전. 또 레벨 업 다올투자증권 이지수,임도영 I 2024-10-11 매수 Liga is Still Hungry! 유진투자증권 권해순 I 2024-10-11 매수 투자자들과의 약속을 지키는 기업 메리츠증권 김준영 I 2024-10-11 매수 LCB97 딜 size, 플랫폼 가치 모두 계속 커지는 중 DS투자증권 김민정 I 2024-10-11 매수 다름에서 오는 경쟁력 유안타증권 하현수 I 2024-10-02 매수 NDR 후기: 가치 level u"
141080::2024,141080,리가켐바이오,PRIMARY_INDEX_AVAILABLE,SECONDARY_HUMAN_REPORT_NONMAPPABLE,200,https://m.irgo.co.kr/IR-COMP/141080,2024-11-20,,"크로 현대차증권 여노래,김현석 I 2024-11-20 매수 의심할 것 없는 기술력 다올투자증권 이지수,임도영 I 2024-11-13 매수 2025년 공개될 LCB84 결과 메리츠증권 김준영 I 2024-11-06 N/R 글로벌 빅파마가 선택한 ADC DB금융투자 이명선 I 2024-11-05 매수 경쟁사의 악재, 리가켐에게 기회 미래에셋증권 서미화 I 2024-10-25 매수 전임상에서 1조 기술이전, 국내 바이오텍의 위대한 한 걸음 현대차증권 여노래,김현석 I 2024-10-11 매수 LCB97 기술이전. 또 레벨 업 다올투자증권 이지수,임도영 I 2024-10-11 매수 Liga is Still Hungry! 유진투자증권 권해순 I 2024-10-11 매수 투자자들과의 약속을 지키는 기업 메리츠증권 김준영 I 2024-10-11 매수 LCB97 딜 size, 플랫폼 가치 모두 계속 커지는 중 DS투자증권 김민정 I 2024-10-11 매수 다름에서 오는 경쟁력"
141080::2024,141080,리가켐바이오,PRIMARY_INDEX_AVAILABLE,SECONDARY_HUMAN_REPORT_NONMAPPABLE,200,https://m.irgo.co.kr/IR-COMP/141080,2024-11-26,,"24-11-27 N/R Company & Business Overview 해당기업 IR팀 I 2024-11-26 매수 ADC 편집샵에서 브랜드샵으로, 브랜드샵에서 명품 맞춤 부티크로 현대차증권 여노래,김현석 I 2024-11-20 매수 의심할 것 없는 기술력 다올투자증권 이지수,임도영 I 2024-11-13 매수 2025년 공개될 LCB84 결과 메리츠증권 김준영 I 2024-11-06 N/R 글로벌 빅파마가 선택한 ADC DB금융투자 이명선 I 2024-11-05 매수 경쟁사의 악재, 리가켐에게 기회 미래에셋증권 서미화 I 2024-10-25 매수 전임상에서 1조 기술이전, 국내 바이오텍의 위대한 한 걸음 현대차증권 여노래,김현석 I 2024-10-11 매수 LCB97 기술이전. 또 레벨 업 다올투자증권 이지수,임도영 I 2024-10-11 매수 Liga is Still Hungry! 유진투자증권 권해순 I 2024-10-11 매수 투자자들과의 약속을 지키는 기업"
141080::2024,141080,리가켐바이오,PRIMARY_INDEX_AVAILABLE,SECONDARY_HUMAN_REPORT_NONMAPPABLE,200,https://m.irgo.co.kr/IR-COMP/141080,2024-11-26,,"I 2024-11-26 매수 ADC 편집샵에서 브랜드샵으로, 브랜드샵에서 명품 맞춤 부티크로 현대차증권 여노래,김현석 I 2024-11-20 매수 의심할 것 없는 기술력 다올투자증권 이지수,임도영 I 2024-11-13 매수 2025년 공개될 LCB84 결과 메리츠증권 김준영 I 2024-11-06 N/R 글로벌 빅파마가 선택한 ADC DB금융투자 이명선 I 2024-11-05 매수 경쟁사의 악재, 리가켐에게 기회 미래에셋증권 서미화 I 2024-10-25 매수 전임상에서 1조 기술이전, 국내 바이오텍의 위대한 한 걸음 현대차증권 여노래,김현석 I 2024-10-11 매수 LCB97 기술이전. 또 레벨 업 다올투자증권 이지수,임도영 I 2024-10-11 매수 Liga is Still Hungry! 유진투자증권 권해순 I 2024-10-11 매수 투자자들과의 약속을 지키는 기업 메리츠증권 김준영 I 2024-10-11 매수 LCB97 딜 size, 플랫폼 가치 모두"
141080::2024,141080,리가켐바이오,PRIMARY_INDEX_AVAILABLE,SECONDARY_HUMAN_REPORT_NONMAPPABLE,200,https://m.irgo.co.kr/IR-COMP/141080,2024-12-10,,",강태호 I 2024-12-10 매수 국내 NO.1 바이오텍에서 글로벌 바이오텍으로 도약 SK증권 이선경 I 2024-11-27 N/R Company & Business Overview 해당기업 IR팀 I 2024-11-26 매수 ADC 편집샵에서 브랜드샵으로, 브랜드샵에서 명품 맞춤 부티크로 현대차증권 여노래,김현석 I 2024-11-20 매수 의심할 것 없는 기술력 다올투자증권 이지수,임도영 I 2024-11-13 매수 2025년 공개될 LCB84 결과 메리츠증권 김준영 I 2024-11-06 N/R 글로벌 빅파마가 선택한 ADC DB금융투자 이명선 I 2024-11-05 매수 경쟁사의 악재, 리가켐에게 기회 미래에셋증권 서미화 I 2024-10-25 매수 전임상에서 1조 기술이전, 국내 바이오텍의 위대한 한 걸음 현대차증권 여노래,김현석 I 2024-10-11 매수 LCB97 기술이전. 또 레벨 업 다올투자증권 이지수,임도영 I 2024-10-11 매수 Lig"
141080::2024,141080,리가켐바이오,PRIMARY_INDEX_AVAILABLE,SECONDARY_HUMAN_REPORT_NONMAPPABLE,200,https://m.irgo.co.kr/IR-COMP/141080,2024-12-10,,"2024-12-10 매수 혈액암 내 ROR1 위상 대폭 상승 DS투자증권 김민정,강태호 I 2024-12-10 매수 국내 NO.1 바이오텍에서 글로벌 바이오텍으로 도약 SK증권 이선경 I 2024-11-27 N/R Company & Business Overview 해당기업 IR팀 I 2024-11-26 매수 ADC 편집샵에서 브랜드샵으로, 브랜드샵에서 명품 맞춤 부티크로 현대차증권 여노래,김현석 I 2024-11-20 매수 의심할 것 없는 기술력 다올투자증권 이지수,임도영 I 2024-11-13 매수 2025년 공개될 LCB84 결과 메리츠증권 김준영 I 2024-11-06 N/R 글로벌 빅파마가 선택한 ADC DB금융투자 이명선 I 2024-11-05 매수 경쟁사의 악재, 리가켐에게 기회 미래에셋증권 서미화 I 2024-10-25 매수 전임상에서 1조 기술이전, 국내 바이오텍의 위대한 한 걸음 현대차증권 여노래,김현석 I 2024-10-11 매수 LCB97 기술"
141080::2024,141080,리가켐바이오,PRIMARY_INDEX_AVAILABLE,SECONDARY_HUMAN_REPORT_NONMAPPABLE,200,https://m.irgo.co.kr/IR-COMP/141080,2024-12-10,,"4-12-27 매수 또 한번 결과로 증명 중인 링커의 안전성 메리츠증권 김준영 I 2024-12-10 매수 혈액암 내 ROR1 위상 대폭 상승 DS투자증권 김민정,강태호 I 2024-12-10 매수 국내 NO.1 바이오텍에서 글로벌 바이오텍으로 도약 SK증권 이선경 I 2024-11-27 N/R Company & Business Overview 해당기업 IR팀 I 2024-11-26 매수 ADC 편집샵에서 브랜드샵으로, 브랜드샵에서 명품 맞춤 부티크로 현대차증권 여노래,김현석 I 2024-11-20 매수 의심할 것 없는 기술력 다올투자증권 이지수,임도영 I 2024-11-13 매수 2025년 공개될 LCB84 결과 메리츠증권 김준영 I 2024-11-06 N/R 글로벌 빅파마가 선택한 ADC DB금융투자 이명선 I 2024-11-05 매수 경쟁사의 악재, 리가켐에게 기회 미래에셋증권 서미화 I 2024-10-25 매수 전임상에서 1조 기술이전, 국내 바이오텍의 위대"
141080::2024,141080,리가켐바이오,PRIMARY_INDEX_AVAILABLE,SECONDARY_HUMAN_REPORT_NONMAPPABLE,200,https://m.irgo.co.kr/IR-COMP/141080,2024-12-27,,"-01-22 N/R 쌓이는 임상 결과로 확인되는 경쟁력 삼성증권 서근희 I 2024-12-27 매수 또 한번 결과로 증명 중인 링커의 안전성 메리츠증권 김준영 I 2024-12-10 매수 혈액암 내 ROR1 위상 대폭 상승 DS투자증권 김민정,강태호 I 2024-12-10 매수 국내 NO.1 바이오텍에서 글로벌 바이오텍으로 도약 SK증권 이선경 I 2024-11-27 N/R Company & Business Overview 해당기업 IR팀 I 2024-11-26 매수 ADC 편집샵에서 브랜드샵으로, 브랜드샵에서 명품 맞춤 부티크로 현대차증권 여노래,김현석 I 2024-11-20 매수 의심할 것 없는 기술력 다올투자증권 이지수,임도영 I 2024-11-13 매수 2025년 공개될 LCB84 결과 메리츠증권 김준영 I 2024-11-06 N/R 글로벌 빅파마가 선택한 ADC DB금융투자 이명선 I 2024-11-05 매수 경쟁사의 악재, 리가켐에게 기회 미래에셋증권 서"
141080::2024,141080,리가켐바이오,PRIMARY_INDEX_AVAILABLE,SECONDARY_HUMAN_REPORT_NONMAPPABLE,200,https://m.irgo.co.kr/IR-COMP/141080,2024-12-27,,"2025-02-17 매수 2025년, 성장 에너지를 가속화하라 유진투자증권 권해순 I 2025-02-17 N/R 글로벌 ADC 임상적 검증, 올해 가장 주목 신한투자증권 엄민용,정희령 I 2025-01-22 N/R 쌓이는 임상 결과로 확인되는 경쟁력 삼성증권 서근희 I 2024-12-27 매수 또 한번 결과로 증명 중인 링커의 안전성 메리츠증권 김준영 I 2024-12-10 매수 혈액암 내 ROR1 위상 대폭 상승 DS투자증권 김민정,강태호 I 2024-12-10 매수 국내 NO.1 바이오텍에서 글로벌 바이오텍으로 도약 SK증권 이선경 I 2024-11-27 N/R Company & Business Overview 해당기업 IR팀 I 2024-11-26 매수 ADC 편집샵에서 브랜드샵으로, 브랜드샵에서 명품 맞춤 부티크로 현대차증권 여노래,김현석 I 2024-11-20 매수 의심할 것 없는 기술력 다올투자증권 이지수,임도영 I 2024-11-13 매수 2025년"
141080::2024,141080,리가켐바이오,PRIMARY_INDEX_AVAILABLE,SECONDARY_HUMAN_REPORT_NONMAPPABLE,200,https://m.irgo.co.kr/IR-COMP/141080,2024-12-27,,"2025-03-21 N/R Company & Business Overview 해당기업 IR팀 I 2025-02-17 매수 2025년, 성장 에너지를 가속화하라 유진투자증권 권해순 I 2025-02-17 N/R 글로벌 ADC 임상적 검증, 올해 가장 주목 신한투자증권 엄민용,정희령 I 2025-01-22 N/R 쌓이는 임상 결과로 확인되는 경쟁력 삼성증권 서근희 I 2024-12-27 매수 또 한번 결과로 증명 중인 링커의 안전성 메리츠증권 김준영 I 2024-12-10 매수 혈액암 내 ROR1 위상 대폭 상승 DS투자증권 김민정,강태호 I 2024-12-10 매수 국내 NO.1 바이오텍에서 글로벌 바이오텍으로 도약 SK증권 이선경 I 2024-11-27 N/R Company & Business Overview 해당기업 IR팀 I 2024-11-26 매수 ADC 편집샵에서 브랜드샵으로, 브랜드샵에서 명품 맞춤 부티크로 현대차증권 여노래,김현석 I 2024-11-20"
141080::2024,141080,리가켐바이오,PRIMARY_INDEX_AVAILABLE,SECONDARY_HUMAN_REPORT_NONMAPPABLE,200,https://m.irgo.co.kr/IR-COMP/141080,2024-12-27,,"벌 ADC 임상적 검증, 올해 가장 주목 신한투자증권 엄민용,정희령 I 2025-01-22 N/R 쌓이는 임상 결과로 확인되는 경쟁력 삼성증권 서근희 I 2024-12-27 매수 또 한번 결과로 증명 중인 링커의 안전성 메리츠증권 김준영 I 2024-12-10 매수 혈액암 내 ROR1 위상 대폭 상승 DS투자증권 김민정,강태호 I 2024-12-10 매수 국내 NO.1 바이오텍에서 글로벌 바이오텍으로 도약 SK증권 이선경 I 2024-11-27 N/R Company & Business Overview 해당기업 IR팀 I 2024-11-26 매수 ADC 편집샵에서 브랜드샵으로, 브랜드샵에서 명품 맞춤 부티크로 현대차증권 여노래,김현석 I 2024-11-20 매수 의심할 것 없는 기술력 다올투자증권 이지수,임도영 I 2024-11-13 매수 2025년 공개될 LCB84 결과 메리츠증권 김준영 I 2024-11-06 N/R 글로벌 빅파마가 선택한 ADC DB금융투자 이명"
141080::2024,141080,리가켐바이오,PRIMARY_INDEX_AVAILABLE,SECONDARY_HUMAN_REPORT_NONMAPPABLE,200,https://m.irgo.co.kr/IR-COMP/141080,2024-12-27,,"선아,유창근 I 2025-05-13 매수 LCB39: Cold to Hot 유진투자증권 권해순 I 2025-05-07 매수 ADC 바이오텍의 영광스러운 진화에 동참하라 현대차증권 여노래 I 2025-03-21 N/R Company & Business Overview 해당기업 IR팀 I 2025-02-17 매수 2025년, 성장 에너지를 가속화하라 유진투자증권 권해순 I 2025-02-17 N/R 글로벌 ADC 임상적 검증, 올해 가장 주목 신한투자증권 엄민용,정희령 I 2025-01-22 N/R 쌓이는 임상 결과로 확인되는 경쟁력 삼성증권 서근희 I 2024-12-27 매수 또 한번 결과로 증명 중인 링커의 안전성 메리츠증권 김준영 I 2024-12-10 매수 혈액암 내 ROR1 위상 대폭 상승 DS투자증권 김민정,강태호 I 2024-12-10 매수 국내 NO.1 바이오텍에서 글로벌 바이오텍으로 도약 SK증권 이선경 I 2024-11-27 N/R Company &"
141080::2024,141080,리가켐바이오,PRIMARY_INDEX_AVAILABLE,SECONDARY_HUMAN_REPORT_NONMAPPABLE,200,https://m.irgo.co.kr/IR-COMP/141080,2024-12-27,,"순 I 2025-05-07 매수 ADC 바이오텍의 영광스러운 진화에 동참하라 현대차증권 여노래 I 2025-03-21 N/R Company & Business Overview 해당기업 IR팀 I 2025-02-17 매수 2025년, 성장 에너지를 가속화하라 유진투자증권 권해순 I 2025-02-17 N/R 글로벌 ADC 임상적 검증, 올해 가장 주목 신한투자증권 엄민용,정희령 I 2025-01-22 N/R 쌓이는 임상 결과로 확인되는 경쟁력 삼성증권 서근희 I 2024-12-27 매수 또 한번 결과로 증명 중인 링커의 안전성 메리츠증권 김준영 I 2024-12-10 매수 혈액암 내 ROR1 위상 대폭 상승 DS투자증권 김민정,강태호 I 2024-12-10 매수 국내 NO.1 바이오텍에서 글로벌 바이오텍으로 도약 SK증권 이선경 I 2024-11-27 N/R Company & Business Overview 해당기업 IR팀 I 2024-11-26 매수 ADC 편집샵에"
141080::2024,141080,리가켐바이오,PRIMARY_INDEX_AVAILABLE,SECONDARY_HUMAN_REPORT_NONMAPPABLE,200,https://m.irgo.co.kr/IR-COMP/141080,2024-12-27,,"자증권 김민정 I 2025-05-13 매수 올해도 새로운 기술이전을 기다리며 하나증권 김선아,유창근 I 2025-05-13 매수 LCB39: Cold to Hot 유진투자증권 권해순 I 2025-05-07 매수 ADC 바이오텍의 영광스러운 진화에 동참하라 현대차증권 여노래 I 2025-03-21 N/R Company & Business Overview 해당기업 IR팀 I 2025-02-17 매수 2025년, 성장 에너지를 가속화하라 유진투자증권 권해순 I 2025-02-17 N/R 글로벌 ADC 임상적 검증, 올해 가장 주목 신한투자증권 엄민용,정희령 I 2025-01-22 N/R 쌓이는 임상 결과로 확인되는 경쟁력 삼성증권 서근희 I 2024-12-27 매수 또 한번 결과로 증명 중인 링커의 안전성 메리츠증권 김준영 I 2024-12-10 매수 혈액암 내 ROR1 위상 대폭 상승 DS투자증권 김민정,강태호 I 2024-12-10 매수 국내 NO.1 바이오텍에서 글"
146320::2024,146320,비씨엔씨,PRIMARY_INDEX_AVAILABLE,EQUITY_PRIMARY_NONMAPPABLE,200,https://m.irgo.co.kr/IR-COMP/146320,2024-07-09,,"본게임 시작 다올투자증권 고영민 I 2024-07-09 N/R 방향은 다시 위를 가리킨다 NH투자증권 심의섭,황지현 I 2024-06-14 매수 차세대 식각 부품 삼두마차 신한투자증권 이경아 I 2024-06-11 매수 남다를 하반기 다올투자증권 고영민 I 2024-05-31 N/R 회사소개 및 주요 사업현황 해당기업 IR팀 I 2024-05-23 매수 소정리의 기적 유진투자증권 임소정 I 2024-03-19 N/R 회사소개 및 주요 사업현황 해당기업 IR팀 I 2024-01-23 N/R 선단공정 확대에 따른 수혜 상상인증권 권오휘,이소중 I 2024-01-08 N/R 탐방노트: 반도체 소재 전문기업으로 진화 중 메리츠증권 양승수 I 2024-01-05 N/R 2024년 기대되는 턴어라운드와 고성장 NH투자증권 심의섭,황지현 I 2023-12-19 매수 선택에서 필수로 다올투자증권 고영민 I 2023-11-21 N/R 2024년 QD9+ 공급 본격화와 함께 턴어라"
146320::2024,146320,비씨엔씨,PRIMARY_INDEX_AVAILABLE,EQUITY_PRIMARY_NONMAPPABLE,200,https://m.irgo.co.kr/IR-COMP/146320,2024-08-21,,"24-09-11 매수 2Q24 Review 신한투자증권 이경아 I 2024-08-21 매수 곧 본게임 시작 다올투자증권 고영민 I 2024-07-09 N/R 방향은 다시 위를 가리킨다 NH투자증권 심의섭,황지현 I 2024-06-14 매수 차세대 식각 부품 삼두마차 신한투자증권 이경아 I 2024-06-11 매수 남다를 하반기 다올투자증권 고영민 I 2024-05-31 N/R 회사소개 및 주요 사업현황 해당기업 IR팀 I 2024-05-23 매수 소정리의 기적 유진투자증권 임소정 I 2024-03-19 N/R 회사소개 및 주요 사업현황 해당기업 IR팀 I 2024-01-23 N/R 선단공정 확대에 따른 수혜 상상인증권 권오휘,이소중 I 2024-01-08 N/R 탐방노트: 반도체 소재 전문기업으로 진화 중 메리츠증권 양승수 I 2024-01-05 N/R 2024년 기대되는 턴어라운드와 고성장 NH투자증권 심의섭,황지현 I 2023-12-19 매수 선택에서 필수로 다"
146320::2024,146320,비씨엔씨,PRIMARY_INDEX_AVAILABLE,EQUITY_PRIMARY_NONMAPPABLE,200,https://m.irgo.co.kr/IR-COMP/146320,2024-09-30,,"10-28 매수 3Q24 Preview: 도약의 하반기 유진투자증권 임소정 I 2024-09-30 N/R 회사소개 및 주요 사업현황 해당기업 IR팀 I 2024-09-11 매수 2Q24 Review 신한투자증권 이경아 I 2024-08-21 매수 곧 본게임 시작 다올투자증권 고영민 I 2024-07-09 N/R 방향은 다시 위를 가리킨다 NH투자증권 심의섭,황지현 I 2024-06-14 매수 차세대 식각 부품 삼두마차 신한투자증권 이경아 I 2024-06-11 매수 남다를 하반기 다올투자증권 고영민 I 2024-05-31 N/R 회사소개 및 주요 사업현황 해당기업 IR팀 I 2024-05-23 매수 소정리의 기적 유진투자증권 임소정 I 2024-03-19 N/R 회사소개 및 주요 사업현황 해당기업 IR팀 I 2024-01-23 N/R 선단공정 확대에 따른 수혜 상상인증권 권오휘,이소중 I 2024-01-08 N/R 탐방노트: 반도체 소재 전문기업으로 진화 중 메리츠"
146320::2024,146320,비씨엔씨,PRIMARY_INDEX_AVAILABLE,EQUITY_PRIMARY_NONMAPPABLE,200,https://m.irgo.co.kr/IR-COMP/146320,2024-09-30,,"I 2024-09-30 N/R 회사소개 및 주요 사업현황 해당기업 IR팀 I 2024-09-11 매수 2Q24 Review 신한투자증권 이경아 I 2024-08-21 매수 곧 본게임 시작 다올투자증권 고영민 I 2024-07-09 N/R 방향은 다시 위를 가리킨다 NH투자증권 심의섭,황지현 I 2024-06-14 매수 차세대 식각 부품 삼두마차 신한투자증권 이경아 I 2024-06-11 매수 남다를 하반기 다올투자증권 고영민 I 2024-05-31 N/R 회사소개 및 주요 사업현황 해당기업 IR팀 I 2024-05-23 매수 소정리의 기적 유진투자증권 임소정 I 2024-03-19 N/R 회사소개 및 주요 사업현황 해당기업 IR팀 I 2024-01-23 N/R 선단공정 확대에 따른 수혜 상상인증권 권오휘,이소중 I 2024-01-08 N/R 탐방노트: 반도체 소재 전문기업으로 진화 중 메리츠증권 양승수 I 2024-01-05 N/R 2024년 기대되는 턴어라운드와"
146320::2024,146320,비씨엔씨,PRIMARY_INDEX_AVAILABLE,EQUITY_PRIMARY_NONMAPPABLE,200,https://m.irgo.co.kr/IR-COMP/146320,2024-10-28,,"이템 진입 효과로 방어 다올투자증권 고영민,김연미 I 2024-10-28 매수 3Q24 Preview: 도약의 하반기 유진투자증권 임소정 I 2024-09-30 N/R 회사소개 및 주요 사업현황 해당기업 IR팀 I 2024-09-11 매수 2Q24 Review 신한투자증권 이경아 I 2024-08-21 매수 곧 본게임 시작 다올투자증권 고영민 I 2024-07-09 N/R 방향은 다시 위를 가리킨다 NH투자증권 심의섭,황지현 I 2024-06-14 매수 차세대 식각 부품 삼두마차 신한투자증권 이경아 I 2024-06-11 매수 남다를 하반기 다올투자증권 고영민 I 2024-05-31 N/R 회사소개 및 주요 사업현황 해당기업 IR팀 I 2024-05-23 매수 소정리의 기적 유진투자증권 임소정 I 2024-03-19 N/R 회사소개 및 주요 사업현황 해당기업 IR팀 I 2024-01-23 N/R 선단공정 확대에 따른 수혜 상상인증권 권오휘,이소중 I 2024-01-"
146320::2024,146320,비씨엔씨,PRIMARY_INDEX_AVAILABLE,EQUITY_PRIMARY_NONMAPPABLE,200,https://m.irgo.co.kr/IR-COMP/146320,2024-11-26,,"개 및 주요 사업현황 해당기업 IR팀 I 2024-11-26 매수 신규 아이템 진입 효과로 방어 다올투자증권 고영민,김연미 I 2024-10-28 매수 3Q24 Preview: 도약의 하반기 유진투자증권 임소정 I 2024-09-30 N/R 회사소개 및 주요 사업현황 해당기업 IR팀 I 2024-09-11 매수 2Q24 Review 신한투자증권 이경아 I 2024-08-21 매수 곧 본게임 시작 다올투자증권 고영민 I 2024-07-09 N/R 방향은 다시 위를 가리킨다 NH투자증권 심의섭,황지현 I 2024-06-14 매수 차세대 식각 부품 삼두마차 신한투자증권 이경아 I 2024-06-11 매수 남다를 하반기 다올투자증권 고영민 I 2024-05-31 N/R 회사소개 및 주요 사업현황 해당기업 IR팀 I 2024-05-23 매수 소정리의 기적 유진투자증권 임소정 I 2024-03-19 N/R 회사소개 및 주요 사업현황 해당기업 IR팀 I 2024-01-23 N/"
146320::2024,146320,비씨엔씨,PRIMARY_INDEX_AVAILABLE,EQUITY_PRIMARY_NONMAPPABLE,200,https://m.irgo.co.kr/IR-COMP/146320,2024-12-09,,"NH투자증권 심의섭,황지현 I 2024-12-09 N/R 회사소개 및 주요 사업현황 해당기업 IR팀 I 2024-11-26 매수 신규 아이템 진입 효과로 방어 다올투자증권 고영민,김연미 I 2024-10-28 매수 3Q24 Preview: 도약의 하반기 유진투자증권 임소정 I 2024-09-30 N/R 회사소개 및 주요 사업현황 해당기업 IR팀 I 2024-09-11 매수 2Q24 Review 신한투자증권 이경아 I 2024-08-21 매수 곧 본게임 시작 다올투자증권 고영민 I 2024-07-09 N/R 방향은 다시 위를 가리킨다 NH투자증권 심의섭,황지현 I 2024-06-14 매수 차세대 식각 부품 삼두마차 신한투자증권 이경아 I 2024-06-11 매수 남다를 하반기 다올투자증권 고영민 I 2024-05-31 N/R 회사소개 및 주요 사업현황 해당기업 IR팀 I 2024-05-23 매수 소정리의 기적 유진투자증권 임소정 I 2024-03-19 N/R 회사소개"
146320::2024,146320,비씨엔씨,PRIMARY_INDEX_AVAILABLE,EQUITY_PRIMARY_NONMAPPABLE,200,https://m.irgo.co.kr/IR-COMP/146320,2024-12-18,,"0 N/R 회사소개 및 주요 사업현황 해당기업 IR팀 I 2025-07-24 N/R 회사소개 및 주요 사업현황 해당기업 IR팀 I 2025-07-09 매수 공급 품목 확대는 긍정적이나 실적 속도는 아직 다올투자증권 고영민,김연미 I 2025-04-23 N/R 실적 개선되는 구간 신영증권 박상욱 I 2025-04-08 매수 1Q25 Preview: 쉬어가는 중 유진투자증권 임소정 I 2025-03-31 매수 기대했던 모멘텀들이 현실화될 25년 DS투자증권 조대형,김진형 I 2025-02-24 N/R 회사소개 및 주요 사업현황 해당기업 IR팀 I 2024-12-18 N/R 업황 반등 시 높은 회복 탄력성 기대 NH투자증권 심의섭,황지현 I 2024-12-09 N/R 회사소개 및 주요 사업현황 해당기업 IR팀 I 2024-11-26 매수 신규 아이템 진입 효과로 방어 다올투자증권 고영민,김연미 I 2024-10-28 매수 3Q24 Preview: 도약의 하반기 유진투자증"
146320::2024,146320,비씨엔씨,PRIMARY_INDEX_AVAILABLE,EQUITY_PRIMARY_NONMAPPABLE,200,https://m.irgo.co.kr/IR-COMP/146320,2024-12-18,,"23 N/R 실적 개선되는 구간 신영증권 박상욱 I 2025-04-08 매수 1Q25 Preview: 쉬어가는 중 유진투자증권 임소정 I 2025-03-31 매수 기대했던 모멘텀들이 현실화될 25년 DS투자증권 조대형,김진형 I 2025-02-24 N/R 회사소개 및 주요 사업현황 해당기업 IR팀 I 2024-12-18 N/R 업황 반등 시 높은 회복 탄력성 기대 NH투자증권 심의섭,황지현 I 2024-12-09 N/R 회사소개 및 주요 사업현황 해당기업 IR팀 I 2024-11-26 매수 신규 아이템 진입 효과로 방어 다올투자증권 고영민,김연미 I 2024-10-28 매수 3Q24 Preview: 도약의 하반기 유진투자증권 임소정 I 2024-09-30 N/R 회사소개 및 주요 사업현황 해당기업 IR팀 I 2024-09-11 매수 2Q24 Review 신한투자증권 이경아 I 2024-08-21 매수 곧 본게임 시작 다올투자증권 고영민 I 2024-07-09 N/R"
146320::2024,146320,비씨엔씨,PRIMARY_INDEX_AVAILABLE,EQUITY_PRIMARY_NONMAPPABLE,200,https://m.irgo.co.kr/IR-COMP/146320,2024-12-18,,"27 매수 3Q25 Preview: 품목 다변화가 활짝 유진투자증권 임소정 I 2025-09-30 N/R 회사소개 및 주요 사업현황 해당기업 IR팀 I 2025-07-24 N/R 회사소개 및 주요 사업현황 해당기업 IR팀 I 2025-07-09 매수 공급 품목 확대는 긍정적이나 실적 속도는 아직 다올투자증권 고영민,김연미 I 2025-04-23 N/R 실적 개선되는 구간 신영증권 박상욱 I 2025-04-08 매수 1Q25 Preview: 쉬어가는 중 유진투자증권 임소정 I 2025-03-31 매수 기대했던 모멘텀들이 현실화될 25년 DS투자증권 조대형,김진형 I 2025-02-24 N/R 회사소개 및 주요 사업현황 해당기업 IR팀 I 2024-12-18 N/R 업황 반등 시 높은 회복 탄력성 기대 NH투자증권 심의섭,황지현 I 2024-12-09 N/R 회사소개 및 주요 사업현황 해당기업 IR팀 I 2024-11-26 매수 신규 아이템 진입 효과로 방어 다올투자증"
146320::2024,146320,비씨엔씨,PRIMARY_INDEX_AVAILABLE,EQUITY_PRIMARY_NONMAPPABLE,200,https://m.irgo.co.kr/IR-COMP/146320,2024-12-18,,"4 N/R 회사소개 및 주요 사업현황 해당기업 IR팀 I 2025-07-09 매수 공급 품목 확대는 긍정적이나 실적 속도는 아직 다올투자증권 고영민,김연미 I 2025-04-23 N/R 실적 개선되는 구간 신영증권 박상욱 I 2025-04-08 매수 1Q25 Preview: 쉬어가는 중 유진투자증권 임소정 I 2025-03-31 매수 기대했던 모멘텀들이 현실화될 25년 DS투자증권 조대형,김진형 I 2025-02-24 N/R 회사소개 및 주요 사업현황 해당기업 IR팀 I 2024-12-18 N/R 업황 반등 시 높은 회복 탄력성 기대 NH투자증권 심의섭,황지현 I 2024-12-09 N/R 회사소개 및 주요 사업현황 해당기업 IR팀 I 2024-11-26 매수 신규 아이템 진입 효과로 방어 다올투자증권 고영민,김연미 I 2024-10-28 매수 3Q24 Preview: 도약의 하반기 유진투자증권 임소정 I 2024-09-30 N/R 회사소개 및 주요 사업현황 해당기"
146320::2024,146320,비씨엔씨,PRIMARY_INDEX_AVAILABLE,EQUITY_PRIMARY_NONMAPPABLE,200,https://m.irgo.co.kr/IR-COMP/146320,2024-12-18,,"5-03-31 매수 기대했던 모멘텀들이 현실화될 25년 DS투자증권 조대형,김진형 I 2025-02-24 N/R 회사소개 및 주요 사업현황 해당기업 IR팀 I 2024-12-18 N/R 업황 반등 시 높은 회복 탄력성 기대 NH투자증권 심의섭,황지현 I 2024-12-09 N/R 회사소개 및 주요 사업현황 해당기업 IR팀 I 2024-11-26 매수 신규 아이템 진입 효과로 방어 다올투자증권 고영민,김연미 I 2024-10-28 매수 3Q24 Preview: 도약의 하반기 유진투자증권 임소정 I 2024-09-30 N/R 회사소개 및 주요 사업현황 해당기업 IR팀 I 2024-09-11 매수 2Q24 Review 신한투자증권 이경아 I 2024-08-21 매수 곧 본게임 시작 다올투자증권 고영민 I 2024-07-09 N/R 방향은 다시 위를 가리킨다 NH투자증권 심의섭,황지현 I 2024-06-14 매수 차세대 식각 부품 삼두마차 신한투자증권 이경아 I 2024-"
146320::2024,146320,비씨엔씨,PRIMARY_INDEX_AVAILABLE,EQUITY_PRIMARY_NONMAPPABLE,200,https://m.irgo.co.kr/IR-COMP/146320,2024-12-18,,"IR팀 I 2024-12-18 N/R 업황 반등 시 높은 회복 탄력성 기대 NH투자증권 심의섭,황지현 I 2024-12-09 N/R 회사소개 및 주요 사업현황 해당기업 IR팀 I 2024-11-26 매수 신규 아이템 진입 효과로 방어 다올투자증권 고영민,김연미 I 2024-10-28 매수 3Q24 Preview: 도약의 하반기 유진투자증권 임소정 I 2024-09-30 N/R 회사소개 및 주요 사업현황 해당기업 IR팀 I 2024-09-11 매수 2Q24 Review 신한투자증권 이경아 I 2024-08-21 매수 곧 본게임 시작 다올투자증권 고영민 I 2024-07-09 N/R 방향은 다시 위를 가리킨다 NH투자증권 심의섭,황지현 I 2024-06-14 매수 차세대 식각 부품 삼두마차 신한투자증권 이경아 I 2024-06-11 매수 남다를 하반기 다올투자증권 고영민 I 2024-05-31 N/R 회사소개 및 주요 사업현황 해당기업 IR팀 I 2024-05-23 매"
146320::2024,146320,비씨엔씨,PRIMARY_INDEX_AVAILABLE,EQUITY_PRIMARY_NONMAPPABLE,200,https://m.irgo.co.kr/IR-COMP/146320,2024-12-18,,"권 조대형,김진형 I 2025-02-24 N/R 회사소개 및 주요 사업현황 해당기업 IR팀 I 2024-12-18 N/R 업황 반등 시 높은 회복 탄력성 기대 NH투자증권 심의섭,황지현 I 2024-12-09 N/R 회사소개 및 주요 사업현황 해당기업 IR팀 I 2024-11-26 매수 신규 아이템 진입 효과로 방어 다올투자증권 고영민,김연미 I 2024-10-28 매수 3Q24 Preview: 도약의 하반기 유진투자증권 임소정 I 2024-09-30 N/R 회사소개 및 주요 사업현황 해당기업 IR팀 I 2024-09-11 매수 2Q24 Review 신한투자증권 이경아 I 2024-08-21 매수 곧 본게임 시작 다올투자증권 고영민 I 2024-07-09 N/R 방향은 다시 위를 가리킨다 NH투자증권 심의섭,황지현 I 2024-06-14 매수 차세대 식각 부품 삼두마차 신한투자증권 이경아 I 2024-06-11 매수 남다를 하반기 다올투자증권 고영민 I 2024-0"
146320::2024,146320,비씨엔씨,PRIMARY_INDEX_AVAILABLE,EQUITY_PRIMARY_NONMAPPABLE,200,https://m.irgo.co.kr/IR-COMP/146320,2024-12-18,,"수 1Q25 Preview: 쉬어가는 중 유진투자증권 임소정 I 2025-03-31 매수 기대했던 모멘텀들이 현실화될 25년 DS투자증권 조대형,김진형 I 2025-02-24 N/R 회사소개 및 주요 사업현황 해당기업 IR팀 I 2024-12-18 N/R 업황 반등 시 높은 회복 탄력성 기대 NH투자증권 심의섭,황지현 I 2024-12-09 N/R 회사소개 및 주요 사업현황 해당기업 IR팀 I 2024-11-26 매수 신규 아이템 진입 효과로 방어 다올투자증권 고영민,김연미 I 2024-10-28 매수 3Q24 Preview: 도약의 하반기 유진투자증권 임소정 I 2024-09-30 N/R 회사소개 및 주요 사업현황 해당기업 IR팀 I 2024-09-11 매수 2Q24 Review 신한투자증권 이경아 I 2024-08-21 매수 곧 본게임 시작 다올투자증권 고영민 I 2024-07-09 N/R 방향은 다시 위를 가리킨다 NH투자증권 심의섭,황지현 I 2024-06-"
146320::2024,146320,비씨엔씨,PRIMARY_INDEX_AVAILABLE,EQUITY_PRIMARY_NONMAPPABLE,200,https://m.irgo.co.kr/IR-COMP/146320,2024-12-18,,"품목 확대는 긍정적이나 실적 속도는 아직 다올투자증권 고영민,김연미 I 2025-04-23 N/R 실적 개선되는 구간 신영증권 박상욱 I 2025-04-08 매수 1Q25 Preview: 쉬어가는 중 유진투자증권 임소정 I 2025-03-31 매수 기대했던 모멘텀들이 현실화될 25년 DS투자증권 조대형,김진형 I 2025-02-24 N/R 회사소개 및 주요 사업현황 해당기업 IR팀 I 2024-12-18 N/R 업황 반등 시 높은 회복 탄력성 기대 NH투자증권 심의섭,황지현 I 2024-12-09 N/R 회사소개 및 주요 사업현황 해당기업 IR팀 I 2024-11-26 매수 신규 아이템 진입 효과로 방어 다올투자증권 고영민,김연미 I 2024-10-28 매수 3Q24 Preview: 도약의 하반기 유진투자증권 임소정 I 2024-09-30 N/R 회사소개 및 주요 사업현황 해당기업 IR팀 I 2024-09-11 매수 2Q24 Review 신한투자증권 이경아 I 2"
149950::2024,149950,아바텍,SECONDARY_SUMMARY_ONLY,SECONDARY_HUMAN_REPORT_NO_ACTION,200,https://m.irgo.co.kr/IR-COMP/149950,2024-11-25,,"IR팀 I 2025-10-23 매수 태양광 인버터 고객사향 MLCC공급 재개 메리츠증권 양승수 I 2025-09-01 매수 잠재력은 아직 충분 메리츠증권 양승수 I 2025-02-19 매수 아쉬운 2024년, 2025년 재도약 기대 메리츠증권 양승수 I 2024-11-25 N/R 전장용 MLCC 신규 공급을 기대하며 키움증권 김소원,조재원 I 2024-09-03 N/R 숫자가 보여주는 잠재력 메리츠증권 양승수 I 2024-08-08 N/R NDR Review: 재도약의 원년 메리츠증권 양승수 I 2024-06-27 N/R 회사소개 및 주요 경영현황 해당기업 IR팀 I 2024-06-25 매수 숨겨진 유리가공 장인 메리츠증권 양승수 I 2024-05-31 매수 글라스 식각 전통 강자의 매력 발산 시작 메리츠증권 양승수 I 2024-05-14 매수 손뼉을 마주칠 시간 메리츠증권 양승수 I 2023-11-07 N/R 기대 이상의 흐름 메리츠증권 양승수 I 2023-08"
149950::2024,149950,아바텍,SECONDARY_SUMMARY_ONLY,SECONDARY_HUMAN_REPORT_NO_ACTION,200,https://m.irgo.co.kr/IR-COMP/149950,2024-11-25,,"반기 폭발 메리츠증권 양승수 I 2026-04-27 매수 태양광 MLCC로 반등 메리츠증권 양승수 I 2026-02-12 매수 우리도 MLCC 메리츠증권 양승수 I 2025-11-27 N/R 회사소개 및 주요 경영현황 해당기업 IR팀 I 2025-10-23 매수 태양광 인버터 고객사향 MLCC공급 재개 메리츠증권 양승수 I 2025-09-01 매수 잠재력은 아직 충분 메리츠증권 양승수 I 2025-02-19 매수 아쉬운 2024년, 2025년 재도약 기대 메리츠증권 양승수 I 2024-11-25 N/R 전장용 MLCC 신규 공급을 기대하며 키움증권 김소원,조재원 I 2024-09-03 N/R 숫자가 보여주는 잠재력 메리츠증권 양승수 I 2024-08-08 N/R NDR Review: 재도약의 원년 메리츠증권 양승수 I 2024-06-27 N/R 회사소개 및 주요 경영현황 해당기업 IR팀 I 2024-06-25 매수 숨겨진 유리가공 장인 메리츠증권 양승수 I 2024"
149950::2024,149950,아바텍,SECONDARY_SUMMARY_ONLY,SECONDARY_HUMAN_REPORT_NO_ACTION,200,https://m.irgo.co.kr/IR-COMP/149950,2024-11-25,,"수 I 2025-11-27 N/R 회사소개 및 주요 경영현황 해당기업 IR팀 I 2025-10-23 매수 태양광 인버터 고객사향 MLCC공급 재개 메리츠증권 양승수 I 2025-09-01 매수 잠재력은 아직 충분 메리츠증권 양승수 I 2025-02-19 매수 아쉬운 2024년, 2025년 재도약 기대 메리츠증권 양승수 I 2024-11-25 N/R 전장용 MLCC 신규 공급을 기대하며 키움증권 김소원,조재원 I 2024-09-03 N/R 숫자가 보여주는 잠재력 메리츠증권 양승수 I 2024-08-08 N/R NDR Review: 재도약의 원년 메리츠증권 양승수 I 2024-06-27 N/R 회사소개 및 주요 경영현황 해당기업 IR팀 I 2024-06-25 매수 숨겨진 유리가공 장인 메리츠증권 양승수 I 2024-05-31 매수 글라스 식각 전통 강자의 매력 발산 시작 메리츠증권 양승수 I 2024-05-14 매수 손뼉을 마주칠 시간 메리츠증권 양승수 I 2023-1"
149950::2024,149950,아바텍,SECONDARY_SUMMARY_ONLY,SECONDARY_HUMAN_REPORT_NO_ACTION,200,https://m.irgo.co.kr/IR-COMP/149950,2024-11-25,,"양승수 I 2025-09-01 매수 잠재력은 아직 충분 메리츠증권 양승수 I 2025-02-19 매수 아쉬운 2024년, 2025년 재도약 기대 메리츠증권 양승수 I 2024-11-25 N/R 전장용 MLCC 신규 공급을 기대하며 키움증권 김소원,조재원 I 2024-09-03 N/R 숫자가 보여주는 잠재력 메리츠증권 양승수 I 2024-08-08 N/R NDR Review: 재도약의 원년 메리츠증권 양승수 I 2024-06-27 N/R 회사소개 및 주요 경영현황 해당기업 IR팀 I 2024-06-25 매수 숨겨진 유리가공 장인 메리츠증권 양승수 I 2024-05-31 매수 글라스 식각 전통 강자의 매력 발산 시작 메리츠증권 양승수 I 2024-05-14 매수 손뼉을 마주칠 시간 메리츠증권 양승수 I 2023-11-07 N/R 기대 이상의 흐름 메리츠증권 양승수 I 2023-08-11 매수 2023년 최고 유망주 메리츠증권 양승수 I 2023-05-25 N/R ML"
149950::2024,149950,아바텍,SECONDARY_SUMMARY_ONLY,SECONDARY_HUMAN_REPORT_NO_ACTION,200,https://m.irgo.co.kr/IR-COMP/149950,2024-11-25,,"진주 메리츠증권 양승수 I 2026-07-09 매수 MLCC 잠재력은 하반기 폭발 메리츠증권 양승수 I 2026-04-27 매수 태양광 MLCC로 반등 메리츠증권 양승수 I 2026-02-12 매수 우리도 MLCC 메리츠증권 양승수 I 2025-11-27 N/R 회사소개 및 주요 경영현황 해당기업 IR팀 I 2025-10-23 매수 태양광 인버터 고객사향 MLCC공급 재개 메리츠증권 양승수 I 2025-09-01 매수 잠재력은 아직 충분 메리츠증권 양승수 I 2025-02-19 매수 아쉬운 2024년, 2025년 재도약 기대 메리츠증권 양승수 I 2024-11-25 N/R 전장용 MLCC 신규 공급을 기대하며 키움증권 김소원,조재원 I 2024-09-03 N/R 숫자가 보여주는 잠재력 메리츠증권 양승수 I 2024-08-08 N/R NDR Review: 재도약의 원년 메리츠증권 양승수 I 2024-06-27 N/R 회사소개 및 주요 경영현황 해당기업 IR팀 I 20"
149950::2024,149950,아바텍,SECONDARY_SUMMARY_ONLY,SECONDARY_HUMAN_REPORT_NO_ACTION,200,https://m.irgo.co.kr/IR-COMP/149950,2024-11-25,,"츠증권 양승수 I 2026-02-12 매수 우리도 MLCC 메리츠증권 양승수 I 2025-11-27 N/R 회사소개 및 주요 경영현황 해당기업 IR팀 I 2025-10-23 매수 태양광 인버터 고객사향 MLCC공급 재개 메리츠증권 양승수 I 2025-09-01 매수 잠재력은 아직 충분 메리츠증권 양승수 I 2025-02-19 매수 아쉬운 2024년, 2025년 재도약 기대 메리츠증권 양승수 I 2024-11-25 N/R 전장용 MLCC 신규 공급을 기대하며 키움증권 김소원,조재원 I 2024-09-03 N/R 숫자가 보여주는 잠재력 메리츠증권 양승수 I 2024-08-08 N/R NDR Review: 재도약의 원년 메리츠증권 양승수 I 2024-06-27 N/R 회사소개 및 주요 경영현황 해당기업 IR팀 I 2024-06-25 매수 숨겨진 유리가공 장인 메리츠증권 양승수 I 2024-05-31 매수 글라스 식각 전통 강자의 매력 발산 시작 메리츠증권 양승수 I 20"
149950::2024,149950,아바텍,SECONDARY_SUMMARY_ONLY,SECONDARY_HUMAN_REPORT_NO_ACTION,200,https://m.irgo.co.kr/IR-COMP/149950,2024-11-25,,"탑니다 메리츠증권 양승수 I 2026-08-18 매수 MLCC Super Cycle의 숨은 진주 메리츠증권 양승수 I 2026-07-09 매수 MLCC 잠재력은 하반기 폭발 메리츠증권 양승수 I 2026-04-27 매수 태양광 MLCC로 반등 메리츠증권 양승수 I 2026-02-12 매수 우리도 MLCC 메리츠증권 양승수 I 2025-11-27 N/R 회사소개 및 주요 경영현황 해당기업 IR팀 I 2025-10-23 매수 태양광 인버터 고객사향 MLCC공급 재개 메리츠증권 양승수 I 2025-09-01 매수 잠재력은 아직 충분 메리츠증권 양승수 I 2025-02-19 매수 아쉬운 2024년, 2025년 재도약 기대 메리츠증권 양승수 I 2024-11-25 N/R 전장용 MLCC 신규 공급을 기대하며 키움증권 김소원,조재원 I 2024-09-03 N/R 숫자가 보여주는 잠재력 메리츠증권 양승수 I 2024-08-08 N/R NDR Review: 재도약의 원년 메리츠증"
161580::2024,161580,필옵틱스,PRIMARY_INDEX_AVAILABLE,SECONDARY_HUMAN_REPORT_NO_ACTION,200,https://m.irgo.co.kr/IR-COMP/161580,2024-10-15,,"/R 필옵틱스의 Kick은 싱귤레이션 장비 LS증권 차용호 I 2024-10-15 N/R 유리 기판 시장 최고의 파트너 유진투자증권 임소정 I 2024-10-14 N/R [NDR 후기] 유리기판에서 주목받는 이유! 유안타증권 권명준 I 2024-09-27 N/R 회사소개 및 주요 사업현황 해당기업 IR팀 I 2024-09-12 N/R 기술 간담회 후기: 우리 이름을 기억해야 할 거예요 한국투자증권 채민숙,황준태 I 2024-07-22 N/R 회사소개 및 주요 사업현황 해당기업 IR팀 I 2024-04-23 N/R OLED/Glass? 나만 믿어봐! 유안타증권 권명준 I 2024-03-28 N/R 이제 다시 시작이야 유안타증권 권명준 I 2024-01-12 N/R 필에너지 현물 배당만 시가배당률 15% 이상 NH투자증권 백준기,황지현 I 2023-09-07 N/R OLED 장비와 2 차전지 장비의 동반성장 리딩투자증권 유성만 I 2023-05-08 N/R 필이 오네요"
161580::2024,161580,필옵틱스,PRIMARY_INDEX_AVAILABLE,SECONDARY_HUMAN_REPORT_NO_ACTION,200,https://m.irgo.co.kr/IR-COMP/161580,2024-11-05,,", 얼마나, 어떻게 iM증권 고의영,손우성 I 2024-11-05 N/R 필옵틱스의 Kick은 싱귤레이션 장비 LS증권 차용호 I 2024-10-15 N/R 유리 기판 시장 최고의 파트너 유진투자증권 임소정 I 2024-10-14 N/R [NDR 후기] 유리기판에서 주목받는 이유! 유안타증권 권명준 I 2024-09-27 N/R 회사소개 및 주요 사업현황 해당기업 IR팀 I 2024-09-12 N/R 기술 간담회 후기: 우리 이름을 기억해야 할 거예요 한국투자증권 채민숙,황준태 I 2024-07-22 N/R 회사소개 및 주요 사업현황 해당기업 IR팀 I 2024-04-23 N/R OLED/Glass? 나만 믿어봐! 유안타증권 권명준 I 2024-03-28 N/R 이제 다시 시작이야 유안타증권 권명준 I 2024-01-12 N/R 필에너지 현물 배당만 시가배당률 15% 이상 NH투자증권 백준기,황지현 I 2023-09-07 N/R OLED 장비와 2 차전지 장비의 동"
161580::2024,161580,필옵틱스,PRIMARY_INDEX_AVAILABLE,SECONDARY_HUMAN_REPORT_NO_ACTION,200,https://m.irgo.co.kr/IR-COMP/161580,2024-11-22,,"-13 N/R 적극적인 유리기판 시장 확대 준비 행보 유안타증권 권명준,조혜빈 I 2025-05-19 N/R TGV 장비 대장주의 지위는 지속될 것 현대차증권 김종배 I 2025-03-13 N/R 관심이 이어지는 이유 유안타증권 권명준 I 2025-02-19 N/R [다시봐] Only 유리기판? No! 유안타증권 권명준 I 2025-01-14 N/R 시장 개척자 유안타증권 권명준 I 2024-11-22 N/R [NDR 후기] 언제, 얼마나, 어떻게 iM증권 고의영,손우성 I 2024-11-05 N/R 필옵틱스의 Kick은 싱귤레이션 장비 LS증권 차용호 I 2024-10-15 N/R 유리 기판 시장 최고의 파트너 유진투자증권 임소정 I 2024-10-14 N/R [NDR 후기] 유리기판에서 주목받는 이유! 유안타증권 권명준 I 2024-09-27 N/R 회사소개 및 주요 사업현황 해당기업 IR팀 I 2024-09-12 N/R 기술 간담회 후기: 우리 이름을 기억해야"
161580::2024,161580,필옵틱스,PRIMARY_INDEX_AVAILABLE,SECONDARY_HUMAN_REPORT_NO_ACTION,200,https://m.irgo.co.kr/IR-COMP/161580,2024-11-22,,"5-11-24 N/R 긁지 않은 복권 한국투자증권 채민숙,황준태 I 2025-11-13 N/R 적극적인 유리기판 시장 확대 준비 행보 유안타증권 권명준,조혜빈 I 2025-05-19 N/R TGV 장비 대장주의 지위는 지속될 것 현대차증권 김종배 I 2025-03-13 N/R 관심이 이어지는 이유 유안타증권 권명준 I 2025-02-19 N/R [다시봐] Only 유리기판? No! 유안타증권 권명준 I 2025-01-14 N/R 시장 개척자 유안타증권 권명준 I 2024-11-22 N/R [NDR 후기] 언제, 얼마나, 어떻게 iM증권 고의영,손우성 I 2024-11-05 N/R 필옵틱스의 Kick은 싱귤레이션 장비 LS증권 차용호 I 2024-10-15 N/R 유리 기판 시장 최고의 파트너 유진투자증권 임소정 I 2024-10-14 N/R [NDR 후기] 유리기판에서 주목받는 이유! 유안타증권 권명준 I 2024-09-27 N/R 회사소개 및 주요 사업현황 해당기"
161580::2024,161580,필옵틱스,PRIMARY_INDEX_AVAILABLE,SECONDARY_HUMAN_REPORT_NO_ACTION,200,https://m.irgo.co.kr/IR-COMP/161580,2024-11-22,,"5-19 N/R TGV 장비 대장주의 지위는 지속될 것 현대차증권 김종배 I 2025-03-13 N/R 관심이 이어지는 이유 유안타증권 권명준 I 2025-02-19 N/R [다시봐] Only 유리기판? No! 유안타증권 권명준 I 2025-01-14 N/R 시장 개척자 유안타증권 권명준 I 2024-11-22 N/R [NDR 후기] 언제, 얼마나, 어떻게 iM증권 고의영,손우성 I 2024-11-05 N/R 필옵틱스의 Kick은 싱귤레이션 장비 LS증권 차용호 I 2024-10-15 N/R 유리 기판 시장 최고의 파트너 유진투자증권 임소정 I 2024-10-14 N/R [NDR 후기] 유리기판에서 주목받는 이유! 유안타증권 권명준 I 2024-09-27 N/R 회사소개 및 주요 사업현황 해당기업 IR팀 I 2024-09-12 N/R 기술 간담회 후기: 우리 이름을 기억해야 할 거예요 한국투자증권 채민숙,황준태 I 2024-07-22 N/R 회사소개 및 주요 사업현"
161580::2024,161580,필옵틱스,PRIMARY_INDEX_AVAILABLE,SECONDARY_HUMAN_REPORT_NO_ACTION,200,https://m.irgo.co.kr/IR-COMP/161580,2024-11-22,,"I 2025-03-13 N/R 관심이 이어지는 이유 유안타증권 권명준 I 2025-02-19 N/R [다시봐] Only 유리기판? No! 유안타증권 권명준 I 2025-01-14 N/R 시장 개척자 유안타증권 권명준 I 2024-11-22 N/R [NDR 후기] 언제, 얼마나, 어떻게 iM증권 고의영,손우성 I 2024-11-05 N/R 필옵틱스의 Kick은 싱귤레이션 장비 LS증권 차용호 I 2024-10-15 N/R 유리 기판 시장 최고의 파트너 유진투자증권 임소정 I 2024-10-14 N/R [NDR 후기] 유리기판에서 주목받는 이유! 유안타증권 권명준 I 2024-09-27 N/R 회사소개 및 주요 사업현황 해당기업 IR팀 I 2024-09-12 N/R 기술 간담회 후기: 우리 이름을 기억해야 할 거예요 한국투자증권 채민숙,황준태 I 2024-07-22 N/R 회사소개 및 주요 사업현황 해당기업 IR팀 I 2024-04-23 N/R OLED/Glass? 나"
161580::2024,161580,필옵틱스,PRIMARY_INDEX_AVAILABLE,SECONDARY_HUMAN_REPORT_NO_ACTION,200,https://m.irgo.co.kr/IR-COMP/161580,2024-11-22,,"NDR 후기] 천천히, 꾸준히 iM증권 고의영,박정하 I 2026-03-23 N/R [탐방노트] 유리기판 장비 성과 기반, 시장 진입 발판 마련 하나증권 권태우,윤채리 I 2025-11-24 N/R 긁지 않은 복권 한국투자증권 채민숙,황준태 I 2025-11-13 N/R 적극적인 유리기판 시장 확대 준비 행보 유안타증권 권명준,조혜빈 I 2025-05-19 N/R TGV 장비 대장주의 지위는 지속될 것 현대차증권 김종배 I 2025-03-13 N/R 관심이 이어지는 이유 유안타증권 권명준 I 2025-02-19 N/R [다시봐] Only 유리기판? No! 유안타증권 권명준 I 2025-01-14 N/R 시장 개척자 유안타증권 권명준 I 2024-11-22 N/R [NDR 후기] 언제, 얼마나, 어떻게 iM증권 고의영,손우성 I 2024-11-05 N/R 필옵틱스의 Kick은 싱귤레이션 장비 LS증권 차용호 I 2024-10-15 N/R 유리 기판 시장 최고의 파트너"
161580::2024,161580,필옵틱스,PRIMARY_INDEX_AVAILABLE,SECONDARY_HUMAN_REPORT_NO_ACTION,200,https://m.irgo.co.kr/IR-COMP/161580,2024-11-22,,"Only 유리기판? No! 유안타증권 권명준 I 2025-01-14 N/R 시장 개척자 유안타증권 권명준 I 2024-11-22 N/R [NDR 후기] 언제, 얼마나, 어떻게 iM증권 고의영,손우성 I 2024-11-05 N/R 필옵틱스의 Kick은 싱귤레이션 장비 LS증권 차용호 I 2024-10-15 N/R 유리 기판 시장 최고의 파트너 유진투자증권 임소정 I 2024-10-14 N/R [NDR 후기] 유리기판에서 주목받는 이유! 유안타증권 권명준 I 2024-09-27 N/R 회사소개 및 주요 사업현황 해당기업 IR팀 I 2024-09-12 N/R 기술 간담회 후기: 우리 이름을 기억해야 할 거예요 한국투자증권 채민숙,황준태 I 2024-07-22 N/R 회사소개 및 주요 사업현황 해당기업 IR팀 I 2024-04-23 N/R OLED/Glass? 나만 믿어봐! 유안타증권 권명준 I 2024-03-28 N/R 이제 다시 시작이야 유안타증권 권명준 I 2024"
161580::2024,161580,필옵틱스,PRIMARY_INDEX_AVAILABLE,SECONDARY_HUMAN_REPORT_NO_ACTION,200,https://m.irgo.co.kr/IR-COMP/161580,2024-11-22,,"R 시장 개척자 유안타증권 권명준 I 2024-11-22 N/R [NDR 후기] 언제, 얼마나, 어떻게 iM증권 고의영,손우성 I 2024-11-05 N/R 필옵틱스의 Kick은 싱귤레이션 장비 LS증권 차용호 I 2024-10-15 N/R 유리 기판 시장 최고의 파트너 유진투자증권 임소정 I 2024-10-14 N/R [NDR 후기] 유리기판에서 주목받는 이유! 유안타증권 권명준 I 2024-09-27 N/R 회사소개 및 주요 사업현황 해당기업 IR팀 I 2024-09-12 N/R 기술 간담회 후기: 우리 이름을 기억해야 할 거예요 한국투자증권 채민숙,황준태 I 2024-07-22 N/R 회사소개 및 주요 사업현황 해당기업 IR팀 I 2024-04-23 N/R OLED/Glass? 나만 믿어봐! 유안타증권 권명준 I 2024-03-28 N/R 이제 다시 시작이야 유안타증권 권명준 I 2024-01-12 N/R 필에너지 현물 배당만 시가배당률 15% 이상 NH투자증"
161580::2024,161580,필옵틱스,PRIMARY_INDEX_AVAILABLE,SECONDARY_HUMAN_REPORT_NO_ACTION,200,https://m.irgo.co.kr/IR-COMP/161580,2024-11-22,,"] 유리기판 장비 성과 기반, 시장 진입 발판 마련 하나증권 권태우,윤채리 I 2025-11-24 N/R 긁지 않은 복권 한국투자증권 채민숙,황준태 I 2025-11-13 N/R 적극적인 유리기판 시장 확대 준비 행보 유안타증권 권명준,조혜빈 I 2025-05-19 N/R TGV 장비 대장주의 지위는 지속될 것 현대차증권 김종배 I 2025-03-13 N/R 관심이 이어지는 이유 유안타증권 권명준 I 2025-02-19 N/R [다시봐] Only 유리기판? No! 유안타증권 권명준 I 2025-01-14 N/R 시장 개척자 유안타증권 권명준 I 2024-11-22 N/R [NDR 후기] 언제, 얼마나, 어떻게 iM증권 고의영,손우성 I 2024-11-05 N/R 필옵틱스의 Kick은 싱귤레이션 장비 LS증권 차용호 I 2024-10-15 N/R 유리 기판 시장 최고의 파트너 유진투자증권 임소정 I 2024-10-14 N/R [NDR 후기] 유리기판에서 주목받는 이유"
163280::2024,163280,에어레인,SECONDARY_SUMMARY_ONLY,SECONDARY_HUMAN_REPORT_NONMAPPABLE,200,https://m.irgo.co.kr/IR-COMP/163280,2024-11-12,,"리포트 N/R 견조한 성장 속 주주환원 정책 한국투자증권 윤철환 I 2025-12-16 N/R 초과 수요 + 증설 + 증설 = 초고성장 한국투자증권 윤철환 I 2025-10-29 N/R 회사소개 및 주요 사업현황 해당기업 IR팀 I 2025-10-16 N/R Post-IPO: 고성장세는 지속될 것, 얼마나? 한동안! 한국투자증권 윤철환,이재성 I 2025-05-09 N/R Do you know 기체분리막? 한국투자증권 윤철환,이재성 I 2025-02-10 N/R 국가대표 기체분리막 전문 기업 한국투자증권 윤철환 I 2024-11-12 더보기"
166090::2024,166090,하나머티리얼즈,PRIMARY_INDEX_AVAILABLE,EQUITY_PRIMARY_NO_ACTION,200,https://m.irgo.co.kr/IR-COMP/166090,2024-04-08,,"4-25 매수 1Q24 Preview: 2025년 준비는 수순대로 이베스트투자증권 차용호 I 2024-04-08 매수 NAND 가동률과 점유율 상승 흥국증권 이의진 I 2024-04-08 매수 NAND 시장 내 점진적인 업황 회복 수혜 집중 유안타증권 백길현 I 2024-04-04 매수 4Q23 실적 예상치 하회 이베스트투자증권 차용호 I 2024-02-13 매수 가동률 증가에 따른 실적개선 속도 주목 교보증권 김민철 I 2024-02-07 매수 뚜렷한 매출 회복세 BNK투자증권 이민희 I 2024-02-07 매수 오더의 반등, 시작될 회복 삼성증권 류형근 I 2024-02-06 매수 본격적인 반등 준비 완료 이베스트투자증권 차용호 I 2024-01-23 매수 다시 오를 때가 되었다 BNK투자증권 이민희 I 2024-01-03 매수 실적 저점 확인, 반등의 시작 신한투자증권 오강호,박윤 I 2023-12-21 매수 올해는 힘들었지만 내년은 기대가 된다 DB금융투자"
166090::2024,166090,하나머티리얼즈,PRIMARY_INDEX_AVAILABLE,EQUITY_PRIMARY_NO_ACTION,200,https://m.irgo.co.kr/IR-COMP/166090,2024-04-08,,"투자증권 차용호 I 2024-04-08 매수 NAND 가동률과 점유율 상승 흥국증권 이의진 I 2024-04-08 매수 NAND 시장 내 점진적인 업황 회복 수혜 집중 유안타증권 백길현 I 2024-04-04 매수 4Q23 실적 예상치 하회 이베스트투자증권 차용호 I 2024-02-13 매수 가동률 증가에 따른 실적개선 속도 주목 교보증권 김민철 I 2024-02-07 매수 뚜렷한 매출 회복세 BNK투자증권 이민희 I 2024-02-07 매수 오더의 반등, 시작될 회복 삼성증권 류형근 I 2024-02-06 매수 본격적인 반등 준비 완료 이베스트투자증권 차용호 I 2024-01-23 매수 다시 오를 때가 되었다 BNK투자증권 이민희 I 2024-01-03 매수 실적 저점 확인, 반등의 시작 신한투자증권 오강호,박윤 I 2023-12-21 매수 올해는 힘들었지만 내년은 기대가 된다 DB금융투자 서승연 I 2023-12-07 매수 Oxide Etcher 시장 성장에 따"
166090::2024,166090,하나머티리얼즈,PRIMARY_INDEX_AVAILABLE,EQUITY_PRIMARY_NO_ACTION,200,https://m.irgo.co.kr/IR-COMP/166090,2024-05-16,,"I 2024-05-16 매수 고진감래 하나증권 김민경,김록호 I 2024-04-25 매수 1Q24 Preview: 2025년 준비는 수순대로 이베스트투자증권 차용호 I 2024-04-08 매수 NAND 가동률과 점유율 상승 흥국증권 이의진 I 2024-04-08 매수 NAND 시장 내 점진적인 업황 회복 수혜 집중 유안타증권 백길현 I 2024-04-04 매수 4Q23 실적 예상치 하회 이베스트투자증권 차용호 I 2024-02-13 매수 가동률 증가에 따른 실적개선 속도 주목 교보증권 김민철 I 2024-02-07 매수 뚜렷한 매출 회복세 BNK투자증권 이민희 I 2024-02-07 매수 오더의 반등, 시작될 회복 삼성증권 류형근 I 2024-02-06 매수 본격적인 반등 준비 완료 이베스트투자증권 차용호 I 2024-01-23 매수 다시 오를 때가 되었다 BNK투자증권 이민희 I 2024-01-03 매수 실적 저점 확인, 반등의 시작 신한투자증권 오강호,박윤 I"
166090::2024,166090,하나머티리얼즈,PRIMARY_INDEX_AVAILABLE,EQUITY_PRIMARY_NO_ACTION,200,https://m.irgo.co.kr/IR-COMP/166090,2024-05-16,,"I 2024-05-16 매수 올라갈 일만 남았다 하나증권 김민경,김록호 I 2024-05-16 매수 고진감래 하나증권 김민경,김록호 I 2024-04-25 매수 1Q24 Preview: 2025년 준비는 수순대로 이베스트투자증권 차용호 I 2024-04-08 매수 NAND 가동률과 점유율 상승 흥국증권 이의진 I 2024-04-08 매수 NAND 시장 내 점진적인 업황 회복 수혜 집중 유안타증권 백길현 I 2024-04-04 매수 4Q23 실적 예상치 하회 이베스트투자증권 차용호 I 2024-02-13 매수 가동률 증가에 따른 실적개선 속도 주목 교보증권 김민철 I 2024-02-07 매수 뚜렷한 매출 회복세 BNK투자증권 이민희 I 2024-02-07 매수 오더의 반등, 시작될 회복 삼성증권 류형근 I 2024-02-06 매수 본격적인 반등 준비 완료 이베스트투자증권 차용호 I 2024-01-23 매수 다시 오를 때가 되었다 BNK투자증권 이민희 I 2024-0"
166090::2024,166090,하나머티리얼즈,PRIMARY_INDEX_AVAILABLE,EQUITY_PRIMARY_NO_ACTION,200,https://m.irgo.co.kr/IR-COMP/166090,2024-05-17,"{""CX"": [""CAPEX""]}","024-05-17 매수 2025년 NAND Capex 확대 전망 이베스트투자증권 차용호 I 2024-05-17 매수 더 큰 그림을 그려본다 삼성증권 류형근 I 2024-05-16 매수 올라갈 일만 남았다 하나증권 김민경,김록호 I 2024-05-16 매수 고진감래 하나증권 김민경,김록호 I 2024-04-25 매수 1Q24 Preview: 2025년 준비는 수순대로 이베스트투자증권 차용호 I 2024-04-08 매수 NAND 가동률과 점유율 상승 흥국증권 이의진 I 2024-04-08 매수 NAND 시장 내 점진적인 업황 회복 수혜 집중 유안타증권 백길현 I 2024-04-04 매수 4Q23 실적 예상치 하회 이베스트투자증권 차용호 I 2024-02-13 매수 가동률 증가에 따른 실적개선 속도 주목 교보증권 김민철 I 2024-02-07 매수 뚜렷한 매출 회복세 BNK투자증권 이민희 I 2024-02-07 매수 오더의 반등, 시작될 회복 삼성증권 류형근 I 2024"
166090::2024,166090,하나머티리얼즈,PRIMARY_INDEX_AVAILABLE,EQUITY_PRIMARY_NO_ACTION,200,https://m.irgo.co.kr/IR-COMP/166090,2024-05-17,"{""CX"": [""CAPEX""]}","024-05-20 매수 완만한 실적 회복세 이어진다 BNK투자증권 이민희 I 2024-05-17 매수 2025년 NAND Capex 확대 전망 이베스트투자증권 차용호 I 2024-05-17 매수 더 큰 그림을 그려본다 삼성증권 류형근 I 2024-05-16 매수 올라갈 일만 남았다 하나증권 김민경,김록호 I 2024-05-16 매수 고진감래 하나증권 김민경,김록호 I 2024-04-25 매수 1Q24 Preview: 2025년 준비는 수순대로 이베스트투자증권 차용호 I 2024-04-08 매수 NAND 가동률과 점유율 상승 흥국증권 이의진 I 2024-04-08 매수 NAND 시장 내 점진적인 업황 회복 수혜 집중 유안타증권 백길현 I 2024-04-04 매수 4Q23 실적 예상치 하회 이베스트투자증권 차용호 I 2024-02-13 매수 가동률 증가에 따른 실적개선 속도 주목 교보증권 김민철 I 2024-02-07 매수 뚜렷한 매출 회복세 BNK투자증권 이민희 I"
166090::2024,166090,하나머티리얼즈,PRIMARY_INDEX_AVAILABLE,EQUITY_PRIMARY_NO_ACTION,200,https://m.irgo.co.kr/IR-COMP/166090,2024-05-17,,"호 I 2024-05-17 매수 더 큰 그림을 그려본다 삼성증권 류형근 I 2024-05-16 매수 올라갈 일만 남았다 하나증권 김민경,김록호 I 2024-05-16 매수 고진감래 하나증권 김민경,김록호 I 2024-04-25 매수 1Q24 Preview: 2025년 준비는 수순대로 이베스트투자증권 차용호 I 2024-04-08 매수 NAND 가동률과 점유율 상승 흥국증권 이의진 I 2024-04-08 매수 NAND 시장 내 점진적인 업황 회복 수혜 집중 유안타증권 백길현 I 2024-04-04 매수 4Q23 실적 예상치 하회 이베스트투자증권 차용호 I 2024-02-13 매수 가동률 증가에 따른 실적개선 속도 주목 교보증권 김민철 I 2024-02-07 매수 뚜렷한 매출 회복세 BNK투자증권 이민희 I 2024-02-07 매수 오더의 반등, 시작될 회복 삼성증권 류형근 I 2024-02-06 매수 본격적인 반등 준비 완료 이베스트투자증권 차용호 I 2024-01-"
166090::2024,166090,하나머티리얼즈,PRIMARY_INDEX_AVAILABLE,EQUITY_PRIMARY_NO_ACTION,200,https://m.irgo.co.kr/IR-COMP/166090,2024-06-14,"{""CX"": [""CAPEX""]}","도 있습니다 신한투자증권 오강호 I 2024-06-14 매수 매출의 초봄 교보증권 김민철 I 2024-05-20 매수 완만한 실적 회복세 이어진다 BNK투자증권 이민희 I 2024-05-17 매수 2025년 NAND Capex 확대 전망 이베스트투자증권 차용호 I 2024-05-17 매수 더 큰 그림을 그려본다 삼성증권 류형근 I 2024-05-16 매수 올라갈 일만 남았다 하나증권 김민경,김록호 I 2024-05-16 매수 고진감래 하나증권 김민경,김록호 I 2024-04-25 매수 1Q24 Preview: 2025년 준비는 수순대로 이베스트투자증권 차용호 I 2024-04-08 매수 NAND 가동률과 점유율 상승 흥국증권 이의진 I 2024-04-08 매수 NAND 시장 내 점진적인 업황 회복 수혜 집중 유안타증권 백길현 I 2024-04-04 매수 4Q23 실적 예상치 하회 이베스트투자증권 차용호 I 2024-02-13 매수 가동률 증가에 따른 실적개선 속도"
166090::2024,166090,하나머티리얼즈,PRIMARY_INDEX_AVAILABLE,EQUITY_PRIMARY_NO_ACTION,200,https://m.irgo.co.kr/IR-COMP/166090,2024-06-26,"{""CX"": [""CAPEX""]}","연한 실적 개선세 전망 DB금융투자 서승연 I 2024-06-26 매수 우리도 있습니다 신한투자증권 오강호 I 2024-06-14 매수 매출의 초봄 교보증권 김민철 I 2024-05-20 매수 완만한 실적 회복세 이어진다 BNK투자증권 이민희 I 2024-05-17 매수 2025년 NAND Capex 확대 전망 이베스트투자증권 차용호 I 2024-05-17 매수 더 큰 그림을 그려본다 삼성증권 류형근 I 2024-05-16 매수 올라갈 일만 남았다 하나증권 김민경,김록호 I 2024-05-16 매수 고진감래 하나증권 김민경,김록호 I 2024-04-25 매수 1Q24 Preview: 2025년 준비는 수순대로 이베스트투자증권 차용호 I 2024-04-08 매수 NAND 가동률과 점유율 상승 흥국증권 이의진 I 2024-04-08 매수 NAND 시장 내 점진적인 업황 회복 수혜 집중 유안타증권 백길현 I 2024-04-04 매수 4Q23 실적 예상치 하회 이베스트투자"
166090::2024,166090,하나머티리얼즈,PRIMARY_INDEX_AVAILABLE,EQUITY_PRIMARY_NO_ACTION,200,https://m.irgo.co.kr/IR-COMP/166090,2024-07-24,"{""CX"": [""CAPEX""]}","I 2024-07-24 매수 산타 할아버지가 오시는 중 LS증권 차용호 I 2024-07-02 매수 완연한 실적 개선세 전망 DB금융투자 서승연 I 2024-06-26 매수 우리도 있습니다 신한투자증권 오강호 I 2024-06-14 매수 매출의 초봄 교보증권 김민철 I 2024-05-20 매수 완만한 실적 회복세 이어진다 BNK투자증권 이민희 I 2024-05-17 매수 2025년 NAND Capex 확대 전망 이베스트투자증권 차용호 I 2024-05-17 매수 더 큰 그림을 그려본다 삼성증권 류형근 I 2024-05-16 매수 올라갈 일만 남았다 하나증권 김민경,김록호 I 2024-05-16 매수 고진감래 하나증권 김민경,김록호 I 2024-04-25 매수 1Q24 Preview: 2025년 준비는 수순대로 이베스트투자증권 차용호 I 2024-04-08 매수 NAND 가동률과 점유율 상승 흥국증권 이의진 I 2024-04-08 매수 NAND 시장 내 점진적인 업"
166090::2024,166090,하나머티리얼즈,PRIMARY_INDEX_AVAILABLE,EQUITY_PRIMARY_NO_ACTION,200,https://m.irgo.co.kr/IR-COMP/166090,2024-07-29,"{""CX"": [""CAPEX""]}","-08-12 매수 산타 할아버지가 오시는 중 LS증권 차용호 I 2024-07-29 매수 완만해진 회복의 기울기 하나증권 김민경,김록호 I 2024-07-29 매수 예상보다 클 낙수효과 삼성증권 류형근 I 2024-07-24 매수 산타 할아버지가 오시는 중 LS증권 차용호 I 2024-07-02 매수 완연한 실적 개선세 전망 DB금융투자 서승연 I 2024-06-26 매수 우리도 있습니다 신한투자증권 오강호 I 2024-06-14 매수 매출의 초봄 교보증권 김민철 I 2024-05-20 매수 완만한 실적 회복세 이어진다 BNK투자증권 이민희 I 2024-05-17 매수 2025년 NAND Capex 확대 전망 이베스트투자증권 차용호 I 2024-05-17 매수 더 큰 그림을 그려본다 삼성증권 류형근 I 2024-05-16 매수 올라갈 일만 남았다 하나증권 김민경,김록호 I 2024-05-16 매수 고진감래 하나증권 김민경,김록호 I 2024-04-25 매수 1Q24"
166090::2024,166090,하나머티리얼즈,PRIMARY_INDEX_AVAILABLE,EQUITY_PRIMARY_NO_ACTION,200,https://m.irgo.co.kr/IR-COMP/166090,2024-07-29,"{""CX"": [""CAPEX""]}","2024-07-29 매수 예상보다 클 낙수효과 삼성증권 류형근 I 2024-07-24 매수 산타 할아버지가 오시는 중 LS증권 차용호 I 2024-07-02 매수 완연한 실적 개선세 전망 DB금융투자 서승연 I 2024-06-26 매수 우리도 있습니다 신한투자증권 오강호 I 2024-06-14 매수 매출의 초봄 교보증권 김민철 I 2024-05-20 매수 완만한 실적 회복세 이어진다 BNK투자증권 이민희 I 2024-05-17 매수 2025년 NAND Capex 확대 전망 이베스트투자증권 차용호 I 2024-05-17 매수 더 큰 그림을 그려본다 삼성증권 류형근 I 2024-05-16 매수 올라갈 일만 남았다 하나증권 김민경,김록호 I 2024-05-16 매수 고진감래 하나증권 김민경,김록호 I 2024-04-25 매수 1Q24 Preview: 2025년 준비는 수순대로 이베스트투자증권 차용호 I 2024-04-08 매수 NAND 가동률과 점유율 상승 흥국증권 이의"
166090::2024,166090,하나머티리얼즈,PRIMARY_INDEX_AVAILABLE,EQUITY_PRIMARY_NO_ACTION,200,https://m.irgo.co.kr/IR-COMP/166090,2024-07-29,"{""CX"": [""CAPEX""]}","24-07-29 매수 완만해진 회복의 기울기 하나증권 김민경,김록호 I 2024-07-29 매수 예상보다 클 낙수효과 삼성증권 류형근 I 2024-07-24 매수 산타 할아버지가 오시는 중 LS증권 차용호 I 2024-07-02 매수 완연한 실적 개선세 전망 DB금융투자 서승연 I 2024-06-26 매수 우리도 있습니다 신한투자증권 오강호 I 2024-06-14 매수 매출의 초봄 교보증권 김민철 I 2024-05-20 매수 완만한 실적 회복세 이어진다 BNK투자증권 이민희 I 2024-05-17 매수 2025년 NAND Capex 확대 전망 이베스트투자증권 차용호 I 2024-05-17 매수 더 큰 그림을 그려본다 삼성증권 류형근 I 2024-05-16 매수 올라갈 일만 남았다 하나증권 김민경,김록호 I 2024-05-16 매수 고진감래 하나증권 김민경,김록호 I 2024-04-25 매수 1Q24 Preview: 2025년 준비는 수순대로 이베스트투자증권 차용호"
166090::2024,166090,하나머티리얼즈,PRIMARY_INDEX_AVAILABLE,EQUITY_PRIMARY_NO_ACTION,200,https://m.irgo.co.kr/IR-COMP/166090,2024-08-16,"{""CX"": [""CAPEX""]}","융투자 서승연 I 2024-08-16 매수 예상보다 더딘 회복 DB금융투자 서승연 I 2024-08-12 매수 산타 할아버지가 오시는 중 LS증권 차용호 I 2024-07-29 매수 완만해진 회복의 기울기 하나증권 김민경,김록호 I 2024-07-29 매수 예상보다 클 낙수효과 삼성증권 류형근 I 2024-07-24 매수 산타 할아버지가 오시는 중 LS증권 차용호 I 2024-07-02 매수 완연한 실적 개선세 전망 DB금융투자 서승연 I 2024-06-26 매수 우리도 있습니다 신한투자증권 오강호 I 2024-06-14 매수 매출의 초봄 교보증권 김민철 I 2024-05-20 매수 완만한 실적 회복세 이어진다 BNK투자증권 이민희 I 2024-05-17 매수 2025년 NAND Capex 확대 전망 이베스트투자증권 차용호 I 2024-05-17 매수 더 큰 그림을 그려본다 삼성증권 류형근 I 2024-05-16 매수 올라갈 일만 남았다 하나증권 김민경,김록호 I"
166090::2024,166090,하나머티리얼즈,PRIMARY_INDEX_AVAILABLE,EQUITY_PRIMARY_NO_ACTION,200,https://m.irgo.co.kr/IR-COMP/166090,2024-08-19,"{""CX"": [""CAPEX""]}","나증권 김민경 I 2024-08-19 매수 회복은 느리지만 방향성은 유효 DB금융투자 서승연 I 2024-08-16 매수 예상보다 더딘 회복 DB금융투자 서승연 I 2024-08-12 매수 산타 할아버지가 오시는 중 LS증권 차용호 I 2024-07-29 매수 완만해진 회복의 기울기 하나증권 김민경,김록호 I 2024-07-29 매수 예상보다 클 낙수효과 삼성증권 류형근 I 2024-07-24 매수 산타 할아버지가 오시는 중 LS증권 차용호 I 2024-07-02 매수 완연한 실적 개선세 전망 DB금융투자 서승연 I 2024-06-26 매수 우리도 있습니다 신한투자증권 오강호 I 2024-06-14 매수 매출의 초봄 교보증권 김민철 I 2024-05-20 매수 완만한 실적 회복세 이어진다 BNK투자증권 이민희 I 2024-05-17 매수 2025년 NAND Capex 확대 전망 이베스트투자증권 차용호 I 2024-05-17 매수 더 큰 그림을 그려본다 삼성증권 류형"
166090::2024,166090,하나머티리얼즈,PRIMARY_INDEX_AVAILABLE,EQUITY_PRIMARY_NO_ACTION,200,https://m.irgo.co.kr/IR-COMP/166090,2024-08-20,,"24-08-23 매수 하반기 밋밋한 실적 흐름 예상 BNK투자증권 이민희 I 2024-08-20 매수 성장모멘텀은 유효 하나증권 김민경 I 2024-08-19 매수 회복은 느리지만 방향성은 유효 DB금융투자 서승연 I 2024-08-16 매수 예상보다 더딘 회복 DB금융투자 서승연 I 2024-08-12 매수 산타 할아버지가 오시는 중 LS증권 차용호 I 2024-07-29 매수 완만해진 회복의 기울기 하나증권 김민경,김록호 I 2024-07-29 매수 예상보다 클 낙수효과 삼성증권 류형근 I 2024-07-24 매수 산타 할아버지가 오시는 중 LS증권 차용호 I 2024-07-02 매수 완연한 실적 개선세 전망 DB금융투자 서승연 I 2024-06-26 매수 우리도 있습니다 신한투자증권 오강호 I 2024-06-14 매수 매출의 초봄 교보증권 김민철 I 2024-05-20 매수 완만한 실적 회복세 이어진다 BNK투자증권 이민희 I 2024-05-17 매수 2025"
166090::2024,166090,하나머티리얼즈,PRIMARY_INDEX_AVAILABLE,EQUITY_PRIMARY_NO_ACTION,200,https://m.irgo.co.kr/IR-COMP/166090,2024-08-20,"{""CX"": [""CAPEX""]}","이민희 I 2024-08-20 매수 성장모멘텀은 유효 하나증권 김민경 I 2024-08-19 매수 회복은 느리지만 방향성은 유효 DB금융투자 서승연 I 2024-08-16 매수 예상보다 더딘 회복 DB금융투자 서승연 I 2024-08-12 매수 산타 할아버지가 오시는 중 LS증권 차용호 I 2024-07-29 매수 완만해진 회복의 기울기 하나증권 김민경,김록호 I 2024-07-29 매수 예상보다 클 낙수효과 삼성증권 류형근 I 2024-07-24 매수 산타 할아버지가 오시는 중 LS증권 차용호 I 2024-07-02 매수 완연한 실적 개선세 전망 DB금융투자 서승연 I 2024-06-26 매수 우리도 있습니다 신한투자증권 오강호 I 2024-06-14 매수 매출의 초봄 교보증권 김민철 I 2024-05-20 매수 완만한 실적 회복세 이어진다 BNK투자증권 이민희 I 2024-05-17 매수 2025년 NAND Capex 확대 전망 이베스트투자증권 차용호 I 20"
166090::2024,166090,하나머티리얼즈,PRIMARY_INDEX_AVAILABLE,EQUITY_PRIMARY_NO_ACTION,200,https://m.irgo.co.kr/IR-COMP/166090,2024-08-23,,"tching 기술 고도화 & 시장 내 입지 강화 유안타증권 백길현 I 2024-08-23 매수 하반기 밋밋한 실적 흐름 예상 BNK투자증권 이민희 I 2024-08-20 매수 성장모멘텀은 유효 하나증권 김민경 I 2024-08-19 매수 회복은 느리지만 방향성은 유효 DB금융투자 서승연 I 2024-08-16 매수 예상보다 더딘 회복 DB금융투자 서승연 I 2024-08-12 매수 산타 할아버지가 오시는 중 LS증권 차용호 I 2024-07-29 매수 완만해진 회복의 기울기 하나증권 김민경,김록호 I 2024-07-29 매수 예상보다 클 낙수효과 삼성증권 류형근 I 2024-07-24 매수 산타 할아버지가 오시는 중 LS증권 차용호 I 2024-07-02 매수 완연한 실적 개선세 전망 DB금융투자 서승연 I 2024-06-26 매수 우리도 있습니다 신한투자증권 오강호 I 2024-06-14 매수 매출의 초봄 교보증권 김민철 I 2024-05-20 매수 완만한 실적"
166090::2024,166090,하나머티리얼즈,PRIMARY_INDEX_AVAILABLE,EQUITY_PRIMARY_NO_ACTION,200,https://m.irgo.co.kr/IR-COMP/166090,2024-09-26,,"오강호 I 2024-09-26 매수 NDR Review: 2025년, Etching 기술 고도화 & 시장 내 입지 강화 유안타증권 백길현 I 2024-08-23 매수 하반기 밋밋한 실적 흐름 예상 BNK투자증권 이민희 I 2024-08-20 매수 성장모멘텀은 유효 하나증권 김민경 I 2024-08-19 매수 회복은 느리지만 방향성은 유효 DB금융투자 서승연 I 2024-08-16 매수 예상보다 더딘 회복 DB금융투자 서승연 I 2024-08-12 매수 산타 할아버지가 오시는 중 LS증권 차용호 I 2024-07-29 매수 완만해진 회복의 기울기 하나증권 김민경,김록호 I 2024-07-29 매수 예상보다 클 낙수효과 삼성증권 류형근 I 2024-07-24 매수 산타 할아버지가 오시는 중 LS증권 차용호 I 2024-07-02 매수 완연한 실적 개선세 전망 DB금융투자 서승연 I 2024-06-26 매수 우리도 있습니다 신한투자증권 오강호 I 2024-06-14 매수"
166090::2024,166090,하나머티리얼즈,PRIMARY_INDEX_AVAILABLE,EQUITY_PRIMARY_NO_ACTION,200,https://m.irgo.co.kr/IR-COMP/166090,2024-09-30,,"0 매수 3Q24 Preview: 속도는 둔화, 방향성은 유지 LS증권 차용호 I 2024-09-30 매수 길게 보아야 할 시기 신한투자증권 오강호 I 2024-09-26 매수 NDR Review: 2025년, Etching 기술 고도화 & 시장 내 입지 강화 유안타증권 백길현 I 2024-08-23 매수 하반기 밋밋한 실적 흐름 예상 BNK투자증권 이민희 I 2024-08-20 매수 성장모멘텀은 유효 하나증권 김민경 I 2024-08-19 매수 회복은 느리지만 방향성은 유효 DB금융투자 서승연 I 2024-08-16 매수 예상보다 더딘 회복 DB금융투자 서승연 I 2024-08-12 매수 산타 할아버지가 오시는 중 LS증권 차용호 I 2024-07-29 매수 완만해진 회복의 기울기 하나증권 김민경,김록호 I 2024-07-29 매수 예상보다 클 낙수효과 삼성증권 류형근 I 2024-07-24 매수 산타 할아버지가 오시는 중 LS증권 차용호 I 2024-07-02"
166090::2024,166090,하나머티리얼즈,PRIMARY_INDEX_AVAILABLE,EQUITY_PRIMARY_NO_ACTION,200,https://m.irgo.co.kr/IR-COMP/166090,2024-09-30,,"호 I 2024-09-30 매수 길게 보아야 할 시기 신한투자증권 오강호 I 2024-09-26 매수 NDR Review: 2025년, Etching 기술 고도화 & 시장 내 입지 강화 유안타증권 백길현 I 2024-08-23 매수 하반기 밋밋한 실적 흐름 예상 BNK투자증권 이민희 I 2024-08-20 매수 성장모멘텀은 유효 하나증권 김민경 I 2024-08-19 매수 회복은 느리지만 방향성은 유효 DB금융투자 서승연 I 2024-08-16 매수 예상보다 더딘 회복 DB금융투자 서승연 I 2024-08-12 매수 산타 할아버지가 오시는 중 LS증권 차용호 I 2024-07-29 매수 완만해진 회복의 기울기 하나증권 김민경,김록호 I 2024-07-29 매수 예상보다 클 낙수효과 삼성증권 류형근 I 2024-07-24 매수 산타 할아버지가 오시는 중 LS증권 차용호 I 2024-07-02 매수 완연한 실적 개선세 전망 DB금융투자 서승연 I 2024-06-26 매"
166090::2024,166090,하나머티리얼즈,PRIMARY_INDEX_AVAILABLE,EQUITY_PRIMARY_NO_ACTION,200,https://m.irgo.co.kr/IR-COMP/166090,2024-10-10,,"-18 매수 3Q24 실적 프리뷰 유안타증권 백길현 I 2024-10-10 매수 3Q24 Preview: 속도는 둔화, 방향성은 유지 LS증권 차용호 I 2024-09-30 매수 길게 보아야 할 시기 신한투자증권 오강호 I 2024-09-26 매수 NDR Review: 2025년, Etching 기술 고도화 & 시장 내 입지 강화 유안타증권 백길현 I 2024-08-23 매수 하반기 밋밋한 실적 흐름 예상 BNK투자증권 이민희 I 2024-08-20 매수 성장모멘텀은 유효 하나증권 김민경 I 2024-08-19 매수 회복은 느리지만 방향성은 유효 DB금융투자 서승연 I 2024-08-16 매수 예상보다 더딘 회복 DB금융투자 서승연 I 2024-08-12 매수 산타 할아버지가 오시는 중 LS증권 차용호 I 2024-07-29 매수 완만해진 회복의 기울기 하나증권 김민경,김록호 I 2024-07-29 매수 예상보다 클 낙수효과 삼성증권 류형근 I 2024-07-24"
166090::2024,166090,하나머티리얼즈,PRIMARY_INDEX_AVAILABLE,EQUITY_PRIMARY_NO_ACTION,200,https://m.irgo.co.kr/IR-COMP/166090,2024-11-18,,"업황에도 선방한 3Q24 실적 BNK투자증권 이민희 I 2024-11-18 매수 3Q24 실적 프리뷰 유안타증권 백길현 I 2024-10-10 매수 3Q24 Preview: 속도는 둔화, 방향성은 유지 LS증권 차용호 I 2024-09-30 매수 길게 보아야 할 시기 신한투자증권 오강호 I 2024-09-26 매수 NDR Review: 2025년, Etching 기술 고도화 & 시장 내 입지 강화 유안타증권 백길현 I 2024-08-23 매수 하반기 밋밋한 실적 흐름 예상 BNK투자증권 이민희 I 2024-08-20 매수 성장모멘텀은 유효 하나증권 김민경 I 2024-08-19 매수 회복은 느리지만 방향성은 유효 DB금융투자 서승연 I 2024-08-16 매수 예상보다 더딘 회복 DB금융투자 서승연 I 2024-08-12 매수 산타 할아버지가 오시는 중 LS증권 차용호 I 2024-07-29 매수 완만해진 회복의 기울기 하나증권 김민경,김록호 I 2024-07-29"
166090::2024,166090,하나머티리얼즈,PRIMARY_INDEX_AVAILABLE,EQUITY_PRIMARY_NO_ACTION,200,https://m.irgo.co.kr/IR-COMP/166090,2024-11-18,,"의 열쇠는 남아있다 삼성증권 류형근,장민승 I 2024-11-18 매수 어려운 업황에도 선방한 3Q24 실적 BNK투자증권 이민희 I 2024-11-18 매수 3Q24 실적 프리뷰 유안타증권 백길현 I 2024-10-10 매수 3Q24 Preview: 속도는 둔화, 방향성은 유지 LS증권 차용호 I 2024-09-30 매수 길게 보아야 할 시기 신한투자증권 오강호 I 2024-09-26 매수 NDR Review: 2025년, Etching 기술 고도화 & 시장 내 입지 강화 유안타증권 백길현 I 2024-08-23 매수 하반기 밋밋한 실적 흐름 예상 BNK투자증권 이민희 I 2024-08-20 매수 성장모멘텀은 유효 하나증권 김민경 I 2024-08-19 매수 회복은 느리지만 방향성은 유효 DB금융투자 서승연 I 2024-08-16 매수 예상보다 더딘 회복 DB금융투자 서승연 I 2024-08-12 매수 산타 할아버지가 오시는 중 LS증권 차용호 I 2024-07-"
166090::2024,166090,하나머티리얼즈,PRIMARY_INDEX_AVAILABLE,EQUITY_PRIMARY_NO_ACTION,200,https://m.irgo.co.kr/IR-COMP/166090,2024-12-18,,"06-27 매수 아산 2공장으로 설비 이전 완료 유안타증권 백길현,김도엽 I 2025-05-27 매수 1Q25 Preview: 다시 시작되는 감산 LS증권 차용호 I 2025-03-31 매수 단기 실적 보다는 수요 흐름 개선에 주목 BNK투자증권 이민희 I 2025-03-18 매수 실적 체력 확인, 반등을 기대하며 신한투자증권 오강호,서지범 I 2025-03-11 매수 NAND 가동률 바닥잡기 KB증권 이의진 I 2025-02-11 매수 보릿고개가 지나간다 삼성증권 류형근,장민승 I 2025-02-10 매수 많은 것이 반영된 주가 수준 하나증권 김민경 I 2025-01-15 매수 예상 보다 더딘 실적 개선세 전망 DB금융투자 서승연 I 2024-12-18 매수 회복의 열쇠는 남아있다 삼성증권 류형근,장민승 I 2024-11-18 매수 어려운 업황에도 선방한 3Q24 실적 BNK투자증권 이민희 I 2024-11-18 매수 3Q24 실적 프리뷰 유안타증권 백길현 I 2"
166090::2024,166090,하나머티리얼즈,PRIMARY_INDEX_AVAILABLE,EQUITY_PRIMARY_NO_ACTION,200,https://m.irgo.co.kr/IR-COMP/166090,2024-12-18,,"2025-05-27 매수 1Q25 Preview: 다시 시작되는 감산 LS증권 차용호 I 2025-03-31 매수 단기 실적 보다는 수요 흐름 개선에 주목 BNK투자증권 이민희 I 2025-03-18 매수 실적 체력 확인, 반등을 기대하며 신한투자증권 오강호,서지범 I 2025-03-11 매수 NAND 가동률 바닥잡기 KB증권 이의진 I 2025-02-11 매수 보릿고개가 지나간다 삼성증권 류형근,장민승 I 2025-02-10 매수 많은 것이 반영된 주가 수준 하나증권 김민경 I 2025-01-15 매수 예상 보다 더딘 실적 개선세 전망 DB금융투자 서승연 I 2024-12-18 매수 회복의 열쇠는 남아있다 삼성증권 류형근,장민승 I 2024-11-18 매수 어려운 업황에도 선방한 3Q24 실적 BNK투자증권 이민희 I 2024-11-18 매수 3Q24 실적 프리뷰 유안타증권 백길현 I 2024-10-10 매수 3Q24 Preview: 속도는 둔화, 방향성은 유지"
166090::2024,166090,하나머티리얼즈,PRIMARY_INDEX_AVAILABLE,EQUITY_PRIMARY_NO_ACTION,200,https://m.irgo.co.kr/IR-COMP/166090,2024-12-18,,"BNK투자증권 이민희 I 2025-03-18 매수 실적 체력 확인, 반등을 기대하며 신한투자증권 오강호,서지범 I 2025-03-11 매수 NAND 가동률 바닥잡기 KB증권 이의진 I 2025-02-11 매수 보릿고개가 지나간다 삼성증권 류형근,장민승 I 2025-02-10 매수 많은 것이 반영된 주가 수준 하나증권 김민경 I 2025-01-15 매수 예상 보다 더딘 실적 개선세 전망 DB금융투자 서승연 I 2024-12-18 매수 회복의 열쇠는 남아있다 삼성증권 류형근,장민승 I 2024-11-18 매수 어려운 업황에도 선방한 3Q24 실적 BNK투자증권 이민희 I 2024-11-18 매수 3Q24 실적 프리뷰 유안타증권 백길현 I 2024-10-10 매수 3Q24 Preview: 속도는 둔화, 방향성은 유지 LS증권 차용호 I 2024-09-30 매수 길게 보아야 할 시기 신한투자증권 오강호 I 2024-09-26 매수 NDR Review: 2025년, Etc"
166090::2024,166090,하나머티리얼즈,PRIMARY_INDEX_AVAILABLE,EQUITY_PRIMARY_NO_ACTION,200,https://m.irgo.co.kr/IR-COMP/166090,2024-12-18,,"B증권 이의진 I 2025-02-11 매수 보릿고개가 지나간다 삼성증권 류형근,장민승 I 2025-02-10 매수 많은 것이 반영된 주가 수준 하나증권 김민경 I 2025-01-15 매수 예상 보다 더딘 실적 개선세 전망 DB금융투자 서승연 I 2024-12-18 매수 회복의 열쇠는 남아있다 삼성증권 류형근,장민승 I 2024-11-18 매수 어려운 업황에도 선방한 3Q24 실적 BNK투자증권 이민희 I 2024-11-18 매수 3Q24 실적 프리뷰 유안타증권 백길현 I 2024-10-10 매수 3Q24 Preview: 속도는 둔화, 방향성은 유지 LS증권 차용호 I 2024-09-30 매수 길게 보아야 할 시기 신한투자증권 오강호 I 2024-09-26 매수 NDR Review: 2025년, Etching 기술 고도화 & 시장 내 입지 강화 유안타증권 백길현 I 2024-08-23 매수 하반기 밋밋한 실적 흐름 예상 BNK투자증권 이민희 I 2024-08-20 매"
166090::2024,166090,하나머티리얼즈,PRIMARY_INDEX_AVAILABLE,EQUITY_PRIMARY_NO_ACTION,200,https://m.irgo.co.kr/IR-COMP/166090,2024-12-18,,"I 2025-03-31 매수 단기 실적 보다는 수요 흐름 개선에 주목 BNK투자증권 이민희 I 2025-03-18 매수 실적 체력 확인, 반등을 기대하며 신한투자증권 오강호,서지범 I 2025-03-11 매수 NAND 가동률 바닥잡기 KB증권 이의진 I 2025-02-11 매수 보릿고개가 지나간다 삼성증권 류형근,장민승 I 2025-02-10 매수 많은 것이 반영된 주가 수준 하나증권 김민경 I 2025-01-15 매수 예상 보다 더딘 실적 개선세 전망 DB금융투자 서승연 I 2024-12-18 매수 회복의 열쇠는 남아있다 삼성증권 류형근,장민승 I 2024-11-18 매수 어려운 업황에도 선방한 3Q24 실적 BNK투자증권 이민희 I 2024-11-18 매수 3Q24 실적 프리뷰 유안타증권 백길현 I 2024-10-10 매수 3Q24 Preview: 속도는 둔화, 방향성은 유지 LS증권 차용호 I 2024-09-30 매수 길게 보아야 할 시기 신한투자증권 오강호"
166090::2024,166090,하나머티리얼즈,PRIMARY_INDEX_AVAILABLE,EQUITY_PRIMARY_NO_ACTION,200,https://m.irgo.co.kr/IR-COMP/166090,2024-12-18,,"선세 전망 DB금융투자 서승연 I 2024-12-18 매수 회복의 열쇠는 남아있다 삼성증권 류형근,장민승 I 2024-11-18 매수 어려운 업황에도 선방한 3Q24 실적 BNK투자증권 이민희 I 2024-11-18 매수 3Q24 실적 프리뷰 유안타증권 백길현 I 2024-10-10 매수 3Q24 Preview: 속도는 둔화, 방향성은 유지 LS증권 차용호 I 2024-09-30 매수 길게 보아야 할 시기 신한투자증권 오강호 I 2024-09-26 매수 NDR Review: 2025년, Etching 기술 고도화 & 시장 내 입지 강화 유안타증권 백길현 I 2024-08-23 매수 하반기 밋밋한 실적 흐름 예상 BNK투자증권 이민희 I 2024-08-20 매수 성장모멘텀은 유효 하나증권 김민경 I 2024-08-19 매수 회복은 느리지만 방향성은 유효 DB금융투자 서승연 I 2024-08-16 매수 예상보다 더딘 회복 DB금융투자 서승연 I 2024-08-12 매수"
166090::2024,166090,하나머티리얼즈,PRIMARY_INDEX_AVAILABLE,EQUITY_PRIMARY_NO_ACTION,200,https://m.irgo.co.kr/IR-COMP/166090,2024-12-18,,"오강호,서지범 I 2025-03-11 매수 NAND 가동률 바닥잡기 KB증권 이의진 I 2025-02-11 매수 보릿고개가 지나간다 삼성증권 류형근,장민승 I 2025-02-10 매수 많은 것이 반영된 주가 수준 하나증권 김민경 I 2025-01-15 매수 예상 보다 더딘 실적 개선세 전망 DB금융투자 서승연 I 2024-12-18 매수 회복의 열쇠는 남아있다 삼성증권 류형근,장민승 I 2024-11-18 매수 어려운 업황에도 선방한 3Q24 실적 BNK투자증권 이민희 I 2024-11-18 매수 3Q24 실적 프리뷰 유안타증권 백길현 I 2024-10-10 매수 3Q24 Preview: 속도는 둔화, 방향성은 유지 LS증권 차용호 I 2024-09-30 매수 길게 보아야 할 시기 신한투자증권 오강호 I 2024-09-26 매수 NDR Review: 2025년, Etching 기술 고도화 & 시장 내 입지 강화 유안타증권 백길현 I 2024-08-23 매수 하반기"
166090::2024,166090,하나머티리얼즈,PRIMARY_INDEX_AVAILABLE,EQUITY_PRIMARY_NO_ACTION,200,https://m.irgo.co.kr/IR-COMP/166090,2024-12-18,,"주가 수준 하나증권 김민경 I 2025-01-15 매수 예상 보다 더딘 실적 개선세 전망 DB금융투자 서승연 I 2024-12-18 매수 회복의 열쇠는 남아있다 삼성증권 류형근,장민승 I 2024-11-18 매수 어려운 업황에도 선방한 3Q24 실적 BNK투자증권 이민희 I 2024-11-18 매수 3Q24 실적 프리뷰 유안타증권 백길현 I 2024-10-10 매수 3Q24 Preview: 속도는 둔화, 방향성은 유지 LS증권 차용호 I 2024-09-30 매수 길게 보아야 할 시기 신한투자증권 오강호 I 2024-09-26 매수 NDR Review: 2025년, Etching 기술 고도화 & 시장 내 입지 강화 유안타증권 백길현 I 2024-08-23 매수 하반기 밋밋한 실적 흐름 예상 BNK투자증권 이민희 I 2024-08-20 매수 성장모멘텀은 유효 하나증권 김민경 I 2024-08-19 매수 회복은 느리지만 방향성은 유효 DB금융투자 서승연 I 2024-0"
172670::2024,172670,에이엘티,PRIMARY_INDEX_AVAILABLE,EQUITY_PRIMARY_INDEX_NO_ACTION,200,https://m.irgo.co.kr/IR-COMP/172670,2024-09-02,,"DDI부진, 메모리컨트롤러로 4분기흑자전망 유화증권 고승범 I 2024-09-02 N/R 회사소개 및 주요 경영현황 해당기업 IR팀 I 2024-08-28 N/R 웨이퍼 테스트 생태계 재편 중 메리츠증권 양승수 I 2024-04-05 N/R IR 後記:고객 다변화 및 Capa 확대 수혜 기대 유진투자증권 박종선 I 2024-04-04 N/R 회사소개 및 주요 사업현황 해당기업 IR팀 I 2024-04-03 N/R 3월 기업탐방 노트 미래에셋증권 김영건 I 2024-04-03 N/R 본격적인 신사업 시작, 수익성 개선 기대 하나증권 김성호 I 2024-02-13 N/R 전력 반도체 + 알파의 후공정 다크호스 현대차증권 곽민정,김유진 I 2024-01-05 N/R 탐방노트: 업황을 이겨내는 성장력 보유 메리츠증권 양승수 I 2023-09-05 N/R 업황 부진에도 성장은 계획대로 유화증권 고승범 I 2023-09-01 더보기"
172670::2024,172670,에이엘티,PRIMARY_INDEX_AVAILABLE,EQUITY_PRIMARY_INDEX_NO_ACTION,200,https://m.irgo.co.kr/IR-COMP/172670,2024-12-13,,"-08-24 N/R 메모리 컨트롤러로 반등 시작 메리츠증권 양승수 I 2026-02-12 N/R 2025년 4분기 경영실적 해당기업 IR팀 I 2026-02-09 N/R 회사소개 및 주요 경영현황 해당기업 IR팀 I 2025-03-19 N/R 25년은 고객 다변화의 해 미래에셋증권 김영건,김제호 I 2024-12-13 N/R DDI부진, 메모리컨트롤러로 4분기흑자전망 유화증권 고승범 I 2024-09-02 N/R 회사소개 및 주요 경영현황 해당기업 IR팀 I 2024-08-28 N/R 웨이퍼 테스트 생태계 재편 중 메리츠증권 양승수 I 2024-04-05 N/R IR 後記:고객 다변화 및 Capa 확대 수혜 기대 유진투자증권 박종선 I 2024-04-04 N/R 회사소개 및 주요 사업현황 해당기업 IR팀 I 2024-04-03 N/R 3월 기업탐방 노트 미래에셋증권 김영건 I 2024-04-03 N/R 본격적인 신사업 시작, 수익성 개선 기대 하나증권 김성호 I 2"
172670::2024,172670,에이엘티,PRIMARY_INDEX_AVAILABLE,EQUITY_PRIMARY_INDEX_NO_ACTION,200,https://m.irgo.co.kr/IR-COMP/172670,2024-12-13,,"19 N/R 25년은 고객 다변화의 해 미래에셋증권 김영건,김제호 I 2024-12-13 N/R DDI부진, 메모리컨트롤러로 4분기흑자전망 유화증권 고승범 I 2024-09-02 N/R 회사소개 및 주요 경영현황 해당기업 IR팀 I 2024-08-28 N/R 웨이퍼 테스트 생태계 재편 중 메리츠증권 양승수 I 2024-04-05 N/R IR 後記:고객 다변화 및 Capa 확대 수혜 기대 유진투자증권 박종선 I 2024-04-04 N/R 회사소개 및 주요 사업현황 해당기업 IR팀 I 2024-04-03 N/R 3월 기업탐방 노트 미래에셋증권 김영건 I 2024-04-03 N/R 본격적인 신사업 시작, 수익성 개선 기대 하나증권 김성호 I 2024-02-13 N/R 전력 반도체 + 알파의 후공정 다크호스 현대차증권 곽민정,김유진 I 2024-01-05 N/R 탐방노트: 업황을 이겨내는 성장력 보유 메리츠증권 양승수 I 2023-09-05 N/R 업황 부진에도 성장은 계"
172670::2024,172670,에이엘티,PRIMARY_INDEX_AVAILABLE,EQUITY_PRIMARY_INDEX_NO_ACTION,200,https://m.irgo.co.kr/IR-COMP/172670,2024-12-13,,"2026-02-09 N/R 회사소개 및 주요 경영현황 해당기업 IR팀 I 2025-03-19 N/R 25년은 고객 다변화의 해 미래에셋증권 김영건,김제호 I 2024-12-13 N/R DDI부진, 메모리컨트롤러로 4분기흑자전망 유화증권 고승범 I 2024-09-02 N/R 회사소개 및 주요 경영현황 해당기업 IR팀 I 2024-08-28 N/R 웨이퍼 테스트 생태계 재편 중 메리츠증권 양승수 I 2024-04-05 N/R IR 後記:고객 다변화 및 Capa 확대 수혜 기대 유진투자증권 박종선 I 2024-04-04 N/R 회사소개 및 주요 사업현황 해당기업 IR팀 I 2024-04-03 N/R 3월 기업탐방 노트 미래에셋증권 김영건 I 2024-04-03 N/R 본격적인 신사업 시작, 수익성 개선 기대 하나증권 김성호 I 2024-02-13 N/R 전력 반도체 + 알파의 후공정 다크호스 현대차증권 곽민정,김유진 I 2024-01-05 N/R 탐방노트: 업황을 이겨내"
172670::2024,172670,에이엘티,PRIMARY_INDEX_AVAILABLE,EQUITY_PRIMARY_INDEX_NO_ACTION,200,https://m.irgo.co.kr/IR-COMP/172670,2024-12-13,,"26-02-12 N/R 2025년 4분기 경영실적 해당기업 IR팀 I 2026-02-09 N/R 회사소개 및 주요 경영현황 해당기업 IR팀 I 2025-03-19 N/R 25년은 고객 다변화의 해 미래에셋증권 김영건,김제호 I 2024-12-13 N/R DDI부진, 메모리컨트롤러로 4분기흑자전망 유화증권 고승범 I 2024-09-02 N/R 회사소개 및 주요 경영현황 해당기업 IR팀 I 2024-08-28 N/R 웨이퍼 테스트 생태계 재편 중 메리츠증권 양승수 I 2024-04-05 N/R IR 後記:고객 다변화 및 Capa 확대 수혜 기대 유진투자증권 박종선 I 2024-04-04 N/R 회사소개 및 주요 사업현황 해당기업 IR팀 I 2024-04-03 N/R 3월 기업탐방 노트 미래에셋증권 김영건 I 2024-04-03 N/R 본격적인 신사업 시작, 수익성 개선 기대 하나증권 김성호 I 2024-02-13 N/R 전력 반도체 + 알파의 후공정 다크호스 현대차증권"
172670::2024,172670,에이엘티,PRIMARY_INDEX_AVAILABLE,EQUITY_PRIMARY_INDEX_NO_ACTION,200,https://m.irgo.co.kr/IR-COMP/172670,2024-12-13,,"리포트 N/R 후공정 전반에 확산되는 온기 메리츠증권 양승수 I 2026-08-27 N/R 2026년 2분기 경영실적 해당기업 IR팀 I 2026-08-24 N/R 메모리 컨트롤러로 반등 시작 메리츠증권 양승수 I 2026-02-12 N/R 2025년 4분기 경영실적 해당기업 IR팀 I 2026-02-09 N/R 회사소개 및 주요 경영현황 해당기업 IR팀 I 2025-03-19 N/R 25년은 고객 다변화의 해 미래에셋증권 김영건,김제호 I 2024-12-13 N/R DDI부진, 메모리컨트롤러로 4분기흑자전망 유화증권 고승범 I 2024-09-02 N/R 회사소개 및 주요 경영현황 해당기업 IR팀 I 2024-08-28 N/R 웨이퍼 테스트 생태계 재편 중 메리츠증권 양"
172670::2024,172670,에이엘티,PRIMARY_INDEX_AVAILABLE,EQUITY_PRIMARY_INDEX_NO_ACTION,200,https://m.irgo.co.kr/IR-COMP/172670,2024-12-13,,"리포트 N/R 후공정 전반에 확산되는 온기 메리츠증권 양승수 I 2026-08-27 N/R 2026년 2분기 경영실적 해당기업 IR팀 I 2026-08-24 N/R 메모리 컨트롤러로 반등 시작 메리츠증권 양승수 I 2026-02-12 N/R 2025년 4분기 경영실적 해당기업 IR팀 I 2026-02-09 N/R 회사소개 및 주요 경영현황 해당기업 IR팀 I 2025-03-19 N/R 25년은 고객 다변화의 해 미래에셋증권 김영건,김제호 I 2024-12-13 N/R DDI부진, 메모리컨트롤러로 4분기흑자전망 유화증권 고승범 I 2024-09-02 N/R 회사소개 및 주요 경영현황 해당기업 IR팀 I 2024-08-28 N/R 웨이퍼 테스트 생태계 재편 중 메리츠증권 양승수 I 2024-04-05 N/R IR 後記:고객 다변화 및 Capa 확대 수혜 기대 유"
172670::2024,172670,에이엘티,PRIMARY_INDEX_AVAILABLE,EQUITY_PRIMARY_INDEX_NO_ACTION,200,https://m.irgo.co.kr/IR-COMP/172670,2024-12-13,,"리포트 N/R 후공정 전반에 확산되는 온기 메리츠증권 양승수 I 2026-08-27 N/R 2026년 2분기 경영실적 해당기업 IR팀 I 2026-08-24 N/R 메모리 컨트롤러로 반등 시작 메리츠증권 양승수 I 2026-02-12 N/R 2025년 4분기 경영실적 해당기업 IR팀 I 2026-02-09 N/R 회사소개 및 주요 경영현황 해당기업 IR팀 I 2025-03-19 N/R 25년은 고객 다변화의 해 미래에셋증권 김영건,김제호 I 2024-12-13 N/R DDI부진, 메모리컨트롤러로 4분기흑자전망 유화증권 고승범 I 2024-09-02 N/R 회사소개 및 주요 경영현황 해당기업 IR팀 I 2024-08-28 N/R 웨이퍼 테스트 생태계 재편 중 메리츠증권 양승수 I 2024-04-05 N/R IR 後記:고객 다변화 및 Capa 확대 수혜 기대 유진투자증권 박종선 I 2024-04-04 N/R 회사소개 및 주요 사업현황"
172670::2024,172670,에이엘티,PRIMARY_INDEX_AVAILABLE,EQUITY_PRIMARY_INDEX_NO_ACTION,200,https://m.irgo.co.kr/IR-COMP/172670,2024-12-13,,"메리츠증권 양승수 I 2026-08-27 N/R 2026년 2분기 경영실적 해당기업 IR팀 I 2026-08-24 N/R 메모리 컨트롤러로 반등 시작 메리츠증권 양승수 I 2026-02-12 N/R 2025년 4분기 경영실적 해당기업 IR팀 I 2026-02-09 N/R 회사소개 및 주요 경영현황 해당기업 IR팀 I 2025-03-19 N/R 25년은 고객 다변화의 해 미래에셋증권 김영건,김제호 I 2024-12-13 N/R DDI부진, 메모리컨트롤러로 4분기흑자전망 유화증권 고승범 I 2024-09-02 N/R 회사소개 및 주요 경영현황 해당기업 IR팀 I 2024-08-28 N/R 웨이퍼 테스트 생태계 재편 중 메리츠증권 양승수 I 2024-04-05 N/R IR 後記:고객 다변화 및 Capa 확대 수혜 기대 유진투자증권 박종선 I 2024-04-04 N/R 회사소개 및 주요 사업현황 해당기업 IR팀 I 2024-04-03 N/R 3월 기업탐방 노트 미래에셋증권"
185750::2024,185750,종근당,PRIMARY_INDEX_AVAILABLE,EQUITY_PRIMARY_NO_ACTION,200,https://m.irgo.co.kr/IR-COMP/185750,2024-02-06,,"2024-02-06 매수 영업실적 회복속도에 주목해 보자 상상인증권 하태기 I 2024-02-06 매수 4Q23 리뷰: 다시 확인된 본업의 탄탄한 성장세 KB증권 김혜민 I 2024-02-06 매수 R&D 투자는 이래서 하는 겁니다 한국투자증권 오의림,김정찬 I 2024-02-06 매수 영업가치로만 2조원. 추가로 파이프라인 가치 부각될 것 미래에셋증권 김승민 I 2024-01-22 매수 계약금 반영으로 4분기 호실적 전망 DS투자증권 김민정 I 2024-01-22 매수 무엇을 상상하던 그 이상이 될 2024년 SK증권 이동건 I 2024-01-18 매수 4Q23 Preview: 기술수출이 이뤄낸 호실적 한국투자증권 오의림,김정찬 I 2024-01-12 매수 계약금 반영으로 호실적 예상 삼성증권 서근희 I 2024-01-09 매수 더 이상 저평가 받을 이유가 없다. 유안타증권 하현수 I 2023-12-21 더보기"
185750::2024,185750,종근당,PRIMARY_INDEX_AVAILABLE,EQUITY_PRIMARY_NO_ACTION,200,https://m.irgo.co.kr/IR-COMP/185750,2024-02-06,,"기 I 2024-02-06 매수 4Q23 리뷰: 다시 확인된 본업의 탄탄한 성장세 KB증권 김혜민 I 2024-02-06 매수 R&D 투자는 이래서 하는 겁니다 한국투자증권 오의림,김정찬 I 2024-02-06 매수 영업가치로만 2조원. 추가로 파이프라인 가치 부각될 것 미래에셋증권 김승민 I 2024-01-22 매수 계약금 반영으로 4분기 호실적 전망 DS투자증권 김민정 I 2024-01-22 매수 무엇을 상상하던 그 이상이 될 2024년 SK증권 이동건 I 2024-01-18 매수 4Q23 Preview: 기술수출이 이뤄낸 호실적 한국투자증권 오의림,김정찬 I 2024-01-12 매수 계약금 반영으로 호실적 예상 삼성증권 서근희 I 2024-01-09 매수 더 이상 저평가 받을 이유가 없다. 유안타증권 하현수 I 2023-12-21 더보기"
185750::2024,185750,종근당,PRIMARY_INDEX_AVAILABLE,EQUITY_PRIMARY_NO_ACTION,200,https://m.irgo.co.kr/IR-COMP/185750,2024-02-06,,"다올투자증권 이지수,임도영 I 2024-02-06 매수 CKD-510 가치는 임상 2상부터 반영될 것 유안타증권 하현수 I 2024-02-06 매수 케이캡 우려는 이미 반영 키움증권 허혜민 I 2024-02-06 매수 영업실적 회복속도에 주목해 보자 상상인증권 하태기 I 2024-02-06 매수 4Q23 리뷰: 다시 확인된 본업의 탄탄한 성장세 KB증권 김혜민 I 2024-02-06 매수 R&D 투자는 이래서 하는 겁니다 한국투자증권 오의림,김정찬 I 2024-02-06 매수 영업가치로만 2조원. 추가로 파이프라인 가치 부각될 것 미래에셋증권 김승민 I 2024-01-22 매수 계약금 반영으로 4분기 호실적 전망 DS투자증권 김민정 I 2024-01-22 매수 무엇을 상상하던 그 이상이 될 2024년 SK증권 이동건 I 2024-01-18 매수 4Q23 Preview: 기술수출이 이뤄낸 호실적 한국투자증권 오의림,김정찬 I 2024-01-12 매수 계약금 반영으로"
185750::2024,185750,종근당,PRIMARY_INDEX_AVAILABLE,EQUITY_PRIMARY_NO_ACTION,200,https://m.irgo.co.kr/IR-COMP/185750,2024-02-06,,"밝다 신영증권 정유경 I 2024-02-06 매수 파이프라인 가치 확인될 2024년 다올투자증권 이지수,임도영 I 2024-02-06 매수 CKD-510 가치는 임상 2상부터 반영될 것 유안타증권 하현수 I 2024-02-06 매수 케이캡 우려는 이미 반영 키움증권 허혜민 I 2024-02-06 매수 영업실적 회복속도에 주목해 보자 상상인증권 하태기 I 2024-02-06 매수 4Q23 리뷰: 다시 확인된 본업의 탄탄한 성장세 KB증권 김혜민 I 2024-02-06 매수 R&D 투자는 이래서 하는 겁니다 한국투자증권 오의림,김정찬 I 2024-02-06 매수 영업가치로만 2조원. 추가로 파이프라인 가치 부각될 것 미래에셋증권 김승민 I 2024-01-22 매수 계약금 반영으로 4분기 호실적 전망 DS투자증권 김민정 I 2024-01-22 매수 무엇을 상상하던 그 이상이 될 2024년 SK증권 이동건 I 2024-01-18 매수 4Q23 Preview: 기술수출이 이"
185750::2024,185750,종근당,PRIMARY_INDEX_AVAILABLE,EQUITY_PRIMARY_NO_ACTION,200,https://m.irgo.co.kr/IR-COMP/185750,2024-02-06,,"부터 반영될 것 유안타증권 하현수 I 2024-02-06 매수 케이캡 우려는 이미 반영 키움증권 허혜민 I 2024-02-06 매수 영업실적 회복속도에 주목해 보자 상상인증권 하태기 I 2024-02-06 매수 4Q23 리뷰: 다시 확인된 본업의 탄탄한 성장세 KB증권 김혜민 I 2024-02-06 매수 R&D 투자는 이래서 하는 겁니다 한국투자증권 오의림,김정찬 I 2024-02-06 매수 영업가치로만 2조원. 추가로 파이프라인 가치 부각될 것 미래에셋증권 김승민 I 2024-01-22 매수 계약금 반영으로 4분기 호실적 전망 DS투자증권 김민정 I 2024-01-22 매수 무엇을 상상하던 그 이상이 될 2024년 SK증권 이동건 I 2024-01-18 매수 4Q23 Preview: 기술수출이 이뤄낸 호실적 한국투자증권 오의림,김정찬 I 2024-01-12 매수 계약금 반영으로 호실적 예상 삼성증권 서근희 I 2024-01-09 매수 더 이상 저평가 받을 이유가"
185750::2024,185750,종근당,PRIMARY_INDEX_AVAILABLE,EQUITY_PRIMARY_NO_ACTION,200,https://m.irgo.co.kr/IR-COMP/185750,2024-02-07,"{""CX"": [""보수적""]}","매수 보수적으로 봐도 이정도로 좋다 SK증권 이동건 I 2024-02-07 매수 잠시 어렵지만 미래는 밝다 신영증권 정유경 I 2024-02-06 매수 파이프라인 가치 확인될 2024년 다올투자증권 이지수,임도영 I 2024-02-06 매수 CKD-510 가치는 임상 2상부터 반영될 것 유안타증권 하현수 I 2024-02-06 매수 케이캡 우려는 이미 반영 키움증권 허혜민 I 2024-02-06 매수 영업실적 회복속도에 주목해 보자 상상인증권 하태기 I 2024-02-06 매수 4Q23 리뷰: 다시 확인된 본업의 탄탄한 성장세 KB증권 김혜민 I 2024-02-06 매수 R&D 투자는 이래서 하는 겁니다 한국투자증권 오의림,김정찬 I 2024-02-06 매수 영업가치로만 2조원. 추가로 파이프라인 가치 부각될 것 미래에셋증권 김승민 I 2024-01-22 매수 계약금 반영으로 4분기 호실적 전망 DS투자증권 김민정 I 2024-01-22 매수 무엇을 상상하던 그"
185750::2024,185750,종근당,PRIMARY_INDEX_AVAILABLE,EQUITY_PRIMARY_NO_ACTION,200,https://m.irgo.co.kr/IR-COMP/185750,2024-02-13,"{""CX"": [""보수적""]}","03-20 매수 오늘보다 내일이 더 기대된다 흥국증권 최종경,김지은 I 2024-02-13 매수 보수적으로 봐도 이정도로 좋다 SK증권 이동건 I 2024-02-07 매수 잠시 어렵지만 미래는 밝다 신영증권 정유경 I 2024-02-06 매수 파이프라인 가치 확인될 2024년 다올투자증권 이지수,임도영 I 2024-02-06 매수 CKD-510 가치는 임상 2상부터 반영될 것 유안타증권 하현수 I 2024-02-06 매수 케이캡 우려는 이미 반영 키움증권 허혜민 I 2024-02-06 매수 영업실적 회복속도에 주목해 보자 상상인증권 하태기 I 2024-02-06 매수 4Q23 리뷰: 다시 확인된 본업의 탄탄한 성장세 KB증권 김혜민 I 2024-02-06 매수 R&D 투자는 이래서 하는 겁니다 한국투자증권 오의림,김정찬 I 2024-02-06 매수 영업가치로만 2조원. 추가로 파이프라인 가치 부각될 것 미래에셋증권 김승민 I 2024-01-22 매수 계약금 반영으로"
185750::2024,185750,종근당,PRIMARY_INDEX_AVAILABLE,EQUITY_PRIMARY_NO_ACTION,200,https://m.irgo.co.kr/IR-COMP/185750,2024-03-27,"{""CX"": [""보수적""]}","기 I 2024-03-27 매수 중장기 전략 변화에 주목할 때 유진투자증권 권해순 I 2024-03-20 매수 오늘보다 내일이 더 기대된다 흥국증권 최종경,김지은 I 2024-02-13 매수 보수적으로 봐도 이정도로 좋다 SK증권 이동건 I 2024-02-07 매수 잠시 어렵지만 미래는 밝다 신영증권 정유경 I 2024-02-06 매수 파이프라인 가치 확인될 2024년 다올투자증권 이지수,임도영 I 2024-02-06 매수 CKD-510 가치는 임상 2상부터 반영될 것 유안타증권 하현수 I 2024-02-06 매수 케이캡 우려는 이미 반영 키움증권 허혜민 I 2024-02-06 매수 영업실적 회복속도에 주목해 보자 상상인증권 하태기 I 2024-02-06 매수 4Q23 리뷰: 다시 확인된 본업의 탄탄한 성장세 KB증권 김혜민 I 2024-02-06 매수 R&D 투자는 이래서 하는 겁니다 한국투자증권 오의림,김정찬 I 2024-02-06 매수 영업가치로만 2조원. 추"
185750::2024,185750,종근당,PRIMARY_INDEX_AVAILABLE,EQUITY_PRIMARY_NO_ACTION,200,https://m.irgo.co.kr/IR-COMP/185750,2024-04-02,"{""CX"": [""보수적""]}","024-04-11 매수 새로운 심장을 달다 NH투자증권 한승연,박병국 I 2024-04-02 매수 연간으로 보면 주가상승 가능할 전망 상상인증권 하태기 I 2024-03-27 매수 중장기 전략 변화에 주목할 때 유진투자증권 권해순 I 2024-03-20 매수 오늘보다 내일이 더 기대된다 흥국증권 최종경,김지은 I 2024-02-13 매수 보수적으로 봐도 이정도로 좋다 SK증권 이동건 I 2024-02-07 매수 잠시 어렵지만 미래는 밝다 신영증권 정유경 I 2024-02-06 매수 파이프라인 가치 확인될 2024년 다올투자증권 이지수,임도영 I 2024-02-06 매수 CKD-510 가치는 임상 2상부터 반영될 것 유안타증권 하현수 I 2024-02-06 매수 케이캡 우려는 이미 반영 키움증권 허혜민 I 2024-02-06 매수 영업실적 회복속도에 주목해 보자 상상인증권 하태기 I 2024-02-06 매수 4Q23 리뷰: 다시 확인된 본업의 탄탄한 성장세 KB증권"
185750::2024,185750,종근당,PRIMARY_INDEX_AVAILABLE,EQUITY_PRIMARY_NO_ACTION,200,https://m.irgo.co.kr/IR-COMP/185750,2024-04-02,"{""CX"": [""보수적""]}","I 2024-04-02 매수 연간으로 보면 주가상승 가능할 전망 상상인증권 하태기 I 2024-03-27 매수 중장기 전략 변화에 주목할 때 유진투자증권 권해순 I 2024-03-20 매수 오늘보다 내일이 더 기대된다 흥국증권 최종경,김지은 I 2024-02-13 매수 보수적으로 봐도 이정도로 좋다 SK증권 이동건 I 2024-02-07 매수 잠시 어렵지만 미래는 밝다 신영증권 정유경 I 2024-02-06 매수 파이프라인 가치 확인될 2024년 다올투자증권 이지수,임도영 I 2024-02-06 매수 CKD-510 가치는 임상 2상부터 반영될 것 유안타증권 하현수 I 2024-02-06 매수 케이캡 우려는 이미 반영 키움증권 허혜민 I 2024-02-06 매수 영업실적 회복속도에 주목해 보자 상상인증권 하태기 I 2024-02-06 매수 4Q23 리뷰: 다시 확인된 본업의 탄탄한 성장세 KB증권 김혜민 I 2024-02-06 매수 R&D 투자는 이래서 하는 겁니다"
185750::2024,185750,종근당,PRIMARY_INDEX_AVAILABLE,EQUITY_PRIMARY_NO_ACTION,200,https://m.irgo.co.kr/IR-COMP/185750,2024-04-16,"{""CX"": [""보수적""]}","삼성증권 서근희 I 2024-04-16 매수 과도한 우려가 반영된 주가 SK증권 이동건 I 2024-04-11 매수 새로운 심장을 달다 NH투자증권 한승연,박병국 I 2024-04-02 매수 연간으로 보면 주가상승 가능할 전망 상상인증권 하태기 I 2024-03-27 매수 중장기 전략 변화에 주목할 때 유진투자증권 권해순 I 2024-03-20 매수 오늘보다 내일이 더 기대된다 흥국증권 최종경,김지은 I 2024-02-13 매수 보수적으로 봐도 이정도로 좋다 SK증권 이동건 I 2024-02-07 매수 잠시 어렵지만 미래는 밝다 신영증권 정유경 I 2024-02-06 매수 파이프라인 가치 확인될 2024년 다올투자증권 이지수,임도영 I 2024-02-06 매수 CKD-510 가치는 임상 2상부터 반영될 것 유안타증권 하현수 I 2024-02-06 매수 케이캡 우려는 이미 반영 키움증권 허혜민 I 2024-02-06 매수 영업실적 회복속도에 주목해 보자 상상인증권 하"
185750::2024,185750,종근당,PRIMARY_INDEX_AVAILABLE,EQUITY_PRIMARY_NO_ACTION,200,https://m.irgo.co.kr/IR-COMP/185750,2024-04-23,"{""CX"": [""보수적""]}","때 유진투자증권 권해순 I 2024-04-23 매수 아쉬운 실적 예상되나, 생각보다 선방 삼성증권 서근희 I 2024-04-16 매수 과도한 우려가 반영된 주가 SK증권 이동건 I 2024-04-11 매수 새로운 심장을 달다 NH투자증권 한승연,박병국 I 2024-04-02 매수 연간으로 보면 주가상승 가능할 전망 상상인증권 하태기 I 2024-03-27 매수 중장기 전략 변화에 주목할 때 유진투자증권 권해순 I 2024-03-20 매수 오늘보다 내일이 더 기대된다 흥국증권 최종경,김지은 I 2024-02-13 매수 보수적으로 봐도 이정도로 좋다 SK증권 이동건 I 2024-02-07 매수 잠시 어렵지만 미래는 밝다 신영증권 정유경 I 2024-02-06 매수 파이프라인 가치 확인될 2024년 다올투자증권 이지수,임도영 I 2024-02-06 매수 CKD-510 가치는 임상 2상부터 반영될 것 유안타증권 하현수 I 2024-02-06 매수 케이캡 우려는 이미 반영"
185750::2024,185750,종근당,PRIMARY_INDEX_AVAILABLE,EQUITY_PRIMARY_NO_ACTION,200,https://m.irgo.co.kr/IR-COMP/185750,2024-04-29,"{""CX"": [""보수적""]}",", 걱정 無 KB증권 김혜민 I 2024-04-29 매수 투자가 필요할 때 유진투자증권 권해순 I 2024-04-23 매수 아쉬운 실적 예상되나, 생각보다 선방 삼성증권 서근희 I 2024-04-16 매수 과도한 우려가 반영된 주가 SK증권 이동건 I 2024-04-11 매수 새로운 심장을 달다 NH투자증권 한승연,박병국 I 2024-04-02 매수 연간으로 보면 주가상승 가능할 전망 상상인증권 하태기 I 2024-03-27 매수 중장기 전략 변화에 주목할 때 유진투자증권 권해순 I 2024-03-20 매수 오늘보다 내일이 더 기대된다 흥국증권 최종경,김지은 I 2024-02-13 매수 보수적으로 봐도 이정도로 좋다 SK증권 이동건 I 2024-02-07 매수 잠시 어렵지만 미래는 밝다 신영증권 정유경 I 2024-02-06 매수 파이프라인 가치 확인될 2024년 다올투자증권 이지수,임도영 I 2024-02-06 매수 CKD-510 가치는 임상 2상부터 반영될 것"
185750::2024,185750,종근당,PRIMARY_INDEX_AVAILABLE,EQUITY_PRIMARY_NO_ACTION,200,https://m.irgo.co.kr/IR-COMP/185750,2024-04-29,"{""CX"": [""보수적""]}","04-29 매수 R&D 이벤트는 다가오고, 케이캡 공백은 메꾸고 미래에셋증권 김승민 I 2024-04-29 매수 환수추정액 미포함시 기대치 상회 키움증권 허혜민 I 2024-04-29 매수 1Q24 Review: 주요 품목 지속성장 중, 걱정 無 KB증권 김혜민 I 2024-04-29 매수 투자가 필요할 때 유진투자증권 권해순 I 2024-04-23 매수 아쉬운 실적 예상되나, 생각보다 선방 삼성증권 서근희 I 2024-04-16 매수 과도한 우려가 반영된 주가 SK증권 이동건 I 2024-04-11 매수 새로운 심장을 달다 NH투자증권 한승연,박병국 I 2024-04-02 매수 연간으로 보면 주가상승 가능할 전망 상상인증권 하태기 I 2024-03-27 매수 중장기 전략 변화에 주목할 때 유진투자증권 권해순 I 2024-03-20 매수 오늘보다 내일이 더 기대된다 흥국증권 최종경,김지은 I 2024-02-13 매수 보수적으로 봐도 이정도로 좋다 SK증권 이동건 I"
185750::2024,185750,종근당,PRIMARY_INDEX_AVAILABLE,EQUITY_PRIMARY_NO_ACTION,200,https://m.irgo.co.kr/IR-COMP/185750,2024-04-29,"{""CX"": [""보수적""]}","I 2024-04-29 매수 1Q24 Review: 주요 품목 지속성장 중, 걱정 無 KB증권 김혜민 I 2024-04-29 매수 투자가 필요할 때 유진투자증권 권해순 I 2024-04-23 매수 아쉬운 실적 예상되나, 생각보다 선방 삼성증권 서근희 I 2024-04-16 매수 과도한 우려가 반영된 주가 SK증권 이동건 I 2024-04-11 매수 새로운 심장을 달다 NH투자증권 한승연,박병국 I 2024-04-02 매수 연간으로 보면 주가상승 가능할 전망 상상인증권 하태기 I 2024-03-27 매수 중장기 전략 변화에 주목할 때 유진투자증권 권해순 I 2024-03-20 매수 오늘보다 내일이 더 기대된다 흥국증권 최종경,김지은 I 2024-02-13 매수 보수적으로 봐도 이정도로 좋다 SK증권 이동건 I 2024-02-07 매수 잠시 어렵지만 미래는 밝다 신영증권 정유경 I 2024-02-06 매수 파이프라인 가치 확인될 2024년 다올투자증권 이지수,임도영"
185750::2024,185750,종근당,PRIMARY_INDEX_AVAILABLE,EQUITY_PRIMARY_NO_ACTION,200,https://m.irgo.co.kr/IR-COMP/185750,2024-04-29,,"수 선방한 실적. 하반기 신제품 효과 기대 다올투자증권 이지수,임도영 I 2024-04-29 매수 R&D 이벤트는 다가오고, 케이캡 공백은 메꾸고 미래에셋증권 김승민 I 2024-04-29 매수 환수추정액 미포함시 기대치 상회 키움증권 허혜민 I 2024-04-29 매수 1Q24 Review: 주요 품목 지속성장 중, 걱정 無 KB증권 김혜민 I 2024-04-29 매수 투자가 필요할 때 유진투자증권 권해순 I 2024-04-23 매수 아쉬운 실적 예상되나, 생각보다 선방 삼성증권 서근희 I 2024-04-16 매수 과도한 우려가 반영된 주가 SK증권 이동건 I 2024-04-11 매수 새로운 심장을 달다 NH투자증권 한승연,박병국 I 2024-04-02 매수 연간으로 보면 주가상승 가능할 전망 상상인증권 하태기 I 2024-03-27 매수 중장기 전략 변화에 주목할 때 유진투자증권 권해순 I 2024-03-20 매수 오늘보다 내일이 더 기대된다 흥국증권 최종경,김"
185750::2024,185750,종근당,PRIMARY_INDEX_AVAILABLE,EQUITY_PRIMARY_NO_ACTION,200,https://m.irgo.co.kr/IR-COMP/185750,2024-04-29,"{""CX"": [""보수적""]}","승민 I 2024-04-29 매수 환수추정액 미포함시 기대치 상회 키움증권 허혜민 I 2024-04-29 매수 1Q24 Review: 주요 품목 지속성장 중, 걱정 無 KB증권 김혜민 I 2024-04-29 매수 투자가 필요할 때 유진투자증권 권해순 I 2024-04-23 매수 아쉬운 실적 예상되나, 생각보다 선방 삼성증권 서근희 I 2024-04-16 매수 과도한 우려가 반영된 주가 SK증권 이동건 I 2024-04-11 매수 새로운 심장을 달다 NH투자증권 한승연,박병국 I 2024-04-02 매수 연간으로 보면 주가상승 가능할 전망 상상인증권 하태기 I 2024-03-27 매수 중장기 전략 변화에 주목할 때 유진투자증권 권해순 I 2024-03-20 매수 오늘보다 내일이 더 기대된다 흥국증권 최종경,김지은 I 2024-02-13 매수 보수적으로 봐도 이정도로 좋다 SK증권 이동건 I 2024-02-07 매수 잠시 어렵지만 미래는 밝다 신영증권 정유경 I 202"
185750::2024,185750,종근당,PRIMARY_INDEX_AVAILABLE,EQUITY_PRIMARY_NO_ACTION,200,https://m.irgo.co.kr/IR-COMP/185750,2024-04-29,,"최소화 유안타증권 하현수 I 2024-04-29 매수 올해 밸류에이션 회복에 따른 관심 권고 NH투자증권 한승연,박병국 I 2024-04-29 매수 선방한 실적. 하반기 신제품 효과 기대 다올투자증권 이지수,임도영 I 2024-04-29 매수 R&D 이벤트는 다가오고, 케이캡 공백은 메꾸고 미래에셋증권 김승민 I 2024-04-29 매수 환수추정액 미포함시 기대치 상회 키움증권 허혜민 I 2024-04-29 매수 1Q24 Review: 주요 품목 지속성장 중, 걱정 無 KB증권 김혜민 I 2024-04-29 매수 투자가 필요할 때 유진투자증권 권해순 I 2024-04-23 매수 아쉬운 실적 예상되나, 생각보다 선방 삼성증권 서근희 I 2024-04-16 매수 과도한 우려가 반영된 주가 SK증권 이동건 I 2024-04-11 매수 새로운 심장을 달다 NH투자증권 한승연,박병국 I 2024-04-02 매수 연간으로 보면 주가상승 가능할 전망 상상인증권 하태기 I 20"
185750::2024,185750,종근당,PRIMARY_INDEX_AVAILABLE,EQUITY_PRIMARY_NO_ACTION,200,https://m.irgo.co.kr/IR-COMP/185750,2024-04-29,,"회복에 따른 관심 권고 NH투자증권 한승연,박병국 I 2024-04-29 매수 선방한 실적. 하반기 신제품 효과 기대 다올투자증권 이지수,임도영 I 2024-04-29 매수 R&D 이벤트는 다가오고, 케이캡 공백은 메꾸고 미래에셋증권 김승민 I 2024-04-29 매수 환수추정액 미포함시 기대치 상회 키움증권 허혜민 I 2024-04-29 매수 1Q24 Review: 주요 품목 지속성장 중, 걱정 無 KB증권 김혜민 I 2024-04-29 매수 투자가 필요할 때 유진투자증권 권해순 I 2024-04-23 매수 아쉬운 실적 예상되나, 생각보다 선방 삼성증권 서근희 I 2024-04-16 매수 과도한 우려가 반영된 주가 SK증권 이동건 I 2024-04-11 매수 새로운 심장을 달다 NH투자증권 한승연,박병국 I 2024-04-02 매수 연간으로 보면 주가상승 가능할 전망 상상인증권 하태기 I 2024-03-27 매수 중장기 전략 변화에 주목할 때 유진투자증권 권해순"
185750::2024,185750,종근당,PRIMARY_INDEX_AVAILABLE,EQUITY_PRIMARY_NO_ACTION,200,https://m.irgo.co.kr/IR-COMP/185750,2024-04-30,,"면 도래 DS투자증권 김민정 I 2024-04-30 매수 1Q24Re: 케이캡 영향 최소화 유안타증권 하현수 I 2024-04-29 매수 올해 밸류에이션 회복에 따른 관심 권고 NH투자증권 한승연,박병국 I 2024-04-29 매수 선방한 실적. 하반기 신제품 효과 기대 다올투자증권 이지수,임도영 I 2024-04-29 매수 R&D 이벤트는 다가오고, 케이캡 공백은 메꾸고 미래에셋증권 김승민 I 2024-04-29 매수 환수추정액 미포함시 기대치 상회 키움증권 허혜민 I 2024-04-29 매수 1Q24 Review: 주요 품목 지속성장 중, 걱정 無 KB증권 김혜민 I 2024-04-29 매수 투자가 필요할 때 유진투자증권 권해순 I 2024-04-23 매수 아쉬운 실적 예상되나, 생각보다 선방 삼성증권 서근희 I 2024-04-16 매수 과도한 우려가 반영된 주가 SK증권 이동건 I 2024-04-11 매수 새로운 심장을 달다 NH투자증권 한승연,박병국 I 20"
185750::2024,185750,종근당,PRIMARY_INDEX_AVAILABLE,EQUITY_PRIMARY_NO_ACTION,200,https://m.irgo.co.kr/IR-COMP/185750,2024-05-13,,"상상인증권 하태기 I 2024-05-13 매수 저렴한 밸류에이션 국면 도래 DS투자증권 김민정 I 2024-04-30 매수 1Q24Re: 케이캡 영향 최소화 유안타증권 하현수 I 2024-04-29 매수 올해 밸류에이션 회복에 따른 관심 권고 NH투자증권 한승연,박병국 I 2024-04-29 매수 선방한 실적. 하반기 신제품 효과 기대 다올투자증권 이지수,임도영 I 2024-04-29 매수 R&D 이벤트는 다가오고, 케이캡 공백은 메꾸고 미래에셋증권 김승민 I 2024-04-29 매수 환수추정액 미포함시 기대치 상회 키움증권 허혜민 I 2024-04-29 매수 1Q24 Review: 주요 품목 지속성장 중, 걱정 無 KB증권 김혜민 I 2024-04-29 매수 투자가 필요할 때 유진투자증권 권해순 I 2024-04-23 매수 아쉬운 실적 예상되나, 생각보다 선방 삼성증권 서근희 I 2024-04-16 매수 과도한 우려가 반영된 주가 SK증권 이동건 I 2024-04"
185750::2024,185750,종근당,PRIMARY_INDEX_AVAILABLE,EQUITY_PRIMARY_NO_ACTION,200,https://m.irgo.co.kr/IR-COMP/185750,2024-05-31,,"도약 준비 흥국증권 최종경,김지은 I 2024-05-31 매수 실적 조정, 2025년부터 성장 전환 상상인증권 하태기 I 2024-05-13 매수 저렴한 밸류에이션 국면 도래 DS투자증권 김민정 I 2024-04-30 매수 1Q24Re: 케이캡 영향 최소화 유안타증권 하현수 I 2024-04-29 매수 올해 밸류에이션 회복에 따른 관심 권고 NH투자증권 한승연,박병국 I 2024-04-29 매수 선방한 실적. 하반기 신제품 효과 기대 다올투자증권 이지수,임도영 I 2024-04-29 매수 R&D 이벤트는 다가오고, 케이캡 공백은 메꾸고 미래에셋증권 김승민 I 2024-04-29 매수 환수추정액 미포함시 기대치 상회 키움증권 허혜민 I 2024-04-29 매수 1Q24 Review: 주요 품목 지속성장 중, 걱정 無 KB증권 김혜민 I 2024-04-29 매수 투자가 필요할 때 유진투자증권 권해순 I 2024-04-23 매수 아쉬운 실적 예상되나, 생각보다 선방 삼"
185750::2024,185750,종근당,PRIMARY_INDEX_AVAILABLE,EQUITY_PRIMARY_NO_ACTION,200,https://m.irgo.co.kr/IR-COMP/185750,2024-07-12,,"림 다올투자증권 이지수,임도영 I 2024-07-12 매수 신약 파이프라인으로 도약 준비 흥국증권 최종경,김지은 I 2024-05-31 매수 실적 조정, 2025년부터 성장 전환 상상인증권 하태기 I 2024-05-13 매수 저렴한 밸류에이션 국면 도래 DS투자증권 김민정 I 2024-04-30 매수 1Q24Re: 케이캡 영향 최소화 유안타증권 하현수 I 2024-04-29 매수 올해 밸류에이션 회복에 따른 관심 권고 NH투자증권 한승연,박병국 I 2024-04-29 매수 선방한 실적. 하반기 신제품 효과 기대 다올투자증권 이지수,임도영 I 2024-04-29 매수 R&D 이벤트는 다가오고, 케이캡 공백은 메꾸고 미래에셋증권 김승민 I 2024-04-29 매수 환수추정액 미포함시 기대치 상회 키움증권 허혜민 I 2024-04-29 매수 1Q24 Review: 주요 품목 지속성장 중, 걱정 無 KB증권 김혜민 I 2024-04-29 매수 투자가 필요할 때 유진투자증권"
185750::2024,185750,종근당,PRIMARY_INDEX_AVAILABLE,EQUITY_PRIMARY_NO_ACTION,200,https://m.irgo.co.kr/IR-COMP/185750,2024-07-18,,"것 DS투자증권 김민정 I 2024-07-18 매수 2Q24 Preview: 하반기부터 나아질 그림 다올투자증권 이지수,임도영 I 2024-07-12 매수 신약 파이프라인으로 도약 준비 흥국증권 최종경,김지은 I 2024-05-31 매수 실적 조정, 2025년부터 성장 전환 상상인증권 하태기 I 2024-05-13 매수 저렴한 밸류에이션 국면 도래 DS투자증권 김민정 I 2024-04-30 매수 1Q24Re: 케이캡 영향 최소화 유안타증권 하현수 I 2024-04-29 매수 올해 밸류에이션 회복에 따른 관심 권고 NH투자증권 한승연,박병국 I 2024-04-29 매수 선방한 실적. 하반기 신제품 효과 기대 다올투자증권 이지수,임도영 I 2024-04-29 매수 R&D 이벤트는 다가오고, 케이캡 공백은 메꾸고 미래에셋증권 김승민 I 2024-04-29 매수 환수추정액 미포함시 기대치 상회 키움증권 허혜민 I 2024-04-29 매수 1Q24 Review: 주요 품목"
185750::2024,185750,종근당,PRIMARY_INDEX_AVAILABLE,EQUITY_PRIMARY_NO_ACTION,200,https://m.irgo.co.kr/IR-COMP/185750,2024-07-29,,"서스 부합 유진투자증권 권해순 I 2024-07-29 매수 2Q24 Review: 주력 품목의 성장 KB증권 김혜민 I 2024-07-29 매수 자극적이진 않아도 건강하다 키움증권 허혜민 I 2024-07-29 매수 2Q24 Pre: 단기 실적보다 R&D 가치에 집중할 것 DS투자증권 김민정 I 2024-07-18 매수 2Q24 Preview: 하반기부터 나아질 그림 다올투자증권 이지수,임도영 I 2024-07-12 매수 신약 파이프라인으로 도약 준비 흥국증권 최종경,김지은 I 2024-05-31 매수 실적 조정, 2025년부터 성장 전환 상상인증권 하태기 I 2024-05-13 매수 저렴한 밸류에이션 국면 도래 DS투자증권 김민정 I 2024-04-30 매수 1Q24Re: 케이캡 영향 최소화 유안타증권 하현수 I 2024-04-29 매수 올해 밸류에이션 회복에 따른 관심 권고 NH투자증권 한승연,박병국 I 2024-04-29 매수 선방한 실적. 하반기 신제품 효과"
185750::2024,185750,종근당,PRIMARY_INDEX_AVAILABLE,EQUITY_PRIMARY_NO_ACTION,200,https://m.irgo.co.kr/IR-COMP/185750,2024-07-29,,"주력 품목의 성장 KB증권 김혜민 I 2024-07-29 매수 자극적이진 않아도 건강하다 키움증권 허혜민 I 2024-07-29 매수 2Q24 Pre: 단기 실적보다 R&D 가치에 집중할 것 DS투자증권 김민정 I 2024-07-18 매수 2Q24 Preview: 하반기부터 나아질 그림 다올투자증권 이지수,임도영 I 2024-07-12 매수 신약 파이프라인으로 도약 준비 흥국증권 최종경,김지은 I 2024-05-31 매수 실적 조정, 2025년부터 성장 전환 상상인증권 하태기 I 2024-05-13 매수 저렴한 밸류에이션 국면 도래 DS투자증권 김민정 I 2024-04-30 매수 1Q24Re: 케이캡 영향 최소화 유안타증권 하현수 I 2024-04-29 매수 올해 밸류에이션 회복에 따른 관심 권고 NH투자증권 한승연,박병국 I 2024-04-29 매수 선방한 실적. 하반기 신제품 효과 기대 다올투자증권 이지수,임도영 I 2024-04-29 매수 R&D 이벤트는 다"
185750::2024,185750,종근당,PRIMARY_INDEX_AVAILABLE,EQUITY_PRIMARY_NO_ACTION,200,https://m.irgo.co.kr/IR-COMP/185750,2024-07-29,,"증권 허혜민 I 2024-07-29 매수 2Q24 Pre: 단기 실적보다 R&D 가치에 집중할 것 DS투자증권 김민정 I 2024-07-18 매수 2Q24 Preview: 하반기부터 나아질 그림 다올투자증권 이지수,임도영 I 2024-07-12 매수 신약 파이프라인으로 도약 준비 흥국증권 최종경,김지은 I 2024-05-31 매수 실적 조정, 2025년부터 성장 전환 상상인증권 하태기 I 2024-05-13 매수 저렴한 밸류에이션 국면 도래 DS투자증권 김민정 I 2024-04-30 매수 1Q24Re: 케이캡 영향 최소화 유안타증권 하현수 I 2024-04-29 매수 올해 밸류에이션 회복에 따른 관심 권고 NH투자증권 한승연,박병국 I 2024-04-29 매수 선방한 실적. 하반기 신제품 효과 기대 다올투자증권 이지수,임도영 I 2024-04-29 매수 R&D 이벤트는 다가오고, 케이캡 공백은 메꾸고 미래에셋증권 김승민 I 2024-04-29 매수 환수추정액 미포함"
185750::2024,185750,종근당,PRIMARY_INDEX_AVAILABLE,EQUITY_PRIMARY_NO_ACTION,200,https://m.irgo.co.kr/IR-COMP/185750,2024-08-12,,"자증권 한승연 I 2024-08-12 매수 2Q24P 실적 Review: 컨센서스 부합 유진투자증권 권해순 I 2024-07-29 매수 2Q24 Review: 주력 품목의 성장 KB증권 김혜민 I 2024-07-29 매수 자극적이진 않아도 건강하다 키움증권 허혜민 I 2024-07-29 매수 2Q24 Pre: 단기 실적보다 R&D 가치에 집중할 것 DS투자증권 김민정 I 2024-07-18 매수 2Q24 Preview: 하반기부터 나아질 그림 다올투자증권 이지수,임도영 I 2024-07-12 매수 신약 파이프라인으로 도약 준비 흥국증권 최종경,김지은 I 2024-05-31 매수 실적 조정, 2025년부터 성장 전환 상상인증권 하태기 I 2024-05-13 매수 저렴한 밸류에이션 국면 도래 DS투자증권 김민정 I 2024-04-30 매수 1Q24Re: 케이캡 영향 최소화 유안타증권 하현수 I 2024-04-29 매수 올해 밸류에이션 회복에 따른 관심 권고 NH투자증권"
185750::2024,185750,종근당,PRIMARY_INDEX_AVAILABLE,EQUITY_PRIMARY_NO_ACTION,200,https://m.irgo.co.kr/IR-COMP/185750,2024-09-30,,"인증권 하태기 I 2024-09-30 매수 연내 노바티스 R&D 업데이트 기대 NH투자증권 한승연 I 2024-08-12 매수 2Q24P 실적 Review: 컨센서스 부합 유진투자증권 권해순 I 2024-07-29 매수 2Q24 Review: 주력 품목의 성장 KB증권 김혜민 I 2024-07-29 매수 자극적이진 않아도 건강하다 키움증권 허혜민 I 2024-07-29 매수 2Q24 Pre: 단기 실적보다 R&D 가치에 집중할 것 DS투자증권 김민정 I 2024-07-18 매수 2Q24 Preview: 하반기부터 나아질 그림 다올투자증권 이지수,임도영 I 2024-07-12 매수 신약 파이프라인으로 도약 준비 흥국증권 최종경,김지은 I 2024-05-31 매수 실적 조정, 2025년부터 성장 전환 상상인증권 하태기 I 2024-05-13 매수 저렴한 밸류에이션 국면 도래 DS투자증권 김민정 I 2024-04-30 매수 1Q24Re: 케이캡 영향 최소화 유안타증권 하"
185750::2024,185750,종근당,PRIMARY_INDEX_AVAILABLE,EQUITY_PRIMARY_NO_ACTION,200,https://m.irgo.co.kr/IR-COMP/185750,2024-10-08,,"성증권 서근희 I 2024-10-08 매수 2025년부터 본격 실적 회복 전망 상상인증권 하태기 I 2024-09-30 매수 연내 노바티스 R&D 업데이트 기대 NH투자증권 한승연 I 2024-08-12 매수 2Q24P 실적 Review: 컨센서스 부합 유진투자증권 권해순 I 2024-07-29 매수 2Q24 Review: 주력 품목의 성장 KB증권 김혜민 I 2024-07-29 매수 자극적이진 않아도 건강하다 키움증권 허혜민 I 2024-07-29 매수 2Q24 Pre: 단기 실적보다 R&D 가치에 집중할 것 DS투자증권 김민정 I 2024-07-18 매수 2Q24 Preview: 하반기부터 나아질 그림 다올투자증권 이지수,임도영 I 2024-07-12 매수 신약 파이프라인으로 도약 준비 흥국증권 최종경,김지은 I 2024-05-31 매수 실적 조정, 2025년부터 성장 전환 상상인증권 하태기 I 2024-05-13 매수 저렴한 밸류에이션 국면 도래 DS투자증권"
185750::2024,185750,종근당,PRIMARY_INDEX_AVAILABLE,EQUITY_PRIMARY_NO_ACTION,200,https://m.irgo.co.kr/IR-COMP/185750,2024-10-16,,"4-10-21 매수 천천히 실적 회복 중 다올투자증권 이지수,임도영 I 2024-10-16 매수 케이캡의 빈자리.. 이미 반영된 주가 키움증권 허혜민 I 2024-10-16 매수 하반기 더딘 실적 회복 전망 삼성증권 서근희 I 2024-10-08 매수 2025년부터 본격 실적 회복 전망 상상인증권 하태기 I 2024-09-30 매수 연내 노바티스 R&D 업데이트 기대 NH투자증권 한승연 I 2024-08-12 매수 2Q24P 실적 Review: 컨센서스 부합 유진투자증권 권해순 I 2024-07-29 매수 2Q24 Review: 주력 품목의 성장 KB증권 김혜민 I 2024-07-29 매수 자극적이진 않아도 건강하다 키움증권 허혜민 I 2024-07-29 매수 2Q24 Pre: 단기 실적보다 R&D 가치에 집중할 것 DS투자증권 김민정 I 2024-07-18 매수 2Q24 Preview: 하반기부터 나아질 그림 다올투자증권 이지수,임도영 I 2024-07-12 매수"
185750::2024,185750,종근당,PRIMARY_INDEX_AVAILABLE,EQUITY_PRIMARY_NO_ACTION,200,https://m.irgo.co.kr/IR-COMP/185750,2024-10-16,,"빈자리.. 이미 반영된 주가 키움증권 허혜민 I 2024-10-16 매수 하반기 더딘 실적 회복 전망 삼성증권 서근희 I 2024-10-08 매수 2025년부터 본격 실적 회복 전망 상상인증권 하태기 I 2024-09-30 매수 연내 노바티스 R&D 업데이트 기대 NH투자증권 한승연 I 2024-08-12 매수 2Q24P 실적 Review: 컨센서스 부합 유진투자증권 권해순 I 2024-07-29 매수 2Q24 Review: 주력 품목의 성장 KB증권 김혜민 I 2024-07-29 매수 자극적이진 않아도 건강하다 키움증권 허혜민 I 2024-07-29 매수 2Q24 Pre: 단기 실적보다 R&D 가치에 집중할 것 DS투자증권 김민정 I 2024-07-18 매수 2Q24 Preview: 하반기부터 나아질 그림 다올투자증권 이지수,임도영 I 2024-07-12 매수 신약 파이프라인으로 도약 준비 흥국증권 최종경,김지은 I 2024-05-31 매수 실적 조정, 2025년"
185750::2024,185750,종근당,PRIMARY_INDEX_AVAILABLE,EQUITY_PRIMARY_NO_ACTION,200,https://m.irgo.co.kr/IR-COMP/185750,2024-10-21,,"Pre: 아쉬운 실적, 신약 업사이드 충분 NH투자증권 한승연 I 2024-10-21 매수 3Q24 Preview: 숨돌리는 타이밍 KB증권 김혜민 I 2024-10-21 매수 천천히 실적 회복 중 다올투자증권 이지수,임도영 I 2024-10-16 매수 케이캡의 빈자리.. 이미 반영된 주가 키움증권 허혜민 I 2024-10-16 매수 하반기 더딘 실적 회복 전망 삼성증권 서근희 I 2024-10-08 매수 2025년부터 본격 실적 회복 전망 상상인증권 하태기 I 2024-09-30 매수 연내 노바티스 R&D 업데이트 기대 NH투자증권 한승연 I 2024-08-12 매수 2Q24P 실적 Review: 컨센서스 부합 유진투자증권 권해순 I 2024-07-29 매수 2Q24 Review: 주력 품목의 성장 KB증권 김혜민 I 2024-07-29 매수 자극적이진 않아도 건강하다 키움증권 허혜민 I 2024-07-29 매수 2Q24 Pre: 단기 실적보다 R&D 가치에 집중"
185750::2024,185750,종근당,PRIMARY_INDEX_AVAILABLE,EQUITY_PRIMARY_NO_ACTION,200,https://m.irgo.co.kr/IR-COMP/185750,2024-10-21,,"매수 3Q24 Preview: 숨돌리는 타이밍 KB증권 김혜민 I 2024-10-21 매수 천천히 실적 회복 중 다올투자증권 이지수,임도영 I 2024-10-16 매수 케이캡의 빈자리.. 이미 반영된 주가 키움증권 허혜민 I 2024-10-16 매수 하반기 더딘 실적 회복 전망 삼성증권 서근희 I 2024-10-08 매수 2025년부터 본격 실적 회복 전망 상상인증권 하태기 I 2024-09-30 매수 연내 노바티스 R&D 업데이트 기대 NH투자증권 한승연 I 2024-08-12 매수 2Q24P 실적 Review: 컨센서스 부합 유진투자증권 권해순 I 2024-07-29 매수 2Q24 Review: 주력 품목의 성장 KB증권 김혜민 I 2024-07-29 매수 자극적이진 않아도 건강하다 키움증권 허혜민 I 2024-07-29 매수 2Q24 Pre: 단기 실적보다 R&D 가치에 집중할 것 DS투자증권 김민정 I 2024-07-18 매수 2Q24 Preview: 하반기"
185750::2024,185750,종근당,PRIMARY_INDEX_AVAILABLE,EQUITY_PRIMARY_NO_ACTION,200,https://m.irgo.co.kr/IR-COMP/185750,2024-10-25,"{""OE"": [""비용""]}","적속보] 비용증가에 따른 영업이익 하락 KB증권 김혜민 I 2024-10-25 매수 3Q24 Pre: 아쉬운 실적, 신약 업사이드 충분 NH투자증권 한승연 I 2024-10-21 매수 3Q24 Preview: 숨돌리는 타이밍 KB증권 김혜민 I 2024-10-21 매수 천천히 실적 회복 중 다올투자증권 이지수,임도영 I 2024-10-16 매수 케이캡의 빈자리.. 이미 반영된 주가 키움증권 허혜민 I 2024-10-16 매수 하반기 더딘 실적 회복 전망 삼성증권 서근희 I 2024-10-08 매수 2025년부터 본격 실적 회복 전망 상상인증권 하태기 I 2024-09-30 매수 연내 노바티스 R&D 업데이트 기대 NH투자증권 한승연 I 2024-08-12 매수 2Q24P 실적 Review: 컨센서스 부합 유진투자증권 권해순 I 2024-07-29 매수 2Q24 Review: 주력 품목의 성장 KB증권 김혜민 I 2024-07-29 매수 자극적이진 않아도 건강하다 키"
185750::2024,185750,종근당,PRIMARY_INDEX_AVAILABLE,EQUITY_PRIMARY_NO_ACTION,200,https://m.irgo.co.kr/IR-COMP/185750,2024-10-28,"{""OE"": [""비용"", ""원가""]}","I 2024-10-28 매수 3Q24P 실적 Review: 추정치 부합 유진투자증권 권해순 I 2024-10-28 매수 3Q24Re: 원가율 상승으로 아쉬운 실적 유안타증권 하현수 I 2024-10-28 매수 3Q24 Re: 컨센 부합 실적, 신약 업데이트 無 NH투자증권 한승연 I 2024-10-28 N/R [AI 실적속보] 비용증가에 따른 영업이익 하락 KB증권 김혜민 I 2024-10-25 매수 3Q24 Pre: 아쉬운 실적, 신약 업사이드 충분 NH투자증권 한승연 I 2024-10-21 매수 3Q24 Preview: 숨돌리는 타이밍 KB증권 김혜민 I 2024-10-21 매수 천천히 실적 회복 중 다올투자증권 이지수,임도영 I 2024-10-16 매수 케이캡의 빈자리.. 이미 반영된 주가 키움증권 허혜민 I 2024-10-16 매수 하반기 더딘 실적 회복 전망 삼성증권 서근희 I 2024-10-08 매수 2025년부터 본격 실적 회복 전망 상상인증권 하태기"
185750::2024,185750,종근당,PRIMARY_INDEX_AVAILABLE,EQUITY_PRIMARY_NO_ACTION,200,https://m.irgo.co.kr/IR-COMP/185750,2024-10-28,"{""OE"": [""비용"", ""원가""]}","권 권해순 I 2024-10-28 매수 3Q24Re: 원가율 상승으로 아쉬운 실적 유안타증권 하현수 I 2024-10-28 매수 3Q24 Re: 컨센 부합 실적, 신약 업데이트 無 NH투자증권 한승연 I 2024-10-28 N/R [AI 실적속보] 비용증가에 따른 영업이익 하락 KB증권 김혜민 I 2024-10-25 매수 3Q24 Pre: 아쉬운 실적, 신약 업사이드 충분 NH투자증권 한승연 I 2024-10-21 매수 3Q24 Preview: 숨돌리는 타이밍 KB증권 김혜민 I 2024-10-21 매수 천천히 실적 회복 중 다올투자증권 이지수,임도영 I 2024-10-16 매수 케이캡의 빈자리.. 이미 반영된 주가 키움증권 허혜민 I 2024-10-16 매수 하반기 더딘 실적 회복 전망 삼성증권 서근희 I 2024-10-08 매수 2025년부터 본격 실적 회복 전망 상상인증권 하태기 I 2024-09-30 매수 연내 노바티스 R&D 업데이트 기대 NH투자증권 한승"
185750::2024,185750,종근당,PRIMARY_INDEX_AVAILABLE,EQUITY_PRIMARY_NO_ACTION,200,https://m.irgo.co.kr/IR-COMP/185750,2024-10-28,"{""OE"": [""비용"", ""원가""]}","김혜민 I 2024-10-28 매수 가장 저평가된 제약사 미래에셋증권 김승민 I 2024-10-28 매수 3Q24P 실적 Review: 추정치 부합 유진투자증권 권해순 I 2024-10-28 매수 3Q24Re: 원가율 상승으로 아쉬운 실적 유안타증권 하현수 I 2024-10-28 매수 3Q24 Re: 컨센 부합 실적, 신약 업데이트 無 NH투자증권 한승연 I 2024-10-28 N/R [AI 실적속보] 비용증가에 따른 영업이익 하락 KB증권 김혜민 I 2024-10-25 매수 3Q24 Pre: 아쉬운 실적, 신약 업사이드 충분 NH투자증권 한승연 I 2024-10-21 매수 3Q24 Preview: 숨돌리는 타이밍 KB증권 김혜민 I 2024-10-21 매수 천천히 실적 회복 중 다올투자증권 이지수,임도영 I 2024-10-16 매수 케이캡의 빈자리.. 이미 반영된 주가 키움증권 허혜민 I 2024-10-16 매수 하반기 더딘 실적 회복 전망 삼성증권 서근희 I"
185750::2024,185750,종근당,PRIMARY_INDEX_AVAILABLE,EQUITY_PRIMARY_NO_ACTION,200,https://m.irgo.co.kr/IR-COMP/185750,2024-10-28,"{""OE"": [""비용""]}","실적, 신약 업데이트 無 NH투자증권 한승연 I 2024-10-28 N/R [AI 실적속보] 비용증가에 따른 영업이익 하락 KB증권 김혜민 I 2024-10-25 매수 3Q24 Pre: 아쉬운 실적, 신약 업사이드 충분 NH투자증권 한승연 I 2024-10-21 매수 3Q24 Preview: 숨돌리는 타이밍 KB증권 김혜민 I 2024-10-21 매수 천천히 실적 회복 중 다올투자증권 이지수,임도영 I 2024-10-16 매수 케이캡의 빈자리.. 이미 반영된 주가 키움증권 허혜민 I 2024-10-16 매수 하반기 더딘 실적 회복 전망 삼성증권 서근희 I 2024-10-08 매수 2025년부터 본격 실적 회복 전망 상상인증권 하태기 I 2024-09-30 매수 연내 노바티스 R&D 업데이트 기대 NH투자증권 한승연 I 2024-08-12 매수 2Q24P 실적 Review: 컨센서스 부합 유진투자증권 권해순 I 2024-07-29 매수 2Q24 Review: 주력 품"
185750::2024,185750,종근당,PRIMARY_INDEX_AVAILABLE,EQUITY_PRIMARY_NO_ACTION,200,https://m.irgo.co.kr/IR-COMP/185750,2024-10-28,"{""OE"": [""비용""]}","운 실적 유안타증권 하현수 I 2024-10-28 매수 3Q24 Re: 컨센 부합 실적, 신약 업데이트 無 NH투자증권 한승연 I 2024-10-28 N/R [AI 실적속보] 비용증가에 따른 영업이익 하락 KB증권 김혜민 I 2024-10-25 매수 3Q24 Pre: 아쉬운 실적, 신약 업사이드 충분 NH투자증권 한승연 I 2024-10-21 매수 3Q24 Preview: 숨돌리는 타이밍 KB증권 김혜민 I 2024-10-21 매수 천천히 실적 회복 중 다올투자증권 이지수,임도영 I 2024-10-16 매수 케이캡의 빈자리.. 이미 반영된 주가 키움증권 허혜민 I 2024-10-16 매수 하반기 더딘 실적 회복 전망 삼성증권 서근희 I 2024-10-08 매수 2025년부터 본격 실적 회복 전망 상상인증권 하태기 I 2024-09-30 매수 연내 노바티스 R&D 업데이트 기대 NH투자증권 한승연 I 2024-08-12 매수 2Q24P 실적 Review: 컨센서스 부"
185750::2024,185750,종근당,PRIMARY_INDEX_AVAILABLE,EQUITY_PRIMARY_NO_ACTION,200,https://m.irgo.co.kr/IR-COMP/185750,2024-11-22,,"2-04 N/R 4Q24 실적속보: 역기저 효과 확인 KB증권 김혜민 I 2025-02-03 매수 4Q24 Pre: 밋밋한 실적, 신약 기다림 지속 NH투자증권 한승연 I 2025-01-20 매수 아쉬운 실적. R&D가 중요 다올투자증권 이지수,임도영 I 2025-01-16 매수 4Q24 Pre: 수익성 악화는 불가피 DS투자증권 김민정,강태호 I 2025-01-16 매수 4Q24Pre: 상품 비중 증가로 수익성 악화 유안타증권 하현수 I 2025-01-15 매수 실적 하회 전망. 신약은 노바티스에 직접 물었다 키움증권 허혜민 I 2025-01-15 매수 CKD-510 개발 계획 공개에 따른 밸류에이션 회복 전망 미래에셋증권 김승민 I 2024-11-22 매수 미래를 기약하며 흥국증권 이지원,송지원 I 2024-11-22 매수 3Q24 Review: 예상된 쉬어가는 타이밍 KB증권 김혜민 I 2024-10-28 매수 가장 저평가된 제약사 미래에셋증권 김승민 I 20"
185750::2024,185750,종근당,PRIMARY_INDEX_AVAILABLE,EQUITY_PRIMARY_NO_ACTION,200,https://m.irgo.co.kr/IR-COMP/185750,2024-11-22,"{""OE"": [""원가""]}","DS투자증권 김민정,강태호 I 2025-01-16 매수 4Q24Pre: 상품 비중 증가로 수익성 악화 유안타증권 하현수 I 2025-01-15 매수 실적 하회 전망. 신약은 노바티스에 직접 물었다 키움증권 허혜민 I 2025-01-15 매수 CKD-510 개발 계획 공개에 따른 밸류에이션 회복 전망 미래에셋증권 김승민 I 2024-11-22 매수 미래를 기약하며 흥국증권 이지원,송지원 I 2024-11-22 매수 3Q24 Review: 예상된 쉬어가는 타이밍 KB증권 김혜민 I 2024-10-28 매수 가장 저평가된 제약사 미래에셋증권 김승민 I 2024-10-28 매수 3Q24P 실적 Review: 추정치 부합 유진투자증권 권해순 I 2024-10-28 매수 3Q24Re: 원가율 상승으로 아쉬운 실적 유안타증권 하현수 I 2024-10-28 매수 3Q24 Re: 컨센 부합 실적, 신약 업데이트 無 NH투자증권 한승연 I 2024-10-28 N/R [AI 실적속보]"
185750::2024,185750,종근당,PRIMARY_INDEX_AVAILABLE,EQUITY_PRIMARY_NO_ACTION,200,https://m.irgo.co.kr/IR-COMP/185750,2024-11-22,,"I 2025-02-03 매수 4Q24 Pre: 밋밋한 실적, 신약 기다림 지속 NH투자증권 한승연 I 2025-01-20 매수 아쉬운 실적. R&D가 중요 다올투자증권 이지수,임도영 I 2025-01-16 매수 4Q24 Pre: 수익성 악화는 불가피 DS투자증권 김민정,강태호 I 2025-01-16 매수 4Q24Pre: 상품 비중 증가로 수익성 악화 유안타증권 하현수 I 2025-01-15 매수 실적 하회 전망. 신약은 노바티스에 직접 물었다 키움증권 허혜민 I 2025-01-15 매수 CKD-510 개발 계획 공개에 따른 밸류에이션 회복 전망 미래에셋증권 김승민 I 2024-11-22 매수 미래를 기약하며 흥국증권 이지원,송지원 I 2024-11-22 매수 3Q24 Review: 예상된 쉬어가는 타이밍 KB증권 김혜민 I 2024-10-28 매수 가장 저평가된 제약사 미래에셋증권 김승민 I 2024-10-28 매수 3Q24P 실적 Review: 추정치 부합 유진"
185750::2024,185750,종근당,PRIMARY_INDEX_AVAILABLE,EQUITY_PRIMARY_NO_ACTION,200,https://m.irgo.co.kr/IR-COMP/185750,2024-11-22,"{""OE"": [""비용"", ""원가""]}","물었다 키움증권 허혜민 I 2025-01-15 매수 CKD-510 개발 계획 공개에 따른 밸류에이션 회복 전망 미래에셋증권 김승민 I 2024-11-22 매수 미래를 기약하며 흥국증권 이지원,송지원 I 2024-11-22 매수 3Q24 Review: 예상된 쉬어가는 타이밍 KB증권 김혜민 I 2024-10-28 매수 가장 저평가된 제약사 미래에셋증권 김승민 I 2024-10-28 매수 3Q24P 실적 Review: 추정치 부합 유진투자증권 권해순 I 2024-10-28 매수 3Q24Re: 원가율 상승으로 아쉬운 실적 유안타증권 하현수 I 2024-10-28 매수 3Q24 Re: 컨센 부합 실적, 신약 업데이트 無 NH투자증권 한승연 I 2024-10-28 N/R [AI 실적속보] 비용증가에 따른 영업이익 하락 KB증권 김혜민 I 2024-10-25 매수 3Q24 Pre: 아쉬운 실적, 신약 업사이드 충분 NH투자증권 한승연 I 2024-10-21 매수 3Q24 Pr"
185750::2024,185750,종근당,PRIMARY_INDEX_AVAILABLE,EQUITY_PRIMARY_NO_ACTION,200,https://m.irgo.co.kr/IR-COMP/185750,2024-11-22,"{""OE"": [""비용"", ""원가""]}","수익성 악화 유안타증권 하현수 I 2025-01-15 매수 실적 하회 전망. 신약은 노바티스에 직접 물었다 키움증권 허혜민 I 2025-01-15 매수 CKD-510 개발 계획 공개에 따른 밸류에이션 회복 전망 미래에셋증권 김승민 I 2024-11-22 매수 미래를 기약하며 흥국증권 이지원,송지원 I 2024-11-22 매수 3Q24 Review: 예상된 쉬어가는 타이밍 KB증권 김혜민 I 2024-10-28 매수 가장 저평가된 제약사 미래에셋증권 김승민 I 2024-10-28 매수 3Q24P 실적 Review: 추정치 부합 유진투자증권 권해순 I 2024-10-28 매수 3Q24Re: 원가율 상승으로 아쉬운 실적 유안타증권 하현수 I 2024-10-28 매수 3Q24 Re: 컨센 부합 실적, 신약 업데이트 無 NH투자증권 한승연 I 2024-10-28 N/R [AI 실적속보] 비용증가에 따른 영업이익 하락 KB증권 김혜민 I 2024-10-25 매수 3Q24 Pr"
185750::2024,185750,종근당,PRIMARY_INDEX_AVAILABLE,EQUITY_PRIMARY_NO_ACTION,200,https://m.irgo.co.kr/IR-COMP/185750,2024-11-22,"{""OE"": [""비용"", ""원가""]}","원 I 2024-11-22 매수 3Q24 Review: 예상된 쉬어가는 타이밍 KB증권 김혜민 I 2024-10-28 매수 가장 저평가된 제약사 미래에셋증권 김승민 I 2024-10-28 매수 3Q24P 실적 Review: 추정치 부합 유진투자증권 권해순 I 2024-10-28 매수 3Q24Re: 원가율 상승으로 아쉬운 실적 유안타증권 하현수 I 2024-10-28 매수 3Q24 Re: 컨센 부합 실적, 신약 업데이트 無 NH투자증권 한승연 I 2024-10-28 N/R [AI 실적속보] 비용증가에 따른 영업이익 하락 KB증권 김혜민 I 2024-10-25 매수 3Q24 Pre: 아쉬운 실적, 신약 업사이드 충분 NH투자증권 한승연 I 2024-10-21 매수 3Q24 Preview: 숨돌리는 타이밍 KB증권 김혜민 I 2024-10-21 매수 천천히 실적 회복 중 다올투자증권 이지수,임도영 I 2024-10-16 매수 케이캡의 빈자리.. 이미 반영된 주가 키움증권"
185750::2024,185750,종근당,PRIMARY_INDEX_AVAILABLE,EQUITY_PRIMARY_NO_ACTION,200,https://m.irgo.co.kr/IR-COMP/185750,2024-11-22,"{""OE"": [""비용"", ""원가""]}","이션 회복 전망 미래에셋증권 김승민 I 2024-11-22 매수 미래를 기약하며 흥국증권 이지원,송지원 I 2024-11-22 매수 3Q24 Review: 예상된 쉬어가는 타이밍 KB증권 김혜민 I 2024-10-28 매수 가장 저평가된 제약사 미래에셋증권 김승민 I 2024-10-28 매수 3Q24P 실적 Review: 추정치 부합 유진투자증권 권해순 I 2024-10-28 매수 3Q24Re: 원가율 상승으로 아쉬운 실적 유안타증권 하현수 I 2024-10-28 매수 3Q24 Re: 컨센 부합 실적, 신약 업데이트 無 NH투자증권 한승연 I 2024-10-28 N/R [AI 실적속보] 비용증가에 따른 영업이익 하락 KB증권 김혜민 I 2024-10-25 매수 3Q24 Pre: 아쉬운 실적, 신약 업사이드 충분 NH투자증권 한승연 I 2024-10-21 매수 3Q24 Preview: 숨돌리는 타이밍 KB증권 김혜민 I 2024-10-21 매수 천천히 실적 회복 중"
185750::2024,185750,종근당,PRIMARY_INDEX_AVAILABLE,EQUITY_PRIMARY_NO_ACTION,200,https://m.irgo.co.kr/IR-COMP/185750,2024-11-22,"{""OE"": [""원가""]}","투자증권 이지수,임도영 I 2025-01-16 매수 4Q24 Pre: 수익성 악화는 불가피 DS투자증권 김민정,강태호 I 2025-01-16 매수 4Q24Pre: 상품 비중 증가로 수익성 악화 유안타증권 하현수 I 2025-01-15 매수 실적 하회 전망. 신약은 노바티스에 직접 물었다 키움증권 허혜민 I 2025-01-15 매수 CKD-510 개발 계획 공개에 따른 밸류에이션 회복 전망 미래에셋증권 김승민 I 2024-11-22 매수 미래를 기약하며 흥국증권 이지원,송지원 I 2024-11-22 매수 3Q24 Review: 예상된 쉬어가는 타이밍 KB증권 김혜민 I 2024-10-28 매수 가장 저평가된 제약사 미래에셋증권 김승민 I 2024-10-28 매수 3Q24P 실적 Review: 추정치 부합 유진투자증권 권해순 I 2024-10-28 매수 3Q24Re: 원가율 상승으로 아쉬운 실적 유안타증권 하현수 I 2024-10-28 매수 3Q24 Re: 컨센 부합"
185750::2024,185750,종근당,PRIMARY_INDEX_AVAILABLE,EQUITY_PRIMARY_NO_ACTION,200,https://m.irgo.co.kr/IR-COMP/185750,2024-11-22,"{""OE"": [""원가""]}","한승연 I 2025-01-20 매수 아쉬운 실적. R&D가 중요 다올투자증권 이지수,임도영 I 2025-01-16 매수 4Q24 Pre: 수익성 악화는 불가피 DS투자증권 김민정,강태호 I 2025-01-16 매수 4Q24Pre: 상품 비중 증가로 수익성 악화 유안타증권 하현수 I 2025-01-15 매수 실적 하회 전망. 신약은 노바티스에 직접 물었다 키움증권 허혜민 I 2025-01-15 매수 CKD-510 개발 계획 공개에 따른 밸류에이션 회복 전망 미래에셋증권 김승민 I 2024-11-22 매수 미래를 기약하며 흥국증권 이지원,송지원 I 2024-11-22 매수 3Q24 Review: 예상된 쉬어가는 타이밍 KB증권 김혜민 I 2024-10-28 매수 가장 저평가된 제약사 미래에셋증권 김승민 I 2024-10-28 매수 3Q24P 실적 Review: 추정치 부합 유진투자증권 권해순 I 2024-10-28 매수 3Q24Re: 원가율 상승으로 아쉬운 실적 유안"
186230::2024,186230,그린플러스,PRIMARY_INDEX_AVAILABLE,EQUITY_PRIMARY_INDEX_NONMAPPABLE,200,https://m.irgo.co.kr/IR-COMP/186230,2024-09-24,,"진출 성공, 본격 성장의 시작 유안타증권 손현정 I 2024-09-24 N/R 스마트팜 국가대표: 스마트팜 영업가치가 레벨업 하는 원년 LS증권 조은애 I 2024-07-03 N/R 해외 수주로 연간 매출 2배 예상 상상인증권 이소중,권오휘 I 2024-05-20 N/R NDR후기: 호주 수주 임박 유안타증권 손현정 I 2024-05-16 N/R 회사소개 및 주요 사업현황 해당기업 IR팀 I 2024-05-13 N/R 해외 매출 확대가 만드는 턴어라운드 대신증권 이석영 I 2024-04-02 N/R 스마트팜 전문가 상상인증권 이소중,권오휘 I 2024-03-25 N/R 올해는 정책, 해외수주, 실적 모든 게 좋다 유안타증권 손현정 I 2024-03-13 N/R 이제는 식량 안보, 스마트팜이 필요하다 SK증권 나승두 I 2023-06-28 N/R K스마트팜의 성장 스토리 DB금융투자 유진형 I 2023-02-14 N/R 해외진출 초읽기! 유안타증권 권명준 I 202"
186230::2024,186230,그린플러스,PRIMARY_INDEX_AVAILABLE,EQUITY_PRIMARY_INDEX_NONMAPPABLE,200,https://m.irgo.co.kr/IR-COMP/186230,2024-10-02,,"08 N/R 수확의 계절을 기다리며 키움증권 오현진,조재원 I 2024-10-02 N/R 호주 진출 성공, 본격 성장의 시작 유안타증권 손현정 I 2024-09-24 N/R 스마트팜 국가대표: 스마트팜 영업가치가 레벨업 하는 원년 LS증권 조은애 I 2024-07-03 N/R 해외 수주로 연간 매출 2배 예상 상상인증권 이소중,권오휘 I 2024-05-20 N/R NDR후기: 호주 수주 임박 유안타증권 손현정 I 2024-05-16 N/R 회사소개 및 주요 사업현황 해당기업 IR팀 I 2024-05-13 N/R 해외 매출 확대가 만드는 턴어라운드 대신증권 이석영 I 2024-04-02 N/R 스마트팜 전문가 상상인증권 이소중,권오휘 I 2024-03-25 N/R 올해는 정책, 해외수주, 실적 모든 게 좋다 유안타증권 손현정 I 2024-03-13 N/R 이제는 식량 안보, 스마트팜이 필요하다 SK증권 나승두 I 2023-06-28 N/R K스마트팜의 성장 스토리 D"
186230::2024,186230,그린플러스,PRIMARY_INDEX_AVAILABLE,EQUITY_PRIMARY_INDEX_NONMAPPABLE,200,https://m.irgo.co.kr/IR-COMP/186230,2024-10-08,,"N/R 수확의 계절을 기다리며 키움증권 오현진,조재원 I 2024-10-08 N/R 수확의 계절을 기다리며 키움증권 오현진,조재원 I 2024-10-02 N/R 호주 진출 성공, 본격 성장의 시작 유안타증권 손현정 I 2024-09-24 N/R 스마트팜 국가대표: 스마트팜 영업가치가 레벨업 하는 원년 LS증권 조은애 I 2024-07-03 N/R 해외 수주로 연간 매출 2배 예상 상상인증권 이소중,권오휘 I 2024-05-20 N/R NDR후기: 호주 수주 임박 유안타증권 손현정 I 2024-05-16 N/R 회사소개 및 주요 사업현황 해당기업 IR팀 I 2024-05-13 N/R 해외 매출 확대가 만드는 턴어라운드 대신증권 이석영 I 2024-04-02 N/R 스마트팜 전문가 상상인증권 이소중,권오휘 I 2024-03-25 N/R 올해는 정책, 해외수주, 실적 모든 게 좋다 유안타증권 손현정 I 2024-03-13 N/R 이제는 식량 안보, 스마트팜이 필요하다 S"
186230::2024,186230,그린플러스,PRIMARY_INDEX_AVAILABLE,EQUITY_PRIMARY_INDEX_NONMAPPABLE,200,https://m.irgo.co.kr/IR-COMP/186230,2024-12-18,,"리포트 N/R 회사소개 및 주요 사업현황 해당기업 IR팀 I 2024-12-18 N/R 수확의 계절을 기다리며 키움증권 오현진,조재원 I 2024-10-08 N/R 수확의 계절을 기다리며 키움증권 오현진,조재원 I 2024-10-02 N/R 호주 진출 성공, 본격 성장의 시작 유안타증권 손현정"
186230::2024,186230,그린플러스,PRIMARY_INDEX_AVAILABLE,EQUITY_PRIMARY_INDEX_NONMAPPABLE,200,https://m.irgo.co.kr/IR-COMP/186230,2024-12-18,,"리포트 N/R 회사소개 및 주요 사업현황 해당기업 IR팀 I 2024-12-18 N/R 수확의 계절을 기다리며 키움증권 오현진,조재원 I 2024-10-08 N/R 수확의 계절을 기다리며 키움증권 오현진,조재원 I 2024-10-02 N/R 호주 진출 성공, 본격 성장의 시작 유안타증권 손현정 I 2024-09-24 N/R 스마트팜 국가대표: 스마트팜 영업가치가 레벨업"
186230::2024,186230,그린플러스,PRIMARY_INDEX_AVAILABLE,EQUITY_PRIMARY_INDEX_NONMAPPABLE,200,https://m.irgo.co.kr/IR-COMP/186230,2024-12-18,,"리포트 N/R 회사소개 및 주요 사업현황 해당기업 IR팀 I 2024-12-18 N/R 수확의 계절을 기다리며 키움증권 오현진,조재원 I 2024-10-08 N/R 수확의 계절을 기다리며 키움증권 오현진,조재원 I 2024-10-02 N/R 호주 진출 성공, 본격 성장의 시작 유안타증권 손현정 I 2024-09-24 N/R 스마트팜 국가대표: 스마트팜 영업가치가 레벨업 하는 원년 LS증권 조은애 I 2024-07-03 N/R 해외 수주로 연간"
186230::2024,186230,그린플러스,PRIMARY_INDEX_AVAILABLE,EQUITY_PRIMARY_INDEX_NONMAPPABLE,200,https://m.irgo.co.kr/IR-COMP/186230,2024-12-18,,"리포트 N/R 회사소개 및 주요 사업현황 해당기업 IR팀 I 2024-12-18 N/R 수확의 계절을 기다리며 키움증권 오현진,조재원 I 2024-10-08 N/R 수확의 계절을 기다리며 키움증권 오현진,조재원 I 2024-10-02 N/R 호주 진출 성공, 본격 성장의 시작 유안타증권 손현정 I 2024-09-24 N/R 스마트팜 국가대표: 스마트팜 영업가치가 레벨업 하는 원년 LS증권 조은애 I 2024-07-03 N/R 해외 수주로 연간 매출 2배 예상 상상인증권 이소중,권오휘 I 2024-05-20 N/R NDR후기:"
186230::2024,186230,그린플러스,PRIMARY_INDEX_AVAILABLE,EQUITY_PRIMARY_INDEX_NONMAPPABLE,200,https://m.irgo.co.kr/IR-COMP/186230,2024-12-18,,"리포트 N/R 회사소개 및 주요 사업현황 해당기업 IR팀 I 2024-12-18 N/R 수확의 계절을 기다리며 키움증권 오현진,조재원 I 2024-10-08 N/R 수확의 계절을 기다리며 키움증권 오현진,조재원 I 2024-10-02 N/R 호주 진출 성공, 본격 성장의 시작 유안타증권 손현정 I 2024-09-24 N/R 스마트팜 국가대표: 스마트팜 영업가치가 레벨업 하는 원년 LS증권 조은애 I 2024-07-03 N/R 해외 수주로 연간 매출 2배 예상 상상인증권 이소중,권오휘 I 2024-05-20 N/R NDR후기: 호주 수주 임박 유안타증권 손현정 I 2024-05-16 N/R 회사소개 및 주요 사업현황 해당기업 IR"
186230::2024,186230,그린플러스,PRIMARY_INDEX_AVAILABLE,EQUITY_PRIMARY_INDEX_NONMAPPABLE,200,https://m.irgo.co.kr/IR-COMP/186230,2024-12-18,,"리포트 N/R 회사소개 및 주요 사업현황 해당기업 IR팀 I 2024-12-18 N/R 수확의 계절을 기다리며 키움증권 오현진,조재원 I 2024-10-08 N/R 수확의 계절을 기다리며 키움증권 오현진,조재원 I 2024-10-02 N/R 호주 진출 성공, 본격 성장의 시작 유안타증권 손현정 I 2024-09-24 N/R 스마트팜 국가대표: 스마트팜 영업가치가 레벨업 하는 원년 LS증권 조은애 I 2024-07-03 N/R 해외 수주로 연간 매출 2배 예상 상상인증권 이소중,권오휘 I 2024-05-20 N/R NDR후기: 호주 수주 임박 유안타증권 손현정 I 2024-05-16 N/R 회사소개 및 주요 사업현황 해당기업 IR팀 I 2024-05-13 N/R 해외 매출 확대가 만드는 턴어라운드 대신증권 이석영 I"
186230::2024,186230,그린플러스,PRIMARY_INDEX_AVAILABLE,EQUITY_PRIMARY_INDEX_NONMAPPABLE,200,https://m.irgo.co.kr/IR-COMP/186230,2024-12-18,,"리포트 N/R 회사소개 및 주요 사업현황 해당기업 IR팀 I 2024-12-18 N/R 수확의 계절을 기다리며 키움증권 오현진,조재원 I 2024-10-08 N/R 수확의 계절을 기다리며 키움증권 오현진,조재원 I 2024-10-02 N/R 호주 진출 성공, 본격 성장의 시작 유안타증권 손현정 I 2024-09-24 N/R 스마트팜 국가대표: 스마트팜 영업가치가 레벨업 하는 원년 LS증권 조은애 I 2024-07-03 N/R 해외 수주로 연간 매출 2배 예상 상상인증권 이소중,권오휘 I 2024-05-20 N/R NDR후기: 호주 수주 임박 유안타증권 손현정 I 2024-05-16 N/R 회사소개 및 주요 사업현황 해당기업 IR팀 I 2024-05-13 N/R 해외 매출 확대가 만드는 턴어라운드 대신증권 이석영 I 2024-04-02 N/R 스마트팜 전문가 상상인증권 이소중,권오휘 I 202"
186230::2024,186230,그린플러스,PRIMARY_INDEX_AVAILABLE,EQUITY_PRIMARY_INDEX_NONMAPPABLE,200,https://m.irgo.co.kr/IR-COMP/186230,2024-12-18,,"리포트 N/R 회사소개 및 주요 사업현황 해당기업 IR팀 I 2024-12-18 N/R 수확의 계절을 기다리며 키움증권 오현진,조재원 I 2024-10-08 N/R 수확의 계절을 기다리며 키움증권 오현진,조재원 I 2024-10-02 N/R 호주 진출 성공, 본격 성장의 시작 유안타증권 손현정 I 2024-09-24 N/R 스마트팜 국가대표: 스마트팜 영업가치가 레벨업 하는 원년 LS증권 조은애 I 2024-07-03 N/R 해외 수주로 연간 매출 2배 예상 상상인증권 이소중,권오휘 I 2024-05-20 N/R NDR후기: 호주 수주 임박 유안타증권 손현정 I 2024-05-16 N/R 회사소개 및 주요 사업현황 해당기업 IR팀 I 2024-05-13 N/R 해외 매출 확대가 만드는 턴어라운드 대신증권 이석영 I 2024-04-02 N/R 스마트팜 전문가 상상인증권 이소중,권오휘 I 2024-03-25 N/R 올해는 정책, 해외수주, 실적 모든 게 좋다 유안타증"
189300::2024,189300,인텔리안테크,INDEX_ONLY,EQUITY_PRIMARY_NO_ACTION,200,https://m.irgo.co.kr/IR-COMP/189300,2024-11-15,,"4-11-15 N/R 변수는 많으나 방향은 그대로 NH투자증권 심의섭,황지현 I 2024-11-15 N/R 올해 안단테로 시작하나 내년 크레센도로 진입 iM증권 이상헌 I 2024-11-11 매수 게이트웨이 안테나의 약진 한화투자증권 배성조 I 2024-10-28 매수 느리게 회복 중 메리츠증권 정지수 I 2024-10-25 N/R 우주 산업 개화기, 절대 빼놓을 수 없는 기업 한국투자증권 장남현 I 2024-10-22 매수 메인벤더로 경쟁우위 확보 KB증권 한유건,성현동,전소희 I 2024-10-17 매수 원웹을 기다리며 신한투자증권 명지운 I 2024-10-16 N/R 고객사들의 투자 가속화 단계 진입 NH투자증권 심의섭,황지현 I 2024-09-24 N/R 금일 수주"
189300::2024,189300,인텔리안테크,INDEX_ONLY,EQUITY_PRIMARY_NO_ACTION,200,https://m.irgo.co.kr/IR-COMP/189300,2024-11-15,,"I 2025-03-10 N/R Starlink 대안으로 OneWeb 급부상 중 NH투자증권 심의섭,목진원 I 2025-03-07 매수 역성장한 24년, 순성장할 25년 유진투자증권 정의훈 I 2025-02-11 매수 서비스 지연에 따른 실적 부진 메리츠증권 정지수,박건영 I 2025-01-31 N/R 지상용 위성통신 안테나 성장을 이끌 듯 iM증권 이상헌,장호 I 2025-01-20 N/R 이제는 위성으로 인터넷 사용합니다 한양증권 이준석 I 2025-01-15 매수 25년 상저하고 전망, 점진적인 회복세 기대 키움증권 이한결 I 2025-01-07 매수 [3Q24 Review] 결국 해상용 안테나의 회복이 관건 한화투자증권 배성조 I 2024-11-15 N/R 변수는 많으나 방향은 그대로 NH투자증권 심의섭,황지현 I 2024-11-15 N/R 올해 안단테로 시작하나 내년 크레센도로 진입 iM증권 이상헌 I 2024-11-11 매수 게이트웨이 안테나의 약진 한화투"
189300::2024,189300,인텔리안테크,INDEX_ONLY,EQUITY_PRIMARY_NO_ACTION,200,https://m.irgo.co.kr/IR-COMP/189300,2024-11-15,,"권 정의훈 I 2025-02-11 매수 서비스 지연에 따른 실적 부진 메리츠증권 정지수,박건영 I 2025-01-31 N/R 지상용 위성통신 안테나 성장을 이끌 듯 iM증권 이상헌,장호 I 2025-01-20 N/R 이제는 위성으로 인터넷 사용합니다 한양증권 이준석 I 2025-01-15 매수 25년 상저하고 전망, 점진적인 회복세 기대 키움증권 이한결 I 2025-01-07 매수 [3Q24 Review] 결국 해상용 안테나의 회복이 관건 한화투자증권 배성조 I 2024-11-15 N/R 변수는 많으나 방향은 그대로 NH투자증권 심의섭,황지현 I 2024-11-15 N/R 올해 안단테로 시작하나 내년 크레센도로 진입 iM증권 이상헌 I 2024-11-11 매수 게이트웨이 안테나의 약진 한화투자증권 배성조 I 2024-10-28 매수 느리게 회복 중 메리츠증권 정지수 I 2024-10-25 N/R 우주 산업 개화기, 절대 빼놓을 수 없는 기업 한국투자증권 장남현 I"
189300::2024,189300,인텔리안테크,INDEX_ONLY,EQUITY_PRIMARY_NO_ACTION,200,https://m.irgo.co.kr/IR-COMP/189300,2024-11-15,,"수 [3Q24 Review] 결국 해상용 안테나의 회복이 관건 한화투자증권 배성조 I 2024-11-15 N/R 변수는 많으나 방향은 그대로 NH투자증권 심의섭,황지현 I 2024-11-15 N/R 올해 안단테로 시작하나 내년 크레센도로 진입 iM증권 이상헌 I 2024-11-11 매수 게이트웨이 안테나의 약진 한화투자증권 배성조 I 2024-10-28 매수 느리게 회복 중 메리츠증권 정지수 I 2024-10-25 N/R 우주 산업 개화기, 절대 빼놓을 수 없는 기업 한국투자증권 장남현 I 2024-10-22 매수 메인벤더로 경쟁우위 확보 KB증권 한유건,성현동,전소희 I 2024-10-17 매수 원웹을 기다리며 신한투자증권 명지운 I 2024-10-16 N/R 고객사들의 투자 가속화 단계 진입 NH투자증권 심의섭,황지현 I 2024-09-24 N/R 금일 수주"
189300::2024,189300,인텔리안테크,INDEX_ONLY,EQUITY_PRIMARY_NO_ACTION,200,https://m.irgo.co.kr/IR-COMP/189300,2024-11-15,,"인터넷 사용합니다 한양증권 이준석 I 2025-01-15 매수 25년 상저하고 전망, 점진적인 회복세 기대 키움증권 이한결 I 2025-01-07 매수 [3Q24 Review] 결국 해상용 안테나의 회복이 관건 한화투자증권 배성조 I 2024-11-15 N/R 변수는 많으나 방향은 그대로 NH투자증권 심의섭,황지현 I 2024-11-15 N/R 올해 안단테로 시작하나 내년 크레센도로 진입 iM증권 이상헌 I 2024-11-11 매수 게이트웨이 안테나의 약진 한화투자증권 배성조 I 2024-10-28 매수 느리게 회복 중 메리츠증권 정지수 I 2024-10-25 N/R 우주 산업 개화기, 절대 빼놓을 수 없는 기업 한국투자증권 장남현 I 2024-10-22 매수 메인벤더로 경쟁우위 확보 KB증권 한유건,성현동,전소희 I 2024-10-17 매수 원웹을 기다리며 신한투자증권 명지운 I 2024-10-16 N/R 고객사들의 투자 가속화 단계 진입 NH투자증권 심의섭,황지"
189300::2024,189300,인텔리안테크,INDEX_ONLY,EQUITY_PRIMARY_NO_ACTION,200,https://m.irgo.co.kr/IR-COMP/189300,2024-11-15,,"점진적인 회복세 기대 키움증권 이한결 I 2025-01-07 매수 [3Q24 Review] 결국 해상용 안테나의 회복이 관건 한화투자증권 배성조 I 2024-11-15 N/R 변수는 많으나 방향은 그대로 NH투자증권 심의섭,황지현 I 2024-11-15 N/R 올해 안단테로 시작하나 내년 크레센도로 진입 iM증권 이상헌 I 2024-11-11 매수 게이트웨이 안테나의 약진 한화투자증권 배성조 I 2024-10-28 매수 느리게 회복 중 메리츠증권 정지수 I 2024-10-25 N/R 우주 산업 개화기, 절대 빼놓을 수 없는 기업 한국투자증권 장남현 I 2024-10-22 매수 메인벤더로 경쟁우위 확보 KB증권 한유건,성현동,전소희 I 2024-10-17 매수 원웹을 기다리며 신한투자증권 명지운 I 2024-10-16 N/R 고객사들의 투자 가속화 단계 진입 NH투자증권 심의섭,황지현 I 2024-09-24 N/R 금일 수주"
189300::2024,189300,인텔리안테크,INDEX_ONLY,EQUITY_PRIMARY_NO_ACTION,200,https://m.irgo.co.kr/IR-COMP/189300,2024-11-15,,"증권 심의섭,목진원 I 2025-03-07 매수 역성장한 24년, 순성장할 25년 유진투자증권 정의훈 I 2025-02-11 매수 서비스 지연에 따른 실적 부진 메리츠증권 정지수,박건영 I 2025-01-31 N/R 지상용 위성통신 안테나 성장을 이끌 듯 iM증권 이상헌,장호 I 2025-01-20 N/R 이제는 위성으로 인터넷 사용합니다 한양증권 이준석 I 2025-01-15 매수 25년 상저하고 전망, 점진적인 회복세 기대 키움증권 이한결 I 2025-01-07 매수 [3Q24 Review] 결국 해상용 안테나의 회복이 관건 한화투자증권 배성조 I 2024-11-15 N/R 변수는 많으나 방향은 그대로 NH투자증권 심의섭,황지현 I 2024-11-15 N/R 올해 안단테로 시작하나 내년 크레센도로 진입 iM증권 이상헌 I 2024-11-11 매수 게이트웨이 안테나의 약진 한화투자증권 배성조 I 2024-10-28 매수 느리게 회복 중 메리츠증권 정지수 I 202"
189300::2024,189300,인텔리안테크,INDEX_ONLY,EQUITY_PRIMARY_NO_ACTION,200,https://m.irgo.co.kr/IR-COMP/189300,2024-11-15,,"츠증권 정지수,박건영 I 2025-01-31 N/R 지상용 위성통신 안테나 성장을 이끌 듯 iM증권 이상헌,장호 I 2025-01-20 N/R 이제는 위성으로 인터넷 사용합니다 한양증권 이준석 I 2025-01-15 매수 25년 상저하고 전망, 점진적인 회복세 기대 키움증권 이한결 I 2025-01-07 매수 [3Q24 Review] 결국 해상용 안테나의 회복이 관건 한화투자증권 배성조 I 2024-11-15 N/R 변수는 많으나 방향은 그대로 NH투자증권 심의섭,황지현 I 2024-11-15 N/R 올해 안단테로 시작하나 내년 크레센도로 진입 iM증권 이상헌 I 2024-11-11 매수 게이트웨이 안테나의 약진 한화투자증권 배성조 I 2024-10-28 매수 느리게 회복 중 메리츠증권 정지수 I 2024-10-25 N/R 우주 산업 개화기, 절대 빼놓을 수 없는 기업 한국투자증권 장남현 I 2024-10-22 매수 메인벤더로 경쟁우위 확보 KB증권 한유건,성현동,"
189300::2024,189300,인텔리안테크,INDEX_ONLY,EQUITY_PRIMARY_NO_ACTION,200,https://m.irgo.co.kr/IR-COMP/189300,2024-11-15,,"통신 안테나 성장을 이끌 듯 iM증권 이상헌,장호 I 2025-01-20 N/R 이제는 위성으로 인터넷 사용합니다 한양증권 이준석 I 2025-01-15 매수 25년 상저하고 전망, 점진적인 회복세 기대 키움증권 이한결 I 2025-01-07 매수 [3Q24 Review] 결국 해상용 안테나의 회복이 관건 한화투자증권 배성조 I 2024-11-15 N/R 변수는 많으나 방향은 그대로 NH투자증권 심의섭,황지현 I 2024-11-15 N/R 올해 안단테로 시작하나 내년 크레센도로 진입 iM증권 이상헌 I 2024-11-11 매수 게이트웨이 안테나의 약진 한화투자증권 배성조 I 2024-10-28 매수 느리게 회복 중 메리츠증권 정지수 I 2024-10-25 N/R 우주 산업 개화기, 절대 빼놓을 수 없는 기업 한국투자증권 장남현 I 2024-10-22 매수 메인벤더로 경쟁우위 확보 KB증권 한유건,성현동,전소희 I 2024-10-17 매수 원웹을 기다리며 신한투자증권"
200710::2024,200710,에이디테크놀로지,SECONDARY_SUMMARY_ONLY,SECONDARY_HUMAN_REPORT_NO_ACTION,200,https://m.irgo.co.kr/IR-COMP/200710,2024-05-22,,"/R NDR 후기: 실적으로 증명 한국투자증권 조수헌 I 2025-11-28 N/R 이제 좋은 일만 남았다 LS증권 정우성 I 2025-09-23 N/R NDR 후기: 지금 주목해야 하는 이유 한국투자증권 조수헌 I 2025-09-09 N/R 회사소개 및 주요 사업현황 해당기업 IR팀 I 2025-09-03 N/R 에이, 디SP 전환 좋잖아? 한국투자증권 조수헌 I 2025-02-06 N/R 국내 최대 규모 디자인 하우스 LS증권 정우성 I 2025-02-03 N/R 회사소개 및 주요 경영현황 해당기업 IR팀 I 2025-01-24 매수 일관된 방향성 신한투자증권 허성규 I 2024-05-22 매수 일관된 방향성 신한투자증권 허성규 I 2024-05-17 매수 동남풍이 부는 시점 신한투자증권 허성규,이병화 I 2024-04-23 N/R 도약을 위해 준비중 신영증권 박상욱 I 2024-04-09 N/R 꿈이 있는 내일 케이프투자증권 김인필 I 2020-05-07 N/"
200710::2024,200710,에이디테크놀로지,SECONDARY_SUMMARY_ONLY,SECONDARY_HUMAN_REPORT_NO_ACTION,200,https://m.irgo.co.kr/IR-COMP/200710,2024-05-22,,"23 N/R NDR 후기: 지금 주목해야 하는 이유 한국투자증권 조수헌 I 2025-09-09 N/R 회사소개 및 주요 사업현황 해당기업 IR팀 I 2025-09-03 N/R 에이, 디SP 전환 좋잖아? 한국투자증권 조수헌 I 2025-02-06 N/R 국내 최대 규모 디자인 하우스 LS증권 정우성 I 2025-02-03 N/R 회사소개 및 주요 경영현황 해당기업 IR팀 I 2025-01-24 매수 일관된 방향성 신한투자증권 허성규 I 2024-05-22 매수 일관된 방향성 신한투자증권 허성규 I 2024-05-17 매수 동남풍이 부는 시점 신한투자증권 허성규,이병화 I 2024-04-23 N/R 도약을 위해 준비중 신영증권 박상욱 I 2024-04-09 N/R 꿈이 있는 내일 케이프투자증권 김인필 I 2020-05-07 N/R 꿈이 있는 내일 케이프투자증권 김인필 I 2020-04-29 N/R 587억원 규모 주주배정 유상증자 코멘트 키움증권 한동희,이현영 I 2"
200710::2024,200710,에이디테크놀로지,SECONDARY_SUMMARY_ONLY,SECONDARY_HUMAN_REPORT_NO_ACTION,200,https://m.irgo.co.kr/IR-COMP/200710,2024-05-22,,"N/R 이제 좋은 일만 남았다 LS증권 정우성 I 2025-09-23 N/R NDR 후기: 지금 주목해야 하는 이유 한국투자증권 조수헌 I 2025-09-09 N/R 회사소개 및 주요 사업현황 해당기업 IR팀 I 2025-09-03 N/R 에이, 디SP 전환 좋잖아? 한국투자증권 조수헌 I 2025-02-06 N/R 국내 최대 규모 디자인 하우스 LS증권 정우성 I 2025-02-03 N/R 회사소개 및 주요 경영현황 해당기업 IR팀 I 2025-01-24 매수 일관된 방향성 신한투자증권 허성규 I 2024-05-22 매수 일관된 방향성 신한투자증권 허성규 I 2024-05-17 매수 동남풍이 부는 시점 신한투자증권 허성규,이병화 I 2024-04-23 N/R 도약을 위해 준비중 신영증권 박상욱 I 2024-04-09 N/R 꿈이 있는 내일 케이프투자증권 김인필 I 2020-05-07 N/R 꿈이 있는 내일 케이프투자증권 김인필 I 2020-04-29 N/R 58"
200710::2024,200710,에이디테크놀로지,SECONDARY_SUMMARY_ONLY,SECONDARY_HUMAN_REPORT_NO_ACTION,200,https://m.irgo.co.kr/IR-COMP/200710,2024-05-22,,"드의 시작 신한투자증권 허성규,최승환 I 2025-11-28 N/R NDR 후기: 실적으로 증명 한국투자증권 조수헌 I 2025-11-28 N/R 이제 좋은 일만 남았다 LS증권 정우성 I 2025-09-23 N/R NDR 후기: 지금 주목해야 하는 이유 한국투자증권 조수헌 I 2025-09-09 N/R 회사소개 및 주요 사업현황 해당기업 IR팀 I 2025-09-03 N/R 에이, 디SP 전환 좋잖아? 한국투자증권 조수헌 I 2025-02-06 N/R 국내 최대 규모 디자인 하우스 LS증권 정우성 I 2025-02-03 N/R 회사소개 및 주요 경영현황 해당기업 IR팀 I 2025-01-24 매수 일관된 방향성 신한투자증권 허성규 I 2024-05-22 매수 일관된 방향성 신한투자증권 허성규 I 2024-05-17 매수 동남풍이 부는 시점 신한투자증권 허성규,이병화 I 2024-04-23 N/R 도약을 위해 준비중 신영증권 박상욱 I 2024-04-09 N/R 꿈"
209640::2024,209640,와이제이링크,SECONDARY_SUMMARY_ONLY,SECONDARY_HUMAN_REPORT_NO_ACTION,200,https://m.irgo.co.kr/IR-COMP/209640,2024-12-23,,"리포트 N/R 로봇 밸류체인 진입 모멘텀 내재, 유의미한 실적 개선까지 리딩투자증권 한제윤 I 2026-04-27 N/R 4개 대륙 거점 확충, 폭스콘·테슬라가 찾는 SMT 장비사 하나증권 권태우,윤채리 I 2026-04-24 N/R NH Mid/Small Cap 탐방백과 NH투자증권 백준기 I 2025-10-13 N/R 주요 고객사 투자 회복 필요 KB증권 성현동,전소희 I 2025-03-25 N/R 회사소개 및 주요 사업현황 해당기업 IR팀 I 2024-12-23 N/R 2024년 어려운 대외환경, 2025년 투자 재개 기대 KB증권 권태우,성현동,전소희 I 2024-12-13 더보기"
212710::2024,212710,아이에스티이,INDEX_ONLY,EQUITY_IPO_PRIMARY_NONCANONICAL_NOT_STRICT,200,https://m.irgo.co.kr/IR-COMP/212710,,,
219130::2024,219130,타이거일렉,PRIMARY_INDEX_AVAILABLE,EQUITY_PRIMARY_NO_ACTION,200,https://m.irgo.co.kr/IR-COMP/219130,2024-09-27,,"I 2026-07-13 N/R 1Q로 확인된 방향성, 본게임은 2Q26부터 메리츠증권 양승수 I 2026-05-18 N/R 구조적 순풍 지속 메리츠증권 양승수 I 2026-04-22 N/R 장인정신으로 한 층씩 쌓아 올린 경쟁력 메리츠증권 양승수 I 2026-02-23 N/R 호랑이 기판이 솟아나요 미래에셋증권 박준서 I 2026-01-16 N/R 회사소개 및 주요 사업현황 해당기업 IR팀 I 2025-09-09 N/R ProbeCard PCB 생산 LS증권 정홍식 I 2024-09-27 N/R 프로브카드는 타이거일렉으로 통한다 키움증권 오현진 I 2024-05-08 N/R Probe Card는 타이거일렉으로 통한다 키움증권 오현진 I 2024-04-30 N/R 고속 성장을 위한 준비 끝 키움증권 오현진 I 2023-05-03 N/R 고속 성장을 위한 준비 끝 키움증권 오현진 I 2023-04-19 N/R 회로 집적도 세밀화에 따른 수혜주 토러스투자증권 전상용,이왕"
219130::2024,219130,타이거일렉,PRIMARY_INDEX_AVAILABLE,EQUITY_PRIMARY_NO_ACTION,200,https://m.irgo.co.kr/IR-COMP/219130,2024-09-27,,"검사 시장 선도 한국투자증권 김연준 I 2026-09-04 N/R 믿음에 보답하는 구간 메리츠증권 양승수 I 2026-08-18 N/R 체급이 달라진다 메리츠증권 양승수 I 2026-07-13 N/R 1Q로 확인된 방향성, 본게임은 2Q26부터 메리츠증권 양승수 I 2026-05-18 N/R 구조적 순풍 지속 메리츠증권 양승수 I 2026-04-22 N/R 장인정신으로 한 층씩 쌓아 올린 경쟁력 메리츠증권 양승수 I 2026-02-23 N/R 호랑이 기판이 솟아나요 미래에셋증권 박준서 I 2026-01-16 N/R 회사소개 및 주요 사업현황 해당기업 IR팀 I 2025-09-09 N/R ProbeCard PCB 생산 LS증권 정홍식 I 2024-09-27 N/R 프로브카드는 타이거일렉으로 통한다 키움증권 오현진 I 2024-05-08 N/R Probe Card는 타이거일렉으로 통한다 키움증권 오현진 I 2024-04-30 N/R 고속 성장을 위한 준비 끝 키움증권"
219130::2024,219130,타이거일렉,PRIMARY_INDEX_AVAILABLE,EQUITY_PRIMARY_NO_ACTION,200,https://m.irgo.co.kr/IR-COMP/219130,2024-09-27,,"구간 메리츠증권 양승수 I 2026-08-18 N/R 체급이 달라진다 메리츠증권 양승수 I 2026-07-13 N/R 1Q로 확인된 방향성, 본게임은 2Q26부터 메리츠증권 양승수 I 2026-05-18 N/R 구조적 순풍 지속 메리츠증권 양승수 I 2026-04-22 N/R 장인정신으로 한 층씩 쌓아 올린 경쟁력 메리츠증권 양승수 I 2026-02-23 N/R 호랑이 기판이 솟아나요 미래에셋증권 박준서 I 2026-01-16 N/R 회사소개 및 주요 사업현황 해당기업 IR팀 I 2025-09-09 N/R ProbeCard PCB 생산 LS증권 정홍식 I 2024-09-27 N/R 프로브카드는 타이거일렉으로 통한다 키움증권 오현진 I 2024-05-08 N/R Probe Card는 타이거일렉으로 통한다 키움증권 오현진 I 2024-04-30 N/R 고속 성장을 위한 준비 끝 키움증권 오현진 I 2023-05-03 N/R 고속 성장을 위한 준비 끝 키움증권 오현진"
222080::2024,222080,씨아이에스,SECONDARY_SUMMARY_ONLY,EQUITY_COMPLETED_INTEGRATION_EFFECT_NONCANONICAL,200,https://m.irgo.co.kr/IR-COMP/222080,2024-06-20,,"리포트 N/R 전고체 장비 + 소재 모멘텀 기대 키움증권 권준수 I 2025-03-18 N/R 난 꿈이 있어요 삼성증권 장정훈,서지현 I 2024-06-20 매수 24년 실적 상향 조정. 차세대 장비 선점 미래에셋증권 박준서 I 2024-06-11 N/R 난 꿈이 있어요 삼성증권 장정훈,서지현 I 2024-06-07 N/R 난 꿈이 있어요 삼성증권 장정훈,서지현 I 2"
222080::2024,222080,씨아이에스,SECONDARY_SUMMARY_ONLY,EQUITY_COMPLETED_INTEGRATION_EFFECT_NONCANONICAL,200,https://m.irgo.co.kr/IR-COMP/222080,2024-06-20,,"리포트 N/R 전고체 장비 + 소재 모멘텀 기대 키움증권 권준수 I 2025-03-18 N/R 난 꿈이 있어요 삼성증권 장정훈,서지현 I 2024-06-20 매수 24년 실적 상향 조정. 차세대 장비 선점 미래에셋증권 박준서 I 2024-06-11 N/R 난 꿈이 있어요 삼성증권 장정훈,서지현 I 2024-06-07 N/R 난 꿈이 있어요 삼성증권 장정훈,서지현 I 2024-06-05 매수 24년 실적 상향 조정. 차세대 장비 선점 미래에셋증권 박준서 I 2"
222080::2024,222080,씨아이에스,SECONDARY_SUMMARY_ONLY,EQUITY_COMPLETED_INTEGRATION_EFFECT_NONCANONICAL,200,https://m.irgo.co.kr/IR-COMP/222080,2024-06-20,,"리포트 N/R 전고체 장비 + 소재 모멘텀 기대 키움증권 권준수 I 2025-03-18 N/R 난 꿈이 있어요 삼성증권 장정훈,서지현 I 2024-06-20 매수 24년 실적 상향 조정. 차세대 장비 선점 미래에셋증권 박준서 I 2024-06-11 N/R 난 꿈이 있어요 삼성증권 장정훈,서지현 I 2024-06-07 N/R 난 꿈이 있어요 삼성증권 장정훈,서지현 I 2024-06-05 매수 24년 실적 상향 조정. 차세대 장비 선점 미래에셋증권 박준서 I 2024-03-05 N/R 2023년 연간 실적발표회 해당기업 IR팀 I"
222080::2024,222080,씨아이에스,SECONDARY_SUMMARY_ONLY,EQUITY_COMPLETED_INTEGRATION_EFFECT_NONCANONICAL,200,https://m.irgo.co.kr/IR-COMP/222080,2024-06-20,,"리포트 N/R 전고체 장비 + 소재 모멘텀 기대 키움증권 권준수 I 2025-03-18 N/R 난 꿈이 있어요 삼성증권 장정훈,서지현 I 2024-06-20 매수 24년 실적 상향 조정. 차세대 장비 선점 미래에셋증권 박준서 I 2024-06-11 N/R 난 꿈이 있어요 삼성증권 장정훈,서지현 I 2024-06-07 N/R 난 꿈이 있어요 삼성증권 장정훈,서지현 I 2024-06-05 매수 24년 실적 상향 조정. 차세대 장비 선점 미래에셋증권 박준서 I 2024-03-05 N/R 2023년 연간 실적발표회 해당기업 IR팀 I 2024-02-16 매수 든든한 수주 안고 미래 업황 대비 미래에셋증"
222080::2024,222080,씨아이에스,SECONDARY_SUMMARY_ONLY,EQUITY_COMPLETED_INTEGRATION_EFFECT_NONCANONICAL,200,https://m.irgo.co.kr/IR-COMP/222080,2024-06-20,,"리포트 N/R 전고체 장비 + 소재 모멘텀 기대 키움증권 권준수 I 2025-03-18 N/R 난 꿈이 있어요 삼성증권 장정훈,서지현 I 2024-06-20 매수 24년 실적 상향 조정. 차세대 장비 선점 미래에셋증권 박준서 I 2024-06-11 N/R 난 꿈이 있어요 삼성증권 장정훈,서지현 I 2024-06-07 N/R 난 꿈이 있어요 삼성증권 장정훈,서지현 I 2024-06-05 매수 24년 실적 상향 조정. 차세대 장비 선점 미래에셋증권 박준서 I 2024-03-05 N/R 2023년 연간 실적발표회 해당기업 IR팀 I 2024-02-16 매수 든든한 수주 안고 미래 업황 대비 미래에셋증권 박준서 I 2023-12-28 매수 큰 발걸음을 위한 준비 미래에셋증권 박준서 I 202"
222080::2024,222080,씨아이에스,SECONDARY_SUMMARY_ONLY,EQUITY_COMPLETED_INTEGRATION_EFFECT_NONCANONICAL,200,https://m.irgo.co.kr/IR-COMP/222080,2024-06-20,,"리포트 N/R 전고체 장비 + 소재 모멘텀 기대 키움증권 권준수 I 2025-03-18 N/R 난 꿈이 있어요 삼성증권 장정훈,서지현 I 2024-06-20 매수 24년 실적 상향 조정. 차세대 장비 선점 미래에셋증권 박준서 I 2024-06-11 N/R 난 꿈이 있어요 삼성증권 장정훈,서지현 I 2024-06-07 N/R 난 꿈이 있어요 삼성증권 장정훈,서지현 I 2024-06-05 매수 24년 실적 상향 조정. 차세대 장비 선점 미래에셋증권 박준서 I 2024-03-05 N/R 2023년 연간 실적발표회 해당기업 IR팀 I 2024-02-16 매수 든든한 수주 안고 미래 업황 대비 미래에셋증권 박준서 I 2023-12-28 매수 큰 발걸음을 위한 준비 미래에셋증권 박준서 I 2023-06-02 매수 도약을 위한 내실 다지기 미래에셋증권 박준서 I 202"
232140::2024,232140,와이씨,SECONDARY_SUMMARY_ONLY,EQUITY_SECONDARY_LATEST_NO_FROZEN_ACTION,200,https://m.irgo.co.kr/IR-COMP/232140,2024-12-12,,"-19 매수 1Q26 Review: 좋아지기 전 숨 고르기 단계 한국투자증권 남채민 I 2026-05-20 매수 HBM4에서 더 빛날 회사 한화투자증권 박준영,김나우 I 2026-05-15 매수 본 게임 시작 전 신한투자증권 송혜수,김형태 I 2026-04-23 매수 HBM이 밀고, DRAM이 당기고 한국투자증권 남채민 I 2026-04-02 매수 Next Phase 신한투자증권 송혜수,김형태 I 2026-02-25 매수 성장하는 HBM, 부진한 본업 현대차증권 박준영,윤동욱 I 2025-05-16 N/R 회사소개 및 주요 사업현황 해당기업 IR팀 I 2024-12-12 매수 HBM으로 인한 실적 성장 임박 현대차증권 박준영,윤동욱 I 2024-11-19 매수 4분기 HBM용 테스터 납품 시작 현대차증권 박준영,윤동욱 I 2024-10-18 N/R 회사소개 및 주요 사업현황 해당기업 IR팀 I 2024-09-23 매수 4분기 HBM용 테스터 납품 시작 현대차증권 박"
232140::2024,232140,와이씨,SECONDARY_SUMMARY_ONLY,EQUITY_SECONDARY_LATEST_NO_FROZEN_ACTION,200,https://m.irgo.co.kr/IR-COMP/232140,2024-12-12,,"2026-04-23 매수 HBM이 밀고, DRAM이 당기고 한국투자증권 남채민 I 2026-04-02 매수 Next Phase 신한투자증권 송혜수,김형태 I 2026-02-25 매수 성장하는 HBM, 부진한 본업 현대차증권 박준영,윤동욱 I 2025-05-16 N/R 회사소개 및 주요 사업현황 해당기업 IR팀 I 2024-12-12 매수 HBM으로 인한 실적 성장 임박 현대차증권 박준영,윤동욱 I 2024-11-19 매수 4분기 HBM용 테스터 납품 시작 현대차증권 박준영,윤동욱 I 2024-10-18 N/R 회사소개 및 주요 사업현황 해당기업 IR팀 I 2024-09-23 매수 4분기 HBM용 테스터 납품 시작 현대차증권 박준영 I 2024-08-16 매수 한국의 어드반테스트 현대차증권 박준영 I 2024-05-31 N/R 경쟁력을 수주로 입증 미래에셋증권 김영건 I 2022-06-07 N/R 와이 아이 캔 두 잇 KB증권 성현동 I 2021-02-05 N/R"
232140::2024,232140,와이씨,SECONDARY_SUMMARY_ONLY,EQUITY_SECONDARY_LATEST_NO_FROZEN_ACTION,200,https://m.irgo.co.kr/IR-COMP/232140,2024-12-12,,"2026-05-20 매수 HBM4에서 더 빛날 회사 한화투자증권 박준영,김나우 I 2026-05-15 매수 본 게임 시작 전 신한투자증권 송혜수,김형태 I 2026-04-23 매수 HBM이 밀고, DRAM이 당기고 한국투자증권 남채민 I 2026-04-02 매수 Next Phase 신한투자증권 송혜수,김형태 I 2026-02-25 매수 성장하는 HBM, 부진한 본업 현대차증권 박준영,윤동욱 I 2025-05-16 N/R 회사소개 및 주요 사업현황 해당기업 IR팀 I 2024-12-12 매수 HBM으로 인한 실적 성장 임박 현대차증권 박준영,윤동욱 I 2024-11-19 매수 4분기 HBM용 테스터 납품 시작 현대차증권 박준영,윤동욱 I 2024-10-18 N/R 회사소개 및 주요 사업현황 해당기업 IR팀 I 2024-09-23 매수 4분기 HBM용 테스터 납품 시작 현대차증권 박준영 I 2024-08-16 매수 한국의 어드반테스트 현대차증권 박준영 I 2024-05"
232140::2024,232140,와이씨,SECONDARY_SUMMARY_ONLY,EQUITY_SECONDARY_LATEST_NO_FROZEN_ACTION,200,https://m.irgo.co.kr/IR-COMP/232140,2024-12-12,,"나우 I 2026-05-15 매수 본 게임 시작 전 신한투자증권 송혜수,김형태 I 2026-04-23 매수 HBM이 밀고, DRAM이 당기고 한국투자증권 남채민 I 2026-04-02 매수 Next Phase 신한투자증권 송혜수,김형태 I 2026-02-25 매수 성장하는 HBM, 부진한 본업 현대차증권 박준영,윤동욱 I 2025-05-16 N/R 회사소개 및 주요 사업현황 해당기업 IR팀 I 2024-12-12 매수 HBM으로 인한 실적 성장 임박 현대차증권 박준영,윤동욱 I 2024-11-19 매수 4분기 HBM용 테스터 납품 시작 현대차증권 박준영,윤동욱 I 2024-10-18 N/R 회사소개 및 주요 사업현황 해당기업 IR팀 I 2024-09-23 매수 4분기 HBM용 테스터 납품 시작 현대차증권 박준영 I 2024-08-16 매수 한국의 어드반테스트 현대차증권 박준영 I 2024-05-31 N/R 경쟁력을 수주로 입증 미래에셋증권 김영건 I 2022-06-"
232140::2024,232140,와이씨,SECONDARY_SUMMARY_ONLY,EQUITY_SECONDARY_LATEST_NO_FROZEN_ACTION,200,https://m.irgo.co.kr/IR-COMP/232140,2024-12-12,,"민 I 2026-07-14 매수 시작은 2분기부터다 현대차증권 윤동욱 I 2026-06-19 매수 1Q26 Review: 좋아지기 전 숨 고르기 단계 한국투자증권 남채민 I 2026-05-20 매수 HBM4에서 더 빛날 회사 한화투자증권 박준영,김나우 I 2026-05-15 매수 본 게임 시작 전 신한투자증권 송혜수,김형태 I 2026-04-23 매수 HBM이 밀고, DRAM이 당기고 한국투자증권 남채민 I 2026-04-02 매수 Next Phase 신한투자증권 송혜수,김형태 I 2026-02-25 매수 성장하는 HBM, 부진한 본업 현대차증권 박준영,윤동욱 I 2025-05-16 N/R 회사소개 및 주요 사업현황 해당기업 IR팀 I 2024-12-12 매수 HBM으로 인한 실적 성장 임박 현대차증권 박준영,윤동욱 I 2024-11-19 매수 4분기 HBM용 테스터 납품 시작 현대차증권 박준영,윤동욱 I 2024-10-18 N/R 회사소개 및 주요 사업현황 해당기"
232140::2024,232140,와이씨,SECONDARY_SUMMARY_ONLY,EQUITY_SECONDARY_LATEST_NO_FROZEN_ACTION,200,https://m.irgo.co.kr/IR-COMP/232140,2024-12-12,,"자증권 남채민 I 2026-04-02 매수 Next Phase 신한투자증권 송혜수,김형태 I 2026-02-25 매수 성장하는 HBM, 부진한 본업 현대차증권 박준영,윤동욱 I 2025-05-16 N/R 회사소개 및 주요 사업현황 해당기업 IR팀 I 2024-12-12 매수 HBM으로 인한 실적 성장 임박 현대차증권 박준영,윤동욱 I 2024-11-19 매수 4분기 HBM용 테스터 납품 시작 현대차증권 박준영,윤동욱 I 2024-10-18 N/R 회사소개 및 주요 사업현황 해당기업 IR팀 I 2024-09-23 매수 4분기 HBM용 테스터 납품 시작 현대차증권 박준영 I 2024-08-16 매수 한국의 어드반테스트 현대차증권 박준영 I 2024-05-31 N/R 경쟁력을 수주로 입증 미래에셋증권 김영건 I 2022-06-07 N/R 와이 아이 캔 두 잇 KB증권 성현동 I 2021-02-05 N/R Why를 물으신다면 K-반도체라 답하겠습니다 KB증권 성현동,윤창배"
236200::2024,236200,슈프리마,SECONDARY_SUMMARY_ONLY,EQUITY_SECONDARY_LATEST_NO_FROZEN_ACTION,200,https://m.irgo.co.kr/IR-COMP/236200,2024-05-03,,"후기 - World Class 맞습니다 신한투자증권 최승환,이병화 I 2024-05-03 N/R 회사소개 및 주요 사업현황 해당기업 IR팀 I 2024-04-24 N/R 얼굴 까먹지 말자 (feat. 저평가) 신한투자증권 최승환,이병화 I 2024-04-03 N/R 회사소개 및 주요 사업현황 해당기업 IR팀 I 2024-02-20 N/R Supreme Stock NH투자증권 백준기 I 2024-02-14 N/R 높아지는 이익 체력 속 밸류업 요인 주목 키움증권 오현진 I 2024-02-13 N/R 온디바이스 AI 시대 가파른 성장 전망 하나증권 김규상 I 2024-01-22 N/R 좋은 기업이 좋은 주식이 될 때 NH투자증권 백준기 I 2024-01-09 N/R 2024년 변화 #B2C #주력제품 변화 유안타증권 권명준 I 2023-11-14 N/R 글로벌 경기 회복 후 성장세 기대 상상인증권 이준호 I 2023-11-06 N/R 24년을 위한 도움닫기 끝 키움증권"
236200::2024,236200,슈프리마,SECONDARY_SUMMARY_ONLY,EQUITY_SECONDARY_LATEST_NO_FROZEN_ACTION,200,https://m.irgo.co.kr/IR-COMP/236200,2024-07-03,,"N/R 2분기 퀄컴 효과 본격화 키움증권 오현진 I 2024-07-03 매수 NDR후기 - World Class 맞습니다 신한투자증권 최승환,이병화 I 2024-05-03 N/R 회사소개 및 주요 사업현황 해당기업 IR팀 I 2024-04-24 N/R 얼굴 까먹지 말자 (feat. 저평가) 신한투자증권 최승환,이병화 I 2024-04-03 N/R 회사소개 및 주요 사업현황 해당기업 IR팀 I 2024-02-20 N/R Supreme Stock NH투자증권 백준기 I 2024-02-14 N/R 높아지는 이익 체력 속 밸류업 요인 주목 키움증권 오현진 I 2024-02-13 N/R 온디바이스 AI 시대 가파른 성장 전망 하나증권 김규상 I 2024-01-22 N/R 좋은 기업이 좋은 주식이 될 때 NH투자증권 백준기 I 2024-01-09 N/R 2024년 변화 #B2C #주력제품 변화 유안타증권 권명준 I 2023-11-14 N/R 글로벌 경기 회복 후 성장세 기대"
236200::2024,236200,슈프리마,SECONDARY_SUMMARY_ONLY,EQUITY_SECONDARY_LATEST_NO_FROZEN_ACTION,200,https://m.irgo.co.kr/IR-COMP/236200,2024-07-17,,"/R 기대되는 2분기 실적, 기다리는 이벤트 유안타증권 권명준 I 2024-07-17 N/R 2분기 퀄컴 효과 본격화 키움증권 오현진 I 2024-07-03 매수 NDR후기 - World Class 맞습니다 신한투자증권 최승환,이병화 I 2024-05-03 N/R 회사소개 및 주요 사업현황 해당기업 IR팀 I 2024-04-24 N/R 얼굴 까먹지 말자 (feat. 저평가) 신한투자증권 최승환,이병화 I 2024-04-03 N/R 회사소개 및 주요 사업현황 해당기업 IR팀 I 2024-02-20 N/R Supreme Stock NH투자증권 백준기 I 2024-02-14 N/R 높아지는 이익 체력 속 밸류업 요인 주목 키움증권 오현진 I 2024-02-13 N/R 온디바이스 AI 시대 가파른 성장 전망 하나증권 김규상 I 2024-01-22 N/R 좋은 기업이 좋은 주식이 될 때 NH투자증권 백준기 I 2024-01-09 N/R 2024년 변화 #B2C #주력제품 변"
236200::2024,236200,슈프리마,SECONDARY_SUMMARY_ONLY,EQUITY_SECONDARY_LATEST_NO_FROZEN_ACTION,200,https://m.irgo.co.kr/IR-COMP/236200,2024-07-22,,"Preview: 서프라이즈 포텐셜 신한투자증권 최승환,이병화 I 2024-07-22 N/R 기대되는 2분기 실적, 기다리는 이벤트 유안타증권 권명준 I 2024-07-17 N/R 2분기 퀄컴 효과 본격화 키움증권 오현진 I 2024-07-03 매수 NDR후기 - World Class 맞습니다 신한투자증권 최승환,이병화 I 2024-05-03 N/R 회사소개 및 주요 사업현황 해당기업 IR팀 I 2024-04-24 N/R 얼굴 까먹지 말자 (feat. 저평가) 신한투자증권 최승환,이병화 I 2024-04-03 N/R 회사소개 및 주요 사업현황 해당기업 IR팀 I 2024-02-20 N/R Supreme Stock NH투자증권 백준기 I 2024-02-14 N/R 높아지는 이익 체력 속 밸류업 요인 주목 키움증권 오현진 I 2024-02-13 N/R 온디바이스 AI 시대 가파른 성장 전망 하나증권 김규상 I 2024-01-22 N/R 좋은 기업이 좋은 주식이 될 때"
236200::2024,236200,슈프리마,SECONDARY_SUMMARY_ONLY,EQUITY_SECONDARY_LATEST_NO_FROZEN_ACTION,200,https://m.irgo.co.kr/IR-COMP/236200,2024-08-02,,"기도 성장 지속 전망 유안타증권 권명준 I 2024-08-02 매수 2Q24 Preview: 서프라이즈 포텐셜 신한투자증권 최승환,이병화 I 2024-07-22 N/R 기대되는 2분기 실적, 기다리는 이벤트 유안타증권 권명준 I 2024-07-17 N/R 2분기 퀄컴 효과 본격화 키움증권 오현진 I 2024-07-03 매수 NDR후기 - World Class 맞습니다 신한투자증권 최승환,이병화 I 2024-05-03 N/R 회사소개 및 주요 사업현황 해당기업 IR팀 I 2024-04-24 N/R 얼굴 까먹지 말자 (feat. 저평가) 신한투자증권 최승환,이병화 I 2024-04-03 N/R 회사소개 및 주요 사업현황 해당기업 IR팀 I 2024-02-20 N/R Supreme Stock NH투자증권 백준기 I 2024-02-14 N/R 높아지는 이익 체력 속 밸류업 요인 주목 키움증권 오현진 I 2024-02-13 N/R 온디바이스 AI 시대 가파른 성장 전망 하나"
236200::2024,236200,슈프리마,SECONDARY_SUMMARY_ONLY,EQUITY_SECONDARY_LATEST_NO_FROZEN_ACTION,200,https://m.irgo.co.kr/IR-COMP/236200,2024-08-06,,"소개 및 주요 사업현황 해당기업 IR팀 I 2024-08-06 N/R 하반기도 성장 지속 전망 유안타증권 권명준 I 2024-08-02 매수 2Q24 Preview: 서프라이즈 포텐셜 신한투자증권 최승환,이병화 I 2024-07-22 N/R 기대되는 2분기 실적, 기다리는 이벤트 유안타증권 권명준 I 2024-07-17 N/R 2분기 퀄컴 효과 본격화 키움증권 오현진 I 2024-07-03 매수 NDR후기 - World Class 맞습니다 신한투자증권 최승환,이병화 I 2024-05-03 N/R 회사소개 및 주요 사업현황 해당기업 IR팀 I 2024-04-24 N/R 얼굴 까먹지 말자 (feat. 저평가) 신한투자증권 최승환,이병화 I 2024-04-03 N/R 회사소개 및 주요 사업현황 해당기업 IR팀 I 2024-02-20 N/R Supreme Stock NH투자증권 백준기 I 2024-02-14 N/R 높아지는 이익 체력 속 밸류업 요인 주목 키움증권 오현진"
236200::2024,236200,슈프리마,SECONDARY_SUMMARY_ONLY,EQUITY_SECONDARY_LATEST_NO_FROZEN_ACTION,200,https://m.irgo.co.kr/IR-COMP/236200,2024-10-07,,"4-10-08 N/R 우호적 영업 환경 지속 상상인증권 권오휘 I 2024-10-07 N/R 회사소개 및 주요 사업현황 해당기업 IR팀 I 2024-08-06 N/R 하반기도 성장 지속 전망 유안타증권 권명준 I 2024-08-02 매수 2Q24 Preview: 서프라이즈 포텐셜 신한투자증권 최승환,이병화 I 2024-07-22 N/R 기대되는 2분기 실적, 기다리는 이벤트 유안타증권 권명준 I 2024-07-17 N/R 2분기 퀄컴 효과 본격화 키움증권 오현진 I 2024-07-03 매수 NDR후기 - World Class 맞습니다 신한투자증권 최승환,이병화 I 2024-05-03 N/R 회사소개 및 주요 사업현황 해당기업 IR팀 I 2024-04-24 N/R 얼굴 까먹지 말자 (feat. 저평가) 신한투자증권 최승환,이병화 I 2024-04-03 N/R 회사소개 및 주요 사업현황 해당기업 IR팀 I 2024-02-20 N/R Supreme Stock NH투자증권"
236200::2024,236200,슈프리마,SECONDARY_SUMMARY_ONLY,EQUITY_SECONDARY_LATEST_NO_FROZEN_ACTION,200,https://m.irgo.co.kr/IR-COMP/236200,2024-10-08,,"N/R [NDR 후기] 국내, 해외, 신제품 유안타증권 권명준 I 2024-10-08 N/R 우호적 영업 환경 지속 상상인증권 권오휘 I 2024-10-07 N/R 회사소개 및 주요 사업현황 해당기업 IR팀 I 2024-08-06 N/R 하반기도 성장 지속 전망 유안타증권 권명준 I 2024-08-02 매수 2Q24 Preview: 서프라이즈 포텐셜 신한투자증권 최승환,이병화 I 2024-07-22 N/R 기대되는 2분기 실적, 기다리는 이벤트 유안타증권 권명준 I 2024-07-17 N/R 2분기 퀄컴 효과 본격화 키움증권 오현진 I 2024-07-03 매수 NDR후기 - World Class 맞습니다 신한투자증권 최승환,이병화 I 2024-05-03 N/R 회사소개 및 주요 사업현황 해당기업 IR팀 I 2024-04-24 N/R 얼굴 까먹지 말자 (feat. 저평가) 신한투자증권 최승환,이병화 I 2024-04-03 N/R 회사소개 및 주요 사업현황 해당기업"
236200::2024,236200,슈프리마,SECONDARY_SUMMARY_ONLY,EQUITY_SECONDARY_LATEST_NO_FROZEN_ACTION,200,https://m.irgo.co.kr/IR-COMP/236200,2024-11-14,,"4-12-13 N/R 2025년 신제품 출시 효과 기대 유안타증권 권명준 I 2024-11-14 N/R AI 보안기업을 찾으시나요? 유안타증권 권명준 I 2024-10-22 N/R [NDR 후기] 국내, 해외, 신제품 유안타증권 권명준 I 2024-10-08 N/R 우호적 영업 환경 지속 상상인증권 권오휘 I 2024-10-07 N/R 회사소개 및 주요 사업현황 해당기업 IR팀 I 2024-08-06 N/R 하반기도 성장 지속 전망 유안타증권 권명준 I 2024-08-02 매수 2Q24 Preview: 서프라이즈 포텐셜 신한투자증권 최승환,이병화 I 2024-07-22 N/R 기대되는 2분기 실적, 기다리는 이벤트 유안타증권 권명준 I 2024-07-17 N/R 2분기 퀄컴 효과 본격화 키움증권 오현진 I 2024-07-03 매수 NDR후기 - World Class 맞습니다 신한투자증권 최승환,이병화 I 2024-05-03 N/R 회사소개 및 주요 사업현황 해당기업"
236200::2024,236200,슈프리마,SECONDARY_SUMMARY_ONLY,EQUITY_SECONDARY_LATEST_NO_FROZEN_ACTION,200,https://m.irgo.co.kr/IR-COMP/236200,2024-11-14,,"I 2024-11-14 N/R AI 보안기업을 찾으시나요? 유안타증권 권명준 I 2024-10-22 N/R [NDR 후기] 국내, 해외, 신제품 유안타증권 권명준 I 2024-10-08 N/R 우호적 영업 환경 지속 상상인증권 권오휘 I 2024-10-07 N/R 회사소개 및 주요 사업현황 해당기업 IR팀 I 2024-08-06 N/R 하반기도 성장 지속 전망 유안타증권 권명준 I 2024-08-02 매수 2Q24 Preview: 서프라이즈 포텐셜 신한투자증권 최승환,이병화 I 2024-07-22 N/R 기대되는 2분기 실적, 기다리는 이벤트 유안타증권 권명준 I 2024-07-17 N/R 2분기 퀄컴 효과 본격화 키움증권 오현진 I 2024-07-03 매수 NDR후기 - World Class 맞습니다 신한투자증권 최승환,이병화 I 2024-05-03 N/R 회사소개 및 주요 사업현황 해당기업 IR팀 I 2024-04-24 N/R 얼굴 까먹지 말자 (feat. 저"
236200::2024,236200,슈프리마,SECONDARY_SUMMARY_ONLY,EQUITY_SECONDARY_LATEST_NO_FROZEN_ACTION,200,https://m.irgo.co.kr/IR-COMP/236200,2024-12-13,,"26 N/R VMS 레퍼런스 확보 통합보안 업체로 도약 유진투자증권 허준서 I 2025-02-14 매수 4Q24 Preview: 변함없는 호실적 행진 신한투자증권 최승환,이병화 I 2025-01-21 N/R 두려울 것이 없는 실적 NH투자증권 백준기 I 2024-12-13 N/R 2025년 신제품 출시 효과 기대 유안타증권 권명준 I 2024-11-14 N/R AI 보안기업을 찾으시나요? 유안타증권 권명준 I 2024-10-22 N/R [NDR 후기] 국내, 해외, 신제품 유안타증권 권명준 I 2024-10-08 N/R 우호적 영업 환경 지속 상상인증권 권오휘 I 2024-10-07 N/R 회사소개 및 주요 사업현황 해당기업 IR팀 I 2024-08-06 N/R 하반기도 성장 지속 전망 유안타증권 권명준 I 2024-08-02 매수 2Q24 Preview: 서프라이즈 포텐셜 신한투자증권 최승환,이병화 I 2024-07-22 N/R 기대되는 2분기 실적, 기다리는 이"
236200::2024,236200,슈프리마,SECONDARY_SUMMARY_ONLY,EQUITY_SECONDARY_LATEST_NO_FROZEN_ACTION,200,https://m.irgo.co.kr/IR-COMP/236200,2024-12-13,,": 출입보안에서 통합보안으로 신한투자증권 최승환,이병화 I 2025-02-26 N/R VMS 레퍼런스 확보 통합보안 업체로 도약 유진투자증권 허준서 I 2025-02-14 매수 4Q24 Preview: 변함없는 호실적 행진 신한투자증권 최승환,이병화 I 2025-01-21 N/R 두려울 것이 없는 실적 NH투자증권 백준기 I 2024-12-13 N/R 2025년 신제품 출시 효과 기대 유안타증권 권명준 I 2024-11-14 N/R AI 보안기업을 찾으시나요? 유안타증권 권명준 I 2024-10-22 N/R [NDR 후기] 국내, 해외, 신제품 유안타증권 권명준 I 2024-10-08 N/R 우호적 영업 환경 지속 상상인증권 권오휘 I 2024-10-07 N/R 회사소개 및 주요 사업현황 해당기업 IR팀 I 2024-08-06 N/R 하반기도 성장 지속 전망 유안타증권 권명준 I 2024-08-02 매수 2Q24 Preview: 서프라이즈 포텐셜 신한투자증권 최승환"
236200::2024,236200,슈프리마,SECONDARY_SUMMARY_ONLY,EQUITY_SECONDARY_LATEST_NO_FROZEN_ACTION,200,https://m.irgo.co.kr/IR-COMP/236200,2024-12-13,,"I 2025-02-14 매수 4Q24 Preview: 변함없는 호실적 행진 신한투자증권 최승환,이병화 I 2025-01-21 N/R 두려울 것이 없는 실적 NH투자증권 백준기 I 2024-12-13 N/R 2025년 신제품 출시 효과 기대 유안타증권 권명준 I 2024-11-14 N/R AI 보안기업을 찾으시나요? 유안타증권 권명준 I 2024-10-22 N/R [NDR 후기] 국내, 해외, 신제품 유안타증권 권명준 I 2024-10-08 N/R 우호적 영업 환경 지속 상상인증권 권오휘 I 2024-10-07 N/R 회사소개 및 주요 사업현황 해당기업 IR팀 I 2024-08-06 N/R 하반기도 성장 지속 전망 유안타증권 권명준 I 2024-08-02 매수 2Q24 Preview: 서프라이즈 포텐셜 신한투자증권 최승환,이병화 I 2024-07-22 N/R 기대되는 2분기 실적, 기다리는 이벤트 유안타증권 권명준 I 2024-07-17 N/R 2분기 퀄컴 효과 본"
236200::2024,236200,슈프리마,SECONDARY_SUMMARY_ONLY,EQUITY_SECONDARY_LATEST_NO_FROZEN_ACTION,200,https://m.irgo.co.kr/IR-COMP/236200,2024-12-13,,"기업 IR팀 I 2025-03-05 N/R [다시봐] 사상 최대 실적! 유안타증권 권명준 I 2025-02-27 N/R 글로벌 + AI + 보안 + 데이터센터= 슈프리마 KB증권 김현겸 I 2025-02-27 매수 4Q24 Review: 출입보안에서 통합보안으로 신한투자증권 최승환,이병화 I 2025-02-26 N/R VMS 레퍼런스 확보 통합보안 업체로 도약 유진투자증권 허준서 I 2025-02-14 매수 4Q24 Preview: 변함없는 호실적 행진 신한투자증권 최승환,이병화 I 2025-01-21 N/R 두려울 것이 없는 실적 NH투자증권 백준기 I 2024-12-13 N/R 2025년 신제품 출시 효과 기대 유안타증권 권명준 I 2024-11-14 N/R AI 보안기업을 찾으시나요? 유안타증권 권명준 I 2024-10-22 N/R [NDR 후기] 국내, 해외, 신제품 유안타증권 권명준 I 2024-10-08 N/R 우호적 영업 환경 지속 상상인증권 권오휘 I"
236200::2024,236200,슈프리마,SECONDARY_SUMMARY_ONLY,EQUITY_SECONDARY_LATEST_NO_FROZEN_ACTION,200,https://m.irgo.co.kr/IR-COMP/236200,2024-12-13,,"병화 I 2025-01-21 N/R 두려울 것이 없는 실적 NH투자증권 백준기 I 2024-12-13 N/R 2025년 신제품 출시 효과 기대 유안타증권 권명준 I 2024-11-14 N/R AI 보안기업을 찾으시나요? 유안타증권 권명준 I 2024-10-22 N/R [NDR 후기] 국내, 해외, 신제품 유안타증권 권명준 I 2024-10-08 N/R 우호적 영업 환경 지속 상상인증권 권오휘 I 2024-10-07 N/R 회사소개 및 주요 사업현황 해당기업 IR팀 I 2024-08-06 N/R 하반기도 성장 지속 전망 유안타증권 권명준 I 2024-08-02 매수 2Q24 Preview: 서프라이즈 포텐셜 신한투자증권 최승환,이병화 I 2024-07-22 N/R 기대되는 2분기 실적, 기다리는 이벤트 유안타증권 권명준 I 2024-07-17 N/R 2분기 퀄컴 효과 본격화 키움증권 오현진 I 2024-07-03 매수 NDR후기 - World Class 맞습니다 신한"
236200::2024,236200,슈프리마,SECONDARY_SUMMARY_ONLY,EQUITY_SECONDARY_LATEST_NO_FROZEN_ACTION,200,https://m.irgo.co.kr/IR-COMP/236200,2024-12-13,,"주목 키움증권 오현진 I 2025-03-27 N/R 회사소개 및 주요 사업현황 해당기업 IR팀 I 2025-03-05 N/R [다시봐] 사상 최대 실적! 유안타증권 권명준 I 2025-02-27 N/R 글로벌 + AI + 보안 + 데이터센터= 슈프리마 KB증권 김현겸 I 2025-02-27 매수 4Q24 Review: 출입보안에서 통합보안으로 신한투자증권 최승환,이병화 I 2025-02-26 N/R VMS 레퍼런스 확보 통합보안 업체로 도약 유진투자증권 허준서 I 2025-02-14 매수 4Q24 Preview: 변함없는 호실적 행진 신한투자증권 최승환,이병화 I 2025-01-21 N/R 두려울 것이 없는 실적 NH투자증권 백준기 I 2024-12-13 N/R 2025년 신제품 출시 효과 기대 유안타증권 권명준 I 2024-11-14 N/R AI 보안기업을 찾으시나요? 유안타증권 권명준 I 2024-10-22 N/R [NDR 후기] 국내, 해외, 신제품 유안타증권"
236200::2024,236200,슈프리마,SECONDARY_SUMMARY_ONLY,EQUITY_SECONDARY_LATEST_NO_FROZEN_ACTION,200,https://m.irgo.co.kr/IR-COMP/236200,2024-12-13,,"증권 권명준 I 2025-02-27 N/R 글로벌 + AI + 보안 + 데이터센터= 슈프리마 KB증권 김현겸 I 2025-02-27 매수 4Q24 Review: 출입보안에서 통합보안으로 신한투자증권 최승환,이병화 I 2025-02-26 N/R VMS 레퍼런스 확보 통합보안 업체로 도약 유진투자증권 허준서 I 2025-02-14 매수 4Q24 Preview: 변함없는 호실적 행진 신한투자증권 최승환,이병화 I 2025-01-21 N/R 두려울 것이 없는 실적 NH투자증권 백준기 I 2024-12-13 N/R 2025년 신제품 출시 효과 기대 유안타증권 권명준 I 2024-11-14 N/R AI 보안기업을 찾으시나요? 유안타증권 권명준 I 2024-10-22 N/R [NDR 후기] 국내, 해외, 신제품 유안타증권 권명준 I 2024-10-08 N/R 우호적 영업 환경 지속 상상인증권 권오휘 I 2024-10-07 N/R 회사소개 및 주요 사업현황 해당기업 IR팀 I 2"
236200::2024,236200,슈프리마,SECONDARY_SUMMARY_ONLY,EQUITY_SECONDARY_LATEST_NO_FROZEN_ACTION,200,https://m.irgo.co.kr/IR-COMP/236200,2024-12-13,,"프리마 KB증권 김현겸 I 2025-02-27 매수 4Q24 Review: 출입보안에서 통합보안으로 신한투자증권 최승환,이병화 I 2025-02-26 N/R VMS 레퍼런스 확보 통합보안 업체로 도약 유진투자증권 허준서 I 2025-02-14 매수 4Q24 Preview: 변함없는 호실적 행진 신한투자증권 최승환,이병화 I 2025-01-21 N/R 두려울 것이 없는 실적 NH투자증권 백준기 I 2024-12-13 N/R 2025년 신제품 출시 효과 기대 유안타증권 권명준 I 2024-11-14 N/R AI 보안기업을 찾으시나요? 유안타증권 권명준 I 2024-10-22 N/R [NDR 후기] 국내, 해외, 신제품 유안타증권 권명준 I 2024-10-08 N/R 우호적 영업 환경 지속 상상인증권 권오휘 I 2024-10-07 N/R 회사소개 및 주요 사업현황 해당기업 IR팀 I 2024-08-06 N/R 하반기도 성장 지속 전망 유안타증권 권명준 I 2024-08-"
250030::2024,250030,진코스텍,PRIMARY_INDEX_AVAILABLE,PRIMARY_UNAVAILABLE_AFTER_PASS2,200,https://m.irgo.co.kr/IR-COMP/250030,2024-11-29,,"/R 하이드로겔 마스크팩 및 패치류 ODM/OEM 기업 유진투자증권 박종선 I 2026-09-17 N/R CAPA 병목에 걸린 하이드로겔 전문 ODM 민트투자자문 이영찬 I 2026-09-16 N/R 늘어나는 하이드로겔 수요, 증설로 넓히는 성장 여력 다인자산운용 김성환 I 2026-09-16 N/R IPO Report 파운데이션투자자문 우신욱 I 2026-09-15 N/R 회사소개 및 주요 경영현황 해당기업 IR팀 I 2026-07-03 N/R 회사소개 및 주요 경영현황 해당기업 IR팀 I 2025-11-06 N/R 회사소개 및 주요 경영현황 해당기업 IR팀 I 2025-06-27 N/R 회사소개 및 주요 사업현황 해당기업 IR팀 I 2024-11-29 더보기"
251970::2024,251970,펌텍코리아,PRIMARY_INDEX_AVAILABLE,EQUITY_PRIMARY_NONMAPPABLE,200,https://m.irgo.co.kr/IR-COMP/251970,2024-12-02,,"13 매수 4Q24 Review: K-뷰티 글로벌 모멘텀이 그대로 투영되다 메리츠증권 박종대 I 2025-02-13 N/R 분기 최대 실적 기록 하나증권 박은정,김다혜 I 2025-02-12 N/R 4Q24 Preview: 영업이익 컨센서스 부합 예상 유안타증권 이승은 I 2025-01-24 매수 해외로 가요 한화투자증권 한유정,이다연 I 2025-01-23 N/R 4Q24 Preview: 지금도 좋고, 앞으로도 좋다 한국투자증권 강시온,박정인 I 2025-01-23 N/R 4Q24 Preview: 컨센서스 상회 전망 하나증권 박은정,김다혜 I 2025-01-09 N/R Corporate Day 후기: 비수기 해소 유안타증권 이승은 I 2024-12-02 N/R 꾸준한 모범생 현대차증권 하희지 I 2024-11-29 N/R 3Q24 NDR 후기: 끊이지 않는 고객 러브콜 삼성증권 이가영 I 2024-11-27 매수 국내 화장품 용기 독보적 1위로 도약 중 메리츠증권"
251970::2024,251970,펌텍코리아,PRIMARY_INDEX_AVAILABLE,EQUITY_PRIMARY_NONMAPPABLE,200,https://m.irgo.co.kr/IR-COMP/251970,2024-12-02,,"다연 I 2025-01-23 N/R 4Q24 Preview: 지금도 좋고, 앞으로도 좋다 한국투자증권 강시온,박정인 I 2025-01-23 N/R 4Q24 Preview: 컨센서스 상회 전망 하나증권 박은정,김다혜 I 2025-01-09 N/R Corporate Day 후기: 비수기 해소 유안타증권 이승은 I 2024-12-02 N/R 꾸준한 모범생 현대차증권 하희지 I 2024-11-29 N/R 3Q24 NDR 후기: 끊이지 않는 고객 러브콜 삼성증권 이가영 I 2024-11-27 매수 국내 화장품 용기 독보적 1위로 도약 중 메리츠증권 박종대 I 2024-11-26 N/R [NDR 후기] 용기 중요도 상승 하나증권 박은정,김다혜 I 2024-11-26 더보기"
251970::2024,251970,펌텍코리아,PRIMARY_INDEX_AVAILABLE,EQUITY_PRIMARY_NONMAPPABLE,200,https://m.irgo.co.kr/IR-COMP/251970,2024-12-02,,"로 투영되다 메리츠증권 박종대 I 2025-02-13 N/R 분기 최대 실적 기록 하나증권 박은정,김다혜 I 2025-02-12 N/R 4Q24 Preview: 영업이익 컨센서스 부합 예상 유안타증권 이승은 I 2025-01-24 매수 해외로 가요 한화투자증권 한유정,이다연 I 2025-01-23 N/R 4Q24 Preview: 지금도 좋고, 앞으로도 좋다 한국투자증권 강시온,박정인 I 2025-01-23 N/R 4Q24 Preview: 컨센서스 상회 전망 하나증권 박은정,김다혜 I 2025-01-09 N/R Corporate Day 후기: 비수기 해소 유안타증권 이승은 I 2024-12-02 N/R 꾸준한 모범생 현대차증권 하희지 I 2024-11-29 N/R 3Q24 NDR 후기: 끊이지 않는 고객 러브콜 삼성증권 이가영 I 2024-11-27 매수 국내 화장품 용기 독보적 1위로 도약 중 메리츠증권 박종대 I 2024-11-26 N/R [NDR 후기] 용기 중"
251970::2024,251970,펌텍코리아,PRIMARY_INDEX_AVAILABLE,EQUITY_PRIMARY_NONMAPPABLE,200,https://m.irgo.co.kr/IR-COMP/251970,2024-12-02,,"예상 유안타증권 이승은 I 2025-01-24 매수 해외로 가요 한화투자증권 한유정,이다연 I 2025-01-23 N/R 4Q24 Preview: 지금도 좋고, 앞으로도 좋다 한국투자증권 강시온,박정인 I 2025-01-23 N/R 4Q24 Preview: 컨센서스 상회 전망 하나증권 박은정,김다혜 I 2025-01-09 N/R Corporate Day 후기: 비수기 해소 유안타증권 이승은 I 2024-12-02 N/R 꾸준한 모범생 현대차증권 하희지 I 2024-11-29 N/R 3Q24 NDR 후기: 끊이지 않는 고객 러브콜 삼성증권 이가영 I 2024-11-27 매수 국내 화장품 용기 독보적 1위로 도약 중 메리츠증권 박종대 I 2024-11-26 N/R [NDR 후기] 용기 중요도 상승 하나증권 박은정,김다혜 I 2024-11-26 더보기"
251970::2024,251970,펌텍코리아,PRIMARY_INDEX_AVAILABLE,EQUITY_PRIMARY_NONMAPPABLE,200,https://m.irgo.co.kr/IR-COMP/251970,2024-12-02,,"정,김다혜 I 2025-02-12 N/R 4Q24 Preview: 영업이익 컨센서스 부합 예상 유안타증권 이승은 I 2025-01-24 매수 해외로 가요 한화투자증권 한유정,이다연 I 2025-01-23 N/R 4Q24 Preview: 지금도 좋고, 앞으로도 좋다 한국투자증권 강시온,박정인 I 2025-01-23 N/R 4Q24 Preview: 컨센서스 상회 전망 하나증권 박은정,김다혜 I 2025-01-09 N/R Corporate Day 후기: 비수기 해소 유안타증권 이승은 I 2024-12-02 N/R 꾸준한 모범생 현대차증권 하희지 I 2024-11-29 N/R 3Q24 NDR 후기: 끊이지 않는 고객 러브콜 삼성증권 이가영 I 2024-11-27 매수 국내 화장품 용기 독보적 1위로 도약 중 메리츠증권 박종대 I 2024-11-26 N/R [NDR 후기] 용기 중요도 상승 하나증권 박은정,김다혜 I 2024-11-26 더보기"
259630::2024,259630,엠플러스,SECONDARY_SUMMARY_ONLY,EQUITY_PRIMARY_NO_ACTION,200,https://m.irgo.co.kr/IR-COMP/259630,2024-11-04,,"025-08-22 N/R 작지만 강한 장비주 삼성증권 장정훈,서지현 I 2025-08-19 N/R 실적 반등 초입 시그널 SK증권 박찬솔 I 2025-08-18 N/R 회사소개 및 주요 사업현황 해당기업 IR팀 I 2025-05-08 N/R 차별화된 성장 주목 키움증권 오현진 I 2025-01-08 N/R MANTOMEN INTERVIEW 상상인증권 이종원 I 2024-11-04 N/R 수주는 채웠고, 이젠 도약을 앞둬 SK증권 박찬솔 I 2024-10-14 N/R 탄탄한 수주 잔고, 새로운 성장 준비도 착실 SK증권 나승두 I 2024-07-17 N/R [MBTI Report - ESTJ] 더 플러스되는 기업밸류 상상인증권 이종원 I 2024-06-11 N/R 외형과 이익의 동반성장 부국증권 김성환 I 2023-09-25 N/R 성장 본격화 속 저평가 매력 부각 키움증권 오현진 I 2023-09-13 매수 실적 성장세 초입 구간 진입 신한투자증권 심원용,정용진 I"
259630::2024,259630,엠플러스,SECONDARY_SUMMARY_ONLY,EQUITY_PRIMARY_NO_ACTION,200,https://m.irgo.co.kr/IR-COMP/259630,2024-11-04,,"이어질 호실적 교보증권 최보영 I 2025-10-16 N/R 차별화된 실적. 각형 투자 수혜도 주목 키움증권 오현진 I 2025-09-03 N/R 회사소개 및 주요 사업현황 해당기업 IR팀 I 2025-08-22 N/R 차별화된 실적. 각형 투자 수혜도 주목 키움증권 오현진 I 2025-08-22 N/R 작지만 강한 장비주 삼성증권 장정훈,서지현 I 2025-08-19 N/R 실적 반등 초입 시그널 SK증권 박찬솔 I 2025-08-18 N/R 회사소개 및 주요 사업현황 해당기업 IR팀 I 2025-05-08 N/R 차별화된 성장 주목 키움증권 오현진 I 2025-01-08 N/R MANTOMEN INTERVIEW 상상인증권 이종원 I 2024-11-04 N/R 수주는 채웠고, 이젠 도약을 앞둬 SK증권 박찬솔 I 2024-10-14 N/R 탄탄한 수주 잔고, 새로운 성장 준비도 착실 SK증권 나승두 I 2024-07-17 N/R [MBTI Report - ESTJ"
259630::2024,259630,엠플러스,SECONDARY_SUMMARY_ONLY,EQUITY_PRIMARY_NO_ACTION,200,https://m.irgo.co.kr/IR-COMP/259630,2024-11-04,,"투자 수혜도 주목 키움증권 오현진 I 2025-09-03 N/R 회사소개 및 주요 사업현황 해당기업 IR팀 I 2025-08-22 N/R 차별화된 실적. 각형 투자 수혜도 주목 키움증권 오현진 I 2025-08-22 N/R 작지만 강한 장비주 삼성증권 장정훈,서지현 I 2025-08-19 N/R 실적 반등 초입 시그널 SK증권 박찬솔 I 2025-08-18 N/R 회사소개 및 주요 사업현황 해당기업 IR팀 I 2025-05-08 N/R 차별화된 성장 주목 키움증권 오현진 I 2025-01-08 N/R MANTOMEN INTERVIEW 상상인증권 이종원 I 2024-11-04 N/R 수주는 채웠고, 이젠 도약을 앞둬 SK증권 박찬솔 I 2024-10-14 N/R 탄탄한 수주 잔고, 새로운 성장 준비도 착실 SK증권 나승두 I 2024-07-17 N/R [MBTI Report - ESTJ] 더 플러스되는 기업밸류 상상인증권 이종원 I 2024-06-11 N/R 외형과"
259630::2024,259630,엠플러스,SECONDARY_SUMMARY_ONLY,EQUITY_PRIMARY_NO_ACTION,200,https://m.irgo.co.kr/IR-COMP/259630,2024-11-04,,"해당기업 IR팀 I 2025-08-22 N/R 차별화된 실적. 각형 투자 수혜도 주목 키움증권 오현진 I 2025-08-22 N/R 작지만 강한 장비주 삼성증권 장정훈,서지현 I 2025-08-19 N/R 실적 반등 초입 시그널 SK증권 박찬솔 I 2025-08-18 N/R 회사소개 및 주요 사업현황 해당기업 IR팀 I 2025-05-08 N/R 차별화된 성장 주목 키움증권 오현진 I 2025-01-08 N/R MANTOMEN INTERVIEW 상상인증권 이종원 I 2024-11-04 N/R 수주는 채웠고, 이젠 도약을 앞둬 SK증권 박찬솔 I 2024-10-14 N/R 탄탄한 수주 잔고, 새로운 성장 준비도 착실 SK증권 나승두 I 2024-07-17 N/R [MBTI Report - ESTJ] 더 플러스되는 기업밸류 상상인증권 이종원 I 2024-06-11 N/R 외형과 이익의 동반성장 부국증권 김성환 I 2023-09-25 N/R 성장 본격화 속 저평가 매력"
265520::2024,265520,에이피시스템,SECONDARY_SUMMARY_ONLY,SECONDARY_HUMAN_REPORT_NO_ACTION,200,https://m.irgo.co.kr/IR-COMP/265520,2024-11-20,,"25-09-30 N/R Company & Business Overview 해당기업 IR팀 I 2025-08-25 매수 변한 것은 없다. 점진적 입증 중 신한투자증권 남궁현,송혜수 I 2025-03-24 N/R OLED와 첨단 반도체 패키징 수혜를 동시에 NH투자증권 이규하 I 2024-11-20 매수 OLED 응용처 확대 본격화 대기 메리츠증권 김선우 I 2024-11-08 매수 목적지는 그대로 신한투자증권 남궁현,송혜수 I 2024-10-28 매수 2Q24 Review 신한투자증권 남궁현 I 2024-08-26 N/R [NDR후기] 레이저 기반 장비 명가 교보증권 최보영 I 2024-06-25 매수 달라진 시선 신한투자증권 남궁현 I 2024-06-10 매수 숨어 있던 반도체 수혜주 신한투자증권 남궁현 I 2024-05-08 매수 신규 모멘텀이 머지 않았다 메리츠증권 김선우 I 2023-11-08 매수 신규 디바이스에서 찾는 성장 기회 메리츠증권 김선우 I 202"
265520::2024,265520,에이피시스템,SECONDARY_SUMMARY_ONLY,SECONDARY_HUMAN_REPORT_NO_ACTION,200,https://m.irgo.co.kr/IR-COMP/265520,2024-11-20,,"5-11-18 매수 이익률 개선세 신한투자증권 남궁현 I 2025-09-30 N/R Company & Business Overview 해당기업 IR팀 I 2025-08-25 매수 변한 것은 없다. 점진적 입증 중 신한투자증권 남궁현,송혜수 I 2025-03-24 N/R OLED와 첨단 반도체 패키징 수혜를 동시에 NH투자증권 이규하 I 2024-11-20 매수 OLED 응용처 확대 본격화 대기 메리츠증권 김선우 I 2024-11-08 매수 목적지는 그대로 신한투자증권 남궁현,송혜수 I 2024-10-28 매수 2Q24 Review 신한투자증권 남궁현 I 2024-08-26 N/R [NDR후기] 레이저 기반 장비 명가 교보증권 최보영 I 2024-06-25 매수 달라진 시선 신한투자증권 남궁현 I 2024-06-10 매수 숨어 있던 반도체 수혜주 신한투자증권 남궁현 I 2024-05-08 매수 신규 모멘텀이 머지 않았다 메리츠증권 김선우 I 2023-11-08 매수"
265520::2024,265520,에이피시스템,SECONDARY_SUMMARY_ONLY,SECONDARY_HUMAN_REPORT_NO_ACTION,200,https://m.irgo.co.kr/IR-COMP/265520,2024-11-20,,"Business Overview 해당기업 IR팀 I 2026-03-11 N/R Company & Business Overview 해당기업 IR팀 I 2025-11-18 매수 이익률 개선세 신한투자증권 남궁현 I 2025-09-30 N/R Company & Business Overview 해당기업 IR팀 I 2025-08-25 매수 변한 것은 없다. 점진적 입증 중 신한투자증권 남궁현,송혜수 I 2025-03-24 N/R OLED와 첨단 반도체 패키징 수혜를 동시에 NH투자증권 이규하 I 2024-11-20 매수 OLED 응용처 확대 본격화 대기 메리츠증권 김선우 I 2024-11-08 매수 목적지는 그대로 신한투자증권 남궁현,송혜수 I 2024-10-28 매수 2Q24 Review 신한투자증권 남궁현 I 2024-08-26 N/R [NDR후기] 레이저 기반 장비 명가 교보증권 최보영 I 2024-06-25 매수 달라진 시선 신한투자증권 남궁현 I 2024-06-10"
265520::2024,265520,에이피시스템,SECONDARY_SUMMARY_ONLY,SECONDARY_HUMAN_REPORT_NO_ACTION,200,https://m.irgo.co.kr/IR-COMP/265520,2024-11-20,,"N/R Company & Business Overview 해당기업 IR팀 I 2025-11-18 매수 이익률 개선세 신한투자증권 남궁현 I 2025-09-30 N/R Company & Business Overview 해당기업 IR팀 I 2025-08-25 매수 변한 것은 없다. 점진적 입증 중 신한투자증권 남궁현,송혜수 I 2025-03-24 N/R OLED와 첨단 반도체 패키징 수혜를 동시에 NH투자증권 이규하 I 2024-11-20 매수 OLED 응용처 확대 본격화 대기 메리츠증권 김선우 I 2024-11-08 매수 목적지는 그대로 신한투자증권 남궁현,송혜수 I 2024-10-28 매수 2Q24 Review 신한투자증권 남궁현 I 2024-08-26 N/R [NDR후기] 레이저 기반 장비 명가 교보증권 최보영 I 2024-06-25 매수 달라진 시선 신한투자증권 남궁현 I 2024-06-10 매수 숨어 있던 반도체 수혜주 신한투자증권 남궁현 I 2024-05-"
265520::2024,265520,에이피시스템,SECONDARY_SUMMARY_ONLY,SECONDARY_HUMAN_REPORT_NO_ACTION,200,https://m.irgo.co.kr/IR-COMP/265520,2024-11-20,,"iew 해당기업 IR팀 I 2026-06-09 N/R Company & Business Overview 해당기업 IR팀 I 2026-03-11 N/R Company & Business Overview 해당기업 IR팀 I 2025-11-18 매수 이익률 개선세 신한투자증권 남궁현 I 2025-09-30 N/R Company & Business Overview 해당기업 IR팀 I 2025-08-25 매수 변한 것은 없다. 점진적 입증 중 신한투자증권 남궁현,송혜수 I 2025-03-24 N/R OLED와 첨단 반도체 패키징 수혜를 동시에 NH투자증권 이규하 I 2024-11-20 매수 OLED 응용처 확대 본격화 대기 메리츠증권 김선우 I 2024-11-08 매수 목적지는 그대로 신한투자증권 남궁현,송혜수 I 2024-10-28 매수 2Q24 Review 신한투자증권 남궁현 I 2024-08-26 N/R [NDR후기] 레이저 기반 장비 명가 교보증권 최보영 I 2024"
265520::2024,265520,에이피시스템,SECONDARY_SUMMARY_ONLY,SECONDARY_HUMAN_REPORT_NO_ACTION,200,https://m.irgo.co.kr/IR-COMP/265520,2024-11-20,,"서석준 I 2026-08-10 N/R Company & Business Overview 해당기업 IR팀 I 2026-06-09 N/R Company & Business Overview 해당기업 IR팀 I 2026-03-11 N/R Company & Business Overview 해당기업 IR팀 I 2025-11-18 매수 이익률 개선세 신한투자증권 남궁현 I 2025-09-30 N/R Company & Business Overview 해당기업 IR팀 I 2025-08-25 매수 변한 것은 없다. 점진적 입증 중 신한투자증권 남궁현,송혜수 I 2025-03-24 N/R OLED와 첨단 반도체 패키징 수혜를 동시에 NH투자증권 이규하 I 2024-11-20 매수 OLED 응용처 확대 본격화 대기 메리츠증권 김선우 I 2024-11-08 매수 목적지는 그대로 신한투자증권 남궁현,송혜수 I 2024-10-28 매수 2Q24 Review 신한투자증권 남궁현 I 2024-0"
265520::2024,265520,에이피시스템,SECONDARY_SUMMARY_ONLY,SECONDARY_HUMAN_REPORT_NO_ACTION,200,https://m.irgo.co.kr/IR-COMP/265520,2024-11-20,,"해당기업 IR팀 I 2025-08-25 매수 변한 것은 없다. 점진적 입증 중 신한투자증권 남궁현,송혜수 I 2025-03-24 N/R OLED와 첨단 반도체 패키징 수혜를 동시에 NH투자증권 이규하 I 2024-11-20 매수 OLED 응용처 확대 본격화 대기 메리츠증권 김선우 I 2024-11-08 매수 목적지는 그대로 신한투자증권 남궁현,송혜수 I 2024-10-28 매수 2Q24 Review 신한투자증권 남궁현 I 2024-08-26 N/R [NDR후기] 레이저 기반 장비 명가 교보증권 최보영 I 2024-06-25 매수 달라진 시선 신한투자증권 남궁현 I 2024-06-10 매수 숨어 있던 반도체 수혜주 신한투자증권 남궁현 I 2024-05-08 매수 신규 모멘텀이 머지 않았다 메리츠증권 김선우 I 2023-11-08 매수 신규 디바이스에서 찾는 성장 기회 메리츠증권 김선우 I 2023-05-30 매수 실적 대비 저평가. 결국은 수주 메리츠증권 김선우 I"
272110::2024,272110,케이엔제이,SECONDARY_SUMMARY_ONLY,EQUITY_LATEST_BUSINESS_EXIT_NONCANONICAL,200,https://m.irgo.co.kr/IR-COMP/272110,2024-09-25,,"-01-26 N/R 3Q25 Review: 너무 좋고, 너무 싸다 한국투자증권 조수헌 I 2025-11-14 N/R 3Q25 Preview: 안정적인 우상향 한국투자증권 조수헌 I 2025-10-29 N/R 탐방노트: 찾았다, 저평가된 낸드 수혜주 한국투자증권 조수헌 I 2025-09-25 N/R 완벽한 체질 개선 SK증권 이동주 I 2025-01-17 N/R 모두가 고대하던 선택과 집중 NH투자증권 손세훈 I 2024-09-25 N/R SiC 포커스링이 핵심 NH투자증권 손세훈 I 2024-08-16 N/R 걱정하지 말아요! NH투자증권 손세훈 I 2024-05-16 N/R 메모리 가동률이 올라간다면 케이엔제이 NH투자증권 손세훈 I 2024-04-19 N/R 정상화에 한 발짝 SK증권 이동주 I 2024-04-03 N/R 고개를 들어 반도체 부품에 포커스 하나증권 김성호 I 2024-03-06 N/R 2Q23 Review: 부품사업부의 고공행진 이베스트투자증권"
272110::2024,272110,케이엔제이,SECONDARY_SUMMARY_ONLY,EQUITY_LATEST_BUSINESS_EXIT_NONCANONICAL,200,https://m.irgo.co.kr/IR-COMP/272110,2024-09-25,,"-30 N/R 2026년 2분기 실적 해당기업 IR팀 I 2026-08-26 N/R 증설&증설 KB증권 성현동,정다원 I 2026-07-28 N/R 4Q25 Preview: 밴드 하단, 실적은 상단 한국투자증권 조수헌 I 2026-01-26 N/R 3Q25 Review: 너무 좋고, 너무 싸다 한국투자증권 조수헌 I 2025-11-14 N/R 3Q25 Preview: 안정적인 우상향 한국투자증권 조수헌 I 2025-10-29 N/R 탐방노트: 찾았다, 저평가된 낸드 수혜주 한국투자증권 조수헌 I 2025-09-25 N/R 완벽한 체질 개선 SK증권 이동주 I 2025-01-17 N/R 모두가 고대하던 선택과 집중 NH투자증권 손세훈 I 2024-09-25 N/R SiC 포커스링이 핵심 NH투자증권 손세훈 I 2024-08-16 N/R 걱정하지 말아요! NH투자증권 손세훈 I 2024-05-16 N/R 메모리 가동률이 올라간다면 케이엔제이 NH투자증권 손세훈 I 20"
272110::2024,272110,케이엔제이,SECONDARY_SUMMARY_ONLY,EQUITY_LATEST_BUSINESS_EXIT_NONCANONICAL,200,https://m.irgo.co.kr/IR-COMP/272110,2024-09-25,,"6 N/R 증설&증설 KB증권 성현동,정다원 I 2026-07-28 N/R 4Q25 Preview: 밴드 하단, 실적은 상단 한국투자증권 조수헌 I 2026-01-26 N/R 3Q25 Review: 너무 좋고, 너무 싸다 한국투자증권 조수헌 I 2025-11-14 N/R 3Q25 Preview: 안정적인 우상향 한국투자증권 조수헌 I 2025-10-29 N/R 탐방노트: 찾았다, 저평가된 낸드 수혜주 한국투자증권 조수헌 I 2025-09-25 N/R 완벽한 체질 개선 SK증권 이동주 I 2025-01-17 N/R 모두가 고대하던 선택과 집중 NH투자증권 손세훈 I 2024-09-25 N/R SiC 포커스링이 핵심 NH투자증권 손세훈 I 2024-08-16 N/R 걱정하지 말아요! NH투자증권 손세훈 I 2024-05-16 N/R 메모리 가동률이 올라간다면 케이엔제이 NH투자증권 손세훈 I 2024-04-19 N/R 정상화에 한 발짝 SK증권 이동주 I 2024-04"
272110::2024,272110,케이엔제이,SECONDARY_SUMMARY_ONLY,EQUITY_LATEST_BUSINESS_EXIT_NONCANONICAL,200,https://m.irgo.co.kr/IR-COMP/272110,2024-09-25,,"N/R 4Q25 Preview: 밴드 하단, 실적은 상단 한국투자증권 조수헌 I 2026-01-26 N/R 3Q25 Review: 너무 좋고, 너무 싸다 한국투자증권 조수헌 I 2025-11-14 N/R 3Q25 Preview: 안정적인 우상향 한국투자증권 조수헌 I 2025-10-29 N/R 탐방노트: 찾았다, 저평가된 낸드 수혜주 한국투자증권 조수헌 I 2025-09-25 N/R 완벽한 체질 개선 SK증권 이동주 I 2025-01-17 N/R 모두가 고대하던 선택과 집중 NH투자증권 손세훈 I 2024-09-25 N/R SiC 포커스링이 핵심 NH투자증권 손세훈 I 2024-08-16 N/R 걱정하지 말아요! NH투자증권 손세훈 I 2024-05-16 N/R 메모리 가동률이 올라간다면 케이엔제이 NH투자증권 손세훈 I 2024-04-19 N/R 정상화에 한 발짝 SK증권 이동주 I 2024-04-03 N/R 고개를 들어 반도체 부품에 포커스 하나증권 김성호 I"
272110::2024,272110,케이엔제이,SECONDARY_SUMMARY_ONLY,EQUITY_LATEST_BUSINESS_EXIT_NONCANONICAL,200,https://m.irgo.co.kr/IR-COMP/272110,2024-09-25,,"적인 우상향 한국투자증권 조수헌 I 2025-10-29 N/R 탐방노트: 찾았다, 저평가된 낸드 수혜주 한국투자증권 조수헌 I 2025-09-25 N/R 완벽한 체질 개선 SK증권 이동주 I 2025-01-17 N/R 모두가 고대하던 선택과 집중 NH투자증권 손세훈 I 2024-09-25 N/R SiC 포커스링이 핵심 NH투자증권 손세훈 I 2024-08-16 N/R 걱정하지 말아요! NH투자증권 손세훈 I 2024-05-16 N/R 메모리 가동률이 올라간다면 케이엔제이 NH투자증권 손세훈 I 2024-04-19 N/R 정상화에 한 발짝 SK증권 이동주 I 2024-04-03 N/R 고개를 들어 반도체 부품에 포커스 하나증권 김성호 I 2024-03-06 N/R 2Q23 Review: 부품사업부의 고공행진 이베스트투자증권 차용호,남대종 I 2023-08-16 N/R 믿고보는 케이엔제이 NH투자증권 손세훈,황지현 I 2023-08-14 N/R 또 한번의 도약을 위한"
272110::2024,272110,케이엔제이,SECONDARY_SUMMARY_ONLY,EQUITY_LATEST_BUSINESS_EXIT_NONCANONICAL,200,https://m.irgo.co.kr/IR-COMP/272110,2024-09-25,,"한국투자증권 조수헌 I 2025-11-14 N/R 3Q25 Preview: 안정적인 우상향 한국투자증권 조수헌 I 2025-10-29 N/R 탐방노트: 찾았다, 저평가된 낸드 수혜주 한국투자증권 조수헌 I 2025-09-25 N/R 완벽한 체질 개선 SK증권 이동주 I 2025-01-17 N/R 모두가 고대하던 선택과 집중 NH투자증권 손세훈 I 2024-09-25 N/R SiC 포커스링이 핵심 NH투자증권 손세훈 I 2024-08-16 N/R 걱정하지 말아요! NH투자증권 손세훈 I 2024-05-16 N/R 메모리 가동률이 올라간다면 케이엔제이 NH투자증권 손세훈 I 2024-04-19 N/R 정상화에 한 발짝 SK증권 이동주 I 2024-04-03 N/R 고개를 들어 반도체 부품에 포커스 하나증권 김성호 I 2024-03-06 N/R 2Q23 Review: 부품사업부의 고공행진 이베스트투자증권 차용호,남대종 I 2023-08-16 N/R 믿고보는 케이엔제이"
277810::2024,277810,레인보우로보틱스,PRIMARY_INDEX_AVAILABLE,PRIMARY_UNAVAILABLE_AFTER_PASS2,200,https://m.irgo.co.kr/IR-COMP/277810,2024-11-19,,"감은 여전, 속도가 문제일 뿐 유진투자증권 양승윤 I 2024-11-19 매수 휴머노이드 개발, 재점화 메리츠증권 이지호 I 2024-11-05 매수 핵심 부품 내재화, 조용히 쌓여가는 제품 레퍼런스 iM증권 변용진,이상수 I 2024-10-24 N/R 무인화 시대를 선도할 로봇 전문가 SK증권 박찬솔 I 2024-10-14 매수 변함없는 성장에 대한 기대감 유진투자증권 양승윤 I 2024-06-24 매수 아쉬운 실적이나, 견조한 프리미엄 iM증권 이상수 I 2024-06-04 N/R 우리나라 대표 휴머노이드 기업 신한투자증권 최승환,이병화 I 2024-04-03 매수 협동로봇부터 휴머노이드까지 만들수 있는 업체 하이투자증권 이상수 I 2024-03-14 N/R 24년 서빙로봇, 물류로봇 시장 진출 IBK투자증권 김태현 I 2023-11-21 매수 국가대표 로봇 기업 유진투자증권 양승윤 I 2023-09-25 매수 확고한 미래 성장에 대한 믿음 유진투자증권 양승윤"
277810::2024,277810,레인보우로보틱스,PRIMARY_INDEX_AVAILABLE,PRIMARY_UNAVAILABLE_AFTER_PASS2,200,https://m.irgo.co.kr/IR-COMP/277810,2024-12-03,,"-19 매수 삼성전자 핵심 파트너임은 분명 iM증권 이상수 I 2026-05-19 매수 분명한 휴머노이드 모멘텀 관련 수혜주 iM증권 이상수 I 2025-07-31 N/R 올라가는 휴머노이드 기업 몸값 신한투자증권 최승환,이병화 I 2025-06-18 N/R K-Humanoid, 제가 해보겠습니다 SK증권 박찬솔 I 2025-05-30 N/R 빨주노초파 남주지마 현대차증권 곽민정 I 2025-04-08 N/R 최대주주 변경 Comment 메리츠증권 이지호 I 2025-01-02 매수 협동로봇도 팔고, 휴머노이드도 만들어야 할 2025년 iM증권 이상수 I 2024-12-03 매수 기대감은 여전, 속도가 문제일 뿐 유진투자증권 양승윤 I 2024-11-19 매수 휴머노이드 개발, 재점화 메리츠증권 이지호 I 2024-11-05 매수 핵심 부품 내재화, 조용히 쌓여가는 제품 레퍼런스 iM증권 변용진,이상수 I 2024-10-24 N/R 무인화 시대를 선도할 로봇 전문가"
277810::2024,277810,레인보우로보틱스,PRIMARY_INDEX_AVAILABLE,PRIMARY_UNAVAILABLE_AFTER_PASS2,200,https://m.irgo.co.kr/IR-COMP/277810,2024-12-03,,"-30 N/R 빨주노초파 남주지마 현대차증권 곽민정 I 2025-04-08 N/R 최대주주 변경 Comment 메리츠증권 이지호 I 2025-01-02 매수 협동로봇도 팔고, 휴머노이드도 만들어야 할 2025년 iM증권 이상수 I 2024-12-03 매수 기대감은 여전, 속도가 문제일 뿐 유진투자증권 양승윤 I 2024-11-19 매수 휴머노이드 개발, 재점화 메리츠증권 이지호 I 2024-11-05 매수 핵심 부품 내재화, 조용히 쌓여가는 제품 레퍼런스 iM증권 변용진,이상수 I 2024-10-24 N/R 무인화 시대를 선도할 로봇 전문가 SK증권 박찬솔 I 2024-10-14 매수 변함없는 성장에 대한 기대감 유진투자증권 양승윤 I 2024-06-24 매수 아쉬운 실적이나, 견조한 프리미엄 iM증권 이상수 I 2024-06-04 N/R 우리나라 대표 휴머노이드 기업 신한투자증권 최승환,이병화 I 2024-04-03 매수 협동로봇부터 휴머노이드까지 만들수 있는 업"
277810::2024,277810,레인보우로보틱스,PRIMARY_INDEX_AVAILABLE,PRIMARY_UNAVAILABLE_AFTER_PASS2,200,https://m.irgo.co.kr/IR-COMP/277810,2024-12-03,,"/R K-Humanoid, 제가 해보겠습니다 SK증권 박찬솔 I 2025-05-30 N/R 빨주노초파 남주지마 현대차증권 곽민정 I 2025-04-08 N/R 최대주주 변경 Comment 메리츠증권 이지호 I 2025-01-02 매수 협동로봇도 팔고, 휴머노이드도 만들어야 할 2025년 iM증권 이상수 I 2024-12-03 매수 기대감은 여전, 속도가 문제일 뿐 유진투자증권 양승윤 I 2024-11-19 매수 휴머노이드 개발, 재점화 메리츠증권 이지호 I 2024-11-05 매수 핵심 부품 내재화, 조용히 쌓여가는 제품 레퍼런스 iM증권 변용진,이상수 I 2024-10-24 N/R 무인화 시대를 선도할 로봇 전문가 SK증권 박찬솔 I 2024-10-14 매수 변함없는 성장에 대한 기대감 유진투자증권 양승윤 I 2024-06-24 매수 아쉬운 실적이나, 견조한 프리미엄 iM증권 이상수 I 2024-06-04 N/R 우리나라 대표 휴머노이드 기업 신한투자증권 최승환,"
277810::2024,277810,레인보우로보틱스,PRIMARY_INDEX_AVAILABLE,PRIMARY_UNAVAILABLE_AFTER_PASS2,200,https://m.irgo.co.kr/IR-COMP/277810,2024-12-03,,"05-19 매수 분명한 휴머노이드 모멘텀 관련 수혜주 iM증권 이상수 I 2025-07-31 N/R 올라가는 휴머노이드 기업 몸값 신한투자증권 최승환,이병화 I 2025-06-18 N/R K-Humanoid, 제가 해보겠습니다 SK증권 박찬솔 I 2025-05-30 N/R 빨주노초파 남주지마 현대차증권 곽민정 I 2025-04-08 N/R 최대주주 변경 Comment 메리츠증권 이지호 I 2025-01-02 매수 협동로봇도 팔고, 휴머노이드도 만들어야 할 2025년 iM증권 이상수 I 2024-12-03 매수 기대감은 여전, 속도가 문제일 뿐 유진투자증권 양승윤 I 2024-11-19 매수 휴머노이드 개발, 재점화 메리츠증권 이지호 I 2024-11-05 매수 핵심 부품 내재화, 조용히 쌓여가는 제품 레퍼런스 iM증권 변용진,이상수 I 2024-10-24 N/R 무인화 시대를 선도할 로봇 전문가 SK증권 박찬솔 I 2024-10-14 매수 변함없는 성장에 대한 기대"
277810::2024,277810,레인보우로보틱스,PRIMARY_INDEX_AVAILABLE,PRIMARY_UNAVAILABLE_AFTER_PASS2,200,https://m.irgo.co.kr/IR-COMP/277810,2024-12-03,,"R 최대주주 변경 Comment 메리츠증권 이지호 I 2025-01-02 매수 협동로봇도 팔고, 휴머노이드도 만들어야 할 2025년 iM증권 이상수 I 2024-12-03 매수 기대감은 여전, 속도가 문제일 뿐 유진투자증권 양승윤 I 2024-11-19 매수 휴머노이드 개발, 재점화 메리츠증권 이지호 I 2024-11-05 매수 핵심 부품 내재화, 조용히 쌓여가는 제품 레퍼런스 iM증권 변용진,이상수 I 2024-10-24 N/R 무인화 시대를 선도할 로봇 전문가 SK증권 박찬솔 I 2024-10-14 매수 변함없는 성장에 대한 기대감 유진투자증권 양승윤 I 2024-06-24 매수 아쉬운 실적이나, 견조한 프리미엄 iM증권 이상수 I 2024-06-04 N/R 우리나라 대표 휴머노이드 기업 신한투자증권 최승환,이병화 I 2024-04-03 매수 협동로봇부터 휴머노이드까지 만들수 있는 업체 하이투자증권 이상수 I 2024-03-14 N/R 24년 서빙로봇, 물류로봇"
277810::2024,277810,레인보우로보틱스,PRIMARY_INDEX_AVAILABLE,PRIMARY_UNAVAILABLE_AFTER_PASS2,200,https://m.irgo.co.kr/IR-COMP/277810,2024-12-03,,"라가는 휴머노이드 기업 몸값 신한투자증권 최승환,이병화 I 2025-06-18 N/R K-Humanoid, 제가 해보겠습니다 SK증권 박찬솔 I 2025-05-30 N/R 빨주노초파 남주지마 현대차증권 곽민정 I 2025-04-08 N/R 최대주주 변경 Comment 메리츠증권 이지호 I 2025-01-02 매수 협동로봇도 팔고, 휴머노이드도 만들어야 할 2025년 iM증권 이상수 I 2024-12-03 매수 기대감은 여전, 속도가 문제일 뿐 유진투자증권 양승윤 I 2024-11-19 매수 휴머노이드 개발, 재점화 메리츠증권 이지호 I 2024-11-05 매수 핵심 부품 내재화, 조용히 쌓여가는 제품 레퍼런스 iM증권 변용진,이상수 I 2024-10-24 N/R 무인화 시대를 선도할 로봇 전문가 SK증권 박찬솔 I 2024-10-14 매수 변함없는 성장에 대한 기대감 유진투자증권 양승윤 I 2024-06-24 매수 아쉬운 실적이나, 견조한 프리미엄 iM증권 이상수"
277810::2024,277810,레인보우로보틱스,PRIMARY_INDEX_AVAILABLE,PRIMARY_UNAVAILABLE_AFTER_PASS2,200,https://m.irgo.co.kr/IR-COMP/277810,2024-12-03,,"리포트 매수 여전히 삼성전자 핵심 협력사 iM증권 이상수 I 2026-08-19 매수 삼성전자 핵심 파트너임은 분명 iM증권 이상수 I 2026-05-19 매수 분명한 휴머노이드 모멘텀 관련 수혜주 iM증권 이상수 I 2025-07-31 N/R 올라가는 휴머노이드 기업 몸값 신한투자증권 최승환,이병화 I 2025-06-18 N/R K-Humanoid, 제가 해보겠습니다 SK증권 박찬솔 I 2025-05-30 N/R 빨주노초파 남주지마 현대차증권 곽민정 I 2025-04-08 N/R 최대주주 변경 Comment 메리츠증권 이지호 I 2025-01-02 매수 협동로봇도 팔고, 휴머노이드도 만들어야 할 2025년 iM증권 이상수 I 2024-12-03 매수 기대감은 여전, 속도가 문제일 뿐 유진투자증권 양승윤 I 2024-11-19 매수 휴머노이드 개발, 재점화 메리츠증권 이지호 I 2024-11-05 매수 핵심 부품 내재화, 조용히 쌓여가는 제품 레퍼런스 iM"
277810::2024,277810,레인보우로보틱스,PRIMARY_INDEX_AVAILABLE,PRIMARY_UNAVAILABLE_AFTER_PASS2,200,https://m.irgo.co.kr/IR-COMP/277810,2024-12-03,,"팔고, 휴머노이드도 만들어야 할 2025년 iM증권 이상수 I 2024-12-03 매수 기대감은 여전, 속도가 문제일 뿐 유진투자증권 양승윤 I 2024-11-19 매수 휴머노이드 개발, 재점화 메리츠증권 이지호 I 2024-11-05 매수 핵심 부품 내재화, 조용히 쌓여가는 제품 레퍼런스 iM증권 변용진,이상수 I 2024-10-24 N/R 무인화 시대를 선도할 로봇 전문가 SK증권 박찬솔 I 2024-10-14 매수 변함없는 성장에 대한 기대감 유진투자증권 양승윤 I 2024-06-24 매수 아쉬운 실적이나, 견조한 프리미엄 iM증권 이상수 I 2024-06-04 N/R 우리나라 대표 휴머노이드 기업 신한투자증권 최승환,이병화 I 2024-04-03 매수 협동로봇부터 휴머노이드까지 만들수 있는 업체 하이투자증권 이상수 I 2024-03-14 N/R 24년 서빙로봇, 물류로봇 시장 진출 IBK투자증권 김태현 I 2023-11-21 매수 국가대표 로봇 기업 유진투"
281740::2024,281740,레이크머티리얼즈,PRIMARY_INDEX_AVAILABLE,PRIMARY_REPORT_NO_CANONICAL_ACTION,200,https://m.irgo.co.kr/IR-COMP/281740,2024-09-27,,"-02-20 N/R 회사소개 및 주요 경영현황 해당기업 IR팀 I 2025-02-18 매수 4분기 실적으로 증명될 고객사 확장 모멘텀 한화투자증권 김광진,최영주 I 2024-09-27 N/R 회사소개 및 주요 경영현황 해당기업 IR팀 I 2024-09-25 N/R 2Q24 Review: 선방했던 2분기 KB증권 한유건,성현동,전소희 I 2024-08-22 N/R 하반기 주요 사업부문 가동률 상승 전환 KB증권 한유건,성현동,전소희 I 2024-07-09 매수 기대 이상의 반도체 실적 개선, 그리고 황화리튬의 잠재력 주목 한화투자증권 김광진,최영주 I 2024-02-15 매수 본업과 신사업의 동반 성장 주목 한화투자증권 김광진,최영주 I 2024-01-02 N/R 태양광과 촉매 분야 성장 지속 하나증권 변운지,김록호 I 2023-08-09 N/R 다양한 응용처로 동종업체 대비 견조할 것 하나증권 변운지,김록호 I 2023-05-11 N/R 소재 설계와 제조 기술이란"
281740::2024,281740,레이크머티리얼즈,PRIMARY_INDEX_AVAILABLE,PRIMARY_REPORT_NO_CANONICAL_ACTION,200,https://m.irgo.co.kr/IR-COMP/281740,2024-09-27,,"경영현황 해당기업 IR팀 I 2025-05-23 N/R 1Q25 Preview: 계절적 비수기에도 전년 동기 대비 성장 예상 하나증권 한유건,서지혁 I 2025-04-28 N/R 전고체도 붙는다 키움증권 오현진 I 2025-03-18 N/R 탄탄한 성장 그림이 그려진다 하나증권 한유건,서지혁 I 2025-02-21 매수 NDR 후기 : 올해 반영될 성장 포인트 3가지 주목 한화투자증권 김광진 I 2025-02-20 N/R 회사소개 및 주요 경영현황 해당기업 IR팀 I 2025-02-18 매수 4분기 실적으로 증명될 고객사 확장 모멘텀 한화투자증권 김광진,최영주 I 2024-09-27 N/R 회사소개 및 주요 경영현황 해당기업 IR팀 I 2024-09-25 N/R 2Q24 Review: 선방했던 2분기 KB증권 한유건,성현동,전소희 I 2024-08-22 N/R 하반기 주요 사업부문 가동률 상승 전환 KB증권 한유건,성현동,전소희 I 2024-07-09 매수 기대 이"
281740::2024,281740,레이크머티리얼즈,PRIMARY_INDEX_AVAILABLE,PRIMARY_REPORT_NO_CANONICAL_ACTION,200,https://m.irgo.co.kr/IR-COMP/281740,2024-09-27,,"권 오현진 I 2025-03-18 N/R 탄탄한 성장 그림이 그려진다 하나증권 한유건,서지혁 I 2025-02-21 매수 NDR 후기 : 올해 반영될 성장 포인트 3가지 주목 한화투자증권 김광진 I 2025-02-20 N/R 회사소개 및 주요 경영현황 해당기업 IR팀 I 2025-02-18 매수 4분기 실적으로 증명될 고객사 확장 모멘텀 한화투자증권 김광진,최영주 I 2024-09-27 N/R 회사소개 및 주요 경영현황 해당기업 IR팀 I 2024-09-25 N/R 2Q24 Review: 선방했던 2분기 KB증권 한유건,성현동,전소희 I 2024-08-22 N/R 하반기 주요 사업부문 가동률 상승 전환 KB증권 한유건,성현동,전소희 I 2024-07-09 매수 기대 이상의 반도체 실적 개선, 그리고 황화리튬의 잠재력 주목 한화투자증권 김광진,최영주 I 2024-02-15 매수 본업과 신사업의 동반 성장 주목 한화투자증권 김광진,최영주 I 2024-01-02 N/R"
281740::2024,281740,레이크머티리얼즈,PRIMARY_INDEX_AVAILABLE,PRIMARY_REPORT_NO_CANONICAL_ACTION,200,https://m.irgo.co.kr/IR-COMP/281740,2024-09-27,,"년 동기 대비 성장 예상 하나증권 한유건,서지혁 I 2025-04-28 N/R 전고체도 붙는다 키움증권 오현진 I 2025-03-18 N/R 탄탄한 성장 그림이 그려진다 하나증권 한유건,서지혁 I 2025-02-21 매수 NDR 후기 : 올해 반영될 성장 포인트 3가지 주목 한화투자증권 김광진 I 2025-02-20 N/R 회사소개 및 주요 경영현황 해당기업 IR팀 I 2025-02-18 매수 4분기 실적으로 증명될 고객사 확장 모멘텀 한화투자증권 김광진,최영주 I 2024-09-27 N/R 회사소개 및 주요 경영현황 해당기업 IR팀 I 2024-09-25 N/R 2Q24 Review: 선방했던 2분기 KB증권 한유건,성현동,전소희 I 2024-08-22 N/R 하반기 주요 사업부문 가동률 상승 전환 KB증권 한유건,성현동,전소희 I 2024-07-09 매수 기대 이상의 반도체 실적 개선, 그리고 황화리튬의 잠재력 주목 한화투자증권 김광진,최영주 I 2024-02-"
281740::2024,281740,레이크머티리얼즈,PRIMARY_INDEX_AVAILABLE,PRIMARY_REPORT_NO_CANONICAL_ACTION,200,https://m.irgo.co.kr/IR-COMP/281740,2024-09-27,,"수 NDR 후기 : 올해 반영될 성장 포인트 3가지 주목 한화투자증권 김광진 I 2025-02-20 N/R 회사소개 및 주요 경영현황 해당기업 IR팀 I 2025-02-18 매수 4분기 실적으로 증명될 고객사 확장 모멘텀 한화투자증권 김광진,최영주 I 2024-09-27 N/R 회사소개 및 주요 경영현황 해당기업 IR팀 I 2024-09-25 N/R 2Q24 Review: 선방했던 2분기 KB증권 한유건,성현동,전소희 I 2024-08-22 N/R 하반기 주요 사업부문 가동률 상승 전환 KB증권 한유건,성현동,전소희 I 2024-07-09 매수 기대 이상의 반도체 실적 개선, 그리고 황화리튬의 잠재력 주목 한화투자증권 김광진,최영주 I 2024-02-15 매수 본업과 신사업의 동반 성장 주목 한화투자증권 김광진,최영주 I 2024-01-02 N/R 태양광과 촉매 분야 성장 지속 하나증권 변운지,김록호 I 2023-08-09 N/R 다양한 응용처로 동종업체 대비 견조"
281740::2024,281740,레이크머티리얼즈,PRIMARY_INDEX_AVAILABLE,PRIMARY_REPORT_NO_CANONICAL_ACTION,200,https://m.irgo.co.kr/IR-COMP/281740,2024-09-27,,"확장 상상인증권 유민기 I 2025-10-14 N/R 회사소개 및 주요 경영현황 해당기업 IR팀 I 2025-05-23 N/R 1Q25 Preview: 계절적 비수기에도 전년 동기 대비 성장 예상 하나증권 한유건,서지혁 I 2025-04-28 N/R 전고체도 붙는다 키움증권 오현진 I 2025-03-18 N/R 탄탄한 성장 그림이 그려진다 하나증권 한유건,서지혁 I 2025-02-21 매수 NDR 후기 : 올해 반영될 성장 포인트 3가지 주목 한화투자증권 김광진 I 2025-02-20 N/R 회사소개 및 주요 경영현황 해당기업 IR팀 I 2025-02-18 매수 4분기 실적으로 증명될 고객사 확장 모멘텀 한화투자증권 김광진,최영주 I 2024-09-27 N/R 회사소개 및 주요 경영현황 해당기업 IR팀 I 2024-09-25 N/R 2Q24 Review: 선방했던 2분기 KB증권 한유건,성현동,전소희 I 2024-08-22 N/R 하반기 주요 사업부문 가동률 상승"
281820::2024,281820,케이씨텍,PRIMARY_INDEX_AVAILABLE,EQUITY_PRIMARY_NO_CANONICAL_FINANCIAL_ACTION,200,https://m.irgo.co.kr/IR-COMP/281820,2024-11-26,,",김진형 I 2024-11-26 매수 실적 순항 중 DB금융투자 서승연 I 2024-10-08 N/R CMP 공정의 중요성이 부각되고 있다 신영증권 박상욱 I 2024-08-21 매수 BSPND 시장 개화에 따른 CMP 장비 수요 기대 현대차증권 곽민정 I 2024-07-01 매수 기술 방향성, 업종 모멘텀 부합 미래에셋증권 김영건 I 2024-05-31 매수 HBM 수혜 지속 키움증권 박유악 I 2024-05-29 매수 CMP 공정 스텝 수 증가에 따른 수혜 DS투자증권 이수림 I 2024-05-24 매수 24년 반도체 장비 위주 실적 개선 전망 DB금융투자 서승연 I 2024-05-23 매수 새로운 강자 현대차증권 곽민정,김유진 I 2024-02-27 매수 소재가 끌고 장비가 민다 미래에셋증권 김영건 I 2023-11-30 매수 소재와 장비의 이중주 키움증권 박유악,손인준 I 2023-11-29 매수 HBM까지 아우른다 DB증권 서승연 I 2023-11-15 매"
281820::2024,281820,케이씨텍,PRIMARY_INDEX_AVAILABLE,EQUITY_PRIMARY_NO_CANONICAL_FINANCIAL_ACTION,200,https://m.irgo.co.kr/IR-COMP/281820,2024-11-26,,"-29 매수 아쉬운 업황에도 4분기 기대감 유효 DS투자증권 이수림,김진형 I 2024-11-26 매수 실적 순항 중 DB금융투자 서승연 I 2024-10-08 N/R CMP 공정의 중요성이 부각되고 있다 신영증권 박상욱 I 2024-08-21 매수 BSPND 시장 개화에 따른 CMP 장비 수요 기대 현대차증권 곽민정 I 2024-07-01 매수 기술 방향성, 업종 모멘텀 부합 미래에셋증권 김영건 I 2024-05-31 매수 HBM 수혜 지속 키움증권 박유악 I 2024-05-29 매수 CMP 공정 스텝 수 증가에 따른 수혜 DS투자증권 이수림 I 2024-05-24 매수 24년 반도체 장비 위주 실적 개선 전망 DB금융투자 서승연 I 2024-05-23 매수 새로운 강자 현대차증권 곽민정,김유진 I 2024-02-27 매수 소재가 끌고 장비가 민다 미래에셋증권 김영건 I 2023-11-30 매수 소재와 장비의 이중주 키움증권 박유악,손인준 I 2023-11-29"
281820::2024,281820,케이씨텍,PRIMARY_INDEX_AVAILABLE,EQUITY_PRIMARY_NO_CANONICAL_FINANCIAL_ACTION,200,https://m.irgo.co.kr/IR-COMP/281820,2024-11-29,"{""CX"": [""보수적"", ""설비투자""]}","2025-05-29 매수 소재는 견조하나 장비가 부진 DS투자증권 이수림,김진형 I 2025-05-16 N/R 락바텀 측면에서 접근유효 대신증권 박장욱 I 2025-04-17 매수 보수적인 반도체 설비투자 영향 불가피 DB증권 서승연 I 2025-04-08 매수 뒤섞여 있는 단기 모멘텀 키움증권 박유악 I 2024-11-29 매수 아쉬운 업황에도 4분기 기대감 유효 DS투자증권 이수림,김진형 I 2024-11-26 매수 실적 순항 중 DB금융투자 서승연 I 2024-10-08 N/R CMP 공정의 중요성이 부각되고 있다 신영증권 박상욱 I 2024-08-21 매수 BSPND 시장 개화에 따른 CMP 장비 수요 기대 현대차증권 곽민정 I 2024-07-01 매수 기술 방향성, 업종 모멘텀 부합 미래에셋증권 김영건 I 2024-05-31 매수 HBM 수혜 지속 키움증권 박유악 I 2024-05-29 매수 CMP 공정 스텝 수 증가에 따른 수혜 DS투자증권 이수림 I 2"
281820::2024,281820,케이씨텍,PRIMARY_INDEX_AVAILABLE,EQUITY_PRIMARY_NO_CANONICAL_FINANCIAL_ACTION,200,https://m.irgo.co.kr/IR-COMP/281820,2024-11-29,"{""CX"": [""보수적"", ""설비투자""]}","I 2025-05-16 N/R 락바텀 측면에서 접근유효 대신증권 박장욱 I 2025-04-17 매수 보수적인 반도체 설비투자 영향 불가피 DB증권 서승연 I 2025-04-08 매수 뒤섞여 있는 단기 모멘텀 키움증권 박유악 I 2024-11-29 매수 아쉬운 업황에도 4분기 기대감 유효 DS투자증권 이수림,김진형 I 2024-11-26 매수 실적 순항 중 DB금융투자 서승연 I 2024-10-08 N/R CMP 공정의 중요성이 부각되고 있다 신영증권 박상욱 I 2024-08-21 매수 BSPND 시장 개화에 따른 CMP 장비 수요 기대 현대차증권 곽민정 I 2024-07-01 매수 기술 방향성, 업종 모멘텀 부합 미래에셋증권 김영건 I 2024-05-31 매수 HBM 수혜 지속 키움증권 박유악 I 2024-05-29 매수 CMP 공정 스텝 수 증가에 따른 수혜 DS투자증권 이수림 I 2024-05-24 매수 24년 반도체 장비 위주 실적 개선 전망 DB금융투자 서승"
281820::2024,281820,케이씨텍,PRIMARY_INDEX_AVAILABLE,EQUITY_PRIMARY_NO_CANONICAL_FINANCIAL_ACTION,200,https://m.irgo.co.kr/IR-COMP/281820,2024-11-29,"{""CX"": [""보수적"", ""설비투자""]}","I 2026-06-30 매수 2026년을 바라보며 DB증권 서승연 I 2025-12-09 매수 DRAM 투자 수혜 키움증권 박유악 I 2025-11-26 매수 빅서프 예상 DS투자증권 이수림,김진형 I 2025-11-11 매수 3분기 감익 전망 DB증권 서승연 I 2025-09-03 매수 반도체는 견조한 실적 예상 키움증권 박유악 I 2025-05-29 매수 소재는 견조하나 장비가 부진 DS투자증권 이수림,김진형 I 2025-05-16 N/R 락바텀 측면에서 접근유효 대신증권 박장욱 I 2025-04-17 매수 보수적인 반도체 설비투자 영향 불가피 DB증권 서승연 I 2025-04-08 매수 뒤섞여 있는 단기 모멘텀 키움증권 박유악 I 2024-11-29 매수 아쉬운 업황에도 4분기 기대감 유효 DS투자증권 이수림,김진형 I 2024-11-26 매수 실적 순항 중 DB금융투자 서승연 I 2024-10-08 N/R CMP 공정의 중요성이 부각되고 있다 신영증권 박상욱"
281820::2024,281820,케이씨텍,PRIMARY_INDEX_AVAILABLE,EQUITY_PRIMARY_NO_CANONICAL_FINANCIAL_ACTION,200,https://m.irgo.co.kr/IR-COMP/281820,2024-11-29,"{""CX"": [""보수적"", ""설비투자""]}","매수 빅서프 예상 DS투자증권 이수림,김진형 I 2025-11-11 매수 3분기 감익 전망 DB증권 서승연 I 2025-09-03 매수 반도체는 견조한 실적 예상 키움증권 박유악 I 2025-05-29 매수 소재는 견조하나 장비가 부진 DS투자증권 이수림,김진형 I 2025-05-16 N/R 락바텀 측면에서 접근유효 대신증권 박장욱 I 2025-04-17 매수 보수적인 반도체 설비투자 영향 불가피 DB증권 서승연 I 2025-04-08 매수 뒤섞여 있는 단기 모멘텀 키움증권 박유악 I 2024-11-29 매수 아쉬운 업황에도 4분기 기대감 유효 DS투자증권 이수림,김진형 I 2024-11-26 매수 실적 순항 중 DB금융투자 서승연 I 2024-10-08 N/R CMP 공정의 중요성이 부각되고 있다 신영증권 박상욱 I 2024-08-21 매수 BSPND 시장 개화에 따른 CMP 장비 수요 기대 현대차증권 곽민정 I 2024-07-01 매수 기술 방향성, 업종 모멘텀"
281820::2024,281820,케이씨텍,PRIMARY_INDEX_AVAILABLE,EQUITY_PRIMARY_NO_CANONICAL_FINANCIAL_ACTION,200,https://m.irgo.co.kr/IR-COMP/281820,2024-11-29,"{""CX"": [""보수적"", ""설비투자""]}","박장욱 I 2025-04-17 매수 보수적인 반도체 설비투자 영향 불가피 DB증권 서승연 I 2025-04-08 매수 뒤섞여 있는 단기 모멘텀 키움증권 박유악 I 2024-11-29 매수 아쉬운 업황에도 4분기 기대감 유효 DS투자증권 이수림,김진형 I 2024-11-26 매수 실적 순항 중 DB금융투자 서승연 I 2024-10-08 N/R CMP 공정의 중요성이 부각되고 있다 신영증권 박상욱 I 2024-08-21 매수 BSPND 시장 개화에 따른 CMP 장비 수요 기대 현대차증권 곽민정 I 2024-07-01 매수 기술 방향성, 업종 모멘텀 부합 미래에셋증권 김영건 I 2024-05-31 매수 HBM 수혜 지속 키움증권 박유악 I 2024-05-29 매수 CMP 공정 스텝 수 증가에 따른 수혜 DS투자증권 이수림 I 2024-05-24 매수 24년 반도체 장비 위주 실적 개선 전망 DB금융투자 서승연 I 2024-05-23 매수 새로운 강자 현대차증권 곽민정,"
281820::2024,281820,케이씨텍,PRIMARY_INDEX_AVAILABLE,EQUITY_PRIMARY_NO_CANONICAL_FINANCIAL_ACTION,200,https://m.irgo.co.kr/IR-COMP/281820,2024-11-29,"{""CX"": [""보수적"", ""설비투자""]}","수 DRAM 투자 수혜 키움증권 박유악 I 2025-11-26 매수 빅서프 예상 DS투자증권 이수림,김진형 I 2025-11-11 매수 3분기 감익 전망 DB증권 서승연 I 2025-09-03 매수 반도체는 견조한 실적 예상 키움증권 박유악 I 2025-05-29 매수 소재는 견조하나 장비가 부진 DS투자증권 이수림,김진형 I 2025-05-16 N/R 락바텀 측면에서 접근유효 대신증권 박장욱 I 2025-04-17 매수 보수적인 반도체 설비투자 영향 불가피 DB증권 서승연 I 2025-04-08 매수 뒤섞여 있는 단기 모멘텀 키움증권 박유악 I 2024-11-29 매수 아쉬운 업황에도 4분기 기대감 유효 DS투자증권 이수림,김진형 I 2024-11-26 매수 실적 순항 중 DB금융투자 서승연 I 2024-10-08 N/R CMP 공정의 중요성이 부각되고 있다 신영증권 박상욱 I 2024-08-21 매수 BSPND 시장 개화에 따른 CMP 장비 수요 기대 현대차증권"
281820::2024,281820,케이씨텍,PRIMARY_INDEX_AVAILABLE,EQUITY_PRIMARY_NO_CANONICAL_FINANCIAL_ACTION,200,https://m.irgo.co.kr/IR-COMP/281820,2024-11-29,,"연 I 2025-04-08 매수 뒤섞여 있는 단기 모멘텀 키움증권 박유악 I 2024-11-29 매수 아쉬운 업황에도 4분기 기대감 유효 DS투자증권 이수림,김진형 I 2024-11-26 매수 실적 순항 중 DB금융투자 서승연 I 2024-10-08 N/R CMP 공정의 중요성이 부각되고 있다 신영증권 박상욱 I 2024-08-21 매수 BSPND 시장 개화에 따른 CMP 장비 수요 기대 현대차증권 곽민정 I 2024-07-01 매수 기술 방향성, 업종 모멘텀 부합 미래에셋증권 김영건 I 2024-05-31 매수 HBM 수혜 지속 키움증권 박유악 I 2024-05-29 매수 CMP 공정 스텝 수 증가에 따른 수혜 DS투자증권 이수림 I 2024-05-24 매수 24년 반도체 장비 위주 실적 개선 전망 DB금융투자 서승연 I 2024-05-23 매수 새로운 강자 현대차증권 곽민정,김유진 I 2024-02-27 매수 소재가 끌고 장비가 민다 미래에셋증권 김영건 I 20"
281820::2024,281820,케이씨텍,PRIMARY_INDEX_AVAILABLE,EQUITY_PRIMARY_NO_CANONICAL_FINANCIAL_ACTION,200,https://m.irgo.co.kr/IR-COMP/281820,2024-11-29,"{""CX"": [""보수적"", ""설비투자""]}","전망 DB증권 서승연 I 2025-09-03 매수 반도체는 견조한 실적 예상 키움증권 박유악 I 2025-05-29 매수 소재는 견조하나 장비가 부진 DS투자증권 이수림,김진형 I 2025-05-16 N/R 락바텀 측면에서 접근유효 대신증권 박장욱 I 2025-04-17 매수 보수적인 반도체 설비투자 영향 불가피 DB증권 서승연 I 2025-04-08 매수 뒤섞여 있는 단기 모멘텀 키움증권 박유악 I 2024-11-29 매수 아쉬운 업황에도 4분기 기대감 유효 DS투자증권 이수림,김진형 I 2024-11-26 매수 실적 순항 중 DB금융투자 서승연 I 2024-10-08 N/R CMP 공정의 중요성이 부각되고 있다 신영증권 박상욱 I 2024-08-21 매수 BSPND 시장 개화에 따른 CMP 장비 수요 기대 현대차증권 곽민정 I 2024-07-01 매수 기술 방향성, 업종 모멘텀 부합 미래에셋증권 김영건 I 2024-05-31 매수 HBM 수혜 지속 키움증권 박"
282330::2024,282330,BGF리테일,SECONDARY_SUMMARY_ONLY,PRIMARY_UNAVAILABLE_AFTER_PASS2,200,https://m.irgo.co.kr/IR-COMP/282330,,,
294570::2024,294570,쿠콘,PRIMARY_INDEX_AVAILABLE,PRIMARY_REPORT_NO_CANONICAL_ACTION,200,https://m.irgo.co.kr/IR-COMP/294570,2024-11-15,,"3 N/R 2025년 1분기 경영실적 해당기업 IR팀 I 2025-05-21 N/R 1Q25 Review: 수익성 개선 지속 기대 유진투자증권 박종선 I 2025-05-20 N/R 4Q24 Review: 신규 서비스 효과 기대 유진투자증권 박종선 I 2025-02-19 N/R 회사소개 및 주요 경영현황 해당기업 IR팀 I 2025-02-19 N/R 3Q24 Review: 높은 수익성 회복 중 유진투자증권 박종선 I 2024-11-15 N/R 2Q24 Review: 하반기 신규 서비스 확대 수혜 기대 유진투자증권 박종선 I 2024-08-16 N/R 1Q24 Review: 데이터 부문, 신규 서비스 확대 수혜 기대 유진투자증권 박종선 I 2024-05-16 N/R 4Q23 Review: 신규서비스 확대로 최고 실적 달성 전망 유진투자증권 박종선 I 2024-03-18 N/R 4Q23 Preview: 안정적 실적 전망 vs 주가 지속 하락 유진투자증권 박종선 I 202"
294570::2024,294570,쿠콘,PRIMARY_INDEX_AVAILABLE,PRIMARY_REPORT_NO_CANONICAL_ACTION,200,https://m.irgo.co.kr/IR-COMP/294570,2024-11-15,,"개선 지속 기대 유진투자증권 박종선 I 2025-05-20 N/R 4Q24 Review: 신규 서비스 효과 기대 유진투자증권 박종선 I 2025-02-19 N/R 회사소개 및 주요 경영현황 해당기업 IR팀 I 2025-02-19 N/R 3Q24 Review: 높은 수익성 회복 중 유진투자증권 박종선 I 2024-11-15 N/R 2Q24 Review: 하반기 신규 서비스 확대 수혜 기대 유진투자증권 박종선 I 2024-08-16 N/R 1Q24 Review: 데이터 부문, 신규 서비스 확대 수혜 기대 유진투자증권 박종선 I 2024-05-16 N/R 4Q23 Review: 신규서비스 확대로 최고 실적 달성 전망 유진투자증권 박종선 I 2024-03-18 N/R 4Q23 Preview: 안정적 실적 전망 vs 주가 지속 하락 유진투자증권 박종선 I 2024-01-16 N/R 신규 서비스 출시에 따른 데이터 사업 성장 기대 하나증권 조정현 I 2023-12-26 N/"
294570::2024,294570,쿠콘,PRIMARY_INDEX_AVAILABLE,PRIMARY_REPORT_NO_CANONICAL_ACTION,200,https://m.irgo.co.kr/IR-COMP/294570,2024-11-15,,"대 유진투자증권 박종선 I 2025-08-20 N/R 회사소개 및 주요 사업현황 해당기업 IR팀 I 2025-07-23 N/R 2025년 1분기 경영실적 해당기업 IR팀 I 2025-05-21 N/R 1Q25 Review: 수익성 개선 지속 기대 유진투자증권 박종선 I 2025-05-20 N/R 4Q24 Review: 신규 서비스 효과 기대 유진투자증권 박종선 I 2025-02-19 N/R 회사소개 및 주요 경영현황 해당기업 IR팀 I 2025-02-19 N/R 3Q24 Review: 높은 수익성 회복 중 유진투자증권 박종선 I 2024-11-15 N/R 2Q24 Review: 하반기 신규 서비스 확대 수혜 기대 유진투자증권 박종선 I 2024-08-16 N/R 1Q24 Review: 데이터 부문, 신규 서비스 확대 수혜 기대 유진투자증권 박종선 I 2024-05-16 N/R 4Q23 Review: 신규서비스 확대로 최고 실적 달성 전망 유진투자증권 박종선 I 20"
294570::2024,294570,쿠콘,PRIMARY_INDEX_AVAILABLE,PRIMARY_REPORT_NO_CANONICAL_ACTION,200,https://m.irgo.co.kr/IR-COMP/294570,2024-11-15,,"및 주요 경영현황 해당기업 IR팀 I 2025-08-20 N/R 2Q25 Review: 신규 서비스 효과 기대 유진투자증권 박종선 I 2025-08-20 N/R 회사소개 및 주요 사업현황 해당기업 IR팀 I 2025-07-23 N/R 2025년 1분기 경영실적 해당기업 IR팀 I 2025-05-21 N/R 1Q25 Review: 수익성 개선 지속 기대 유진투자증권 박종선 I 2025-05-20 N/R 4Q24 Review: 신규 서비스 효과 기대 유진투자증권 박종선 I 2025-02-19 N/R 회사소개 및 주요 경영현황 해당기업 IR팀 I 2025-02-19 N/R 3Q24 Review: 높은 수익성 회복 중 유진투자증권 박종선 I 2024-11-15 N/R 2Q24 Review: 하반기 신규 서비스 확대 수혜 기대 유진투자증권 박종선 I 2024-08-16 N/R 1Q24 Review: 데이터 부문, 신규 서비스 확대 수혜 기대 유진투자증권 박종선 I 2024"
294570::2024,294570,쿠콘,PRIMARY_INDEX_AVAILABLE,PRIMARY_REPORT_NO_CANONICAL_ACTION,200,https://m.irgo.co.kr/IR-COMP/294570,2024-11-15,,"유진투자증권 박종선 I 2025-02-19 N/R 회사소개 및 주요 경영현황 해당기업 IR팀 I 2025-02-19 N/R 3Q24 Review: 높은 수익성 회복 중 유진투자증권 박종선 I 2024-11-15 N/R 2Q24 Review: 하반기 신규 서비스 확대 수혜 기대 유진투자증권 박종선 I 2024-08-16 N/R 1Q24 Review: 데이터 부문, 신규 서비스 확대 수혜 기대 유진투자증권 박종선 I 2024-05-16 N/R 4Q23 Review: 신규서비스 확대로 최고 실적 달성 전망 유진투자증권 박종선 I 2024-03-18 N/R 4Q23 Preview: 안정적 실적 전망 vs 주가 지속 하락 유진투자증권 박종선 I 2024-01-16 N/R 신규 서비스 출시에 따른 데이터 사업 성장 기대 하나증권 조정현 I 2023-12-26 N/R 3Q23 Review: 신규서비스 런칭으로 실적 성장 전환 기대 유진투자증권 박종선 I 2023-11-16 N/"
297090::2024,297090,씨에스베어링,PRIMARY_INDEX_AVAILABLE,PRIMARY_REPORT_NO_CANONICAL_ACTION,200,https://m.irgo.co.kr/IR-COMP/297090,2024-07-31,,"8-16 매수 터널 끝의 빛 신한투자증권 명지운 I 2024-07-31 매수 긴 호흡으로 접근할 시기 이베스트투자증권 이주영 I 2024-04-17 매수 실적은 2분기부터, 주가 반등은 지금부터 DS투자증권 안주원 I 2024-04-16 매수 센티 개선과 기지개를 펴는 실적 DS투자증권 안주원 I 2024-04-03 매수 1Q24까지 쉬어갑니다 이베스트투자증권 이주영 I 2024-02-14 매수 GE향 매출 회복의 확인이 필요 삼성증권 허재준 I 2024-02-14 매수 본격 실적 개선은 2분기부터 미래에셋증권 이진호,김태형 I 2024-02-13 매수 4분기 매출액과 영업이익 각각 YoY +86.9%, 흑자전환 DS투자증권 안주원 I 2024-01-11 매수 잠시 속도 조정 신한투자증권 명지운 I 2023-12-22 매수 2024년 실적 전망 삼성증권 허재준 I 2023-12-11 매수 고객사 다변화 시급 미래에셋증권 이진호,김태형 I 2023-11-23 매수 달"
297090::2024,297090,씨에스베어링,PRIMARY_INDEX_AVAILABLE,PRIMARY_REPORT_NO_CANONICAL_ACTION,200,https://m.irgo.co.kr/IR-COMP/297090,2024-08-19,,"시작 삼성증권 허재준 I 2024-08-19 매수 성장의 재시작점 미래에셋증권 이진호,김태형 I 2024-08-16 매수 터널 끝의 빛 신한투자증권 명지운 I 2024-07-31 매수 긴 호흡으로 접근할 시기 이베스트투자증권 이주영 I 2024-04-17 매수 실적은 2분기부터, 주가 반등은 지금부터 DS투자증권 안주원 I 2024-04-16 매수 센티 개선과 기지개를 펴는 실적 DS투자증권 안주원 I 2024-04-03 매수 1Q24까지 쉬어갑니다 이베스트투자증권 이주영 I 2024-02-14 매수 GE향 매출 회복의 확인이 필요 삼성증권 허재준 I 2024-02-14 매수 본격 실적 개선은 2분기부터 미래에셋증권 이진호,김태형 I 2024-02-13 매수 4분기 매출액과 영업이익 각각 YoY +86.9%, 흑자전환 DS투자증권 안주원 I 2024-01-11 매수 잠시 속도 조정 신한투자증권 명지운 I 2023-12-22 매수 2024년 실적 전망 삼성증권 허재"
297090::2024,297090,씨에스베어링,PRIMARY_INDEX_AVAILABLE,PRIMARY_REPORT_NO_CANONICAL_ACTION,200,https://m.irgo.co.kr/IR-COMP/297090,2024-09-04,,"력시장 키움증권 김학준 I 2024-09-04 매수 2Q24 Review: 이제 다시 시작 삼성증권 허재준 I 2024-08-19 매수 성장의 재시작점 미래에셋증권 이진호,김태형 I 2024-08-16 매수 터널 끝의 빛 신한투자증권 명지운 I 2024-07-31 매수 긴 호흡으로 접근할 시기 이베스트투자증권 이주영 I 2024-04-17 매수 실적은 2분기부터, 주가 반등은 지금부터 DS투자증권 안주원 I 2024-04-16 매수 센티 개선과 기지개를 펴는 실적 DS투자증권 안주원 I 2024-04-03 매수 1Q24까지 쉬어갑니다 이베스트투자증권 이주영 I 2024-02-14 매수 GE향 매출 회복의 확인이 필요 삼성증권 허재준 I 2024-02-14 매수 본격 실적 개선은 2분기부터 미래에셋증권 이진호,김태형 I 2024-02-13 매수 4분기 매출액과 영업이익 각각 YoY +86.9%, 흑자전환 DS투자증권 안주원 I 2024-01-11 매수 잠시 속도 조정"
297090::2024,297090,씨에스베어링,PRIMARY_INDEX_AVAILABLE,PRIMARY_REPORT_NO_CANONICAL_ACTION,200,https://m.irgo.co.kr/IR-COMP/297090,2024-10-24,,"확인되면 주가 회복 LS증권 이주영 I 2024-10-24 N/R 회복되는 풍력시장 키움증권 김학준 I 2024-09-04 매수 2Q24 Review: 이제 다시 시작 삼성증권 허재준 I 2024-08-19 매수 성장의 재시작점 미래에셋증권 이진호,김태형 I 2024-08-16 매수 터널 끝의 빛 신한투자증권 명지운 I 2024-07-31 매수 긴 호흡으로 접근할 시기 이베스트투자증권 이주영 I 2024-04-17 매수 실적은 2분기부터, 주가 반등은 지금부터 DS투자증권 안주원 I 2024-04-16 매수 센티 개선과 기지개를 펴는 실적 DS투자증권 안주원 I 2024-04-03 매수 1Q24까지 쉬어갑니다 이베스트투자증권 이주영 I 2024-02-14 매수 GE향 매출 회복의 확인이 필요 삼성증권 허재준 I 2024-02-14 매수 본격 실적 개선은 2분기부터 미래에셋증권 이진호,김태형 I 2024-02-13 매수 4분기 매출액과 영업이익 각각 YoY +86.9"
297090::2024,297090,씨에스베어링,PRIMARY_INDEX_AVAILABLE,PRIMARY_REPORT_NO_CANONICAL_ACTION,200,https://m.irgo.co.kr/IR-COMP/297090,2024-11-20,,"투심 DS투자증권 안주원,김진형 I 2024-11-20 매수 실적 개선세 확인되면 주가 회복 LS증권 이주영 I 2024-10-24 N/R 회복되는 풍력시장 키움증권 김학준 I 2024-09-04 매수 2Q24 Review: 이제 다시 시작 삼성증권 허재준 I 2024-08-19 매수 성장의 재시작점 미래에셋증권 이진호,김태형 I 2024-08-16 매수 터널 끝의 빛 신한투자증권 명지운 I 2024-07-31 매수 긴 호흡으로 접근할 시기 이베스트투자증권 이주영 I 2024-04-17 매수 실적은 2분기부터, 주가 반등은 지금부터 DS투자증권 안주원 I 2024-04-16 매수 센티 개선과 기지개를 펴는 실적 DS투자증권 안주원 I 2024-04-03 매수 1Q24까지 쉬어갑니다 이베스트투자증권 이주영 I 2024-02-14 매수 GE향 매출 회복의 확인이 필요 삼성증권 허재준 I 2024-02-14 매수 본격 실적 개선은 2분기부터 미래에셋증권 이진호,김태형"
297090::2024,297090,씨에스베어링,PRIMARY_INDEX_AVAILABLE,PRIMARY_REPORT_NO_CANONICAL_ACTION,200,https://m.irgo.co.kr/IR-COMP/297090,2024-12-09,,"주요 사업현황 해당기업 IR팀 I 2024-12-09 매수 돌아오기만 하면 되는 투심 DS투자증권 안주원,김진형 I 2024-11-20 매수 실적 개선세 확인되면 주가 회복 LS증권 이주영 I 2024-10-24 N/R 회복되는 풍력시장 키움증권 김학준 I 2024-09-04 매수 2Q24 Review: 이제 다시 시작 삼성증권 허재준 I 2024-08-19 매수 성장의 재시작점 미래에셋증권 이진호,김태형 I 2024-08-16 매수 터널 끝의 빛 신한투자증권 명지운 I 2024-07-31 매수 긴 호흡으로 접근할 시기 이베스트투자증권 이주영 I 2024-04-17 매수 실적은 2분기부터, 주가 반등은 지금부터 DS투자증권 안주원 I 2024-04-16 매수 센티 개선과 기지개를 펴는 실적 DS투자증권 안주원 I 2024-04-03 매수 1Q24까지 쉬어갑니다 이베스트투자증권 이주영 I 2024-02-14 매수 GE향 매출 회복의 확인이 필요 삼성증권 허재준 I"
297090::2024,297090,씨에스베어링,PRIMARY_INDEX_AVAILABLE,PRIMARY_REPORT_NO_CANONICAL_ACTION,200,https://m.irgo.co.kr/IR-COMP/297090,2024-12-16,,"2026-03-19 매수 Corporate day 후기: 고객사 다변화로 성장 동력 확보 삼성증권 허재준 I 2026-03-18 매수 낮아진 기대, 예상 밖의 좋은 실적 DS투자증권 안주원 I 2026-03-11 매수 낮아진 기대, 예상 밖의 좋은 실적 DS투자증권 안주원 I 2026-02-26 매수 4Q25 Review; 양적, 질적 성장 모두 기대 삼성증권 허재준 I 2026-02-24 매수 2Q25 review; 빛을 보기 시작하는 베트남 이전 효과 삼성증권 허재준 I 2025-08-14 매수 4Q24 Review: 견고한 미국 육상풍력 시장 삼성증권 허재준 I 2025-02-18 매수 베트남 공장 탐방기 신한투자증권 명지운 I 2024-12-16 N/R 회사소개 및 주요 사업현황 해당기업 IR팀 I 2024-12-09 매수 돌아오기만 하면 되는 투심 DS투자증권 안주원,김진형 I 2024-11-20 매수 실적 개선세 확인되면 주가 회복 LS증권 이주영 I"
297090::2024,297090,씨에스베어링,PRIMARY_INDEX_AVAILABLE,PRIMARY_REPORT_NO_CANONICAL_ACTION,200,https://m.irgo.co.kr/IR-COMP/297090,2024-12-16,,"6-02-24 매수 2Q25 review; 빛을 보기 시작하는 베트남 이전 효과 삼성증권 허재준 I 2025-08-14 매수 4Q24 Review: 견고한 미국 육상풍력 시장 삼성증권 허재준 I 2025-02-18 매수 베트남 공장 탐방기 신한투자증권 명지운 I 2024-12-16 N/R 회사소개 및 주요 사업현황 해당기업 IR팀 I 2024-12-09 매수 돌아오기만 하면 되는 투심 DS투자증권 안주원,김진형 I 2024-11-20 매수 실적 개선세 확인되면 주가 회복 LS증권 이주영 I 2024-10-24 N/R 회복되는 풍력시장 키움증권 김학준 I 2024-09-04 매수 2Q24 Review: 이제 다시 시작 삼성증권 허재준 I 2024-08-19 매수 성장의 재시작점 미래에셋증권 이진호,김태형 I 2024-08-16 매수 터널 끝의 빛 신한투자증권 명지운 I 2024-07-31 매수 긴 호흡으로 접근할 시기 이베스트투자증권 이주영 I 2024-04-17 매"
297090::2024,297090,씨에스베어링,PRIMARY_INDEX_AVAILABLE,PRIMARY_REPORT_NO_CANONICAL_ACTION,200,https://m.irgo.co.kr/IR-COMP/297090,2024-12-16,,"8 매수 베트남 공장 탐방기 신한투자증권 명지운 I 2024-12-16 N/R 회사소개 및 주요 사업현황 해당기업 IR팀 I 2024-12-09 매수 돌아오기만 하면 되는 투심 DS투자증권 안주원,김진형 I 2024-11-20 매수 실적 개선세 확인되면 주가 회복 LS증권 이주영 I 2024-10-24 N/R 회복되는 풍력시장 키움증권 김학준 I 2024-09-04 매수 2Q24 Review: 이제 다시 시작 삼성증권 허재준 I 2024-08-19 매수 성장의 재시작점 미래에셋증권 이진호,김태형 I 2024-08-16 매수 터널 끝의 빛 신한투자증권 명지운 I 2024-07-31 매수 긴 호흡으로 접근할 시기 이베스트투자증권 이주영 I 2024-04-17 매수 실적은 2분기부터, 주가 반등은 지금부터 DS투자증권 안주원 I 2024-04-16 매수 센티 개선과 기지개를 펴는 실적 DS투자증권 안주원 I 2024-04-03 매수 1Q24까지 쉬어갑니다 이베스트투자증권"
297090::2024,297090,씨에스베어링,PRIMARY_INDEX_AVAILABLE,PRIMARY_REPORT_NO_CANONICAL_ACTION,200,https://m.irgo.co.kr/IR-COMP/297090,2024-12-16,,"Review: 견고한 미국 육상풍력 시장 삼성증권 허재준 I 2025-02-18 매수 베트남 공장 탐방기 신한투자증권 명지운 I 2024-12-16 N/R 회사소개 및 주요 사업현황 해당기업 IR팀 I 2024-12-09 매수 돌아오기만 하면 되는 투심 DS투자증권 안주원,김진형 I 2024-11-20 매수 실적 개선세 확인되면 주가 회복 LS증권 이주영 I 2024-10-24 N/R 회복되는 풍력시장 키움증권 김학준 I 2024-09-04 매수 2Q24 Review: 이제 다시 시작 삼성증권 허재준 I 2024-08-19 매수 성장의 재시작점 미래에셋증권 이진호,김태형 I 2024-08-16 매수 터널 끝의 빛 신한투자증권 명지운 I 2024-07-31 매수 긴 호흡으로 접근할 시기 이베스트투자증권 이주영 I 2024-04-17 매수 실적은 2분기부터, 주가 반등은 지금부터 DS투자증권 안주원 I 2024-04-16 매수 센티 개선과 기지개를 펴는 실적 DS투자증"
297090::2024,297090,씨에스베어링,PRIMARY_INDEX_AVAILABLE,PRIMARY_REPORT_NO_CANONICAL_ACTION,200,https://m.irgo.co.kr/IR-COMP/297090,2024-12-16,,"매수 4Q25 Review; 양적, 질적 성장 모두 기대 삼성증권 허재준 I 2026-02-24 매수 2Q25 review; 빛을 보기 시작하는 베트남 이전 효과 삼성증권 허재준 I 2025-08-14 매수 4Q24 Review: 견고한 미국 육상풍력 시장 삼성증권 허재준 I 2025-02-18 매수 베트남 공장 탐방기 신한투자증권 명지운 I 2024-12-16 N/R 회사소개 및 주요 사업현황 해당기업 IR팀 I 2024-12-09 매수 돌아오기만 하면 되는 투심 DS투자증권 안주원,김진형 I 2024-11-20 매수 실적 개선세 확인되면 주가 회복 LS증권 이주영 I 2024-10-24 N/R 회복되는 풍력시장 키움증권 김학준 I 2024-09-04 매수 2Q24 Review: 이제 다시 시작 삼성증권 허재준 I 2024-08-19 매수 성장의 재시작점 미래에셋증권 이진호,김태형 I 2024-08-16 매수 터널 끝의 빛 신한투자증권 명지운 I 2024-07-"
297090::2024,297090,씨에스베어링,PRIMARY_INDEX_AVAILABLE,PRIMARY_REPORT_NO_CANONICAL_ACTION,200,https://m.irgo.co.kr/IR-COMP/297090,2024-12-16,,"밖의 좋은 실적 DS투자증권 안주원 I 2026-03-11 매수 낮아진 기대, 예상 밖의 좋은 실적 DS투자증권 안주원 I 2026-02-26 매수 4Q25 Review; 양적, 질적 성장 모두 기대 삼성증권 허재준 I 2026-02-24 매수 2Q25 review; 빛을 보기 시작하는 베트남 이전 효과 삼성증권 허재준 I 2025-08-14 매수 4Q24 Review: 견고한 미국 육상풍력 시장 삼성증권 허재준 I 2025-02-18 매수 베트남 공장 탐방기 신한투자증권 명지운 I 2024-12-16 N/R 회사소개 및 주요 사업현황 해당기업 IR팀 I 2024-12-09 매수 돌아오기만 하면 되는 투심 DS투자증권 안주원,김진형 I 2024-11-20 매수 실적 개선세 확인되면 주가 회복 LS증권 이주영 I 2024-10-24 N/R 회복되는 풍력시장 키움증권 김학준 I 2024-09-04 매수 2Q24 Review: 이제 다시 시작 삼성증권 허재준 I 2024"
297090::2024,297090,씨에스베어링,PRIMARY_INDEX_AVAILABLE,PRIMARY_REPORT_NO_CANONICAL_ACTION,200,https://m.irgo.co.kr/IR-COMP/297090,2024-12-16,,"성장 동력 확보 삼성증권 허재준 I 2026-03-18 매수 낮아진 기대, 예상 밖의 좋은 실적 DS투자증권 안주원 I 2026-03-11 매수 낮아진 기대, 예상 밖의 좋은 실적 DS투자증권 안주원 I 2026-02-26 매수 4Q25 Review; 양적, 질적 성장 모두 기대 삼성증권 허재준 I 2026-02-24 매수 2Q25 review; 빛을 보기 시작하는 베트남 이전 효과 삼성증권 허재준 I 2025-08-14 매수 4Q24 Review: 견고한 미국 육상풍력 시장 삼성증권 허재준 I 2025-02-18 매수 베트남 공장 탐방기 신한투자증권 명지운 I 2024-12-16 N/R 회사소개 및 주요 사업현황 해당기업 IR팀 I 2024-12-09 매수 돌아오기만 하면 되는 투심 DS투자증권 안주원,김진형 I 2024-11-20 매수 실적 개선세 확인되면 주가 회복 LS증권 이주영 I 2024-10-24 N/R 회복되는 풍력시장 키움증권 김학준 I 2024-"
297090::2024,297090,씨에스베어링,PRIMARY_INDEX_AVAILABLE,PRIMARY_REPORT_NO_CANONICAL_ACTION,200,https://m.irgo.co.kr/IR-COMP/297090,2024-12-16,,"예상 밖의 좋은 실적 DS투자증권 안주원 I 2026-02-26 매수 4Q25 Review; 양적, 질적 성장 모두 기대 삼성증권 허재준 I 2026-02-24 매수 2Q25 review; 빛을 보기 시작하는 베트남 이전 효과 삼성증권 허재준 I 2025-08-14 매수 4Q24 Review: 견고한 미국 육상풍력 시장 삼성증권 허재준 I 2025-02-18 매수 베트남 공장 탐방기 신한투자증권 명지운 I 2024-12-16 N/R 회사소개 및 주요 사업현황 해당기업 IR팀 I 2024-12-09 매수 돌아오기만 하면 되는 투심 DS투자증권 안주원,김진형 I 2024-11-20 매수 실적 개선세 확인되면 주가 회복 LS증권 이주영 I 2024-10-24 N/R 회복되는 풍력시장 키움증권 김학준 I 2024-09-04 매수 2Q24 Review: 이제 다시 시작 삼성증권 허재준 I 2024-08-19 매수 성장의 재시작점 미래에셋증권 이진호,김태형 I 2024-08"
297090::2024,297090,씨에스베어링,PRIMARY_INDEX_AVAILABLE,PRIMARY_REPORT_NO_CANONICAL_ACTION,200,https://m.irgo.co.kr/IR-COMP/297090,2024-12-16,,"전 효과 삼성증권 허재준 I 2025-08-14 매수 4Q24 Review: 견고한 미국 육상풍력 시장 삼성증권 허재준 I 2025-02-18 매수 베트남 공장 탐방기 신한투자증권 명지운 I 2024-12-16 N/R 회사소개 및 주요 사업현황 해당기업 IR팀 I 2024-12-09 매수 돌아오기만 하면 되는 투심 DS투자증권 안주원,김진형 I 2024-11-20 매수 실적 개선세 확인되면 주가 회복 LS증권 이주영 I 2024-10-24 N/R 회복되는 풍력시장 키움증권 김학준 I 2024-09-04 매수 2Q24 Review: 이제 다시 시작 삼성증권 허재준 I 2024-08-19 매수 성장의 재시작점 미래에셋증권 이진호,김태형 I 2024-08-16 매수 터널 끝의 빛 신한투자증권 명지운 I 2024-07-31 매수 긴 호흡으로 접근할 시기 이베스트투자증권 이주영 I 2024-04-17 매수 실적은 2분기부터, 주가 반등은 지금부터 DS투자증권 안주원 I 20"
298000::2024,298000,효성화학,PRIMARY_INDEX_AVAILABLE,LATEST_CRA_NO_CANONICAL_ACTION,200,https://m.irgo.co.kr/IR-COMP/298000,2024-06-05,,"해 전략적 리뷰 시작 IBK투자증권 이동욱 I 2024-06-05 N/R 2024년 1분기 경영실적 해당기업 IR팀 I 2024-04-29 매수 부진한 업황 지속 중 IBK투자증권 이동욱 I 2024-04-29 매수 아직 어두운 터널을 지나는 중 신한투자증권 이진명 I 2024-04-29 매수 흑자전환 시기가 관건 흥국증권 장현구 I 2024-04-22 매수 높은 LPG 투입가 유지 IBK투자증권 이동욱 I 2024-04-04 N/R 아직 터널 안 키움증권 정경희,신대현 I 2024-03-06 N/R 2023년 4분기 경영실적 해당기업 IR팀 I 2024-01-30 매수 베트남 PP/DH 플랜트, 풀 가동 지속 IBK투자증권 이동욱 I 2024-01-30 매수 특수가스 사업부의 분사 검토 흥국증권 장현구 I 2023-12-15 매수 내년 베트남 PP/LPG 판매 물량 급증 전망 IBK투자증권 이동욱 I 2023-12-05 매수 베트남 탐방을 통해 재확인된 성장 기회"
298000::2024,298000,효성화학,PRIMARY_INDEX_AVAILABLE,LATEST_CRA_NO_CANONICAL_ACTION,200,https://m.irgo.co.kr/IR-COMP/298000,2024-07-29,,"2024년 2분기 경영실적 해당기업 IR팀 I 2024-07-29 매수 모든 사업부문에 대해 전략적 리뷰 시작 IBK투자증권 이동욱 I 2024-06-05 N/R 2024년 1분기 경영실적 해당기업 IR팀 I 2024-04-29 매수 부진한 업황 지속 중 IBK투자증권 이동욱 I 2024-04-29 매수 아직 어두운 터널을 지나는 중 신한투자증권 이진명 I 2024-04-29 매수 흑자전환 시기가 관건 흥국증권 장현구 I 2024-04-22 매수 높은 LPG 투입가 유지 IBK투자증권 이동욱 I 2024-04-04 N/R 아직 터널 안 키움증권 정경희,신대현 I 2024-03-06 N/R 2023년 4분기 경영실적 해당기업 IR팀 I 2024-01-30 매수 베트남 PP/DH 플랜트, 풀 가동 지속 IBK투자증권 이동욱 I 2024-01-30 매수 특수가스 사업부의 분사 검토 흥국증권 장현구 I 2023-12-15 매수 내년 베트남 PP/LPG 판매 물량 급증 전"
298000::2024,298000,효성화학,PRIMARY_INDEX_AVAILABLE,LATEST_CRA_NO_CANONICAL_ACTION,200,https://m.irgo.co.kr/IR-COMP/298000,2024-11-01,,-25 N/R 2025.1Q Earnings Release 해당기업 IR팀 I 2025-04-25 N/R 2025년 1분기 경영실적 해당기업 IR팀 I 2025-04-25 N/R 2024.4Q Earnings Release 해당기업 IR팀 I 2025-03-04 N/R 2024년 4분기 경영실적 해당기업 IR팀 I 2025-03-04 N/R 2024.3Q Earnings Release 해당기업 IR팀 I 2024-11-01 N/R 2024년 3분기 경영실적 해당기업 IR팀 I 2024-11-01 N/R 2024년 2분기 경영실적 해당기업 IR팀 I 2024-07-29 매수 모든 사업부문에 대해 전략적 리뷰 시작 IBK투자증권 이동욱 I 2024-06-05 N/R 2024년 1분기 경영실적 해당기업 IR팀 I 2024-04-29 매수 부진한 업황 지속 중 IBK투자증권 이동욱 I 2024-04-29 매수 아직 어두운 터널을 지나는 중 신한투자증권 이진명 I 2024-
298000::2024,298000,효성화학,PRIMARY_INDEX_AVAILABLE,LATEST_CRA_NO_CANONICAL_ACTION,200,https://m.irgo.co.kr/IR-COMP/298000,2024-11-01,,"2024년 3분기 경영실적 해당기업 IR팀 I 2024-11-01 N/R 2024년 2분기 경영실적 해당기업 IR팀 I 2024-07-29 매수 모든 사업부문에 대해 전략적 리뷰 시작 IBK투자증권 이동욱 I 2024-06-05 N/R 2024년 1분기 경영실적 해당기업 IR팀 I 2024-04-29 매수 부진한 업황 지속 중 IBK투자증권 이동욱 I 2024-04-29 매수 아직 어두운 터널을 지나는 중 신한투자증권 이진명 I 2024-04-29 매수 흑자전환 시기가 관건 흥국증권 장현구 I 2024-04-22 매수 높은 LPG 투입가 유지 IBK투자증권 이동욱 I 2024-04-04 N/R 아직 터널 안 키움증권 정경희,신대현 I 2024-03-06 N/R 2023년 4분기 경영실적 해당기업 IR팀 I 2024-01-30 매수 베트남 PP/DH 플랜트, 풀 가동 지속 IBK투자증권 이동욱 I 2024-01-30 매수 특수가스 사업부의 분사 검토 흥국증권 장현구"
298000::2024,298000,효성화학,PRIMARY_INDEX_AVAILABLE,LATEST_CRA_NO_CANONICAL_ACTION,200,https://m.irgo.co.kr/IR-COMP/298000,2024-11-01,,31 N/R 2025.2Q Earnings Release 해당기업 IR팀 I 2025-07-25 N/R 2025년 2분기 경영실적 해당기업 IR팀 I 2025-07-25 N/R 2025.1Q Earnings Release 해당기업 IR팀 I 2025-04-25 N/R 2025년 1분기 경영실적 해당기업 IR팀 I 2025-04-25 N/R 2024.4Q Earnings Release 해당기업 IR팀 I 2025-03-04 N/R 2024년 4분기 경영실적 해당기업 IR팀 I 2025-03-04 N/R 2024.3Q Earnings Release 해당기업 IR팀 I 2024-11-01 N/R 2024년 3분기 경영실적 해당기업 IR팀 I 2024-11-01 N/R 2024년 2분기 경영실적 해당기업 IR팀 I 2024-07-29 매수 모든 사업부문에 대해 전략적 리뷰 시작 IBK투자증권 이동욱 I 2024-06-05 N/R 2024년 1분기 경영실적 해당기업 IR팀
298000::2024,298000,효성화학,PRIMARY_INDEX_AVAILABLE,LATEST_CRA_NO_CANONICAL_ACTION,200,https://m.irgo.co.kr/IR-COMP/298000,2024-11-01,,31 N/R 2025년 3분기 경영실적 해당기업 IR팀 I 2025-10-31 N/R 2025.2Q Earnings Release 해당기업 IR팀 I 2025-07-25 N/R 2025년 2분기 경영실적 해당기업 IR팀 I 2025-07-25 N/R 2025.1Q Earnings Release 해당기업 IR팀 I 2025-04-25 N/R 2025년 1분기 경영실적 해당기업 IR팀 I 2025-04-25 N/R 2024.4Q Earnings Release 해당기업 IR팀 I 2025-03-04 N/R 2024년 4분기 경영실적 해당기업 IR팀 I 2025-03-04 N/R 2024.3Q Earnings Release 해당기업 IR팀 I 2024-11-01 N/R 2024년 3분기 경영실적 해당기업 IR팀 I 2024-11-01 N/R 2024년 2분기 경영실적 해당기업 IR팀 I 2024-07-29 매수 모든 사업부문에 대해 전략적 리뷰 시작 IBK투자증권 이동욱
298000::2024,298000,효성화학,PRIMARY_INDEX_AVAILABLE,LATEST_CRA_NO_CANONICAL_ACTION,200,https://m.irgo.co.kr/IR-COMP/298000,2024-11-01,,I 2025-04-25 N/R 2025년 1분기 경영실적 해당기업 IR팀 I 2025-04-25 N/R 2024.4Q Earnings Release 해당기업 IR팀 I 2025-03-04 N/R 2024년 4분기 경영실적 해당기업 IR팀 I 2025-03-04 N/R 2024.3Q Earnings Release 해당기업 IR팀 I 2024-11-01 N/R 2024년 3분기 경영실적 해당기업 IR팀 I 2024-11-01 N/R 2024년 2분기 경영실적 해당기업 IR팀 I 2024-07-29 매수 모든 사업부문에 대해 전략적 리뷰 시작 IBK투자증권 이동욱 I 2024-06-05 N/R 2024년 1분기 경영실적 해당기업 IR팀 I 2024-04-29 매수 부진한 업황 지속 중 IBK투자증권 이동욱 I 2024-04-29 매수 아직 어두운 터널을 지나는 중 신한투자증권 이진명 I 2024-04-29 매수 흑자전환 시기가 관건 흥국증권 장현구 I 2024-04-2
298000::2024,298000,효성화학,PRIMARY_INDEX_AVAILABLE,LATEST_CRA_NO_CANONICAL_ACTION,200,https://m.irgo.co.kr/IR-COMP/298000,2024-11-01,,I 2025-07-25 N/R 2025년 2분기 경영실적 해당기업 IR팀 I 2025-07-25 N/R 2025.1Q Earnings Release 해당기업 IR팀 I 2025-04-25 N/R 2025년 1분기 경영실적 해당기업 IR팀 I 2025-04-25 N/R 2024.4Q Earnings Release 해당기업 IR팀 I 2025-03-04 N/R 2024년 4분기 경영실적 해당기업 IR팀 I 2025-03-04 N/R 2024.3Q Earnings Release 해당기업 IR팀 I 2024-11-01 N/R 2024년 3분기 경영실적 해당기업 IR팀 I 2024-11-01 N/R 2024년 2분기 경영실적 해당기업 IR팀 I 2024-07-29 매수 모든 사업부문에 대해 전략적 리뷰 시작 IBK투자증권 이동욱 I 2024-06-05 N/R 2024년 1분기 경영실적 해당기업 IR팀 I 2024-04-29 매수 부진한 업황 지속 중 IBK투자증권 이동욱 I
298000::2024,298000,효성화학,PRIMARY_INDEX_AVAILABLE,LATEST_CRA_NO_CANONICAL_ACTION,200,https://m.irgo.co.kr/IR-COMP/298000,2024-11-01,,"ings Release 해당기업 IR팀 I 2024-11-01 N/R 2024년 3분기 경영실적 해당기업 IR팀 I 2024-11-01 N/R 2024년 2분기 경영실적 해당기업 IR팀 I 2024-07-29 매수 모든 사업부문에 대해 전략적 리뷰 시작 IBK투자증권 이동욱 I 2024-06-05 N/R 2024년 1분기 경영실적 해당기업 IR팀 I 2024-04-29 매수 부진한 업황 지속 중 IBK투자증권 이동욱 I 2024-04-29 매수 아직 어두운 터널을 지나는 중 신한투자증권 이진명 I 2024-04-29 매수 흑자전환 시기가 관건 흥국증권 장현구 I 2024-04-22 매수 높은 LPG 투입가 유지 IBK투자증권 이동욱 I 2024-04-04 N/R 아직 터널 안 키움증권 정경희,신대현 I 2024-03-06 N/R 2023년 4분기 경영실적 해당기업 IR팀 I 2024-01-30 매수 베트남 PP/DH 플랜트, 풀 가동 지속 IBK투자증권 이동욱 I"
298000::2024,298000,효성화학,PRIMARY_INDEX_AVAILABLE,LATEST_CRA_NO_CANONICAL_ACTION,200,https://m.irgo.co.kr/IR-COMP/298000,2024-11-01,,"영실적 해당기업 IR팀 I 2025-03-04 N/R 2024.3Q Earnings Release 해당기업 IR팀 I 2024-11-01 N/R 2024년 3분기 경영실적 해당기업 IR팀 I 2024-11-01 N/R 2024년 2분기 경영실적 해당기업 IR팀 I 2024-07-29 매수 모든 사업부문에 대해 전략적 리뷰 시작 IBK투자증권 이동욱 I 2024-06-05 N/R 2024년 1분기 경영실적 해당기업 IR팀 I 2024-04-29 매수 부진한 업황 지속 중 IBK투자증권 이동욱 I 2024-04-29 매수 아직 어두운 터널을 지나는 중 신한투자증권 이진명 I 2024-04-29 매수 흑자전환 시기가 관건 흥국증권 장현구 I 2024-04-22 매수 높은 LPG 투입가 유지 IBK투자증권 이동욱 I 2024-04-04 N/R 아직 터널 안 키움증권 정경희,신대현 I 2024-03-06 N/R 2023년 4분기 경영실적 해당기업 IR팀 I 2024-01-3"
298000::2024,298000,효성화학,PRIMARY_INDEX_AVAILABLE,LATEST_CRA_NO_CANONICAL_ACTION,200,https://m.irgo.co.kr/IR-COMP/298000,2024-11-01,,팀 I 2025-04-25 N/R 2024.4Q Earnings Release 해당기업 IR팀 I 2025-03-04 N/R 2024년 4분기 경영실적 해당기업 IR팀 I 2025-03-04 N/R 2024.3Q Earnings Release 해당기업 IR팀 I 2024-11-01 N/R 2024년 3분기 경영실적 해당기업 IR팀 I 2024-11-01 N/R 2024년 2분기 경영실적 해당기업 IR팀 I 2024-07-29 매수 모든 사업부문에 대해 전략적 리뷰 시작 IBK투자증권 이동욱 I 2024-06-05 N/R 2024년 1분기 경영실적 해당기업 IR팀 I 2024-04-29 매수 부진한 업황 지속 중 IBK투자증권 이동욱 I 2024-04-29 매수 아직 어두운 터널을 지나는 중 신한투자증권 이진명 I 2024-04-29 매수 흑자전환 시기가 관건 흥국증권 장현구 I 2024-04-22 매수 높은 LPG 투입가 유지 IBK투자증권 이동욱 I 2024-04
298000::2024,298000,효성화학,PRIMARY_INDEX_AVAILABLE,LATEST_CRA_NO_CANONICAL_ACTION,200,https://m.irgo.co.kr/IR-COMP/298000,2024-11-01,,"해당기업 IR팀 I 2025-03-04 N/R 2024년 4분기 경영실적 해당기업 IR팀 I 2025-03-04 N/R 2024.3Q Earnings Release 해당기업 IR팀 I 2024-11-01 N/R 2024년 3분기 경영실적 해당기업 IR팀 I 2024-11-01 N/R 2024년 2분기 경영실적 해당기업 IR팀 I 2024-07-29 매수 모든 사업부문에 대해 전략적 리뷰 시작 IBK투자증권 이동욱 I 2024-06-05 N/R 2024년 1분기 경영실적 해당기업 IR팀 I 2024-04-29 매수 부진한 업황 지속 중 IBK투자증권 이동욱 I 2024-04-29 매수 아직 어두운 터널을 지나는 중 신한투자증권 이진명 I 2024-04-29 매수 흑자전환 시기가 관건 흥국증권 장현구 I 2024-04-22 매수 높은 LPG 투입가 유지 IBK투자증권 이동욱 I 2024-04-04 N/R 아직 터널 안 키움증권 정경희,신대현 I 2024-03-06 N/"
298020::2024,298020,효성티앤씨,PRIMARY_INDEX_AVAILABLE,PRIMARY_INDEX_NO_CANONICAL_ACTION,200,https://m.irgo.co.kr/IR-COMP/298020,2024-12-16,,"NH투자증권 최영광 I 2024-12-16 매수 CEO Day 후기 신한투자증권 이진명,김명주 I 2024-12-16 N/R 효성화학 특수가스 사업부 인수 관련 코멘트 신한투자증권 이진명,김명주 I 2024-12-13 매수 유증은 없다 IBK투자증권 이동욱 I 2024-12-02 매수 실적 전망 및 Valuation NH투자증권 최영광 I 2024-11-11 매수 NDR Review: 중국 수요개선에 주목 SK증권 김도현 I 2024-11-07 매수 우려대비 견조한 펀더멘탈 SK증권 김도현 I 2024-11-01 매수 중국까지 좋아진다면? 신한투자증권 이진명,김명주 I 2024-11-01 매수 가뭄에 내린 단비 NH투자증권 최영광 I 2024-11-01 더보기"
298020::2024,298020,효성티앤씨,PRIMARY_INDEX_AVAILABLE,PRIMARY_INDEX_NO_CANONICAL_ACTION,200,https://m.irgo.co.kr/IR-COMP/298020,2024-12-19,"{""OE"": [""비용""]}","-01-20 매수 일회성 비용 제외하면 선방 하나증권 윤재성,김형준 I 2025-01-16 매수 2025년 스판덱스 업황은 상저하고 전망 iM증권 전유진,장호 I 2025-01-09 매수 25년 이익개선과 그렇지 못한 주가 SK증권 김도현 I 2024-12-19 매수 스판덱스의 투자포인트 여전히 유효 NH투자증권 최영광 I 2024-12-16 매수 CEO Day 후기 신한투자증권 이진명,김명주 I 2024-12-16 N/R 효성화학 특수가스 사업부 인수 관련 코멘트 신한투자증권 이진명,김명주 I 2024-12-13 매수 유증은 없다 IBK투자증권 이동욱 I 2024-12-02 매수 실적 전망 및 Valuation NH투자증권 최영광 I 2024-11-11 매수 NDR Review: 중국 수요개선에 주목 SK증권 김도현 I 2024-11-07 매수 우려대비 견조한 펀더멘탈 SK증권 김도현 I 2024-11-01 매수 중국까지 좋아진다면? 신한투자증권 이진명,김명주 I"
298020::2024,298020,효성티앤씨,PRIMARY_INDEX_AVAILABLE,PRIMARY_INDEX_NO_CANONICAL_ACTION,200,https://m.irgo.co.kr/IR-COMP/298020,2024-12-19,"{""OE"": [""비용""]}","-02-04 매수 기대 요인은 충분 NH투자증권 최영광 I 2025-02-04 매수 어려운 환경에도 선방한 실적 신한투자증권 이진명,김명주 I 2025-02-04 매수 비수기 영향으로 감익, 25년 개선 예상 SK증권 김도현 I 2025-02-04 매수 비수기 영향, 25년 업황 회복 예상 SK증권 김도현 I 2025-01-20 매수 일회성 비용 제외하면 선방 하나증권 윤재성,김형준 I 2025-01-16 매수 2025년 스판덱스 업황은 상저하고 전망 iM증권 전유진,장호 I 2025-01-09 매수 25년 이익개선과 그렇지 못한 주가 SK증권 김도현 I 2024-12-19 매수 스판덱스의 투자포인트 여전히 유효 NH투자증권 최영광 I 2024-12-16 매수 CEO Day 후기 신한투자증권 이진명,김명주 I 2024-12-16 N/R 효성화학 특수가스 사업부 인수 관련 코멘트 신한투자증권 이진명,김명주 I 2024-12-13 매수 유증은 없다 IBK투자증권 이동욱"
298020::2024,298020,효성티앤씨,PRIMARY_INDEX_AVAILABLE,PRIMARY_INDEX_NO_CANONICAL_ACTION,200,https://m.irgo.co.kr/IR-COMP/298020,2024-12-19,"{""OE"": [""비용""]}","02-04 매수 비수기 영향, 25년 업황 회복 예상 SK증권 김도현 I 2025-01-20 매수 일회성 비용 제외하면 선방 하나증권 윤재성,김형준 I 2025-01-16 매수 2025년 스판덱스 업황은 상저하고 전망 iM증권 전유진,장호 I 2025-01-09 매수 25년 이익개선과 그렇지 못한 주가 SK증권 김도현 I 2024-12-19 매수 스판덱스의 투자포인트 여전히 유효 NH투자증권 최영광 I 2024-12-16 매수 CEO Day 후기 신한투자증권 이진명,김명주 I 2024-12-16 N/R 효성화학 특수가스 사업부 인수 관련 코멘트 신한투자증권 이진명,김명주 I 2024-12-13 매수 유증은 없다 IBK투자증권 이동욱 I 2024-12-02 매수 실적 전망 및 Valuation NH투자증권 최영광 I 2024-11-11 매수 NDR Review: 중국 수요개선에 주목 SK증권 김도현 I 2024-11-07 매수 우려대비 견조한 펀더멘탈 SK증권 김도현"
298020::2024,298020,효성티앤씨,PRIMARY_INDEX_AVAILABLE,PRIMARY_INDEX_NO_CANONICAL_ACTION,200,https://m.irgo.co.kr/IR-COMP/298020,2024-12-19,"{""OE"": [""비용""]}","2025-02-04 N/R 2024년 4분기 경영실적 해당기업 IR팀 I 2025-02-04 매수 기대 요인은 충분 NH투자증권 최영광 I 2025-02-04 매수 어려운 환경에도 선방한 실적 신한투자증권 이진명,김명주 I 2025-02-04 매수 비수기 영향으로 감익, 25년 개선 예상 SK증권 김도현 I 2025-02-04 매수 비수기 영향, 25년 업황 회복 예상 SK증권 김도현 I 2025-01-20 매수 일회성 비용 제외하면 선방 하나증권 윤재성,김형준 I 2025-01-16 매수 2025년 스판덱스 업황은 상저하고 전망 iM증권 전유진,장호 I 2025-01-09 매수 25년 이익개선과 그렇지 못한 주가 SK증권 김도현 I 2024-12-19 매수 스판덱스의 투자포인트 여전히 유효 NH투자증권 최영광 I 2024-12-16 매수 CEO Day 후기 신한투자증권 이진명,김명주 I 2024-12-16 N/R 효성화학 특수가스 사업부 인수 관련 코멘트 신한투"
298020::2024,298020,효성티앤씨,PRIMARY_INDEX_AVAILABLE,PRIMARY_INDEX_NO_CANONICAL_ACTION,200,https://m.irgo.co.kr/IR-COMP/298020,2024-12-19,"{""OE"": [""비용""]}","4 매수 어려운 환경에도 선방한 실적 신한투자증권 이진명,김명주 I 2025-02-04 매수 비수기 영향으로 감익, 25년 개선 예상 SK증권 김도현 I 2025-02-04 매수 비수기 영향, 25년 업황 회복 예상 SK증권 김도현 I 2025-01-20 매수 일회성 비용 제외하면 선방 하나증권 윤재성,김형준 I 2025-01-16 매수 2025년 스판덱스 업황은 상저하고 전망 iM증권 전유진,장호 I 2025-01-09 매수 25년 이익개선과 그렇지 못한 주가 SK증권 김도현 I 2024-12-19 매수 스판덱스의 투자포인트 여전히 유효 NH투자증권 최영광 I 2024-12-16 매수 CEO Day 후기 신한투자증권 이진명,김명주 I 2024-12-16 N/R 효성화학 특수가스 사업부 인수 관련 코멘트 신한투자증권 이진명,김명주 I 2024-12-13 매수 유증은 없다 IBK투자증권 이동욱 I 2024-12-02 매수 실적 전망 및 Valuation NH투자증권"
298020::2024,298020,효성티앤씨,PRIMARY_INDEX_AVAILABLE,PRIMARY_INDEX_NO_CANONICAL_ACTION,200,https://m.irgo.co.kr/IR-COMP/298020,2024-12-19,,"6 매수 2025년 스판덱스 업황은 상저하고 전망 iM증권 전유진,장호 I 2025-01-09 매수 25년 이익개선과 그렇지 못한 주가 SK증권 김도현 I 2024-12-19 매수 스판덱스의 투자포인트 여전히 유효 NH투자증권 최영광 I 2024-12-16 매수 CEO Day 후기 신한투자증권 이진명,김명주 I 2024-12-16 N/R 효성화학 특수가스 사업부 인수 관련 코멘트 신한투자증권 이진명,김명주 I 2024-12-13 매수 유증은 없다 IBK투자증권 이동욱 I 2024-12-02 매수 실적 전망 및 Valuation NH투자증권 최영광 I 2024-11-11 매수 NDR Review: 중국 수요개선에 주목 SK증권 김도현 I 2024-11-07 매수 우려대비 견조한 펀더멘탈 SK증권 김도현 I 2024-11-01 매수 중국까지 좋아진다면? 신한투자증권 이진명,김명주 I 2024-11-01 매수 가뭄에 내린 단비 NH투자증권 최영광 I 2024-11-01"
298020::2024,298020,효성티앤씨,PRIMARY_INDEX_AVAILABLE,PRIMARY_INDEX_NO_CANONICAL_ACTION,200,https://m.irgo.co.kr/IR-COMP/298020,2024-12-19,,"I 2025-01-09 매수 25년 이익개선과 그렇지 못한 주가 SK증권 김도현 I 2024-12-19 매수 스판덱스의 투자포인트 여전히 유효 NH투자증권 최영광 I 2024-12-16 매수 CEO Day 후기 신한투자증권 이진명,김명주 I 2024-12-16 N/R 효성화학 특수가스 사업부 인수 관련 코멘트 신한투자증권 이진명,김명주 I 2024-12-13 매수 유증은 없다 IBK투자증권 이동욱 I 2024-12-02 매수 실적 전망 및 Valuation NH투자증권 최영광 I 2024-11-11 매수 NDR Review: 중국 수요개선에 주목 SK증권 김도현 I 2024-11-07 매수 우려대비 견조한 펀더멘탈 SK증권 김도현 I 2024-11-01 매수 중국까지 좋아진다면? 신한투자증권 이진명,김명주 I 2024-11-01 매수 가뭄에 내린 단비 NH투자증권 최영광 I 2024-11-01 더보기"
298020::2024,298020,효성티앤씨,PRIMARY_INDEX_AVAILABLE,PRIMARY_INDEX_NO_CANONICAL_ACTION,200,https://m.irgo.co.kr/IR-COMP/298020,2024-12-19,,"도현 I 2024-12-19 매수 스판덱스의 투자포인트 여전히 유효 NH투자증권 최영광 I 2024-12-16 매수 CEO Day 후기 신한투자증권 이진명,김명주 I 2024-12-16 N/R 효성화학 특수가스 사업부 인수 관련 코멘트 신한투자증권 이진명,김명주 I 2024-12-13 매수 유증은 없다 IBK투자증권 이동욱 I 2024-12-02 매수 실적 전망 및 Valuation NH투자증권 최영광 I 2024-11-11 매수 NDR Review: 중국 수요개선에 주목 SK증권 김도현 I 2024-11-07 매수 우려대비 견조한 펀더멘탈 SK증권 김도현 I 2024-11-01 매수 중국까지 좋아진다면? 신한투자증권 이진명,김명주 I 2024-11-01 매수 가뭄에 내린 단비 NH투자증권 최영광 I 2024-11-01 더보기"
298020::2024,298020,효성티앤씨,PRIMARY_INDEX_AVAILABLE,PRIMARY_INDEX_NO_CANONICAL_ACTION,200,https://m.irgo.co.kr/IR-COMP/298020,2024-12-19,"{""OE"": [""비용""]}","영향으로 감익, 25년 개선 예상 SK증권 김도현 I 2025-02-04 매수 비수기 영향, 25년 업황 회복 예상 SK증권 김도현 I 2025-01-20 매수 일회성 비용 제외하면 선방 하나증권 윤재성,김형준 I 2025-01-16 매수 2025년 스판덱스 업황은 상저하고 전망 iM증권 전유진,장호 I 2025-01-09 매수 25년 이익개선과 그렇지 못한 주가 SK증권 김도현 I 2024-12-19 매수 스판덱스의 투자포인트 여전히 유효 NH투자증권 최영광 I 2024-12-16 매수 CEO Day 후기 신한투자증권 이진명,김명주 I 2024-12-16 N/R 효성화학 특수가스 사업부 인수 관련 코멘트 신한투자증권 이진명,김명주 I 2024-12-13 매수 유증은 없다 IBK투자증권 이동욱 I 2024-12-02 매수 실적 전망 및 Valuation NH투자증권 최영광 I 2024-11-11 매수 NDR Review: 중국 수요개선에 주목 SK증권 김도현 I 2"
298830::2024,298830,슈어소프트테크,PRIMARY_INDEX_AVAILABLE,OTHER_EXPERT_NO_CANONICAL_ACTION,200,https://m.irgo.co.kr/IR-COMP/298830,2024-02-28,,"리포트 N/R 디지털 트윈으로 깐부치킨 회동의 핵심 수혜를 예상 리딩투자증권 한제윤 I 2025-11-04 N/R 자동차 & 방위 산업 고도화에 투자하려면 LS증권 정우성 I 2025-03-18 N/R 회사소개 및 주요 사업현황 해당기업 IR팀 I 2024-02-28 N/R 꿈틀대는 우주와 원자력, S/W 검증 수요의 레벨업 KB증권 한제윤 I 2024-02-20 N/R 우려보다는 성장성에 초점을 NH투자증권 심의섭,황지현 I 2023-12-01 N/R 소프트웨어 검증 솔루션의"
298830::2024,298830,슈어소프트테크,PRIMARY_INDEX_AVAILABLE,OTHER_EXPERT_NO_CANONICAL_ACTION,200,https://m.irgo.co.kr/IR-COMP/298830,2024-02-28,,"리포트 N/R 디지털 트윈으로 깐부치킨 회동의 핵심 수혜를 예상 리딩투자증권 한제윤 I 2025-11-04 N/R 자동차 & 방위 산업 고도화에 투자하려면 LS증권 정우성 I 2025-03-18 N/R 회사소개 및 주요 사업현황 해당기업 IR팀 I 2024-02-28 N/R 꿈틀대는 우주와 원자력, S/W 검증 수요의 레벨업 KB증권 한제윤 I 2024-02-20 N/R 우려보다는 성장성에 초점을 NH투자증권 심의섭,황지현 I 2023-12-01 N/R 소프트웨어 검증 솔루션의 일인자 현대차증권 김현용 I 2023-11-20 N/R 소프트웨어가 만드는 미래, 검증 수요도 폭"
302440::2024,302440,SK바이오사이언스,PRIMARY_INDEX_AVAILABLE,EQUITY_REALIZED_ACQUISITION_NONCANONICAL,200,https://m.irgo.co.kr/IR-COMP/302440,2024-04-18,,"4-05-02 N/R 1Q24 Preview: 신중한 모습 한국투자증권 위해주,이승우 I 2024-04-18 N/R 기다림이 필요한 시기 DB금융투자 이명선 I 2024-02-26 N/R 기다림의 시간 삼성증권 서근희 I 2024-02-02 N/R 열심히는 하고 있다 한국투자증권 위해주 I 2024-02-02 N/R 2023년 4분기 경영실적 해당기업 IR팀 I 2024-02-01 N/R 4Q23 Preview: 코로나는 끝나지 않았다 다올투자증권 이지수,임도영 I 2024-01-19 N/R 4Q23 Preview: 아직은 지켜볼 때 한국투자증권 위해주,박정인 I 2024-01-19 매수 구체화된 방향성 확인이 우선 SK증권 이동건 I 2024-01-18 N/R 노바백스 계약 종료 정산금 인식으로 서프라이즈 삼성증권 서근희 I 2023-10-30 N/R 코로나, 그동안 고마웠다 신영증권 정유경 I 2023-10-27 N/R 상반기와 다른 하반기, 흑자 전환 DB금융"
302440::2024,302440,SK바이오사이언스,PRIMARY_INDEX_AVAILABLE,EQUITY_REALIZED_ACQUISITION_NONCANONICAL,200,https://m.irgo.co.kr/IR-COMP/302440,2024-05-02,,"4-05-03 N/R 2024년 1분기 경영실적 해당기업 IR팀 I 2024-05-02 N/R 1Q24 Preview: 신중한 모습 한국투자증권 위해주,이승우 I 2024-04-18 N/R 기다림이 필요한 시기 DB금융투자 이명선 I 2024-02-26 N/R 기다림의 시간 삼성증권 서근희 I 2024-02-02 N/R 열심히는 하고 있다 한국투자증권 위해주 I 2024-02-02 N/R 2023년 4분기 경영실적 해당기업 IR팀 I 2024-02-01 N/R 4Q23 Preview: 코로나는 끝나지 않았다 다올투자증권 이지수,임도영 I 2024-01-19 N/R 4Q23 Preview: 아직은 지켜볼 때 한국투자증권 위해주,박정인 I 2024-01-19 매수 구체화된 방향성 확인이 우선 SK증권 이동건 I 2024-01-18 N/R 노바백스 계약 종료 정산금 인식으로 서프라이즈 삼성증권 서근희 I 2023-10-30 N/R 코로나, 그동안 고마웠다 신영증권 정유경"
302440::2024,302440,SK바이오사이언스,PRIMARY_INDEX_AVAILABLE,EQUITY_REALIZED_ACQUISITION_NONCANONICAL,200,https://m.irgo.co.kr/IR-COMP/302440,2024-05-03,,"N/R 돌파구가 필요한 시점 신영증권 정유경 I 2024-05-03 N/R 길어질 실적 부진 삼성증권 서근희 I 2024-05-03 N/R 길어지는 인고의 시간 다올투자증권 이지수,임도영 I 2024-05-03 N/R 달라질 모습을 기대하며 한국투자증권 위해주,이승우 I 2024-05-03 N/R 2024년 1분기 경영실적 해당기업 IR팀 I 2024-05-02 N/R 1Q24 Preview: 신중한 모습 한국투자증권 위해주,이승우 I 2024-04-18 N/R 기다림이 필요한 시기 DB금융투자 이명선 I 2024-02-26 N/R 기다림의 시간 삼성증권 서근희 I 2024-02-02 N/R 열심히는 하고 있다 한국투자증권 위해주 I 2024-02-02 N/R 2023년 4분기 경영실적 해당기업 IR팀 I 2024-02-01 N/R 4Q23 Preview: 코로나는 끝나지 않았다 다올투자증권 이지수,임도영 I 2024-01-19 N/R 4Q23 Preview: 아"
302440::2024,302440,SK바이오사이언스,PRIMARY_INDEX_AVAILABLE,EQUITY_REALIZED_ACQUISITION_NONCANONICAL,200,https://m.irgo.co.kr/IR-COMP/302440,2024-05-03,,"R 길어질 실적 부진 삼성증권 서근희 I 2024-05-03 N/R 길어지는 인고의 시간 다올투자증권 이지수,임도영 I 2024-05-03 N/R 달라질 모습을 기대하며 한국투자증권 위해주,이승우 I 2024-05-03 N/R 2024년 1분기 경영실적 해당기업 IR팀 I 2024-05-02 N/R 1Q24 Preview: 신중한 모습 한국투자증권 위해주,이승우 I 2024-04-18 N/R 기다림이 필요한 시기 DB금융투자 이명선 I 2024-02-26 N/R 기다림의 시간 삼성증권 서근희 I 2024-02-02 N/R 열심히는 하고 있다 한국투자증권 위해주 I 2024-02-02 N/R 2023년 4분기 경영실적 해당기업 IR팀 I 2024-02-01 N/R 4Q23 Preview: 코로나는 끝나지 않았다 다올투자증권 이지수,임도영 I 2024-01-19 N/R 4Q23 Preview: 아직은 지켜볼 때 한국투자증권 위해주,박정인 I 2024-01-19 매수 구"
302440::2024,302440,SK바이오사이언스,PRIMARY_INDEX_AVAILABLE,EQUITY_REALIZED_ACQUISITION_NONCANONICAL,200,https://m.irgo.co.kr/IR-COMP/302440,2024-05-03,,"수,임도영 I 2024-05-03 N/R 달라질 모습을 기대하며 한국투자증권 위해주,이승우 I 2024-05-03 N/R 2024년 1분기 경영실적 해당기업 IR팀 I 2024-05-02 N/R 1Q24 Preview: 신중한 모습 한국투자증권 위해주,이승우 I 2024-04-18 N/R 기다림이 필요한 시기 DB금융투자 이명선 I 2024-02-26 N/R 기다림의 시간 삼성증권 서근희 I 2024-02-02 N/R 열심히는 하고 있다 한국투자증권 위해주 I 2024-02-02 N/R 2023년 4분기 경영실적 해당기업 IR팀 I 2024-02-01 N/R 4Q23 Preview: 코로나는 끝나지 않았다 다올투자증권 이지수,임도영 I 2024-01-19 N/R 4Q23 Preview: 아직은 지켜볼 때 한국투자증권 위해주,박정인 I 2024-01-19 매수 구체화된 방향성 확인이 우선 SK증권 이동건 I 2024-01-18 N/R 노바백스 계약 종료 정산금 인식으"
302440::2024,302440,SK바이오사이언스,PRIMARY_INDEX_AVAILABLE,EQUITY_REALIZED_ACQUISITION_NONCANONICAL,200,https://m.irgo.co.kr/IR-COMP/302440,2024-07-31,,"/R 2024년 2분기 경영실적 해당기업 IR팀 I 2024-07-31 N/R 돌파구가 필요한 시점 신영증권 정유경 I 2024-05-03 N/R 길어질 실적 부진 삼성증권 서근희 I 2024-05-03 N/R 길어지는 인고의 시간 다올투자증권 이지수,임도영 I 2024-05-03 N/R 달라질 모습을 기대하며 한국투자증권 위해주,이승우 I 2024-05-03 N/R 2024년 1분기 경영실적 해당기업 IR팀 I 2024-05-02 N/R 1Q24 Preview: 신중한 모습 한국투자증권 위해주,이승우 I 2024-04-18 N/R 기다림이 필요한 시기 DB금융투자 이명선 I 2024-02-26 N/R 기다림의 시간 삼성증권 서근희 I 2024-02-02 N/R 열심히는 하고 있다 한국투자증권 위해주 I 2024-02-02 N/R 2023년 4분기 경영실적 해당기업 IR팀 I 2024-02-01 N/R 4Q23 Preview: 코로나는 끝나지 않았다 다올투자증권 이"
302440::2024,302440,SK바이오사이언스,PRIMARY_INDEX_AVAILABLE,EQUITY_REALIZED_ACQUISITION_NONCANONICAL,200,https://m.irgo.co.kr/IR-COMP/302440,2024-08-01,,"적인 개선 사이 한국투자증권 위해주 I 2024-08-01 N/R 2024년 2분기 경영실적 해당기업 IR팀 I 2024-07-31 N/R 돌파구가 필요한 시점 신영증권 정유경 I 2024-05-03 N/R 길어질 실적 부진 삼성증권 서근희 I 2024-05-03 N/R 길어지는 인고의 시간 다올투자증권 이지수,임도영 I 2024-05-03 N/R 달라질 모습을 기대하며 한국투자증권 위해주,이승우 I 2024-05-03 N/R 2024년 1분기 경영실적 해당기업 IR팀 I 2024-05-02 N/R 1Q24 Preview: 신중한 모습 한국투자증권 위해주,이승우 I 2024-04-18 N/R 기다림이 필요한 시기 DB금융투자 이명선 I 2024-02-26 N/R 기다림의 시간 삼성증권 서근희 I 2024-02-02 N/R 열심히는 하고 있다 한국투자증권 위해주 I 2024-02-02 N/R 2023년 4분기 경영실적 해당기업 IR팀 I 2024-02-01 N/R 4"
302440::2024,302440,SK바이오사이언스,PRIMARY_INDEX_AVAILABLE,EQUITY_REALIZED_ACQUISITION_NONCANONICAL,200,https://m.irgo.co.kr/IR-COMP/302440,2024-08-29,,"기로 DB금융투자 이명선 I 2024-08-29 N/R 큰 변화와 점진적인 개선 사이 한국투자증권 위해주 I 2024-08-01 N/R 2024년 2분기 경영실적 해당기업 IR팀 I 2024-07-31 N/R 돌파구가 필요한 시점 신영증권 정유경 I 2024-05-03 N/R 길어질 실적 부진 삼성증권 서근희 I 2024-05-03 N/R 길어지는 인고의 시간 다올투자증권 이지수,임도영 I 2024-05-03 N/R 달라질 모습을 기대하며 한국투자증권 위해주,이승우 I 2024-05-03 N/R 2024년 1분기 경영실적 해당기업 IR팀 I 2024-05-02 N/R 1Q24 Preview: 신중한 모습 한국투자증권 위해주,이승우 I 2024-04-18 N/R 기다림이 필요한 시기 DB금융투자 이명선 I 2024-02-26 N/R 기다림의 시간 삼성증권 서근희 I 2024-02-02 N/R 열심히는 하고 있다 한국투자증권 위해주 I 2024-02-02 N/R 20"
302440::2024,302440,SK바이오사이언스,PRIMARY_INDEX_AVAILABLE,EQUITY_REALIZED_ACQUISITION_NONCANONICAL,200,https://m.irgo.co.kr/IR-COMP/302440,2024-10-24,,"0-24 N/R 2024년 3분기 경영실적 해당기업 IR팀 I 2024-10-24 N/R 변화의 기로 DB금융투자 이명선 I 2024-08-29 N/R 큰 변화와 점진적인 개선 사이 한국투자증권 위해주 I 2024-08-01 N/R 2024년 2분기 경영실적 해당기업 IR팀 I 2024-07-31 N/R 돌파구가 필요한 시점 신영증권 정유경 I 2024-05-03 N/R 길어질 실적 부진 삼성증권 서근희 I 2024-05-03 N/R 길어지는 인고의 시간 다올투자증권 이지수,임도영 I 2024-05-03 N/R 달라질 모습을 기대하며 한국투자증권 위해주,이승우 I 2024-05-03 N/R 2024년 1분기 경영실적 해당기업 IR팀 I 2024-05-02 N/R 1Q24 Preview: 신중한 모습 한국투자증권 위해주,이승우 I 2024-04-18 N/R 기다림이 필요한 시기 DB금융투자 이명선 I 2024-02-26 N/R 기다림의 시간 삼성증권 서근희 I 202"
302440::2024,302440,SK바이오사이언스,PRIMARY_INDEX_AVAILABLE,EQUITY_REALIZED_ACQUISITION_NONCANONICAL,200,https://m.irgo.co.kr/IR-COMP/302440,2024-10-24,,"024.3Q Earnings Release 해당기업 IR팀 I 2024-10-24 N/R 2024년 3분기 경영실적 해당기업 IR팀 I 2024-10-24 N/R 변화의 기로 DB금융투자 이명선 I 2024-08-29 N/R 큰 변화와 점진적인 개선 사이 한국투자증권 위해주 I 2024-08-01 N/R 2024년 2분기 경영실적 해당기업 IR팀 I 2024-07-31 N/R 돌파구가 필요한 시점 신영증권 정유경 I 2024-05-03 N/R 길어질 실적 부진 삼성증권 서근희 I 2024-05-03 N/R 길어지는 인고의 시간 다올투자증권 이지수,임도영 I 2024-05-03 N/R 달라질 모습을 기대하며 한국투자증권 위해주,이승우 I 2024-05-03 N/R 2024년 1분기 경영실적 해당기업 IR팀 I 2024-05-02 N/R 1Q24 Preview: 신중한 모습 한국투자증권 위해주,이승우 I 2024-04-18 N/R 기다림이 필요한 시기 DB금융투자 이명"
302440::2024,302440,SK바이오사이언스,PRIMARY_INDEX_AVAILABLE,EQUITY_REALIZED_ACQUISITION_NONCANONICAL,200,https://m.irgo.co.kr/IR-COMP/302440,2024-10-28,,"바이오로지카 인수로 사업 다변화 삼성증권 서근희 I 2024-10-28 N/R 2024.3Q Earnings Release 해당기업 IR팀 I 2024-10-24 N/R 2024년 3분기 경영실적 해당기업 IR팀 I 2024-10-24 N/R 변화의 기로 DB금융투자 이명선 I 2024-08-29 N/R 큰 변화와 점진적인 개선 사이 한국투자증권 위해주 I 2024-08-01 N/R 2024년 2분기 경영실적 해당기업 IR팀 I 2024-07-31 N/R 돌파구가 필요한 시점 신영증권 정유경 I 2024-05-03 N/R 길어질 실적 부진 삼성증권 서근희 I 2024-05-03 N/R 길어지는 인고의 시간 다올투자증권 이지수,임도영 I 2024-05-03 N/R 달라질 모습을 기대하며 한국투자증권 위해주,이승우 I 2024-05-03 N/R 2024년 1분기 경영실적 해당기업 IR팀 I 2024-05-02 N/R 1Q24 Preview: 신중한 모습 한국투자증권 위"
302440::2024,302440,SK바이오사이언스,PRIMARY_INDEX_AVAILABLE,EQUITY_REALIZED_ACQUISITION_NONCANONICAL,200,https://m.irgo.co.kr/IR-COMP/302440,2024-10-29,,"/R 차근차근 나아가는 중 대신증권 이희영 I 2024-10-29 N/R IDT바이오로지카 인수로 사업 다변화 삼성증권 서근희 I 2024-10-28 N/R 2024.3Q Earnings Release 해당기업 IR팀 I 2024-10-24 N/R 2024년 3분기 경영실적 해당기업 IR팀 I 2024-10-24 N/R 변화의 기로 DB금융투자 이명선 I 2024-08-29 N/R 큰 변화와 점진적인 개선 사이 한국투자증권 위해주 I 2024-08-01 N/R 2024년 2분기 경영실적 해당기업 IR팀 I 2024-07-31 N/R 돌파구가 필요한 시점 신영증권 정유경 I 2024-05-03 N/R 길어질 실적 부진 삼성증권 서근희 I 2024-05-03 N/R 길어지는 인고의 시간 다올투자증권 이지수,임도영 I 2024-05-03 N/R 달라질 모습을 기대하며 한국투자증권 위해주,이승우 I 2024-05-03 N/R 2024년 1분기 경영실적 해당기업 IR팀 I"
302440::2024,302440,SK바이오사이언스,PRIMARY_INDEX_AVAILABLE,EQUITY_REALIZED_ACQUISITION_NONCANONICAL,200,https://m.irgo.co.kr/IR-COMP/302440,2024-11-11,,"07-09 매수 PCV 블록버스터를 기대하며 흥국증권 이지원,송지원 I 2025-05-21 N/R CDMO 자회사 조기 턴어라운드 진입 대신증권 이희영 I 2025-05-08 N/R 2025.1Q Earnings Release 해당기업 IR팀 I 2025-05-07 N/R 2025년 1분기 경영실적 해당기업 IR팀 I 2025-05-07 N/R IDT 인수 효과로 탑라인은 성장 한국투자증권 위해주,이다용 I 2025-03-31 N/R 2024.4Q Earnings Release 해당기업 IR팀 I 2025-02-05 N/R 2024년 4분기 경영실적 해당기업 IR팀 I 2025-02-05 매수 실적은 아쉽지만 흥국증권 이지원,송지원 I 2024-11-11 N/R 차근차근 나아가는 중 대신증권 이희영 I 2024-10-29 N/R IDT바이오로지카 인수로 사업 다변화 삼성증권 서근희 I 2024-10-28 N/R 2024.3Q Earnings Release 해당기업"
302440::2024,302440,SK바이오사이언스,PRIMARY_INDEX_AVAILABLE,EQUITY_REALIZED_ACQUISITION_NONCANONICAL,200,https://m.irgo.co.kr/IR-COMP/302440,2024-11-11,,"24년 4분기 경영실적 해당기업 IR팀 I 2025-02-05 매수 실적은 아쉽지만 흥국증권 이지원,송지원 I 2024-11-11 N/R 차근차근 나아가는 중 대신증권 이희영 I 2024-10-29 N/R IDT바이오로지카 인수로 사업 다변화 삼성증권 서근희 I 2024-10-28 N/R 2024.3Q Earnings Release 해당기업 IR팀 I 2024-10-24 N/R 2024년 3분기 경영실적 해당기업 IR팀 I 2024-10-24 N/R 변화의 기로 DB금융투자 이명선 I 2024-08-29 N/R 큰 변화와 점진적인 개선 사이 한국투자증권 위해주 I 2024-08-01 N/R 2024년 2분기 경영실적 해당기업 IR팀 I 2024-07-31 N/R 돌파구가 필요한 시점 신영증권 정유경 I 2024-05-03 N/R 길어질 실적 부진 삼성증권 서근희 I 2024-05-03 N/R 길어지는 인고의 시간 다올투자증권 이지수,임도영 I 2024-05-03 N"
302440::2024,302440,SK바이오사이언스,PRIMARY_INDEX_AVAILABLE,EQUITY_REALIZED_ACQUISITION_NONCANONICAL,200,https://m.irgo.co.kr/IR-COMP/302440,2024-11-11,,"I 2025-05-07 N/R 2025년 1분기 경영실적 해당기업 IR팀 I 2025-05-07 N/R IDT 인수 효과로 탑라인은 성장 한국투자증권 위해주,이다용 I 2025-03-31 N/R 2024.4Q Earnings Release 해당기업 IR팀 I 2025-02-05 N/R 2024년 4분기 경영실적 해당기업 IR팀 I 2025-02-05 매수 실적은 아쉽지만 흥국증권 이지원,송지원 I 2024-11-11 N/R 차근차근 나아가는 중 대신증권 이희영 I 2024-10-29 N/R IDT바이오로지카 인수로 사업 다변화 삼성증권 서근희 I 2024-10-28 N/R 2024.3Q Earnings Release 해당기업 IR팀 I 2024-10-24 N/R 2024년 3분기 경영실적 해당기업 IR팀 I 2024-10-24 N/R 변화의 기로 DB금융투자 이명선 I 2024-08-29 N/R 큰 변화와 점진적인 개선 사이 한국투자증권 위해주 I 2024-08-0"
302440::2024,302440,SK바이오사이언스,PRIMARY_INDEX_AVAILABLE,EQUITY_REALIZED_ACQUISITION_NONCANONICAL,200,https://m.irgo.co.kr/IR-COMP/302440,2024-11-11,,"I 2025-05-07 N/R IDT 인수 효과로 탑라인은 성장 한국투자증권 위해주,이다용 I 2025-03-31 N/R 2024.4Q Earnings Release 해당기업 IR팀 I 2025-02-05 N/R 2024년 4분기 경영실적 해당기업 IR팀 I 2025-02-05 매수 실적은 아쉽지만 흥국증권 이지원,송지원 I 2024-11-11 N/R 차근차근 나아가는 중 대신증권 이희영 I 2024-10-29 N/R IDT바이오로지카 인수로 사업 다변화 삼성증권 서근희 I 2024-10-28 N/R 2024.3Q Earnings Release 해당기업 IR팀 I 2024-10-24 N/R 2024년 3분기 경영실적 해당기업 IR팀 I 2024-10-24 N/R 변화의 기로 DB금융투자 이명선 I 2024-08-29 N/R 큰 변화와 점진적인 개선 사이 한국투자증권 위해주 I 2024-08-01 N/R 2024년 2분기 경영실적 해당기업 IR팀 I 2024-07-3"
302440::2024,302440,SK바이오사이언스,PRIMARY_INDEX_AVAILABLE,EQUITY_REALIZED_ACQUISITION_NONCANONICAL,200,https://m.irgo.co.kr/IR-COMP/302440,2024-11-11,,"I 2025-05-08 N/R 2025.1Q Earnings Release 해당기업 IR팀 I 2025-05-07 N/R 2025년 1분기 경영실적 해당기업 IR팀 I 2025-05-07 N/R IDT 인수 효과로 탑라인은 성장 한국투자증권 위해주,이다용 I 2025-03-31 N/R 2024.4Q Earnings Release 해당기업 IR팀 I 2025-02-05 N/R 2024년 4분기 경영실적 해당기업 IR팀 I 2025-02-05 매수 실적은 아쉽지만 흥국증권 이지원,송지원 I 2024-11-11 N/R 차근차근 나아가는 중 대신증권 이희영 I 2024-10-29 N/R IDT바이오로지카 인수로 사업 다변화 삼성증권 서근희 I 2024-10-28 N/R 2024.3Q Earnings Release 해당기업 IR팀 I 2024-10-24 N/R 2024년 3분기 경영실적 해당기업 IR팀 I 2024-10-24 N/R 변화의 기로 DB금융투자 이명선 I 202"
302440::2024,302440,SK바이오사이언스,PRIMARY_INDEX_AVAILABLE,EQUITY_REALIZED_ACQUISITION_NONCANONICAL,200,https://m.irgo.co.kr/IR-COMP/302440,2024-11-11,,"I 2025-05-21 N/R CDMO 자회사 조기 턴어라운드 진입 대신증권 이희영 I 2025-05-08 N/R 2025.1Q Earnings Release 해당기업 IR팀 I 2025-05-07 N/R 2025년 1분기 경영실적 해당기업 IR팀 I 2025-05-07 N/R IDT 인수 효과로 탑라인은 성장 한국투자증권 위해주,이다용 I 2025-03-31 N/R 2024.4Q Earnings Release 해당기업 IR팀 I 2025-02-05 N/R 2024년 4분기 경영실적 해당기업 IR팀 I 2025-02-05 매수 실적은 아쉽지만 흥국증권 이지원,송지원 I 2024-11-11 N/R 차근차근 나아가는 중 대신증권 이희영 I 2024-10-29 N/R IDT바이오로지카 인수로 사업 다변화 삼성증권 서근희 I 2024-10-28 N/R 2024.3Q Earnings Release 해당기업 IR팀 I 2024-10-24 N/R 2024년 3분기 경영실적 해당"
302440::2024,302440,SK바이오사이언스,PRIMARY_INDEX_AVAILABLE,EQUITY_REALIZED_ACQUISITION_NONCANONICAL,200,https://m.irgo.co.kr/IR-COMP/302440,2024-11-11,,"ings Release 해당기업 IR팀 I 2025-02-05 N/R 2024년 4분기 경영실적 해당기업 IR팀 I 2025-02-05 매수 실적은 아쉽지만 흥국증권 이지원,송지원 I 2024-11-11 N/R 차근차근 나아가는 중 대신증권 이희영 I 2024-10-29 N/R IDT바이오로지카 인수로 사업 다변화 삼성증권 서근희 I 2024-10-28 N/R 2024.3Q Earnings Release 해당기업 IR팀 I 2024-10-24 N/R 2024년 3분기 경영실적 해당기업 IR팀 I 2024-10-24 N/R 변화의 기로 DB금융투자 이명선 I 2024-08-29 N/R 큰 변화와 점진적인 개선 사이 한국투자증권 위해주 I 2024-08-01 N/R 2024년 2분기 경영실적 해당기업 IR팀 I 2024-07-31 N/R 돌파구가 필요한 시점 신영증권 정유경 I 2024-05-03 N/R 길어질 실적 부진 삼성증권 서근희 I 2024-05-03 N/R"
302440::2024,302440,SK바이오사이언스,PRIMARY_INDEX_AVAILABLE,EQUITY_REALIZED_ACQUISITION_NONCANONICAL,200,https://m.irgo.co.kr/IR-COMP/302440,2024-11-11,,"실적은 아쉽지만 흥국증권 이지원,송지원 I 2024-11-11 N/R 차근차근 나아가는 중 대신증권 이희영 I 2024-10-29 N/R IDT바이오로지카 인수로 사업 다변화 삼성증권 서근희 I 2024-10-28 N/R 2024.3Q Earnings Release 해당기업 IR팀 I 2024-10-24 N/R 2024년 3분기 경영실적 해당기업 IR팀 I 2024-10-24 N/R 변화의 기로 DB금융투자 이명선 I 2024-08-29 N/R 큰 변화와 점진적인 개선 사이 한국투자증권 위해주 I 2024-08-01 N/R 2024년 2분기 경영실적 해당기업 IR팀 I 2024-07-31 N/R 돌파구가 필요한 시점 신영증권 정유경 I 2024-05-03 N/R 길어질 실적 부진 삼성증권 서근희 I 2024-05-03 N/R 길어지는 인고의 시간 다올투자증권 이지수,임도영 I 2024-05-03 N/R 달라질 모습을 기대하며 한국투자증권 위해주,이승우 I 2024-"
302440::2024,302440,SK바이오사이언스,PRIMARY_INDEX_AVAILABLE,EQUITY_REALIZED_ACQUISITION_NONCANONICAL,200,https://m.irgo.co.kr/IR-COMP/302440,2024-11-11,,"한국투자증권 위해주,이다용 I 2025-03-31 N/R 2024.4Q Earnings Release 해당기업 IR팀 I 2025-02-05 N/R 2024년 4분기 경영실적 해당기업 IR팀 I 2025-02-05 매수 실적은 아쉽지만 흥국증권 이지원,송지원 I 2024-11-11 N/R 차근차근 나아가는 중 대신증권 이희영 I 2024-10-29 N/R IDT바이오로지카 인수로 사업 다변화 삼성증권 서근희 I 2024-10-28 N/R 2024.3Q Earnings Release 해당기업 IR팀 I 2024-10-24 N/R 2024년 3분기 경영실적 해당기업 IR팀 I 2024-10-24 N/R 변화의 기로 DB금융투자 이명선 I 2024-08-29 N/R 큰 변화와 점진적인 개선 사이 한국투자증권 위해주 I 2024-08-01 N/R 2024년 2분기 경영실적 해당기업 IR팀 I 2024-07-31 N/R 돌파구가 필요한 시점 신영증권 정유경 I 2024-0"
307950::2024,307950,현대오토에버,SECONDARY_SUMMARY_ONLY,PRIMARY_UNAVAILABLE_AFTER_PASS2,200,https://m.irgo.co.kr/IR-COMP/307950,,,
310870::2024,310870,디와이씨,SECONDARY_SUMMARY_ONLY,PRIMARY_UNAVAILABLE_AFTER_PASS2,200,https://m.irgo.co.kr/IR-COMP/310870,2024-12-20,,"리포트 N/R IPO 기업 업데이트: 내년엔 회복 한국투자증권 윤철환 I 2024-12-20 N/R 자동차 파워트레인 부품 전문 기업 한국투자증권 윤철환,박정인 I 2024-05-27 N/R 해외에서 인정받는 자동차 부품 기업 한국투자증권 윤철환,이도희 I 2023-12-07 N/R 해외에서 인정받는 파워"
310870::2024,310870,디와이씨,SECONDARY_SUMMARY_ONLY,PRIMARY_UNAVAILABLE_AFTER_PASS2,200,https://m.irgo.co.kr/IR-COMP/310870,2024-12-20,,"리포트 N/R IPO 기업 업데이트: 내년엔 회복 한국투자증권 윤철환 I 2024-12-20 N/R 자동차 파워트레인 부품 전문 기업 한국투자증권 윤철환,박정인 I 2024-05-27 N/R 해외에서 인정받는 자동차 부품 기업 한국투자증권 윤철환,이도희 I 2023-12-07 N/R 해외에서 인정받는 파워트레인 전문 기업 한국투자증권 윤철환 I 2023-06-22 더보기"
314140::2024,314140,알피바이오,SECONDARY_SUMMARY_ONLY,SECONDARY_SUMMARY_ONLY_NO_CANONICAL_ACTION,200,https://m.irgo.co.kr/IR-COMP/314140,2024-06-24,,"리포트 N/R 회사소개 및 주요 사업현황 해당기업 IR팀 I 2025-07-23 N/R IPO 기업 업데이트: 실적 성장의 원년 한국투자증권 위해주,이다용 I 2025-06-13 N/R IPO 기업 업데이트: 신제품 출시를 통한 성장 필요 한국투자증권 위해주,이승우 I 2024-06-24 N/R 의약품 공장은 풀가동, 수익성 개선만 남았다 한국투자증권 위해주,강은지 I 2023-06-23 N/R 충분한 먹거리, 쉬어갈 날이 없다 상상인증권 이소중 I 2023-05-15 N/R 주문이 폭주해서 더 받"
317830::2024,317830,에스피시스템스,SECONDARY_SUMMARY_ONLY,PRIMARY_UNAVAILABLE_AFTER_PASS2,200,https://m.irgo.co.kr/IR-COMP/317830,2024-06-04,,"리포트 N/R 본업의 성장, 신사업의 진일보 기대 한국투자증권 윤철환,박정인 I 2024-06-04 N/R 똑똑해지는 공장 한국투자증권 김진우 I 2022-06-14 N/R 6월 중소기업 Discovery IBK투자증권 문경준 I 2020-06-30 N/R 스마트 팩토리시대 선도하는 산업용 로봇 기업 한국투자증권"
328380::2024,328380,솔트웨어,PRIMARY_INDEX_AVAILABLE,EQUITY_PRIMARY_NONCANONICAL_BUSINESS_EXPANSION,200,https://m.irgo.co.kr/IR-COMP/328380,2024-12-24,,리포트 N/R AWS 연계 사업 본격화 미래에셋증권 김수진 I 2025-06-18 N/R MSP를 넘어 프라이빗 LLM 개발 본격화 미래에셋증권 김수진 I 2024-12-24 N/R 고객 맞춤형 클라우드 서비스 전문 기업 미래에셋증권 김수진 I 2024-06-26 N/R 하이브리드 클라우드 서비스로 사업 영역 확장 중 미래에셋증권 김수진 I 2023-12-07 더보기
333620::2024,333620,엔시스,SECONDARY_SUMMARY_ONLY,PRIMARY_REPORT_NO_CANONICAL_ACTION,200,https://m.irgo.co.kr/IR-COMP/333620,2024-08-27,"{""OE"": [""비용"", ""효율""]}","리포트 N/R 전기차 화재에 특화된 비전 검사, 전고체 배터리 기업 하나증권 최재호 I 2024-08-27 N/R 전고체까지 준비 중인 2차전지 장비계의 떠오르는 스타 KB증권 한제윤 I 2024-07-29 N/R 비용 효율성 제고 미래에셋증권 박준서 I 2023-12-21 N/R 주요 고객의 글로벌 투자 확대 수혜 기"
333620::2024,333620,엔시스,SECONDARY_SUMMARY_ONLY,PRIMARY_REPORT_NO_CANONICAL_ACTION,200,https://m.irgo.co.kr/IR-COMP/333620,2024-08-27,"{""OE"": [""비용"", ""효율""]}","리포트 N/R 전기차 화재에 특화된 비전 검사, 전고체 배터리 기업 하나증권 최재호 I 2024-08-27 N/R 전고체까지 준비 중인 2차전지 장비계의 떠오르는 스타 KB증권 한제윤 I 2024-07-29 N/R 비용 효율성 제고 미래에셋증권 박준서 I 2023-12-21 N/R 주요 고객의 글로벌 투자 확대 수혜 기대 유진투자증권 박종선 I 2022-03-03 N/R 팔방미인 2차전지 검사장비 부국증권 김성환 I"
335870::2024,335870,윙스풋,SECONDARY_SUMMARY_ONLY,SECONDARY_SUMMARY_ONLY_NO_CANONICAL_ACTION,200,https://m.irgo.co.kr/IR-COMP/335870,2024-05-30,,"리포트 N/R 브랜드 IP 확대를 통한 성장의 원년 IBK투자증권 남성현 I 2024-05-30 N/R 비상, 발에 날개를 달았다 IBK투자증권 남성현,손호성 I 2023-12-28 N/R 유통채널, 자체 브랜드를 모두 갖춘 신발 전문가 IBK투자증권 이건재 I 2022-12-07 더보기"
339770::2024,339770,교촌에프앤비,PRIMARY_INDEX_AVAILABLE,PRIMARY_REPORT_NO_CANONICAL_ACTION,200,https://m.irgo.co.kr/IR-COMP/339770,2024-05-17,"{""OE"": [""마진"", ""비용"", ""절감""]}","종사자들은 사기(Buy) 시작했다. IBK투자증권 남성현 I 2024-05-17 매수 1Q24 Review: 가맹 지역본부 직영 전환 추진 긍정적 유진투자증권 박종선 I 2024-05-14 N/R 2024년 1분기 실적발표 해당기업 IR팀 I 2024-05-13 N/R 2023년 4분기 실적발표 해당기업 IR팀 I 2024-03-20 매수 1분기 마진 효과 지속 IBK투자증권 남성현 I 2024-03-20 매수 두 마리 토끼를 잡자 IBK투자증권 남성현 I 2024-02-22 매수 4Q23 Review: 수익성 회복 긍정적, 매출 성장 기대 유진투자증권 박종선 I 2024-02-08 N/R 명가의 재건을 기대 IBK투자증권 남성현 I 2024-01-24 매수 3Q23 Review: 시장 기대치 크게 상회, 비용 절감에 따른 수익성 회복 긍정적. 유진투자증권 박종선 I 2023-11-13 매수 2Q23 Review: 시장 기대치 하회했으나, 비용 절감에 따른 수익성"
339770::2024,339770,교촌에프앤비,PRIMARY_INDEX_AVAILABLE,PRIMARY_REPORT_NO_CANONICAL_ACTION,200,https://m.irgo.co.kr/IR-COMP/339770,2024-06-21,"{""OE"": [""마진"", ""비용"", ""절감""]}","및 주요 경영현황 해당기업 IR팀 I 2024-06-21 매수 치킨 업계 종사자들은 사기(Buy) 시작했다. IBK투자증권 남성현 I 2024-05-17 매수 1Q24 Review: 가맹 지역본부 직영 전환 추진 긍정적 유진투자증권 박종선 I 2024-05-14 N/R 2024년 1분기 실적발표 해당기업 IR팀 I 2024-05-13 N/R 2023년 4분기 실적발표 해당기업 IR팀 I 2024-03-20 매수 1분기 마진 효과 지속 IBK투자증권 남성현 I 2024-03-20 매수 두 마리 토끼를 잡자 IBK투자증권 남성현 I 2024-02-22 매수 4Q23 Review: 수익성 회복 긍정적, 매출 성장 기대 유진투자증권 박종선 I 2024-02-08 N/R 명가의 재건을 기대 IBK투자증권 남성현 I 2024-01-24 매수 3Q23 Review: 시장 기대치 크게 상회, 비용 절감에 따른 수익성 회복 긍정적. 유진투자증권 박종선 I 2023-11-13 매수"
339770::2024,339770,교촌에프앤비,PRIMARY_INDEX_AVAILABLE,PRIMARY_REPORT_NO_CANONICAL_ACTION,200,https://m.irgo.co.kr/IR-COMP/339770,2024-07-04,"{""OE"": [""마진""]}","24-07-25 매수 2분기 적자가 반가운 이유 IBK투자증권 남성현 I 2024-07-04 N/R 회사소개 및 주요 경영현황 해당기업 IR팀 I 2024-06-21 매수 치킨 업계 종사자들은 사기(Buy) 시작했다. IBK투자증권 남성현 I 2024-05-17 매수 1Q24 Review: 가맹 지역본부 직영 전환 추진 긍정적 유진투자증권 박종선 I 2024-05-14 N/R 2024년 1분기 실적발표 해당기업 IR팀 I 2024-05-13 N/R 2023년 4분기 실적발표 해당기업 IR팀 I 2024-03-20 매수 1분기 마진 효과 지속 IBK투자증권 남성현 I 2024-03-20 매수 두 마리 토끼를 잡자 IBK투자증권 남성현 I 2024-02-22 매수 4Q23 Review: 수익성 회복 긍정적, 매출 성장 기대 유진투자증권 박종선 I 2024-02-08 N/R 명가의 재건을 기대 IBK투자증권 남성현 I 2024-01-24 매수 3Q23 Review: 시장"
339770::2024,339770,교촌에프앤비,PRIMARY_INDEX_AVAILABLE,PRIMARY_REPORT_NO_CANONICAL_ACTION,200,https://m.irgo.co.kr/IR-COMP/339770,2024-07-25,"{""OE"": [""마진""]}","지역본부 직영화로, 하반기 수익성 개선 기대 유진투자증권 박종선 I 2024-07-25 매수 2분기 적자가 반가운 이유 IBK투자증권 남성현 I 2024-07-04 N/R 회사소개 및 주요 경영현황 해당기업 IR팀 I 2024-06-21 매수 치킨 업계 종사자들은 사기(Buy) 시작했다. IBK투자증권 남성현 I 2024-05-17 매수 1Q24 Review: 가맹 지역본부 직영 전환 추진 긍정적 유진투자증권 박종선 I 2024-05-14 N/R 2024년 1분기 실적발표 해당기업 IR팀 I 2024-05-13 N/R 2023년 4분기 실적발표 해당기업 IR팀 I 2024-03-20 매수 1분기 마진 효과 지속 IBK투자증권 남성현 I 2024-03-20 매수 두 마리 토끼를 잡자 IBK투자증권 남성현 I 2024-02-22 매수 4Q23 Review: 수익성 회복 긍정적, 매출 성장 기대 유진투자증권 박종선 I 2024-02-08 N/R 명가의 재건을 기대 IBK"
339770::2024,339770,교촌에프앤비,PRIMARY_INDEX_AVAILABLE,PRIMARY_REPORT_NO_CANONICAL_ACTION,200,https://m.irgo.co.kr/IR-COMP/339770,2024-08-14,"{""OE"": [""마진""]}","당기업 IR팀 I 2024-08-14 매수 2Q24 Preview: 가맹 지역본부 직영화로, 하반기 수익성 개선 기대 유진투자증권 박종선 I 2024-07-25 매수 2분기 적자가 반가운 이유 IBK투자증권 남성현 I 2024-07-04 N/R 회사소개 및 주요 경영현황 해당기업 IR팀 I 2024-06-21 매수 치킨 업계 종사자들은 사기(Buy) 시작했다. IBK투자증권 남성현 I 2024-05-17 매수 1Q24 Review: 가맹 지역본부 직영 전환 추진 긍정적 유진투자증권 박종선 I 2024-05-14 N/R 2024년 1분기 실적발표 해당기업 IR팀 I 2024-05-13 N/R 2023년 4분기 실적발표 해당기업 IR팀 I 2024-03-20 매수 1분기 마진 효과 지속 IBK투자증권 남성현 I 2024-03-20 매수 두 마리 토끼를 잡자 IBK투자증권 남성현 I 2024-02-22 매수 4Q23 Review: 수익성 회복 긍정적, 매출 성장 기대 유"
339770::2024,339770,교촌에프앤비,PRIMARY_INDEX_AVAILABLE,PRIMARY_REPORT_NO_CANONICAL_ACTION,200,https://m.irgo.co.kr/IR-COMP/339770,2024-08-16,"{""OE"": [""마진""]}","매수 2Q24 Review: 직영 전환 마무리로 수익성 개선 기대 유진투자증권 박종선 I 2024-08-16 N/R 2024년 2분기 실적발표 해당기업 IR팀 I 2024-08-14 매수 2Q24 Preview: 가맹 지역본부 직영화로, 하반기 수익성 개선 기대 유진투자증권 박종선 I 2024-07-25 매수 2분기 적자가 반가운 이유 IBK투자증권 남성현 I 2024-07-04 N/R 회사소개 및 주요 경영현황 해당기업 IR팀 I 2024-06-21 매수 치킨 업계 종사자들은 사기(Buy) 시작했다. IBK투자증권 남성현 I 2024-05-17 매수 1Q24 Review: 가맹 지역본부 직영 전환 추진 긍정적 유진투자증권 박종선 I 2024-05-14 N/R 2024년 1분기 실적발표 해당기업 IR팀 I 2024-05-13 N/R 2023년 4분기 실적발표 해당기업 IR팀 I 2024-03-20 매수 1분기 마진 효과 지속 IBK투자증권 남성현 I 2024-03"
339770::2024,339770,교촌에프앤비,PRIMARY_INDEX_AVAILABLE,PRIMARY_REPORT_NO_CANONICAL_ACTION,200,https://m.irgo.co.kr/IR-COMP/339770,2024-08-16,"{""OE"": [""마진""]}","자증권 박종선 I 2024-08-16 N/R 2024년 2분기 실적발표 해당기업 IR팀 I 2024-08-14 매수 2Q24 Preview: 가맹 지역본부 직영화로, 하반기 수익성 개선 기대 유진투자증권 박종선 I 2024-07-25 매수 2분기 적자가 반가운 이유 IBK투자증권 남성현 I 2024-07-04 N/R 회사소개 및 주요 경영현황 해당기업 IR팀 I 2024-06-21 매수 치킨 업계 종사자들은 사기(Buy) 시작했다. IBK투자증권 남성현 I 2024-05-17 매수 1Q24 Review: 가맹 지역본부 직영 전환 추진 긍정적 유진투자증권 박종선 I 2024-05-14 N/R 2024년 1분기 실적발표 해당기업 IR팀 I 2024-05-13 N/R 2023년 4분기 실적발표 해당기업 IR팀 I 2024-03-20 매수 1분기 마진 효과 지속 IBK투자증권 남성현 I 2024-03-20 매수 두 마리 토끼를 잡자 IBK투자증권 남성현 I 2024-02-"
339770::2024,339770,교촌에프앤비,PRIMARY_INDEX_AVAILABLE,PRIMARY_REPORT_NO_CANONICAL_ACTION,200,https://m.irgo.co.kr/IR-COMP/339770,2024-10-22,,"K투자증권 남성현 I 2024-10-22 매수 반가운 2분기 실적 IBK투자증권 남성현 I 2024-08-21 매수 2Q24 Review: 직영 전환 마무리로 수익성 개선 기대 유진투자증권 박종선 I 2024-08-16 N/R 2024년 2분기 실적발표 해당기업 IR팀 I 2024-08-14 매수 2Q24 Preview: 가맹 지역본부 직영화로, 하반기 수익성 개선 기대 유진투자증권 박종선 I 2024-07-25 매수 2분기 적자가 반가운 이유 IBK투자증권 남성현 I 2024-07-04 N/R 회사소개 및 주요 경영현황 해당기업 IR팀 I 2024-06-21 매수 치킨 업계 종사자들은 사기(Buy) 시작했다. IBK투자증권 남성현 I 2024-05-17 매수 1Q24 Review: 가맹 지역본부 직영 전환 추진 긍정적 유진투자증권 박종선 I 2024-05-14 N/R 2024년 1분기 실적발표 해당기업 IR팀 I 2024-05-13 N/R 2023년 4분기 실적발"
339770::2024,339770,교촌에프앤비,PRIMARY_INDEX_AVAILABLE,PRIMARY_REPORT_NO_CANONICAL_ACTION,200,https://m.irgo.co.kr/IR-COMP/339770,2024-10-22,,"해외로 갑니다 KB증권 성현동,김선봉 I 2024-10-22 매수 실적 성장을 알리는 3분기 IBK투자증권 남성현 I 2024-10-22 매수 반가운 2분기 실적 IBK투자증권 남성현 I 2024-08-21 매수 2Q24 Review: 직영 전환 마무리로 수익성 개선 기대 유진투자증권 박종선 I 2024-08-16 N/R 2024년 2분기 실적발표 해당기업 IR팀 I 2024-08-14 매수 2Q24 Preview: 가맹 지역본부 직영화로, 하반기 수익성 개선 기대 유진투자증권 박종선 I 2024-07-25 매수 2분기 적자가 반가운 이유 IBK투자증권 남성현 I 2024-07-04 N/R 회사소개 및 주요 경영현황 해당기업 IR팀 I 2024-06-21 매수 치킨 업계 종사자들은 사기(Buy) 시작했다. IBK투자증권 남성현 I 2024-05-17 매수 1Q24 Review: 가맹 지역본부 직영 전환 추진 긍정적 유진투자증권 박종선 I 2024-05-14 N/R"
339770::2024,339770,교촌에프앤비,PRIMARY_INDEX_AVAILABLE,PRIMARY_REPORT_NO_CANONICAL_ACTION,200,https://m.irgo.co.kr/IR-COMP/339770,2024-10-30,,"-치킨 DS투자증권 장지혜,김대성 I 2024-10-30 N/R 칙칙폭폭 해외로 갑니다 KB증권 성현동,김선봉 I 2024-10-22 매수 실적 성장을 알리는 3분기 IBK투자증권 남성현 I 2024-10-22 매수 반가운 2분기 실적 IBK투자증권 남성현 I 2024-08-21 매수 2Q24 Review: 직영 전환 마무리로 수익성 개선 기대 유진투자증권 박종선 I 2024-08-16 N/R 2024년 2분기 실적발표 해당기업 IR팀 I 2024-08-14 매수 2Q24 Preview: 가맹 지역본부 직영화로, 하반기 수익성 개선 기대 유진투자증권 박종선 I 2024-07-25 매수 2분기 적자가 반가운 이유 IBK투자증권 남성현 I 2024-07-04 N/R 회사소개 및 주요 경영현황 해당기업 IR팀 I 2024-06-21 매수 치킨 업계 종사자들은 사기(Buy) 시작했다. IBK투자증권 남성현 I 2024-05-17 매수 1Q24 Review: 가맹 지역본부"
339770::2024,339770,교촌에프앤비,PRIMARY_INDEX_AVAILABLE,PRIMARY_REPORT_NO_CANONICAL_ACTION,200,https://m.irgo.co.kr/IR-COMP/339770,2024-11-05,,"한유정,이다연 I 2024-11-05 매수 외국인이 가장 좋아하는 한식은 K-치킨 DS투자증권 장지혜,김대성 I 2024-10-30 N/R 칙칙폭폭 해외로 갑니다 KB증권 성현동,김선봉 I 2024-10-22 매수 실적 성장을 알리는 3분기 IBK투자증권 남성현 I 2024-10-22 매수 반가운 2분기 실적 IBK투자증권 남성현 I 2024-08-21 매수 2Q24 Review: 직영 전환 마무리로 수익성 개선 기대 유진투자증권 박종선 I 2024-08-16 N/R 2024년 2분기 실적발표 해당기업 IR팀 I 2024-08-14 매수 2Q24 Preview: 가맹 지역본부 직영화로, 하반기 수익성 개선 기대 유진투자증권 박종선 I 2024-07-25 매수 2분기 적자가 반가운 이유 IBK투자증권 남성현 I 2024-07-04 N/R 회사소개 및 주요 경영현황 해당기업 IR팀 I 2024-06-21 매수 치킨 업계 종사자들은 사기(Buy) 시작했다. IBK투자증"
339770::2024,339770,교촌에프앤비,PRIMARY_INDEX_AVAILABLE,PRIMARY_REPORT_NO_CANONICAL_ACTION,200,https://m.irgo.co.kr/IR-COMP/339770,2024-11-11,,"024.3Q Earnings Release 해당기업 IR팀 I 2024-11-11 N/R 2024년 3분기 실적발표 해당기업 IR팀 I 2024-11-11 N/R 한국판 버팔로와일드윙스 한화투자증권 한유정,이다연 I 2024-11-05 매수 외국인이 가장 좋아하는 한식은 K-치킨 DS투자증권 장지혜,김대성 I 2024-10-30 N/R 칙칙폭폭 해외로 갑니다 KB증권 성현동,김선봉 I 2024-10-22 매수 실적 성장을 알리는 3분기 IBK투자증권 남성현 I 2024-10-22 매수 반가운 2분기 실적 IBK투자증권 남성현 I 2024-08-21 매수 2Q24 Review: 직영 전환 마무리로 수익성 개선 기대 유진투자증권 박종선 I 2024-08-16 N/R 2024년 2분기 실적발표 해당기업 IR팀 I 2024-08-14 매수 2Q24 Preview: 가맹 지역본부 직영화로, 하반기 수익성 개선 기대 유진투자증권 박종선 I 2024-07-25 매수 2분기 적자"
339770::2024,339770,교촌에프앤비,PRIMARY_INDEX_AVAILABLE,PRIMARY_REPORT_NO_CANONICAL_ACTION,200,https://m.irgo.co.kr/IR-COMP/339770,2024-11-11,,"1-11 N/R 2024년 3분기 실적발표 해당기업 IR팀 I 2024-11-11 N/R 한국판 버팔로와일드윙스 한화투자증권 한유정,이다연 I 2024-11-05 매수 외국인이 가장 좋아하는 한식은 K-치킨 DS투자증권 장지혜,김대성 I 2024-10-30 N/R 칙칙폭폭 해외로 갑니다 KB증권 성현동,김선봉 I 2024-10-22 매수 실적 성장을 알리는 3분기 IBK투자증권 남성현 I 2024-10-22 매수 반가운 2분기 실적 IBK투자증권 남성현 I 2024-08-21 매수 2Q24 Review: 직영 전환 마무리로 수익성 개선 기대 유진투자증권 박종선 I 2024-08-16 N/R 2024년 2분기 실적발표 해당기업 IR팀 I 2024-08-14 매수 2Q24 Preview: 가맹 지역본부 직영화로, 하반기 수익성 개선 기대 유진투자증권 박종선 I 2024-07-25 매수 2분기 적자가 반가운 이유 IBK투자증권 남성현 I 2024-07-04 N/R 회사소"
339770::2024,339770,교촌에프앤비,PRIMARY_INDEX_AVAILABLE,PRIMARY_REPORT_NO_CANONICAL_ACTION,200,https://m.irgo.co.kr/IR-COMP/339770,2024-11-12,,"R 3Q24 Review: GPM 개선 추이에 주목 KB증권 성현동,김선봉 I 2024-11-12 매수 실적 개선 구간 진입 IBK투자증권 남성현 I 2024-11-12 N/R 2024.3Q Earnings Release 해당기업 IR팀 I 2024-11-11 N/R 2024년 3분기 실적발표 해당기업 IR팀 I 2024-11-11 N/R 한국판 버팔로와일드윙스 한화투자증권 한유정,이다연 I 2024-11-05 매수 외국인이 가장 좋아하는 한식은 K-치킨 DS투자증권 장지혜,김대성 I 2024-10-30 N/R 칙칙폭폭 해외로 갑니다 KB증권 성현동,김선봉 I 2024-10-22 매수 실적 성장을 알리는 3분기 IBK투자증권 남성현 I 2024-10-22 매수 반가운 2분기 실적 IBK투자증권 남성현 I 2024-08-21 매수 2Q24 Review: 직영 전환 마무리로 수익성 개선 기대 유진투자증권 박종선 I 2024-08-16 N/R 2024년 2분기 실적발표"
339770::2024,339770,교촌에프앤비,PRIMARY_INDEX_AVAILABLE,PRIMARY_REPORT_NO_CANONICAL_ACTION,200,https://m.irgo.co.kr/IR-COMP/339770,2024-11-12,,"ew: 매출총이익률 최고 달성 유진투자증권 박종선 I 2024-11-12 N/R 3Q24 Review: GPM 개선 추이에 주목 KB증권 성현동,김선봉 I 2024-11-12 매수 실적 개선 구간 진입 IBK투자증권 남성현 I 2024-11-12 N/R 2024.3Q Earnings Release 해당기업 IR팀 I 2024-11-11 N/R 2024년 3분기 실적발표 해당기업 IR팀 I 2024-11-11 N/R 한국판 버팔로와일드윙스 한화투자증권 한유정,이다연 I 2024-11-05 매수 외국인이 가장 좋아하는 한식은 K-치킨 DS투자증권 장지혜,김대성 I 2024-10-30 N/R 칙칙폭폭 해외로 갑니다 KB증권 성현동,김선봉 I 2024-10-22 매수 실적 성장을 알리는 3분기 IBK투자증권 남성현 I 2024-10-22 매수 반가운 2분기 실적 IBK투자증권 남성현 I 2024-08-21 매수 2Q24 Review: 직영 전환 마무리로 수익성 개선 기대"
339770::2024,339770,교촌에프앤비,PRIMARY_INDEX_AVAILABLE,PRIMARY_REPORT_NO_CANONICAL_ACTION,200,https://m.irgo.co.kr/IR-COMP/339770,2024-11-12,,"선봉 I 2024-11-12 매수 실적 개선 구간 진입 IBK투자증권 남성현 I 2024-11-12 N/R 2024.3Q Earnings Release 해당기업 IR팀 I 2024-11-11 N/R 2024년 3분기 실적발표 해당기업 IR팀 I 2024-11-11 N/R 한국판 버팔로와일드윙스 한화투자증권 한유정,이다연 I 2024-11-05 매수 외국인이 가장 좋아하는 한식은 K-치킨 DS투자증권 장지혜,김대성 I 2024-10-30 N/R 칙칙폭폭 해외로 갑니다 KB증권 성현동,김선봉 I 2024-10-22 매수 실적 성장을 알리는 3분기 IBK투자증권 남성현 I 2024-10-22 매수 반가운 2분기 실적 IBK투자증권 남성현 I 2024-08-21 매수 2Q24 Review: 직영 전환 마무리로 수익성 개선 기대 유진투자증권 박종선 I 2024-08-16 N/R 2024년 2분기 실적발표 해당기업 IR팀 I 2024-08-14 매수 2Q24 Preview:"
339770::2024,339770,교촌에프앤비,PRIMARY_INDEX_AVAILABLE,PRIMARY_REPORT_NO_CANONICAL_ACTION,200,https://m.irgo.co.kr/IR-COMP/339770,2024-11-25,,"R팀 I 2025-02-12 N/R 미국에서 브랜드가 되어보자 SK증권 박찬솔 I 2025-02-12 매수 불안한 경기. 그럼에도 치킨은 팔린다. IBK투자증권 남성현 I 2025-02-03 매수 K-치킨 대표주자, 해외 가맹 사업 본격화 DS투자증권 장지혜,김대성 I 2025-01-21 매수 2025년 실적이 증명해 줄 것 IBK투자증권 남성현 I 2025-01-03 매수 NDR 후기: 가맹점과 주주 동반 성장 DS투자증권 장지혜,김대성 I 2024-11-25 매수 3Q24 Review: 매출총이익률 최고 달성 유진투자증권 박종선 I 2024-11-12 N/R 3Q24 Review: GPM 개선 추이에 주목 KB증권 성현동,김선봉 I 2024-11-12 매수 실적 개선 구간 진입 IBK투자증권 남성현 I 2024-11-12 N/R 2024.3Q Earnings Release 해당기업 IR팀 I 2024-11-11 N/R 2024년 3분기 실적발표 해당기업 IR팀"
339770::2024,339770,교촌에프앤비,PRIMARY_INDEX_AVAILABLE,PRIMARY_REPORT_NO_CANONICAL_ACTION,200,https://m.irgo.co.kr/IR-COMP/339770,2024-11-25,,"s Release 해당기업 IR팀 I 2025-02-12 N/R 2024년 4분기 실적발표 해당기업 IR팀 I 2025-02-12 N/R 미국에서 브랜드가 되어보자 SK증권 박찬솔 I 2025-02-12 매수 불안한 경기. 그럼에도 치킨은 팔린다. IBK투자증권 남성현 I 2025-02-03 매수 K-치킨 대표주자, 해외 가맹 사업 본격화 DS투자증권 장지혜,김대성 I 2025-01-21 매수 2025년 실적이 증명해 줄 것 IBK투자증권 남성현 I 2025-01-03 매수 NDR 후기: 가맹점과 주주 동반 성장 DS투자증권 장지혜,김대성 I 2024-11-25 매수 3Q24 Review: 매출총이익률 최고 달성 유진투자증권 박종선 I 2024-11-12 N/R 3Q24 Review: GPM 개선 추이에 주목 KB증권 성현동,김선봉 I 2024-11-12 매수 실적 개선 구간 진입 IBK투자증권 남성현 I 2024-11-12 N/R 2024.3Q Earnings R"
339770::2024,339770,교촌에프앤비,PRIMARY_INDEX_AVAILABLE,PRIMARY_REPORT_NO_CANONICAL_ACTION,200,https://m.irgo.co.kr/IR-COMP/339770,2024-11-25,"{""OE"": [""비용""]}","를 상회한 비용 IBK투자증권 남성현 I 2025-02-13 N/R 2024.4Q Earnings Release 해당기업 IR팀 I 2025-02-12 N/R 2024년 4분기 실적발표 해당기업 IR팀 I 2025-02-12 N/R 미국에서 브랜드가 되어보자 SK증권 박찬솔 I 2025-02-12 매수 불안한 경기. 그럼에도 치킨은 팔린다. IBK투자증권 남성현 I 2025-02-03 매수 K-치킨 대표주자, 해외 가맹 사업 본격화 DS투자증권 장지혜,김대성 I 2025-01-21 매수 2025년 실적이 증명해 줄 것 IBK투자증권 남성현 I 2025-01-03 매수 NDR 후기: 가맹점과 주주 동반 성장 DS투자증권 장지혜,김대성 I 2024-11-25 매수 3Q24 Review: 매출총이익률 최고 달성 유진투자증권 박종선 I 2024-11-12 N/R 3Q24 Review: GPM 개선 추이에 주목 KB증권 성현동,김선봉 I 2024-11-12 매수 실적 개선"
339770::2024,339770,교촌에프앤비,PRIMARY_INDEX_AVAILABLE,PRIMARY_REPORT_NO_CANONICAL_ACTION,200,https://m.irgo.co.kr/IR-COMP/339770,2024-11-25,,"박찬솔 I 2025-02-12 매수 불안한 경기. 그럼에도 치킨은 팔린다. IBK투자증권 남성현 I 2025-02-03 매수 K-치킨 대표주자, 해외 가맹 사업 본격화 DS투자증권 장지혜,김대성 I 2025-01-21 매수 2025년 실적이 증명해 줄 것 IBK투자증권 남성현 I 2025-01-03 매수 NDR 후기: 가맹점과 주주 동반 성장 DS투자증권 장지혜,김대성 I 2024-11-25 매수 3Q24 Review: 매출총이익률 최고 달성 유진투자증권 박종선 I 2024-11-12 N/R 3Q24 Review: GPM 개선 추이에 주목 KB증권 성현동,김선봉 I 2024-11-12 매수 실적 개선 구간 진입 IBK투자증권 남성현 I 2024-11-12 N/R 2024.3Q Earnings Release 해당기업 IR팀 I 2024-11-11 N/R 2024년 3분기 실적발표 해당기업 IR팀 I 2024-11-11 N/R 한국판 버팔로와일드윙스 한화투자증권 한유정"
339770::2024,339770,교촌에프앤비,PRIMARY_INDEX_AVAILABLE,PRIMARY_REPORT_NO_CANONICAL_ACTION,200,https://m.irgo.co.kr/IR-COMP/339770,2024-11-25,,"성장 DS투자증권 장지혜,김대성 I 2024-11-25 매수 3Q24 Review: 매출총이익률 최고 달성 유진투자증권 박종선 I 2024-11-12 N/R 3Q24 Review: GPM 개선 추이에 주목 KB증권 성현동,김선봉 I 2024-11-12 매수 실적 개선 구간 진입 IBK투자증권 남성현 I 2024-11-12 N/R 2024.3Q Earnings Release 해당기업 IR팀 I 2024-11-11 N/R 2024년 3분기 실적발표 해당기업 IR팀 I 2024-11-11 N/R 한국판 버팔로와일드윙스 한화투자증권 한유정,이다연 I 2024-11-05 매수 외국인이 가장 좋아하는 한식은 K-치킨 DS투자증권 장지혜,김대성 I 2024-10-30 N/R 칙칙폭폭 해외로 갑니다 KB증권 성현동,김선봉 I 2024-10-22 매수 실적 성장을 알리는 3분기 IBK투자증권 남성현 I 2024-10-22 매수 반가운 2분기 실적 IBK투자증권 남성현 I 2024-"
339770::2024,339770,교촌에프앤비,PRIMARY_INDEX_AVAILABLE,PRIMARY_REPORT_NO_CANONICAL_ACTION,200,https://m.irgo.co.kr/IR-COMP/339770,2024-11-25,,"성현 I 2025-02-03 매수 K-치킨 대표주자, 해외 가맹 사업 본격화 DS투자증권 장지혜,김대성 I 2025-01-21 매수 2025년 실적이 증명해 줄 것 IBK투자증권 남성현 I 2025-01-03 매수 NDR 후기: 가맹점과 주주 동반 성장 DS투자증권 장지혜,김대성 I 2024-11-25 매수 3Q24 Review: 매출총이익률 최고 달성 유진투자증권 박종선 I 2024-11-12 N/R 3Q24 Review: GPM 개선 추이에 주목 KB증권 성현동,김선봉 I 2024-11-12 매수 실적 개선 구간 진입 IBK투자증권 남성현 I 2024-11-12 N/R 2024.3Q Earnings Release 해당기업 IR팀 I 2024-11-11 N/R 2024년 3분기 실적발표 해당기업 IR팀 I 2024-11-11 N/R 한국판 버팔로와일드윙스 한화투자증권 한유정,이다연 I 2024-11-05 매수 외국인이 가장 좋아하는 한식은 K-치킨 DS투자증권 장"
339770::2024,339770,교촌에프앤비,PRIMARY_INDEX_AVAILABLE,PRIMARY_REPORT_NO_CANONICAL_ACTION,200,https://m.irgo.co.kr/IR-COMP/339770,2024-11-25,,"해 줄 것 IBK투자증권 남성현 I 2025-01-03 매수 NDR 후기: 가맹점과 주주 동반 성장 DS투자증권 장지혜,김대성 I 2024-11-25 매수 3Q24 Review: 매출총이익률 최고 달성 유진투자증권 박종선 I 2024-11-12 N/R 3Q24 Review: GPM 개선 추이에 주목 KB증권 성현동,김선봉 I 2024-11-12 매수 실적 개선 구간 진입 IBK투자증권 남성현 I 2024-11-12 N/R 2024.3Q Earnings Release 해당기업 IR팀 I 2024-11-11 N/R 2024년 3분기 실적발표 해당기업 IR팀 I 2024-11-11 N/R 한국판 버팔로와일드윙스 한화투자증권 한유정,이다연 I 2024-11-05 매수 외국인이 가장 좋아하는 한식은 K-치킨 DS투자증권 장지혜,김대성 I 2024-10-30 N/R 칙칙폭폭 해외로 갑니다 KB증권 성현동,김선봉 I 2024-10-22 매수 실적 성장을 알리는 3분기 IBK투자"
339770::2024,339770,교촌에프앤비,PRIMARY_INDEX_AVAILABLE,PRIMARY_REPORT_NO_CANONICAL_ACTION,200,https://m.irgo.co.kr/IR-COMP/339770,2024-11-25,,"화 DS투자증권 장지혜,김대성 I 2025-01-21 매수 2025년 실적이 증명해 줄 것 IBK투자증권 남성현 I 2025-01-03 매수 NDR 후기: 가맹점과 주주 동반 성장 DS투자증권 장지혜,김대성 I 2024-11-25 매수 3Q24 Review: 매출총이익률 최고 달성 유진투자증권 박종선 I 2024-11-12 N/R 3Q24 Review: GPM 개선 추이에 주목 KB증권 성현동,김선봉 I 2024-11-12 매수 실적 개선 구간 진입 IBK투자증권 남성현 I 2024-11-12 N/R 2024.3Q Earnings Release 해당기업 IR팀 I 2024-11-11 N/R 2024년 3분기 실적발표 해당기업 IR팀 I 2024-11-11 N/R 한국판 버팔로와일드윙스 한화투자증권 한유정,이다연 I 2024-11-05 매수 외국인이 가장 좋아하는 한식은 K-치킨 DS투자증권 장지혜,김대성 I 2024-10-30 N/R 칙칙폭폭 해외로 갑니다 KB증권"
353590::2024,353590,오토앤,PRIMARY_INDEX_AVAILABLE,PRIMARY_INDEX_NO_CANONICAL_ACTION_YET,200,https://m.irgo.co.kr/IR-COMP/353590,2024-01-18,,"리포트 N/R 회사소개 및 주요 사업현황 해당기업 IR팀 I 2024-01-18 N/R 완성차 업계와의 협력정도가 중요하다 상상인증권 이종원,최승호 I 2022-04-29 더보기"
360350::2024,360350,코셈,PRIMARY_INDEX_AVAILABLE,PRIMARY_REPORT_NO_CANONICAL_ACTION,200,https://m.irgo.co.kr/IR-COMP/360350,2024-12-23,,"6-22 N/R 회사소개 및 주요 사업현황 해당기업 IR팀 I 2026-03-18 N/R 제2의 파크시스템스를 찾는다면 대신증권 김아영 I 2026-03-16 N/R 산업용 부문 성과가 보여줄 성장 키움증권 오현진 I 2025-12-23 N/R 신제품 준비 중 키움증권 오현진 I 2025-06-19 N/R 도약을 준비 중 키움증권 오현진 I 2024-12-23 N/R 회사소개 및 주요 사업현황 해당기업 IR팀 I 2024-11-26 N/R 성장의 열쇠는 신제품 개발 유안타증권 권명준 I 2024-07-09 N/R 미래를 바라보는 전자현미경 업체 키움증권 오현진 I 2024-06-25 N/R 회사소개 및 주요 사업현황 해당기업 IR팀 I 2024-06-19 N/R 원래 작은 고추가 맵다 한국투자증권 윤철환,박정인 I 2024-02-29 더보기"
360350::2024,360350,코셈,PRIMARY_INDEX_AVAILABLE,PRIMARY_REPORT_NO_CANONICAL_ACTION,200,https://m.irgo.co.kr/IR-COMP/360350,2024-12-23,,"N/R 제2의 파크시스템스를 찾는다면 대신증권 김아영 I 2026-03-16 N/R 산업용 부문 성과가 보여줄 성장 키움증권 오현진 I 2025-12-23 N/R 신제품 준비 중 키움증권 오현진 I 2025-06-19 N/R 도약을 준비 중 키움증권 오현진 I 2024-12-23 N/R 회사소개 및 주요 사업현황 해당기업 IR팀 I 2024-11-26 N/R 성장의 열쇠는 신제품 개발 유안타증권 권명준 I 2024-07-09 N/R 미래를 바라보는 전자현미경 업체 키움증권 오현진 I 2024-06-25 N/R 회사소개 및 주요 사업현황 해당기업 IR팀 I 2024-06-19 N/R 원래 작은 고추가 맵다 한국투자증권 윤철환,박정인 I 2024-02-29 더보기"
360350::2024,360350,코셈,PRIMARY_INDEX_AVAILABLE,PRIMARY_REPORT_NO_CANONICAL_ACTION,200,https://m.irgo.co.kr/IR-COMP/360350,2024-12-23,,리포트 N/R 신규 장비 개발 성과 주목 키움증권 오현진 I 2026-06-22 N/R 회사소개 및 주요 사업현황 해당기업 IR팀 I 2026-03-18 N/R 제2의 파크시스템스를 찾는다면 대신증권 김아영 I 2026-03-16 N/R 산업용 부문 성과가 보여줄 성장 키움증권 오현진 I 2025-12-23 N/R 신제품 준비 중 키움증권 오현진 I 2025-06-19 N/R 도약을 준비 중 키움증권 오현진 I 2024-12-23 N/R 회사소개 및 주요 사업현황 해당기업 IR팀 I 2024-11-26 N/R 성장의 열쇠는 신제품 개발 유안타증권 권명준 I 2024-07-09 N/R 미래를 바라보는 전자현미경 업체 키움증권 오현진 I 202
360350::2024,360350,코셈,PRIMARY_INDEX_AVAILABLE,PRIMARY_REPORT_NO_CANONICAL_ACTION,200,https://m.irgo.co.kr/IR-COMP/360350,2024-12-23,,리포트 N/R 신규 장비 개발 성과 주목 키움증권 오현진 I 2026-06-22 N/R 회사소개 및 주요 사업현황 해당기업 IR팀 I 2026-03-18 N/R 제2의 파크시스템스를 찾는다면 대신증권 김아영 I 2026-03-16 N/R 산업용 부문 성과가 보여줄 성장 키움증권 오현진 I 2025-12-23 N/R 신제품 준비 중 키움증권 오현진 I 2025-06-19 N/R 도약을 준비 중 키움증권 오현진 I 2024-12-23 N/R 회사소개 및 주요 사업현황 해당기업 IR팀 I 2024-11-26 N/R 성장의 열쇠는 신제품 개발 유안타증권 권명준 I 2024-07-09 N/R 미래를 바라보는 전자현미경 업체 키움증권 오현진 I 2024-06-25 N/R 회사소개 및 주요 사업현황 해당기업 IR팀 I 202
360350::2024,360350,코셈,PRIMARY_INDEX_AVAILABLE,PRIMARY_REPORT_NO_CANONICAL_ACTION,200,https://m.irgo.co.kr/IR-COMP/360350,2024-12-23,,"리포트 N/R 신규 장비 개발 성과 주목 키움증권 오현진 I 2026-06-22 N/R 회사소개 및 주요 사업현황 해당기업 IR팀 I 2026-03-18 N/R 제2의 파크시스템스를 찾는다면 대신증권 김아영 I 2026-03-16 N/R 산업용 부문 성과가 보여줄 성장 키움증권 오현진 I 2025-12-23 N/R 신제품 준비 중 키움증권 오현진 I 2025-06-19 N/R 도약을 준비 중 키움증권 오현진 I 2024-12-23 N/R 회사소개 및 주요 사업현황 해당기업 IR팀 I 2024-11-26 N/R 성장의 열쇠는 신제품 개발 유안타증권 권명준 I 2024-07-09 N/R 미래를 바라보는 전자현미경 업체 키움증권 오현진 I 2024-06-25 N/R 회사소개 및 주요 사업현황 해당기업 IR팀 I 2024-06-19 N/R 원래 작은 고추가 맵다 한국투자증권 윤철환,박정인 I"
360350::2024,360350,코셈,PRIMARY_INDEX_AVAILABLE,PRIMARY_REPORT_NO_CANONICAL_ACTION,200,https://m.irgo.co.kr/IR-COMP/360350,2024-12-23,,"리포트 N/R 신규 장비 개발 성과 주목 키움증권 오현진 I 2026-06-22 N/R 회사소개 및 주요 사업현황 해당기업 IR팀 I 2026-03-18 N/R 제2의 파크시스템스를 찾는다면 대신증권 김아영 I 2026-03-16 N/R 산업용 부문 성과가 보여줄 성장 키움증권 오현진 I 2025-12-23 N/R 신제품 준비 중 키움증권 오현진 I 2025-06-19 N/R 도약을 준비 중 키움증권 오현진 I 2024-12-23 N/R 회사소개 및 주요 사업현황 해당기업 IR팀 I 2024-11-26 N/R 성장의 열쇠는 신제품 개발 유안타증권 권명준 I 2024-07-09 N/R 미래를 바라보는 전자현미경 업체 키움증권 오현진 I 2024-06-25 N/R 회사소개 및 주요 사업현황 해당기업 IR팀 I 2024-06-19 N/R 원래 작은 고추가 맵다 한국투자증권 윤철환,박정인 I 2024-02-29 더보기"
370090::2024,370090,퓨런티어,SECONDARY_SUMMARY_ONLY,PRIMARY_UNAVAILABLE_AFTER_PASS2,200,https://m.irgo.co.kr/IR-COMP/370090,2024-12-10,,"김현겸 I 2025-04-30 매수 회복은 느리나 방향성은 유지 메리츠증권 양승수 I 2025-03-31 N/R 수주 확대를 기대하며 신한투자증권 오강호,서지범 I 2024-12-10 매수 AI5(HW5)로 2025년 재도약 기대 메리츠증권 양승수 I 2024-09-20 N/R 고진감래(苦盡甘來) NH투자증권 강경근,황지현 I 2024-09-11 N/R 결국은 가게 될 길 DS투자증권 조대형 I 2024-03-27 매수 단기 실적은 부진, 기술적 우위는 지속 메리츠증권 양승수 I 2024-03-26 매수 실적보다 수주 그리고 전방 신한투자증권 오강호 I 2024-03-12 N/R 결국 전기차 시장에 달려있어 상상인증권 이소중,권오휘 I 2024-01-29 N/R 자율주행 구현의 든든한 파트너 NH투자증권 강경근,황지현 I 2023-11-29 N/R 프론티어를 넘어서 미래에셋증권 박준서 I 2023-11-28 N/R N년보다 (N+1)년 한양증권 이준석 I 2023-"
370090::2024,370090,퓨런티어,SECONDARY_SUMMARY_ONLY,PRIMARY_UNAVAILABLE_AFTER_PASS2,200,https://m.irgo.co.kr/IR-COMP/370090,2024-12-10,,"리딩투자증권 유성만 I 2025-12-23 N/R 한발 더 다가온 자율주행 KB증권 김현겸 I 2025-04-30 매수 회복은 느리나 방향성은 유지 메리츠증권 양승수 I 2025-03-31 N/R 수주 확대를 기대하며 신한투자증권 오강호,서지범 I 2024-12-10 매수 AI5(HW5)로 2025년 재도약 기대 메리츠증권 양승수 I 2024-09-20 N/R 고진감래(苦盡甘來) NH투자증권 강경근,황지현 I 2024-09-11 N/R 결국은 가게 될 길 DS투자증권 조대형 I 2024-03-27 매수 단기 실적은 부진, 기술적 우위는 지속 메리츠증권 양승수 I 2024-03-26 매수 실적보다 수주 그리고 전방 신한투자증권 오강호 I 2024-03-12 N/R 결국 전기차 시장에 달려있어 상상인증권 이소중,권오휘 I 2024-01-29 N/R 자율주행 구현의 든든한 파트너 NH투자증권 강경근,황지현 I 2023-11-29 N/R 프론티어를 넘어서 미래에셋증권 박준"
370090::2024,370090,퓨런티어,SECONDARY_SUMMARY_ONLY,PRIMARY_UNAVAILABLE_AFTER_PASS2,200,https://m.irgo.co.kr/IR-COMP/370090,2024-12-10,,"리포트 N/R 자율주행은 그리 멀지 않은 미래 리딩투자증권 유성만 I 2025-12-23 N/R 한발 더 다가온 자율주행 KB증권 김현겸 I 2025-04-30 매수 회복은 느리나 방향성은 유지 메리츠증권 양승수 I 2025-03-31 N/R 수주 확대를 기대하며 신한투자증권 오강호,서지범 I 2024-12-10 매수 AI5(HW5)로 2025년 재도약 기대 메리츠증권 양승수 I 2024-09-20 N/R 고진감래(苦盡甘來) NH투자증권 강경근,황지현 I 2024-09-11 N/R 결국은 가게 될 길 DS투자증권 조대형 I"
370090::2024,370090,퓨런티어,SECONDARY_SUMMARY_ONLY,PRIMARY_UNAVAILABLE_AFTER_PASS2,200,https://m.irgo.co.kr/IR-COMP/370090,2024-12-10,,"리포트 N/R 자율주행은 그리 멀지 않은 미래 리딩투자증권 유성만 I 2025-12-23 N/R 한발 더 다가온 자율주행 KB증권 김현겸 I 2025-04-30 매수 회복은 느리나 방향성은 유지 메리츠증권 양승수 I 2025-03-31 N/R 수주 확대를 기대하며 신한투자증권 오강호,서지범 I 2024-12-10 매수 AI5(HW5)로 2025년 재도약 기대 메리츠증권 양승수 I 2024-09-20 N/R 고진감래(苦盡甘來) NH투자증권 강경근,황지현 I 2024-09-11 N/R 결국은 가게 될 길 DS투자증권 조대형 I 2024-03-27 매수 단기 실적은 부진, 기술적 우위는 지속 메리츠증권 양승수 I"
370090::2024,370090,퓨런티어,SECONDARY_SUMMARY_ONLY,PRIMARY_UNAVAILABLE_AFTER_PASS2,200,https://m.irgo.co.kr/IR-COMP/370090,2024-12-10,,"리포트 N/R 자율주행은 그리 멀지 않은 미래 리딩투자증권 유성만 I 2025-12-23 N/R 한발 더 다가온 자율주행 KB증권 김현겸 I 2025-04-30 매수 회복은 느리나 방향성은 유지 메리츠증권 양승수 I 2025-03-31 N/R 수주 확대를 기대하며 신한투자증권 오강호,서지범 I 2024-12-10 매수 AI5(HW5)로 2025년 재도약 기대 메리츠증권 양승수 I 2024-09-20 N/R 고진감래(苦盡甘來) NH투자증권 강경근,황지현 I 2024-09-11 N/R 결국은 가게 될 길 DS투자증권 조대형 I 2024-03-27 매수 단기 실적은 부진, 기술적 우위는 지속 메리츠증권 양승수 I 2024-03-26 매수 실적보다 수주 그리고 전방 신한투자증권 오강호 I 2"
370090::2024,370090,퓨런티어,SECONDARY_SUMMARY_ONLY,PRIMARY_UNAVAILABLE_AFTER_PASS2,200,https://m.irgo.co.kr/IR-COMP/370090,2024-12-10,,"리포트 N/R 자율주행은 그리 멀지 않은 미래 리딩투자증권 유성만 I 2025-12-23 N/R 한발 더 다가온 자율주행 KB증권 김현겸 I 2025-04-30 매수 회복은 느리나 방향성은 유지 메리츠증권 양승수 I 2025-03-31 N/R 수주 확대를 기대하며 신한투자증권 오강호,서지범 I 2024-12-10 매수 AI5(HW5)로 2025년 재도약 기대 메리츠증권 양승수 I 2024-09-20 N/R 고진감래(苦盡甘來) NH투자증권 강경근,황지현 I 2024-09-11 N/R 결국은 가게 될 길 DS투자증권 조대형 I 2024-03-27 매수 단기 실적은 부진, 기술적 우위는 지속 메리츠증권 양승수 I 2024-03-26 매수 실적보다 수주 그리고 전방 신한투자증권 오강호 I 2024-03-12 N/R 결국 전기차 시장에 달려있어 상상인증권 이소중"
370090::2024,370090,퓨런티어,SECONDARY_SUMMARY_ONLY,PRIMARY_UNAVAILABLE_AFTER_PASS2,200,https://m.irgo.co.kr/IR-COMP/370090,2024-12-10,,"리포트 N/R 자율주행은 그리 멀지 않은 미래 리딩투자증권 유성만 I 2025-12-23 N/R 한발 더 다가온 자율주행 KB증권 김현겸 I 2025-04-30 매수 회복은 느리나 방향성은 유지 메리츠증권 양승수 I 2025-03-31 N/R 수주 확대를 기대하며 신한투자증권 오강호,서지범 I 2024-12-10 매수 AI5(HW5)로 2025년 재도약 기대 메리츠증권 양승수 I 2024-09-20 N/R 고진감래(苦盡甘來) NH투자증권 강경근,황지현 I 2024-09-11 N/R 결국은 가게 될 길 DS투자증권 조대형 I 2024-03-27 매수 단기 실적은 부진, 기술적 우위는 지속 메리츠증권 양승수 I 2024-03-26 매수 실적보다 수주 그리고 전방 신한투자증권 오강호 I 2024-03-12 N/R 결국 전기차 시장에 달려있어 상상인증권 이소중,권오휘 I 2024-01-29 N/R 자율주행 구현의 든든한 파트너 NH투자증권 강경"
372910::2024,372910,한컴라이프케어,PRIMARY_INDEX_AVAILABLE,HUMAN_REPORT_NO_ACTION,200,https://m.irgo.co.kr/IR-COMP/372910,2024-11-11,,"5 N/R 4Q25P Review: 방산 사업 정상화 기대 유진투자증권 박종선 I 2026-02-25 N/R 3Q25 Review: 방산 사업의 정상화 기대 유진투자증권 박종선 I 2025-11-13 N/R 2Q25 Review: 하반기는 소방, 방산 사업 유진투자증권 박종선 I 2025-08-18 N/R 1Q25 Review: 해외 수출 확대 기대 유진투자증권 박종선 I 2025-05-22 N/R 4Q24 Review: 수출 확대 여부가 중요 유진투자증권 박종선 I 2025-02-07 N/R 3Q24 Review: 수익성 개선 지속 유진투자증권 박종선 I 2024-11-11 N/R 안전을 책임진다. 전기차 화재까지 SK증권 나승두 I 2024-09-04 N/R 2Q24 Review: 소방/방산 사업 등으로 수익성 개선 성공 유진투자증권 박종선 I 2024-08-19 N/R 1Q24 Review: 방산 사업의 안정적 실적 성장 기대 유진투자증권 박종선 I 2024-"
372910::2024,372910,한컴라이프케어,PRIMARY_INDEX_AVAILABLE,HUMAN_REPORT_NO_ACTION,200,https://m.irgo.co.kr/IR-COMP/372910,2024-11-11,,"5 Review: 방산 사업의 정상화 기대 유진투자증권 박종선 I 2025-11-13 N/R 2Q25 Review: 하반기는 소방, 방산 사업 유진투자증권 박종선 I 2025-08-18 N/R 1Q25 Review: 해외 수출 확대 기대 유진투자증권 박종선 I 2025-05-22 N/R 4Q24 Review: 수출 확대 여부가 중요 유진투자증권 박종선 I 2025-02-07 N/R 3Q24 Review: 수익성 개선 지속 유진투자증권 박종선 I 2024-11-11 N/R 안전을 책임진다. 전기차 화재까지 SK증권 나승두 I 2024-09-04 N/R 2Q24 Review: 소방/방산 사업 등으로 수익성 개선 성공 유진투자증권 박종선 I 2024-08-19 N/R 1Q24 Review: 방산 사업의 안정적 실적 성장 기대 유진투자증권 박종선 I 2024-05-16 N/R 탐방 리포트: 안정적 성장 속에 수익성 회복 기대 유진투자증권 박종선 I 2024-01-18 N/"
372910::2024,372910,한컴라이프케어,PRIMARY_INDEX_AVAILABLE,HUMAN_REPORT_NO_ACTION,200,https://m.irgo.co.kr/IR-COMP/372910,2024-11-11,,"N/R 성수기인 2분기 실적 성장 기대 유진투자증권 박종선 I 2026-05-15 N/R 4Q25P Review: 방산 사업 정상화 기대 유진투자증권 박종선 I 2026-02-25 N/R 3Q25 Review: 방산 사업의 정상화 기대 유진투자증권 박종선 I 2025-11-13 N/R 2Q25 Review: 하반기는 소방, 방산 사업 유진투자증권 박종선 I 2025-08-18 N/R 1Q25 Review: 해외 수출 확대 기대 유진투자증권 박종선 I 2025-05-22 N/R 4Q24 Review: 수출 확대 여부가 중요 유진투자증권 박종선 I 2025-02-07 N/R 3Q24 Review: 수익성 개선 지속 유진투자증권 박종선 I 2024-11-11 N/R 안전을 책임진다. 전기차 화재까지 SK증권 나승두 I 2024-09-04 N/R 2Q24 Review: 소방/방산 사업 등으로 수익성 개선 성공 유진투자증권 박종선 I 2024-08-19 N/R 1Q24 R"
372910::2024,372910,한컴라이프케어,PRIMARY_INDEX_AVAILABLE,HUMAN_REPORT_NO_ACTION,200,https://m.irgo.co.kr/IR-COMP/372910,2024-11-11,,"ew: 하반기는 소방, 방산 사업 유진투자증권 박종선 I 2025-08-18 N/R 1Q25 Review: 해외 수출 확대 기대 유진투자증권 박종선 I 2025-05-22 N/R 4Q24 Review: 수출 확대 여부가 중요 유진투자증권 박종선 I 2025-02-07 N/R 3Q24 Review: 수익성 개선 지속 유진투자증권 박종선 I 2024-11-11 N/R 안전을 책임진다. 전기차 화재까지 SK증권 나승두 I 2024-09-04 N/R 2Q24 Review: 소방/방산 사업 등으로 수익성 개선 성공 유진투자증권 박종선 I 2024-08-19 N/R 1Q24 Review: 방산 사업의 안정적 실적 성장 기대 유진투자증권 박종선 I 2024-05-16 N/R 탐방 리포트: 안정적 성장 속에 수익성 회복 기대 유진투자증권 박종선 I 2024-01-18 N/R 과학화 훈련체계 등 국방 사업 영역 확대 IBK투자증권 김태현 I 2023-02-21 N/R 3Q21 실적"
372910::2024,372910,한컴라이프케어,PRIMARY_INDEX_AVAILABLE,HUMAN_REPORT_NO_ACTION,200,https://m.irgo.co.kr/IR-COMP/372910,2024-11-11,,ew: 해외 수출 확대 기대 유진투자증권 박종선 I 2025-05-22 N/R 4Q24 Review: 수출 확대 여부가 중요 유진투자증권 박종선 I 2025-02-07 N/R 3Q24 Review: 수익성 개선 지속 유진투자증권 박종선 I 2024-11-11 N/R 안전을 책임진다. 전기차 화재까지 SK증권 나승두 I 2024-09-04 N/R 2Q24 Review: 소방/방산 사업 등으로 수익성 개선 성공 유진투자증권 박종선 I 2024-08-19 N/R 1Q24 Review: 방산 사업의 안정적 실적 성장 기대 유진투자증권 박종선 I 2024-05-16 N/R 탐방 리포트: 안정적 성장 속에 수익성 회복 기대 유진투자증권 박종선 I 2024-01-18 N/R 과학화 훈련체계 등 국방 사업 영역 확대 IBK투자증권 김태현 I 2023-02-21 N/R 3Q21 실적 Review 미래에셋증권 김충현 I 2021-11-18 더보기
373170::2024,373170,엠아이큐브솔루션,SECONDARY_SUMMARY_ONLY,SECONDARY_HUMAN_REPORT_NO_CANONICAL_ACTION,200,https://m.irgo.co.kr/IR-COMP/373170,2024-12-20,,"리포트 N/R 제조 AI 정책 본격화 국면, 준비된 수혜주 한국투자증권 강시온,박정인 I 2025-12-22 N/R IPO 기업 업데이트: AI 투자 확대 속 자율제조 경쟁력 부각 한국투자증권 강시온,박정인 I 2025-06-24 N/R IPO 기업 업데이트: 자율제조 분야 경쟁력 강화 기대 한국투자증권 강시온,박정인 I 2024-12-20 N/R 회사소개 및 주요 사업현황 해당기업 IR팀 I 2024-09-30 N/R IPO 기업 업데이트: 가시화되고 있는 해외 수주 한국투자증권 강시온,이도희 I 2024-06-25 N/R 올해도 이어질 성장, 내년"
373170::2024,373170,엠아이큐브솔루션,SECONDARY_SUMMARY_ONLY,SECONDARY_HUMAN_REPORT_NO_CANONICAL_ACTION,200,https://m.irgo.co.kr/IR-COMP/373170,2024-12-20,,"리포트 N/R 제조 AI 정책 본격화 국면, 준비된 수혜주 한국투자증권 강시온,박정인 I 2025-12-22 N/R IPO 기업 업데이트: AI 투자 확대 속 자율제조 경쟁력 부각 한국투자증권 강시온,박정인 I 2025-06-24 N/R IPO 기업 업데이트: 자율제조 분야 경쟁력 강화 기대 한국투자증권 강시온,박정인 I 2024-12-20 N/R 회사소개 및 주요 사업현황 해당기업 IR팀 I 2024-09-30 N/R IPO 기업 업데이트: 가시화되고 있는 해외 수주 한국투자증권 강시온,이도희 I 2024-06-25 N/R 올해도 이어질 성장, 내년에는 미국으로 한국투자증권 강시온,이도희 I 2023-12-26 더보기"
378340::2024,378340,필에너지,PRIMARY_INDEX_AVAILABLE,EQUITY_PRIMARY_NO_ACTION,200,https://m.irgo.co.kr/IR-COMP/378340,2024-12-16,,"기 미래에셋증권 박준서 I 2026-06-09 N/R 회사소개 및 주요 사업현황 해당기업 IR팀 I 2026-05-19 N/R 보릿고개, ESS와 기술력 확장이 버팀목 미래에셋증권 박준서 I 2025-12-09 N/R 고객사 확장과 차세대 기술 개발 지속 미래에셋증권 박준서 I 2025-06-24 N/R 수주 모멘텀 기대 미래에셋증권 박준서 I 2024-12-16 N/R 회사소개 및 주요 사업현황 해당기업 IR팀 I 2024-09-12 N/R 각형 수혜 기대 미래에셋증권 박준서 I 2024-06-27 N/R 회사소개 및 주요 사업현황 해당기업 IR팀 I 2024-04-23 N/R 준비된 Next Generation 유안타증권 권명준 I 2024-04-19 N/R 수주는 탄탄, 실적은 성장 SK증권 나승두 I 2024-03-13 N/R 고객사 미국 JV 조기 가동 수혜 하나증권 김규상 I 2024-01-03 N/R 고객사의 증설 기조 수혜 미래에셋증권 박준서 I 20"
378340::2024,378340,필에너지,PRIMARY_INDEX_AVAILABLE,EQUITY_PRIMARY_NO_ACTION,200,https://m.irgo.co.kr/IR-COMP/378340,2024-12-16,,"리포트 N/R 보릿고개 끝자락, 수확이 다가오는 시기 미래에셋증권 박준서 I 2026-06-09 N/R 회사소개 및 주요 사업현황 해당기업 IR팀 I 2026-05-19 N/R 보릿고개, ESS와 기술력 확장이 버팀목 미래에셋증권 박준서 I 2025-12-09 N/R 고객사 확장과 차세대 기술 개발 지속 미래에셋증권 박준서 I 2025-06-24 N/R 수주 모멘텀 기대 미래에셋증권 박준서 I 2024-12-16 N/R 회사소개 및 주요 사업현황 해당기업 IR팀 I 2024-09-12 N/R 각형 수혜 기대 미래에셋증권 박준서 I 2024-06-27 N/R 회사소개 및 주요 사업현황 해당기업 IR팀 I 2024-04-23"
378340::2024,378340,필에너지,PRIMARY_INDEX_AVAILABLE,EQUITY_PRIMARY_NO_ACTION,200,https://m.irgo.co.kr/IR-COMP/378340,2024-12-16,,"리포트 N/R 보릿고개 끝자락, 수확이 다가오는 시기 미래에셋증권 박준서 I 2026-06-09 N/R 회사소개 및 주요 사업현황 해당기업 IR팀 I 2026-05-19 N/R 보릿고개, ESS와 기술력 확장이 버팀목 미래에셋증권 박준서 I 2025-12-09 N/R 고객사 확장과 차세대 기술 개발 지속 미래에셋증권 박준서 I 2025-06-24 N/R 수주 모멘텀 기대 미래에셋증권 박준서 I 2024-12-16 N/R 회사소개 및 주요 사업현황 해당기업 IR팀 I 2024-09-12 N/R 각형 수혜 기대 미래에셋증권 박준서 I 2024-06-27 N/R 회사소개 및 주요 사업현황 해당기업 IR팀 I 2024-04-23 N/R 준비된 Next Generation 유안타증권 권명준 I 2024-"
378340::2024,378340,필에너지,PRIMARY_INDEX_AVAILABLE,EQUITY_PRIMARY_NO_ACTION,200,https://m.irgo.co.kr/IR-COMP/378340,2024-12-16,,"리포트 N/R 보릿고개 끝자락, 수확이 다가오는 시기 미래에셋증권 박준서 I 2026-06-09 N/R 회사소개 및 주요 사업현황 해당기업 IR팀 I 2026-05-19 N/R 보릿고개, ESS와 기술력 확장이 버팀목 미래에셋증권 박준서 I 2025-12-09 N/R 고객사 확장과 차세대 기술 개발 지속 미래에셋증권 박준서 I 2025-06-24 N/R 수주 모멘텀 기대 미래에셋증권 박준서 I 2024-12-16 N/R 회사소개 및 주요 사업현황 해당기업 IR팀 I 2024-09-12 N/R 각형 수혜 기대 미래에셋증권 박준서 I 2024-06-27 N/R 회사소개 및 주요 사업현황 해당기업 IR팀 I 2024-04-23 N/R 준비된 Next Generation 유안타증권 권명준 I 2024-04-19 N/R 수주는 탄탄, 실적은 성장 SK증권 나승두 I 2"
378340::2024,378340,필에너지,PRIMARY_INDEX_AVAILABLE,EQUITY_PRIMARY_NO_ACTION,200,https://m.irgo.co.kr/IR-COMP/378340,2024-12-16,,"리포트 N/R 보릿고개 끝자락, 수확이 다가오는 시기 미래에셋증권 박준서 I 2026-06-09 N/R 회사소개 및 주요 사업현황 해당기업 IR팀 I 2026-05-19 N/R 보릿고개, ESS와 기술력 확장이 버팀목 미래에셋증권 박준서 I 2025-12-09 N/R 고객사 확장과 차세대 기술 개발 지속 미래에셋증권 박준서 I 2025-06-24 N/R 수주 모멘텀 기대 미래에셋증권 박준서 I 2024-12-16 N/R 회사소개 및 주요 사업현황 해당기업 IR팀 I 2024-09-12 N/R 각형 수혜 기대 미래에셋증권 박준서 I 2024-06-27 N/R 회사소개 및 주요 사업현황 해당기업 IR팀 I 2024-04-23 N/R 준비된 Next Generation 유안타증권 권명준 I 2024-04-19 N/R 수주는 탄탄, 실적은 성장 SK증권 나승두 I 2024-03-13 N/R 고객사 미국 JV 조기 가동 수혜 하나증권 김규상"
378340::2024,378340,필에너지,PRIMARY_INDEX_AVAILABLE,EQUITY_PRIMARY_NO_ACTION,200,https://m.irgo.co.kr/IR-COMP/378340,2024-12-16,,"업현황 해당기업 IR팀 I 2026-05-19 N/R 보릿고개, ESS와 기술력 확장이 버팀목 미래에셋증권 박준서 I 2025-12-09 N/R 고객사 확장과 차세대 기술 개발 지속 미래에셋증권 박준서 I 2025-06-24 N/R 수주 모멘텀 기대 미래에셋증권 박준서 I 2024-12-16 N/R 회사소개 및 주요 사업현황 해당기업 IR팀 I 2024-09-12 N/R 각형 수혜 기대 미래에셋증권 박준서 I 2024-06-27 N/R 회사소개 및 주요 사업현황 해당기업 IR팀 I 2024-04-23 N/R 준비된 Next Generation 유안타증권 권명준 I 2024-04-19 N/R 수주는 탄탄, 실적은 성장 SK증권 나승두 I 2024-03-13 N/R 고객사 미국 JV 조기 가동 수혜 하나증권 김규상 I 2024-01-03 N/R 고객사의 증설 기조 수혜 미래에셋증권 박준서 I 2023-12-26 N/R 차기 레이저노칭의 강자, 1조원 수주 사이클 진입"
378340::2024,378340,필에너지,PRIMARY_INDEX_AVAILABLE,EQUITY_PRIMARY_NO_ACTION,200,https://m.irgo.co.kr/IR-COMP/378340,2024-12-16,,"확장이 버팀목 미래에셋증권 박준서 I 2025-12-09 N/R 고객사 확장과 차세대 기술 개발 지속 미래에셋증권 박준서 I 2025-06-24 N/R 수주 모멘텀 기대 미래에셋증권 박준서 I 2024-12-16 N/R 회사소개 및 주요 사업현황 해당기업 IR팀 I 2024-09-12 N/R 각형 수혜 기대 미래에셋증권 박준서 I 2024-06-27 N/R 회사소개 및 주요 사업현황 해당기업 IR팀 I 2024-04-23 N/R 준비된 Next Generation 유안타증권 권명준 I 2024-04-19 N/R 수주는 탄탄, 실적은 성장 SK증권 나승두 I 2024-03-13 N/R 고객사 미국 JV 조기 가동 수혜 하나증권 김규상 I 2024-01-03 N/R 고객사의 증설 기조 수혜 미래에셋증권 박준서 I 2023-12-26 N/R 차기 레이저노칭의 강자, 1조원 수주 사이클 진입 하나증권 리서치센터 I 2023-11-20 N/R 내년에도 외형 성장은 계속된다"
393210::2024,393210,토마토시스템,PRIMARY_INDEX_AVAILABLE,HUMAN_REPORT_NO_CANONICAL_ACTION,200,https://m.irgo.co.kr/IR-COMP/393210,2024-12-16,"{""OE"": [""인건비""]}","5-12-23 N/R 공공부문 수요 정상화 예상 교보증권 김지영 I 2025-06-24 N/R 올해는 AI를 통한 성장성 기대 키움증권 김학준 I 2025-03-05 N/R 대학교 ERP 시장의 강자 교보증권 김민철 I 2024-12-16 N/R 국내 대학교 ERP 시장 독보적 위치 교보증권 김민철 I 2024-06-26 N/R 더 커지는 RPM을 통한 사업확장 키움증권 김학준 I 2024-06-10 N/R 회사소개 및 주요 사업현황 해당기업 IR팀 I 2024-04-22 N/R 무주공산, 미국 원격 및 헬스케어 시장 열려 키움증권 김학준,조재원 I 2024-04-05 N/R AI, 원격진료를 통한 해외 성과의 원년 키움증권 김학준 I 2024-03-06 N/R AI, 원격진료를 통한 해외 성과의 원년 키움증권 김학준,조재원 I 2024-03-06 N/R 인건비 및 연구비의 증가로 3Q23 수익 감소 교보증권 심종민 I 2023-12-20 N/R AI 적용 = 이익"
393210::2024,393210,토마토시스템,PRIMARY_INDEX_AVAILABLE,HUMAN_REPORT_NO_CANONICAL_ACTION,200,https://m.irgo.co.kr/IR-COMP/393210,2024-12-16,,리포트 N/R 안정적인 기존 사업과 신사업 확대 국면 교보증권 최보영 I 2025-12-23 N/R 공공부문 수요 정상화 예상 교보증권 김지영 I 2025-06-24 N/R 올해는 AI를 통한 성장성 기대 키움증권 김학준 I 2025-03-05 N/R 대학교 ERP 시장의 강자 교보증권 김민철 I 2024-12-16 N/R 국내 대학교 ERP 시장 독보적 위치 교보증권 김민철 I 2024-06-26 N/R 더 커지는 RPM을 통한 사업확장 키움증권 김학준 I 2024-06-10 N/R 회사소개 및 주요 사업현황 해당기업 IR팀
393210::2024,393210,토마토시스템,PRIMARY_INDEX_AVAILABLE,HUMAN_REPORT_NO_CANONICAL_ACTION,200,https://m.irgo.co.kr/IR-COMP/393210,2024-12-16,,"리포트 N/R 안정적인 기존 사업과 신사업 확대 국면 교보증권 최보영 I 2025-12-23 N/R 공공부문 수요 정상화 예상 교보증권 김지영 I 2025-06-24 N/R 올해는 AI를 통한 성장성 기대 키움증권 김학준 I 2025-03-05 N/R 대학교 ERP 시장의 강자 교보증권 김민철 I 2024-12-16 N/R 국내 대학교 ERP 시장 독보적 위치 교보증권 김민철 I 2024-06-26 N/R 더 커지는 RPM을 통한 사업확장 키움증권 김학준 I 2024-06-10 N/R 회사소개 및 주요 사업현황 해당기업 IR팀 I 2024-04-22 N/R 무주공산, 미국 원격 및 헬스케어 시장 열려 키움증권"
393210::2024,393210,토마토시스템,PRIMARY_INDEX_AVAILABLE,HUMAN_REPORT_NO_CANONICAL_ACTION,200,https://m.irgo.co.kr/IR-COMP/393210,2024-12-16,,"리포트 N/R 안정적인 기존 사업과 신사업 확대 국면 교보증권 최보영 I 2025-12-23 N/R 공공부문 수요 정상화 예상 교보증권 김지영 I 2025-06-24 N/R 올해는 AI를 통한 성장성 기대 키움증권 김학준 I 2025-03-05 N/R 대학교 ERP 시장의 강자 교보증권 김민철 I 2024-12-16 N/R 국내 대학교 ERP 시장 독보적 위치 교보증권 김민철 I 2024-06-26 N/R 더 커지는 RPM을 통한 사업확장 키움증권 김학준 I 2024-06-10 N/R 회사소개 및 주요 사업현황 해당기업 IR팀 I 2024-04-22 N/R 무주공산, 미국 원격 및 헬스케어 시장 열려 키움증권 김학준,조재원 I 2024-04-05 N/R AI, 원격진료를 통한 해외 성과의"
393210::2024,393210,토마토시스템,PRIMARY_INDEX_AVAILABLE,HUMAN_REPORT_NO_CANONICAL_ACTION,200,https://m.irgo.co.kr/IR-COMP/393210,2024-12-16,,"리포트 N/R 안정적인 기존 사업과 신사업 확대 국면 교보증권 최보영 I 2025-12-23 N/R 공공부문 수요 정상화 예상 교보증권 김지영 I 2025-06-24 N/R 올해는 AI를 통한 성장성 기대 키움증권 김학준 I 2025-03-05 N/R 대학교 ERP 시장의 강자 교보증권 김민철 I 2024-12-16 N/R 국내 대학교 ERP 시장 독보적 위치 교보증권 김민철 I 2024-06-26 N/R 더 커지는 RPM을 통한 사업확장 키움증권 김학준 I 2024-06-10 N/R 회사소개 및 주요 사업현황 해당기업 IR팀 I 2024-04-22 N/R 무주공산, 미국 원격 및 헬스케어 시장 열려 키움증권 김학준,조재원 I 2024-04-05 N/R AI, 원격진료를 통한 해외 성과의 원년 키움증권 김학준 I 2024-03-06 N/R AI, 원격진료를 통"
393210::2024,393210,토마토시스템,PRIMARY_INDEX_AVAILABLE,HUMAN_REPORT_NO_CANONICAL_ACTION,200,https://m.irgo.co.kr/IR-COMP/393210,2024-12-16,"{""OE"": [""인건비""]}","리포트 N/R 안정적인 기존 사업과 신사업 확대 국면 교보증권 최보영 I 2025-12-23 N/R 공공부문 수요 정상화 예상 교보증권 김지영 I 2025-06-24 N/R 올해는 AI를 통한 성장성 기대 키움증권 김학준 I 2025-03-05 N/R 대학교 ERP 시장의 강자 교보증권 김민철 I 2024-12-16 N/R 국내 대학교 ERP 시장 독보적 위치 교보증권 김민철 I 2024-06-26 N/R 더 커지는 RPM을 통한 사업확장 키움증권 김학준 I 2024-06-10 N/R 회사소개 및 주요 사업현황 해당기업 IR팀 I 2024-04-22 N/R 무주공산, 미국 원격 및 헬스케어 시장 열려 키움증권 김학준,조재원 I 2024-04-05 N/R AI, 원격진료를 통한 해외 성과의 원년 키움증권 김학준 I 2024-03-06 N/R AI, 원격진료를 통한 해외 성과의 원년 키움증권 김학준,조재원 I 2024-03-06 N/R 인건비 및 연구비의 증가"
393210::2024,393210,토마토시스템,PRIMARY_INDEX_AVAILABLE,HUMAN_REPORT_NO_CANONICAL_ACTION,200,https://m.irgo.co.kr/IR-COMP/393210,2024-12-16,"{""OE"": [""인건비""]}","올해는 AI를 통한 성장성 기대 키움증권 김학준 I 2025-03-05 N/R 대학교 ERP 시장의 강자 교보증권 김민철 I 2024-12-16 N/R 국내 대학교 ERP 시장 독보적 위치 교보증권 김민철 I 2024-06-26 N/R 더 커지는 RPM을 통한 사업확장 키움증권 김학준 I 2024-06-10 N/R 회사소개 및 주요 사업현황 해당기업 IR팀 I 2024-04-22 N/R 무주공산, 미국 원격 및 헬스케어 시장 열려 키움증권 김학준,조재원 I 2024-04-05 N/R AI, 원격진료를 통한 해외 성과의 원년 키움증권 김학준 I 2024-03-06 N/R AI, 원격진료를 통한 해외 성과의 원년 키움증권 김학준,조재원 I 2024-03-06 N/R 인건비 및 연구비의 증가로 3Q23 수익 감소 교보증권 심종민 I 2023-12-20 N/R AI 적용 = 이익률 극대화 키움증권 김학준 I 2023-09-13 N/R AI의 소프트웨어 적용 = 이익률 극대"
399720::2024,399720,가온칩스,SECONDARY_SUMMARY_ONLY,SECONDARY_HUMAN_REPORT_NO_ACTION,200,https://m.irgo.co.kr/IR-COMP/399720,2024-03-27,,"생산의 필수 관문 DS투자증권 조대형 I 2024-03-27 매수 밀려드는 수주, 폭발적 이익 성장 기대 KB증권 권태우,성현동,김선봉 I 2024-03-25 매수 밀려드는 수주, 폭발적 이익 성장 기대 KB증권 권태우,성현동,김선봉 I 2024-03-20 매수 AI 글로벌 1등을 향해, 폭발적 이익 성장 기대 KB증권 권태우,성현동,김선봉 I 2024-03-13 N/R 안정적 양산 매출과 공격적 AI 수주 신한투자증권 허성규 I 2024-03-12 N/R 탐방기업 실적 리뷰 미래에셋증권 김영건 I 2024-03-05 매수 강력한 성장을 위한 준비 현대차증권 곽민정,김유진 I 2024-02-14 N/R 탐방노트 미래에셋증권 김영건 I 2024-02-06 매수 리밋(limit)없이 성장 중 현대차증권 곽민정,김유진 I 2023-12-22 N/R NRE → Turn-Key 대신증권 이석영 I 2023-12-08 N/R 2024년 전망: 차량용 반도체 회사와 함께 성장"
399720::2024,399720,가온칩스,SECONDARY_SUMMARY_ONLY,SECONDARY_HUMAN_REPORT_NO_ACTION,200,https://m.irgo.co.kr/IR-COMP/399720,2024-03-29,,"권 윤철환,박정인 I 2024-03-29 N/R 인공지능 칩 생산의 필수 관문 DS투자증권 조대형 I 2024-03-27 매수 밀려드는 수주, 폭발적 이익 성장 기대 KB증권 권태우,성현동,김선봉 I 2024-03-25 매수 밀려드는 수주, 폭발적 이익 성장 기대 KB증권 권태우,성현동,김선봉 I 2024-03-20 매수 AI 글로벌 1등을 향해, 폭발적 이익 성장 기대 KB증권 권태우,성현동,김선봉 I 2024-03-13 N/R 안정적 양산 매출과 공격적 AI 수주 신한투자증권 허성규 I 2024-03-12 N/R 탐방기업 실적 리뷰 미래에셋증권 김영건 I 2024-03-05 매수 강력한 성장을 위한 준비 현대차증권 곽민정,김유진 I 2024-02-14 N/R 탐방노트 미래에셋증권 김영건 I 2024-02-06 매수 리밋(limit)없이 성장 중 현대차증권 곽민정,김유진 I 2023-12-22 N/R NRE → Turn-Key 대신증권 이석영 I 2023-12-0"
399720::2024,399720,가온칩스,SECONDARY_SUMMARY_ONLY,SECONDARY_HUMAN_REPORT_NO_ACTION,200,https://m.irgo.co.kr/IR-COMP/399720,2024-04-01,,"DS투자증권 조대형 I 2024-04-01 N/R 남들보다 빠른 걸음 한국투자증권 윤철환,박정인 I 2024-03-29 N/R 인공지능 칩 생산의 필수 관문 DS투자증권 조대형 I 2024-03-27 매수 밀려드는 수주, 폭발적 이익 성장 기대 KB증권 권태우,성현동,김선봉 I 2024-03-25 매수 밀려드는 수주, 폭발적 이익 성장 기대 KB증권 권태우,성현동,김선봉 I 2024-03-20 매수 AI 글로벌 1등을 향해, 폭발적 이익 성장 기대 KB증권 권태우,성현동,김선봉 I 2024-03-13 N/R 안정적 양산 매출과 공격적 AI 수주 신한투자증권 허성규 I 2024-03-12 N/R 탐방기업 실적 리뷰 미래에셋증권 김영건 I 2024-03-05 매수 강력한 성장을 위한 준비 현대차증권 곽민정,김유진 I 2024-02-14 N/R 탐방노트 미래에셋증권 김영건 I 2024-02-06 매수 리밋(limit)없이 성장 중 현대차증권 곽민정,김유진 I 2023-1"
399720::2024,399720,가온칩스,SECONDARY_SUMMARY_ONLY,SECONDARY_HUMAN_REPORT_NO_ACTION,200,https://m.irgo.co.kr/IR-COMP/399720,2024-04-09,,"곽민정,윤서영 I 2024-04-09 N/R 인공지능 칩과 함께 성장 DS투자증권 조대형 I 2024-04-01 N/R 남들보다 빠른 걸음 한국투자증권 윤철환,박정인 I 2024-03-29 N/R 인공지능 칩 생산의 필수 관문 DS투자증권 조대형 I 2024-03-27 매수 밀려드는 수주, 폭발적 이익 성장 기대 KB증권 권태우,성현동,김선봉 I 2024-03-25 매수 밀려드는 수주, 폭발적 이익 성장 기대 KB증권 권태우,성현동,김선봉 I 2024-03-20 매수 AI 글로벌 1등을 향해, 폭발적 이익 성장 기대 KB증권 권태우,성현동,김선봉 I 2024-03-13 N/R 안정적 양산 매출과 공격적 AI 수주 신한투자증권 허성규 I 2024-03-12 N/R 탐방기업 실적 리뷰 미래에셋증권 김영건 I 2024-03-05 매수 강력한 성장을 위한 준비 현대차증권 곽민정,김유진 I 2024-02-14 N/R 탐방노트 미래에셋증권 김영건 I 2024-02-06 매수"
399720::2024,399720,가온칩스,SECONDARY_SUMMARY_ONLY,SECONDARY_HUMAN_REPORT_NO_ACTION,200,https://m.irgo.co.kr/IR-COMP/399720,2024-07-17,,"성현동,김선봉 I 2024-07-17 매수 선단 공정에 최적화된 디자인하우스 현대차증권 곽민정,윤서영 I 2024-04-09 N/R 인공지능 칩과 함께 성장 DS투자증권 조대형 I 2024-04-01 N/R 남들보다 빠른 걸음 한국투자증권 윤철환,박정인 I 2024-03-29 N/R 인공지능 칩 생산의 필수 관문 DS투자증권 조대형 I 2024-03-27 매수 밀려드는 수주, 폭발적 이익 성장 기대 KB증권 권태우,성현동,김선봉 I 2024-03-25 매수 밀려드는 수주, 폭발적 이익 성장 기대 KB증권 권태우,성현동,김선봉 I 2024-03-20 매수 AI 글로벌 1등을 향해, 폭발적 이익 성장 기대 KB증권 권태우,성현동,김선봉 I 2024-03-13 N/R 안정적 양산 매출과 공격적 AI 수주 신한투자증권 허성규 I 2024-03-12 N/R 탐방기업 실적 리뷰 미래에셋증권 김영건 I 2024-03-05 매수 강력한 성장을 위한 준비 현대차증권 곽민정,김유진"
399720::2024,399720,가온칩스,SECONDARY_SUMMARY_ONLY,SECONDARY_HUMAN_REPORT_NO_ACTION,200,https://m.irgo.co.kr/IR-COMP/399720,2024-08-08,,"가온? 한국투자증권 조수헌 I 2024-08-08 매수 속도의 차이일 뿐, 방향성은 변함없다 KB증권 권태우,성현동,김선봉 I 2024-07-17 매수 선단 공정에 최적화된 디자인하우스 현대차증권 곽민정,윤서영 I 2024-04-09 N/R 인공지능 칩과 함께 성장 DS투자증권 조대형 I 2024-04-01 N/R 남들보다 빠른 걸음 한국투자증권 윤철환,박정인 I 2024-03-29 N/R 인공지능 칩 생산의 필수 관문 DS투자증권 조대형 I 2024-03-27 매수 밀려드는 수주, 폭발적 이익 성장 기대 KB증권 권태우,성현동,김선봉 I 2024-03-25 매수 밀려드는 수주, 폭발적 이익 성장 기대 KB증권 권태우,성현동,김선봉 I 2024-03-20 매수 AI 글로벌 1등을 향해, 폭발적 이익 성장 기대 KB증권 권태우,성현동,김선봉 I 2024-03-13 N/R 안정적 양산 매출과 공격적 AI 수주 신한투자증권 허성규 I 2024-03-12 N/R 탐방기업"
399720::2024,399720,가온칩스,SECONDARY_SUMMARY_ONLY,SECONDARY_HUMAN_REPORT_NO_ACTION,200,https://m.irgo.co.kr/IR-COMP/399720,2024-08-19,,"w: 2024년 연간 최대 실적 기록 전망 현대차증권 곽민정 I 2024-08-19 N/R 지금 살가온? 한국투자증권 조수헌 I 2024-08-08 매수 속도의 차이일 뿐, 방향성은 변함없다 KB증권 권태우,성현동,김선봉 I 2024-07-17 매수 선단 공정에 최적화된 디자인하우스 현대차증권 곽민정,윤서영 I 2024-04-09 N/R 인공지능 칩과 함께 성장 DS투자증권 조대형 I 2024-04-01 N/R 남들보다 빠른 걸음 한국투자증권 윤철환,박정인 I 2024-03-29 N/R 인공지능 칩 생산의 필수 관문 DS투자증권 조대형 I 2024-03-27 매수 밀려드는 수주, 폭발적 이익 성장 기대 KB증권 권태우,성현동,김선봉 I 2024-03-25 매수 밀려드는 수주, 폭발적 이익 성장 기대 KB증권 권태우,성현동,김선봉 I 2024-03-20 매수 AI 글로벌 1등을 향해, 폭발적 이익 성장 기대 KB증권 권태우,성현동,김선봉 I 2024-03-13 N/R"
399720::2024,399720,가온칩스,SECONDARY_SUMMARY_ONLY,SECONDARY_HUMAN_REPORT_NO_ACTION,200,https://m.irgo.co.kr/IR-COMP/399720,2024-08-22,,"공정 중심 성장 전략 KB증권 권태우,성현동,김선봉 I 2024-08-22 매수 2Q24 Review: 2024년 연간 최대 실적 기록 전망 현대차증권 곽민정 I 2024-08-19 N/R 지금 살가온? 한국투자증권 조수헌 I 2024-08-08 매수 속도의 차이일 뿐, 방향성은 변함없다 KB증권 권태우,성현동,김선봉 I 2024-07-17 매수 선단 공정에 최적화된 디자인하우스 현대차증권 곽민정,윤서영 I 2024-04-09 N/R 인공지능 칩과 함께 성장 DS투자증권 조대형 I 2024-04-01 N/R 남들보다 빠른 걸음 한국투자증권 윤철환,박정인 I 2024-03-29 N/R 인공지능 칩 생산의 필수 관문 DS투자증권 조대형 I 2024-03-27 매수 밀려드는 수주, 폭발적 이익 성장 기대 KB증권 권태우,성현동,김선봉 I 2024-03-25 매수 밀려드는 수주, 폭발적 이익 성장 기대 KB증권 권태우,성현동,김선봉 I 2024-03-20 매수 AI 글로벌"
399720::2024,399720,가온칩스,SECONDARY_SUMMARY_ONLY,SECONDARY_HUMAN_REPORT_NO_ACTION,200,https://m.irgo.co.kr/IR-COMP/399720,2024-10-15,,"매수 AI와 오토모티브 중심의 성장, 여전히 유효한 투자 포인트 KB증권 권태우,성현동,전소희 I 2024-10-15 매수 개선된 이익, 지속적인 수주와 선단공정 중심 성장 전략 KB증권 권태우,성현동,김선봉 I 2024-08-22 매수 2Q24 Review: 2024년 연간 최대 실적 기록 전망 현대차증권 곽민정 I 2024-08-19 N/R 지금 살가온? 한국투자증권 조수헌 I 2024-08-08 매수 속도의 차이일 뿐, 방향성은 변함없다 KB증권 권태우,성현동,김선봉 I 2024-07-17 매수 선단 공정에 최적화된 디자인하우스 현대차증권 곽민정,윤서영 I 2024-04-09 N/R 인공지능 칩과 함께 성장 DS투자증권 조대형 I 2024-04-01 N/R 남들보다 빠른 걸음 한국투자증권 윤철환,박정인 I 2024-03-29 N/R 인공지능 칩 생산의 필수 관문 DS투자증권 조대형 I 2024-03-27 매수 밀려드는 수주, 폭발적 이익 성장 기대 KB증권 권"
399720::2024,399720,가온칩스,SECONDARY_SUMMARY_ONLY,SECONDARY_HUMAN_REPORT_NO_ACTION,200,https://m.irgo.co.kr/IR-COMP/399720,2024-10-15,,"우,성현동,전소희 I 2024-10-15 매수 개선된 이익, 지속적인 수주와 선단공정 중심 성장 전략 KB증권 권태우,성현동,김선봉 I 2024-08-22 매수 2Q24 Review: 2024년 연간 최대 실적 기록 전망 현대차증권 곽민정 I 2024-08-19 N/R 지금 살가온? 한국투자증권 조수헌 I 2024-08-08 매수 속도의 차이일 뿐, 방향성은 변함없다 KB증권 권태우,성현동,김선봉 I 2024-07-17 매수 선단 공정에 최적화된 디자인하우스 현대차증권 곽민정,윤서영 I 2024-04-09 N/R 인공지능 칩과 함께 성장 DS투자증권 조대형 I 2024-04-01 N/R 남들보다 빠른 걸음 한국투자증권 윤철환,박정인 I 2024-03-29 N/R 인공지능 칩 생산의 필수 관문 DS투자증권 조대형 I 2024-03-27 매수 밀려드는 수주, 폭발적 이익 성장 기대 KB증권 권태우,성현동,김선봉 I 2024-03-25 매수 밀려드는 수주, 폭발적 이익"
399720::2024,399720,가온칩스,SECONDARY_SUMMARY_ONLY,SECONDARY_HUMAN_REPORT_NO_ACTION,200,https://m.irgo.co.kr/IR-COMP/399720,2024-11-19,,"N/R 회사소개 및 주요 경영현황 해당기업 IR팀 I 2024-11-19 매수 AI와 오토모티브 중심의 성장, 여전히 유효한 투자 포인트 KB증권 권태우,성현동,전소희 I 2024-10-15 매수 개선된 이익, 지속적인 수주와 선단공정 중심 성장 전략 KB증권 권태우,성현동,김선봉 I 2024-08-22 매수 2Q24 Review: 2024년 연간 최대 실적 기록 전망 현대차증권 곽민정 I 2024-08-19 N/R 지금 살가온? 한국투자증권 조수헌 I 2024-08-08 매수 속도의 차이일 뿐, 방향성은 변함없다 KB증권 권태우,성현동,김선봉 I 2024-07-17 매수 선단 공정에 최적화된 디자인하우스 현대차증권 곽민정,윤서영 I 2024-04-09 N/R 인공지능 칩과 함께 성장 DS투자증권 조대형 I 2024-04-01 N/R 남들보다 빠른 걸음 한국투자증권 윤철환,박정인 I 2024-03-29 N/R 인공지능 칩 생산의 필수 관문 DS투자증권 조대형 I"
399720::2024,399720,가온칩스,SECONDARY_SUMMARY_ONLY,SECONDARY_HUMAN_REPORT_NO_ACTION,200,https://m.irgo.co.kr/IR-COMP/399720,2024-11-28,,"-08-29 N/R 회사소개 및 주요 경영현황 해당기업 IR팀 I 2025-08-20 N/R 최선단 노드 프로젝트를 수주한 디자인 하우스 LS증권 정우성 I 2025-02-03 N/R 회사소개 및 주요 경영현황 해당기업 IR팀 I 2024-11-28 N/R 회사소개 및 주요 경영현황 해당기업 IR팀 I 2024-11-19 매수 AI와 오토모티브 중심의 성장, 여전히 유효한 투자 포인트 KB증권 권태우,성현동,전소희 I 2024-10-15 매수 개선된 이익, 지속적인 수주와 선단공정 중심 성장 전략 KB증권 권태우,성현동,김선봉 I 2024-08-22 매수 2Q24 Review: 2024년 연간 최대 실적 기록 전망 현대차증권 곽민정 I 2024-08-19 N/R 지금 살가온? 한국투자증권 조수헌 I 2024-08-08 매수 속도의 차이일 뿐, 방향성은 변함없다 KB증권 권태우,성현동,김선봉 I 2024-07-17 매수 선단 공정에 최적화된 디자인하우스 현대차증권 곽"
399720::2024,399720,가온칩스,SECONDARY_SUMMARY_ONLY,SECONDARY_HUMAN_REPORT_NO_ACTION,200,https://m.irgo.co.kr/IR-COMP/399720,2024-11-28,,"2025-08-20 N/R 최선단 노드 프로젝트를 수주한 디자인 하우스 LS증권 정우성 I 2025-02-03 N/R 회사소개 및 주요 경영현황 해당기업 IR팀 I 2024-11-28 N/R 회사소개 및 주요 경영현황 해당기업 IR팀 I 2024-11-19 매수 AI와 오토모티브 중심의 성장, 여전히 유효한 투자 포인트 KB증권 권태우,성현동,전소희 I 2024-10-15 매수 개선된 이익, 지속적인 수주와 선단공정 중심 성장 전략 KB증권 권태우,성현동,김선봉 I 2024-08-22 매수 2Q24 Review: 2024년 연간 최대 실적 기록 전망 현대차증권 곽민정 I 2024-08-19 N/R 지금 살가온? 한국투자증권 조수헌 I 2024-08-08 매수 속도의 차이일 뿐, 방향성은 변함없다 KB증권 권태우,성현동,김선봉 I 2024-07-17 매수 선단 공정에 최적화된 디자인하우스 현대차증권 곽민정,윤서영 I 2024-04-09 N/R 인공지능 칩과 함께 성"
399720::2024,399720,가온칩스,SECONDARY_SUMMARY_ONLY,SECONDARY_HUMAN_REPORT_NO_ACTION,200,https://m.irgo.co.kr/IR-COMP/399720,2024-11-28,,"25-02-03 N/R 회사소개 및 주요 경영현황 해당기업 IR팀 I 2024-11-28 N/R 회사소개 및 주요 경영현황 해당기업 IR팀 I 2024-11-19 매수 AI와 오토모티브 중심의 성장, 여전히 유효한 투자 포인트 KB증권 권태우,성현동,전소희 I 2024-10-15 매수 개선된 이익, 지속적인 수주와 선단공정 중심 성장 전략 KB증권 권태우,성현동,김선봉 I 2024-08-22 매수 2Q24 Review: 2024년 연간 최대 실적 기록 전망 현대차증권 곽민정 I 2024-08-19 N/R 지금 살가온? 한국투자증권 조수헌 I 2024-08-08 매수 속도의 차이일 뿐, 방향성은 변함없다 KB증권 권태우,성현동,김선봉 I 2024-07-17 매수 선단 공정에 최적화된 디자인하우스 현대차증권 곽민정,윤서영 I 2024-04-09 N/R 인공지능 칩과 함께 성장 DS투자증권 조대형 I 2024-04-01 N/R 남들보다 빠른 걸음 한국투자증권 윤철환,박정"
399720::2024,399720,가온칩스,SECONDARY_SUMMARY_ONLY,SECONDARY_HUMAN_REPORT_NO_ACTION,200,https://m.irgo.co.kr/IR-COMP/399720,2024-11-28,,"N/R NDR 후기: 2nm Tape-out, 글로벌 Top-tier를 향해 한국투자증권 조수헌 I 2025-08-29 N/R 회사소개 및 주요 경영현황 해당기업 IR팀 I 2025-08-20 N/R 최선단 노드 프로젝트를 수주한 디자인 하우스 LS증권 정우성 I 2025-02-03 N/R 회사소개 및 주요 경영현황 해당기업 IR팀 I 2024-11-28 N/R 회사소개 및 주요 경영현황 해당기업 IR팀 I 2024-11-19 매수 AI와 오토모티브 중심의 성장, 여전히 유효한 투자 포인트 KB증권 권태우,성현동,전소희 I 2024-10-15 매수 개선된 이익, 지속적인 수주와 선단공정 중심 성장 전략 KB증권 권태우,성현동,김선봉 I 2024-08-22 매수 2Q24 Review: 2024년 연간 최대 실적 기록 전망 현대차증권 곽민정 I 2024-08-19 N/R 지금 살가온? 한국투자증권 조수헌 I 2024-08-08 매수 속도의 차이일 뿐, 방향성은 변함없다"
399720::2024,399720,가온칩스,SECONDARY_SUMMARY_ONLY,SECONDARY_HUMAN_REPORT_NO_ACTION,200,https://m.irgo.co.kr/IR-COMP/399720,2024-11-28,,"조수헌 I 2026-01-30 N/R 3Q25 Review: 마지막 부진 한국투자증권 조수헌 I 2025-11-18 N/R 3Q25 Preview: 단기 실적 부진은 불가피 한국투자증권 조수헌 I 2025-10-30 N/R 2026년 양산 매출액 본격화 시점 도래 LS증권 정우성 I 2025-09-23 N/R NDR 후기: 2nm Tape-out, 글로벌 Top-tier를 향해 한국투자증권 조수헌 I 2025-08-29 N/R 회사소개 및 주요 경영현황 해당기업 IR팀 I 2025-08-20 N/R 최선단 노드 프로젝트를 수주한 디자인 하우스 LS증권 정우성 I 2025-02-03 N/R 회사소개 및 주요 경영현황 해당기업 IR팀 I 2024-11-28 N/R 회사소개 및 주요 경영현황 해당기업 IR팀 I 2024-11-19 매수 AI와 오토모티브 중심의 성장, 여전히 유효한 투자 포인트 KB증권 권태우,성현동,전소희 I 2024-10-15 매수 개선된 이익, 지"
399720::2024,399720,가온칩스,SECONDARY_SUMMARY_ONLY,SECONDARY_HUMAN_REPORT_NO_ACTION,200,https://m.irgo.co.kr/IR-COMP/399720,2024-11-28,,"한국투자증권 조수헌 I 2025-11-18 N/R 3Q25 Preview: 단기 실적 부진은 불가피 한국투자증권 조수헌 I 2025-10-30 N/R 2026년 양산 매출액 본격화 시점 도래 LS증권 정우성 I 2025-09-23 N/R NDR 후기: 2nm Tape-out, 글로벌 Top-tier를 향해 한국투자증권 조수헌 I 2025-08-29 N/R 회사소개 및 주요 경영현황 해당기업 IR팀 I 2025-08-20 N/R 최선단 노드 프로젝트를 수주한 디자인 하우스 LS증권 정우성 I 2025-02-03 N/R 회사소개 및 주요 경영현황 해당기업 IR팀 I 2024-11-28 N/R 회사소개 및 주요 경영현황 해당기업 IR팀 I 2024-11-19 매수 AI와 오토모티브 중심의 성장, 여전히 유효한 투자 포인트 KB증권 권태우,성현동,전소희 I 2024-10-15 매수 개선된 이익, 지속적인 수주와 선단공정 중심 성장 전략 KB증권 권태우,성현동,김선봉 I"
399720::2024,399720,가온칩스,SECONDARY_SUMMARY_ONLY,SECONDARY_HUMAN_REPORT_NO_ACTION,200,https://m.irgo.co.kr/IR-COMP/399720,2024-11-28,,"헌 I 2025-10-30 N/R 2026년 양산 매출액 본격화 시점 도래 LS증권 정우성 I 2025-09-23 N/R NDR 후기: 2nm Tape-out, 글로벌 Top-tier를 향해 한국투자증권 조수헌 I 2025-08-29 N/R 회사소개 및 주요 경영현황 해당기업 IR팀 I 2025-08-20 N/R 최선단 노드 프로젝트를 수주한 디자인 하우스 LS증권 정우성 I 2025-02-03 N/R 회사소개 및 주요 경영현황 해당기업 IR팀 I 2024-11-28 N/R 회사소개 및 주요 경영현황 해당기업 IR팀 I 2024-11-19 매수 AI와 오토모티브 중심의 성장, 여전히 유효한 투자 포인트 KB증권 권태우,성현동,전소희 I 2024-10-15 매수 개선된 이익, 지속적인 수주와 선단공정 중심 성장 전략 KB증권 권태우,성현동,김선봉 I 2024-08-22 매수 2Q24 Review: 2024년 연간 최대 실적 기록 전망 현대차증권 곽민정 I 2024-0"
403490::2024,403490,우듬지팜,SECONDARY_SUMMARY_ONLY,SECONDARY_HUMAN_REPORT_NO_CANONICAL_ACTION,200,https://m.irgo.co.kr/IR-COMP/403490,2024-12-23,,"N/R IPO 주관사 업데이트: 유럽형 채소·해외 확장, 플랫폼 전환 가속 하나증권 권태우,윤채리 I 2025-11-19 N/R IPO 주관사 업데이트: 토망고 기반 안정성, 스마트팜 플랫폼 도약 하나증권 권태우,서지혁 I 2025-06-25 N/R 스마트 농업은 스마트 팜으로 KB증권 임상국 I 2025-06-13 N/R K- 작물과 K- 스마트팜의 으뜸기업 KB증권 임상국 I 2025-05-28 N/R IPO 주관사 업데이트: 스마트팜 솔루션 기업 하나증권 김성호,손호성 I 2024-12-23 N/R 스마트팜 시공 사업 진출 기대 하나증권 조정현 I 2024-06-27 N/R 확실한 성장이 기대되는 중 상상인증권 이준호,권오휘 I 2024-03-18 N/R IPO 주관사 업데이트: 오일머니를 부르는 K스마트팜 하나증권 조정현 I 2023-12-18 N/R K-농업의 미래 스마트팜 IBK투자증권 남성현 I 2023-09-21 더보기"
403490::2024,403490,우듬지팜,SECONDARY_SUMMARY_ONLY,SECONDARY_HUMAN_REPORT_NO_CANONICAL_ACTION,200,https://m.irgo.co.kr/IR-COMP/403490,2024-12-23,,"리포트 N/R IPO 주관사 업데이트: 과일 토마토 메이커 하나증권 박찬솔,윤채리 I 2026-06-15 N/R IPO 주관사 업데이트: 유럽형 채소·해외 확장, 플랫폼 전환 가속 하나증권 권태우,윤채리 I 2025-11-19 N/R IPO 주관사 업데이트: 토망고 기반 안정성, 스마트팜 플랫폼 도약 하나증권 권태우,서지혁 I 2025-06-25 N/R 스마트 농업은 스마트 팜으로 KB증권 임상국 I 2025-06-13 N/R K- 작물과 K- 스마트팜의 으뜸기업 KB증권 임상국 I 2025-05-28 N/R IPO 주관사 업데이트: 스마트팜 솔루션 기업 하나증권 김성호,손호성 I 2024-12-23 N/R 스마트팜 시공 사업 진출 기대 하나증권 조정현 I 2024-06-27 N/R 확실한 성장이 기대되는 중 상상인증권 이준호,권오휘 I 2024-03-18 N/R IPO 주관사 업데이트: 오일머니를 부르는 K스"
403490::2024,403490,우듬지팜,SECONDARY_SUMMARY_ONLY,SECONDARY_HUMAN_REPORT_NO_CANONICAL_ACTION,200,https://m.irgo.co.kr/IR-COMP/403490,2024-12-23,,"주관사 업데이트: 과일 토마토 메이커 하나증권 박찬솔,윤채리 I 2026-06-15 N/R IPO 주관사 업데이트: 유럽형 채소·해외 확장, 플랫폼 전환 가속 하나증권 권태우,윤채리 I 2025-11-19 N/R IPO 주관사 업데이트: 토망고 기반 안정성, 스마트팜 플랫폼 도약 하나증권 권태우,서지혁 I 2025-06-25 N/R 스마트 농업은 스마트 팜으로 KB증권 임상국 I 2025-06-13 N/R K- 작물과 K- 스마트팜의 으뜸기업 KB증권 임상국 I 2025-05-28 N/R IPO 주관사 업데이트: 스마트팜 솔루션 기업 하나증권 김성호,손호성 I 2024-12-23 N/R 스마트팜 시공 사업 진출 기대 하나증권 조정현 I 2024-06-27 N/R 확실한 성장이 기대되는 중 상상인증권 이준호,권오휘 I 2024-03-18 N/R IPO 주관사 업데이트: 오일머니를 부르는 K스마트팜 하나증권 조정현 I 2023-12-18 N/R K-농업의 미래 스마트팜"
415380::2024,415380,스튜디오삼익,PRIMARY_INDEX_AVAILABLE,OTHER_EXPERT_PRIMARY_NONCANONICAL_PORTFOLIO_EXPANSION,200,https://m.irgo.co.kr/IR-COMP/415380,,,
417200::2024,417200,LS머트리얼즈,SECONDARY_SUMMARY_ONLY,SECONDARY_HUMAN_REPORT_NO_ACTION,200,https://m.irgo.co.kr/IR-COMP/417200,2024-11-26,"{""WC"": [""회수""]}","I 2026-06-04 N/R AI데이터센터, 전력망 안정 필수 요소로 부상 DB증권 안회수 I 2026-05-21 N/R AI 데이터센터가 촉발시킬 수요처 확대 삼성증권 조현렬,김원영 I 2026-04-10 N/R AI DC향 수주, 이제 시작된다 메리츠증권 문경원 I 2026-03-06 N/R 신재생 에너지 수혜주 KB증권 이창민 I 2025-12-15 N/R 회사소개 및 주요 경영현황 해당기업 IR팀 I 2025-07-10 N/R 전력 인프라 수혜주로 발돋움 키움증권 김소원,조재원 I 2025-06-13 N/R LS 그룹의 신재생 에너지 수혜주 KB증권 이창민 I 2025-06-05 N/R 신재생 에너지 수혜주 KB증권 이창민 I 2024-11-26 N/R 글로벌 메가 트렌드와 교차 지점 형성 신한투자증권 최규헌 I 2024-11-13 N/R 회사소개 및 주요 경영현황 해당기업 IR팀 I 2024-09-25 N/R 회사소개 및 주요 경영현황 해당기업 IR팀 I"
417200::2024,417200,LS머트리얼즈,SECONDARY_SUMMARY_ONLY,SECONDARY_HUMAN_REPORT_NO_ACTION,200,https://m.irgo.co.kr/IR-COMP/417200,2024-11-26,"{""WC"": [""회수""]}","권 김소원,조재원 I 2025-06-13 N/R LS 그룹의 신재생 에너지 수혜주 KB증권 이창민 I 2025-06-05 N/R 신재생 에너지 수혜주 KB증권 이창민 I 2024-11-26 N/R 글로벌 메가 트렌드와 교차 지점 형성 신한투자증권 최규헌 I 2024-11-13 N/R 회사소개 및 주요 경영현황 해당기업 IR팀 I 2024-09-25 N/R 회사소개 및 주요 경영현황 해당기업 IR팀 I 2024-09-05 N/R 우리도 전력망과 ESS에 필요해요! LS증권 안회수 I 2024-07-24 N/R 전기차가 끌고, 풍력이 밀고 키움증권 김소원,조재원 I 2024-06-26 N/R 신재생 에너지+전기차 수혜주 KB증권 이창민 I 2024-06-07 더보기"
417200::2024,417200,LS머트리얼즈,SECONDARY_SUMMARY_ONLY,SECONDARY_HUMAN_REPORT_NO_ACTION,200,https://m.irgo.co.kr/IR-COMP/417200,2024-11-26,"{""WC"": [""회수""]}","삼성증권 조현렬,김원영 I 2026-04-10 N/R AI DC향 수주, 이제 시작된다 메리츠증권 문경원 I 2026-03-06 N/R 신재생 에너지 수혜주 KB증권 이창민 I 2025-12-15 N/R 회사소개 및 주요 경영현황 해당기업 IR팀 I 2025-07-10 N/R 전력 인프라 수혜주로 발돋움 키움증권 김소원,조재원 I 2025-06-13 N/R LS 그룹의 신재생 에너지 수혜주 KB증권 이창민 I 2025-06-05 N/R 신재생 에너지 수혜주 KB증권 이창민 I 2024-11-26 N/R 글로벌 메가 트렌드와 교차 지점 형성 신한투자증권 최규헌 I 2024-11-13 N/R 회사소개 및 주요 경영현황 해당기업 IR팀 I 2024-09-25 N/R 회사소개 및 주요 경영현황 해당기업 IR팀 I 2024-09-05 N/R 우리도 전력망과 ESS에 필요해요! LS증권 안회수 I 2024-07-24 N/R 전기차가 끌고, 풍력이 밀고 키움증권 김소원,조재원"
417200::2024,417200,LS머트리얼즈,SECONDARY_SUMMARY_ONLY,SECONDARY_HUMAN_REPORT_NO_ACTION,200,https://m.irgo.co.kr/IR-COMP/417200,2024-11-26,"{""WC"": [""회수""]}","업 IR팀 I 2025-07-10 N/R 전력 인프라 수혜주로 발돋움 키움증권 김소원,조재원 I 2025-06-13 N/R LS 그룹의 신재생 에너지 수혜주 KB증권 이창민 I 2025-06-05 N/R 신재생 에너지 수혜주 KB증권 이창민 I 2024-11-26 N/R 글로벌 메가 트렌드와 교차 지점 형성 신한투자증권 최규헌 I 2024-11-13 N/R 회사소개 및 주요 경영현황 해당기업 IR팀 I 2024-09-25 N/R 회사소개 및 주요 경영현황 해당기업 IR팀 I 2024-09-05 N/R 우리도 전력망과 ESS에 필요해요! LS증권 안회수 I 2024-07-24 N/R 전기차가 끌고, 풍력이 밀고 키움증권 김소원,조재원 I 2024-06-26 N/R 신재생 에너지+전기차 수혜주 KB증권 이창민 I 2024-06-07 더보기"
417200::2024,417200,LS머트리얼즈,SECONDARY_SUMMARY_ONLY,SECONDARY_HUMAN_REPORT_NO_ACTION,200,https://m.irgo.co.kr/IR-COMP/417200,2024-11-26,"{""WC"": [""회수""]}","이제 시작된다 메리츠증권 문경원 I 2026-03-06 N/R 신재생 에너지 수혜주 KB증권 이창민 I 2025-12-15 N/R 회사소개 및 주요 경영현황 해당기업 IR팀 I 2025-07-10 N/R 전력 인프라 수혜주로 발돋움 키움증권 김소원,조재원 I 2025-06-13 N/R LS 그룹의 신재생 에너지 수혜주 KB증권 이창민 I 2025-06-05 N/R 신재생 에너지 수혜주 KB증권 이창민 I 2024-11-26 N/R 글로벌 메가 트렌드와 교차 지점 형성 신한투자증권 최규헌 I 2024-11-13 N/R 회사소개 및 주요 경영현황 해당기업 IR팀 I 2024-09-25 N/R 회사소개 및 주요 경영현황 해당기업 IR팀 I 2024-09-05 N/R 우리도 전력망과 ESS에 필요해요! LS증권 안회수 I 2024-07-24 N/R 전기차가 끌고, 풍력이 밀고 키움증권 김소원,조재원 I 2024-06-26 N/R 신재생 에너지+전기차 수혜주 KB증권 이창"
417200::2024,417200,LS머트리얼즈,SECONDARY_SUMMARY_ONLY,SECONDARY_HUMAN_REPORT_NO_ACTION,200,https://m.irgo.co.kr/IR-COMP/417200,2024-11-26,"{""WC"": [""회수""]}","주 KB증권 이창민 I 2025-12-15 N/R 회사소개 및 주요 경영현황 해당기업 IR팀 I 2025-07-10 N/R 전력 인프라 수혜주로 발돋움 키움증권 김소원,조재원 I 2025-06-13 N/R LS 그룹의 신재생 에너지 수혜주 KB증권 이창민 I 2025-06-05 N/R 신재생 에너지 수혜주 KB증권 이창민 I 2024-11-26 N/R 글로벌 메가 트렌드와 교차 지점 형성 신한투자증권 최규헌 I 2024-11-13 N/R 회사소개 및 주요 경영현황 해당기업 IR팀 I 2024-09-25 N/R 회사소개 및 주요 경영현황 해당기업 IR팀 I 2024-09-05 N/R 우리도 전력망과 ESS에 필요해요! LS증권 안회수 I 2024-07-24 N/R 전기차가 끌고, 풍력이 밀고 키움증권 김소원,조재원 I 2024-06-26 N/R 신재생 에너지+전기차 수혜주 KB증권 이창민 I 2024-06-07 더보기"
417200::2024,417200,LS머트리얼즈,SECONDARY_SUMMARY_ONLY,SECONDARY_HUMAN_REPORT_NO_ACTION,200,https://m.irgo.co.kr/IR-COMP/417200,2024-11-26,"{""WC"": [""회수""]}","회수 I 2026-05-21 N/R AI 데이터센터가 촉발시킬 수요처 확대 삼성증권 조현렬,김원영 I 2026-04-10 N/R AI DC향 수주, 이제 시작된다 메리츠증권 문경원 I 2026-03-06 N/R 신재생 에너지 수혜주 KB증권 이창민 I 2025-12-15 N/R 회사소개 및 주요 경영현황 해당기업 IR팀 I 2025-07-10 N/R 전력 인프라 수혜주로 발돋움 키움증권 김소원,조재원 I 2025-06-13 N/R LS 그룹의 신재생 에너지 수혜주 KB증권 이창민 I 2025-06-05 N/R 신재생 에너지 수혜주 KB증권 이창민 I 2024-11-26 N/R 글로벌 메가 트렌드와 교차 지점 형성 신한투자증권 최규헌 I 2024-11-13 N/R 회사소개 및 주요 경영현황 해당기업 IR팀 I 2024-09-25 N/R 회사소개 및 주요 경영현황 해당기업 IR팀 I 2024-09-05 N/R 우리도 전력망과 ESS에 필요해요! LS증권 안회수 I 20"
419080::2024,419080,엔젯,SECONDARY_SUMMARY_ONLY,EQUITY_PRIMARY_INDEX_NO_CANONICAL_ACTION,200,https://m.irgo.co.kr/IR-COMP/419080,2024-12-13,,"리포트 N/R EHD로 유리기판 공정 혁신 미래에셋증권 박준서 I 2025-12-10 N/R 다가올 결실을 기다리며 미래에셋증권 박준서 I 2025-06-24 N/R 다가오고 있는 결실 미래에셋증권 박준서 I 2024-12-13 N/R EHD의 확장성 미래에셋증권 박준서 I 2024-06-27 N/R 회사소개 및 주요 사업현황 해당기업 IR팀 I 2024-05-24 N/R 무한궤도, EHD 미래에셋증권 박준서 I 2023-12-21 N/R"
419080::2024,419080,엔젯,SECONDARY_SUMMARY_ONLY,EQUITY_PRIMARY_INDEX_NO_CANONICAL_ACTION,200,https://m.irgo.co.kr/IR-COMP/419080,2024-12-13,,"리포트 N/R EHD로 유리기판 공정 혁신 미래에셋증권 박준서 I 2025-12-10 N/R 다가올 결실을 기다리며 미래에셋증권 박준서 I 2025-06-24 N/R 다가오고 있는 결실 미래에셋증권 박준서 I 2024-12-13 N/R EHD의 확장성 미래에셋증권 박준서 I 2024-06-27 N/R 회사소개 및 주요 사업현황 해당기업 IR팀 I 2024-05-24 N/R 무한궤도, EHD 미래에셋증권 박준서 I 2023-12-21 N/R N개의 꿈을 쏘다 NH투자증권 황지현,손세훈 I 2023-10-2"
419080::2024,419080,엔젯,SECONDARY_SUMMARY_ONLY,EQUITY_PRIMARY_INDEX_NO_CANONICAL_ACTION,200,https://m.irgo.co.kr/IR-COMP/419080,2024-12-13,,"리포트 N/R EHD로 유리기판 공정 혁신 미래에셋증권 박준서 I 2025-12-10 N/R 다가올 결실을 기다리며 미래에셋증권 박준서 I 2025-06-24 N/R 다가오고 있는 결실 미래에셋증권 박준서 I 2024-12-13 N/R EHD의 확장성 미래에셋증권 박준서 I 2024-06-27 N/R 회사소개 및 주요 사업현황 해당기업 IR팀 I 2024-05-24 N/R 무한궤도, EHD 미래에셋증권 박준서 I 2023-12-21 N/R N개의 꿈을 쏘다 NH투자증권 황지현,손세훈 I 2023-10-25 매수 독보적인 EHD 잉크젯 기술의 무한 확장성 현대차증권 곽민정 I"
419530::2024,419530,SAMG엔터,SECONDARY_SUMMARY_ACTION_CANDIDATE,EQUITY_PRIMARY_MULTI_NONCANONICAL,200,https://m.irgo.co.kr/IR-COMP/419530,2024-12-09,"{""OE"": [""비용""]}","I 2025-01-15 N/R 두근두근 캐치! 실적핑 NH투자증권 백준기 I 2024-12-09 N/R 2024년 3분기 경영실적 해당기업 IR팀 I 2024-12-04 N/R 중국 모멘텀까지 더해지는 SAMG엔터 신한투자증권 주지은,박현진 I 2024-09-11 N/R 기다림 끝에 찾아온 회복의 씨앗 NH투자증권 백준기 I 2024-06-27 N/R 올해는 수익성 개선 기대 유화증권 유승준 I 2024-03-06 N/R 비용 통제 강화로 연내 흑자전환 기대 하나증권 이기훈,황지원 I 2024-03-06 N/R 2023년 4분기 경영실적 해당기업 IR팀 I 2024-02-13 N/R 2024년 흑자전환 기대 상상인증권 이준호,권오휘 I 2024-01-15 N/R 한계를 뛰어 넘을 티니핑 하나증권 이기훈,황지원 I 2023-12-19 N/R 2024년 기대되는 매출 증가 요인들 NH투자증권 백준기 I 2023-11-30 N/R 키즈 콘텐츠 시장을 선도한다 삼성증권 최"
419530::2024,419530,SAMG엔터,SECONDARY_SUMMARY_ACTION_CANDIDATE,EQUITY_PRIMARY_MULTI_NONCANONICAL,200,https://m.irgo.co.kr/IR-COMP/419530,2024-12-09,"{""OE"": [""비용""]}","I 2025-02-19 N/R 이익 성장 궤도 진입 신한투자증권 주지은,박현진 I 2025-02-11 N/R 턴어라운드 시작! 신한투자증권 주지은,박현진 I 2025-01-15 N/R 두근두근 캐치! 실적핑 NH투자증권 백준기 I 2024-12-09 N/R 2024년 3분기 경영실적 해당기업 IR팀 I 2024-12-04 N/R 중국 모멘텀까지 더해지는 SAMG엔터 신한투자증권 주지은,박현진 I 2024-09-11 N/R 기다림 끝에 찾아온 회복의 씨앗 NH투자증권 백준기 I 2024-06-27 N/R 올해는 수익성 개선 기대 유화증권 유승준 I 2024-03-06 N/R 비용 통제 강화로 연내 흑자전환 기대 하나증권 이기훈,황지원 I 2024-03-06 N/R 2023년 4분기 경영실적 해당기업 IR팀 I 2024-02-13 N/R 2024년 흑자전환 기대 상상인증권 이준호,권오휘 I 2024-01-15 N/R 한계를 뛰어 넘을 티니핑 하나증권 이기훈,황지원 I"
419530::2024,419530,SAMG엔터,SECONDARY_SUMMARY_ACTION_CANDIDATE,EQUITY_PRIMARY_MULTI_NONCANONICAL,200,https://m.irgo.co.kr/IR-COMP/419530,2024-12-09,"{""OE"": [""비용""]}","SK증권 나승두 I 2025-02-20 N/R 2024년 4분기 실적발표 해당기업 IR팀 I 2025-02-19 N/R 이익 성장 궤도 진입 신한투자증권 주지은,박현진 I 2025-02-11 N/R 턴어라운드 시작! 신한투자증권 주지은,박현진 I 2025-01-15 N/R 두근두근 캐치! 실적핑 NH투자증권 백준기 I 2024-12-09 N/R 2024년 3분기 경영실적 해당기업 IR팀 I 2024-12-04 N/R 중국 모멘텀까지 더해지는 SAMG엔터 신한투자증권 주지은,박현진 I 2024-09-11 N/R 기다림 끝에 찾아온 회복의 씨앗 NH투자증권 백준기 I 2024-06-27 N/R 올해는 수익성 개선 기대 유화증권 유승준 I 2024-03-06 N/R 비용 통제 강화로 연내 흑자전환 기대 하나증권 이기훈,황지원 I 2024-03-06 N/R 2023년 4분기 경영실적 해당기업 IR팀 I 2024-02-13 N/R 2024년 흑자전환 기대 상상인증권 이준호"
419530::2024,419530,SAMG엔터,SECONDARY_SUMMARY_ACTION_CANDIDATE,EQUITY_PRIMARY_MULTI_NONCANONICAL,200,https://m.irgo.co.kr/IR-COMP/419530,2024-12-09,,"람 I 2025-05-15 N/R 신한 Premier Corporate Day 후기 신한투자증권 주지은,박현진 I 2025-03-13 N/R 전 세계로 퍼져나가는 캐치! 티니핑 하나증권 김성호,서지혁 I 2025-03-06 N/R 롱런 캐릭터로 진화 SK증권 나승두 I 2025-02-20 N/R 2024년 4분기 실적발표 해당기업 IR팀 I 2025-02-19 N/R 이익 성장 궤도 진입 신한투자증권 주지은,박현진 I 2025-02-11 N/R 턴어라운드 시작! 신한투자증권 주지은,박현진 I 2025-01-15 N/R 두근두근 캐치! 실적핑 NH투자증권 백준기 I 2024-12-09 N/R 2024년 3분기 경영실적 해당기업 IR팀 I 2024-12-04 N/R 중국 모멘텀까지 더해지는 SAMG엔터 신한투자증권 주지은,박현진 I 2024-09-11 N/R 기다림 끝에 찾아온 회복의 씨앗 NH투자증권 백준기 I 2024-06-27 N/R 올해는 수익성 개선 기대 유화"
419530::2024,419530,SAMG엔터,SECONDARY_SUMMARY_ACTION_CANDIDATE,EQUITY_PRIMARY_MULTI_NONCANONICAL,200,https://m.irgo.co.kr/IR-COMP/419530,2024-12-09,"{""OE"": [""비용""]}","주지은,박현진 I 2025-03-13 N/R 전 세계로 퍼져나가는 캐치! 티니핑 하나증권 김성호,서지혁 I 2025-03-06 N/R 롱런 캐릭터로 진화 SK증권 나승두 I 2025-02-20 N/R 2024년 4분기 실적발표 해당기업 IR팀 I 2025-02-19 N/R 이익 성장 궤도 진입 신한투자증권 주지은,박현진 I 2025-02-11 N/R 턴어라운드 시작! 신한투자증권 주지은,박현진 I 2025-01-15 N/R 두근두근 캐치! 실적핑 NH투자증권 백준기 I 2024-12-09 N/R 2024년 3분기 경영실적 해당기업 IR팀 I 2024-12-04 N/R 중국 모멘텀까지 더해지는 SAMG엔터 신한투자증권 주지은,박현진 I 2024-09-11 N/R 기다림 끝에 찾아온 회복의 씨앗 NH투자증권 백준기 I 2024-06-27 N/R 올해는 수익성 개선 기대 유화증권 유승준 I 2024-03-06 N/R 비용 통제 강화로 연내 흑자전환 기대 하나증권 이기훈"
419530::2024,419530,SAMG엔터,SECONDARY_SUMMARY_ACTION_CANDIDATE,EQUITY_PRIMARY_MULTI_NONCANONICAL,200,https://m.irgo.co.kr/IR-COMP/419530,2024-12-09,"{""OE"": [""비용""]}","하나증권 김성호,서지혁 I 2025-03-06 N/R 롱런 캐릭터로 진화 SK증권 나승두 I 2025-02-20 N/R 2024년 4분기 실적발표 해당기업 IR팀 I 2025-02-19 N/R 이익 성장 궤도 진입 신한투자증권 주지은,박현진 I 2025-02-11 N/R 턴어라운드 시작! 신한투자증권 주지은,박현진 I 2025-01-15 N/R 두근두근 캐치! 실적핑 NH투자증권 백준기 I 2024-12-09 N/R 2024년 3분기 경영실적 해당기업 IR팀 I 2024-12-04 N/R 중국 모멘텀까지 더해지는 SAMG엔터 신한투자증권 주지은,박현진 I 2024-09-11 N/R 기다림 끝에 찾아온 회복의 씨앗 NH투자증권 백준기 I 2024-06-27 N/R 올해는 수익성 개선 기대 유화증권 유승준 I 2024-03-06 N/R 비용 통제 강화로 연내 흑자전환 기대 하나증권 이기훈,황지원 I 2024-03-06 N/R 2023년 4분기 경영실적 해당기업 IR팀"
419530::2024,419530,SAMG엔터,SECONDARY_SUMMARY_ACTION_CANDIDATE,EQUITY_PRIMARY_MULTI_NONCANONICAL,200,https://m.irgo.co.kr/IR-COMP/419530,2024-12-09,,"해당기업 IR팀 I 2025-05-16 N/R 다 좋았다 신한투자증권 김아람 I 2025-05-15 N/R 신한 Premier Corporate Day 후기 신한투자증권 주지은,박현진 I 2025-03-13 N/R 전 세계로 퍼져나가는 캐치! 티니핑 하나증권 김성호,서지혁 I 2025-03-06 N/R 롱런 캐릭터로 진화 SK증권 나승두 I 2025-02-20 N/R 2024년 4분기 실적발표 해당기업 IR팀 I 2025-02-19 N/R 이익 성장 궤도 진입 신한투자증권 주지은,박현진 I 2025-02-11 N/R 턴어라운드 시작! 신한투자증권 주지은,박현진 I 2025-01-15 N/R 두근두근 캐치! 실적핑 NH투자증권 백준기 I 2024-12-09 N/R 2024년 3분기 경영실적 해당기업 IR팀 I 2024-12-04 N/R 중국 모멘텀까지 더해지는 SAMG엔터 신한투자증권 주지은,박현진 I 2024-09-11 N/R 기다림 끝에 찾아온 회복의 씨앗 NH투"
419530::2024,419530,SAMG엔터,SECONDARY_SUMMARY_ACTION_CANDIDATE,EQUITY_PRIMARY_MULTI_NONCANONICAL,200,https://m.irgo.co.kr/IR-COMP/419530,2024-12-09,"{""OE"": [""비용""]}","현진 I 2025-02-11 N/R 턴어라운드 시작! 신한투자증권 주지은,박현진 I 2025-01-15 N/R 두근두근 캐치! 실적핑 NH투자증권 백준기 I 2024-12-09 N/R 2024년 3분기 경영실적 해당기업 IR팀 I 2024-12-04 N/R 중국 모멘텀까지 더해지는 SAMG엔터 신한투자증권 주지은,박현진 I 2024-09-11 N/R 기다림 끝에 찾아온 회복의 씨앗 NH투자증권 백준기 I 2024-06-27 N/R 올해는 수익성 개선 기대 유화증권 유승준 I 2024-03-06 N/R 비용 통제 강화로 연내 흑자전환 기대 하나증권 이기훈,황지원 I 2024-03-06 N/R 2023년 4분기 경영실적 해당기업 IR팀 I 2024-02-13 N/R 2024년 흑자전환 기대 상상인증권 이준호,권오휘 I 2024-01-15 N/R 한계를 뛰어 넘을 티니핑 하나증권 이기훈,황지원 I 2023-12-19 N/R 2024년 기대되는 매출 증가 요인들 NH투자증"
420570::2024,420570,제이투케이바이오,SECONDARY_SUMMARY_ONLY,SECONDARY_HUMAN_REPORT_NO_CANONICAL_ACTION,200,https://m.irgo.co.kr/IR-COMP/420570,2024-12-23,,"19 N/R 고객사 다변화와 낮아진 기저 교보증권 권우정 I 2025-12-30 N/R 올해 상저하고 실적 전망 교보증권 권우정 I 2025-06-25 N/R 4분기 주문 물량 회복세 교보증권 권우정 I 2024-12-23 N/R 인디브랜드 성장 수혜를 받는 화장품 원료 전문 기업 한국투자증권 이도희,강시온 I 2024-09-06 N/R 사업 순항 중 SK증권 허선재 I 2024-08-28 N/R 매출은 YoY 60%, OPM은 20%대, 정말 좋다! 교보증권 권우정 I 2024-06-27 N/R 화장품 원료도 캐파 부족 (feat. CosRX) SK증권 허선재 I 2024-06-17 N/R K뷰티 시장의 숨은 진주 SK증권 허선재 I 2024-05-08 N/R 패션은 Y2K, 화장품은 J2K 한국투자증권 이도희,강시온 I 2024-04-12 더보기"
420570::2024,420570,제이투케이바이오,SECONDARY_SUMMARY_ONLY,SECONDARY_HUMAN_REPORT_NO_CANONICAL_ACTION,200,https://m.irgo.co.kr/IR-COMP/420570,2024-12-23,,"7-28 N/R 사상 최대 실적 전망 교보증권 권우정 I 2026-06-19 N/R 고객사 다변화와 낮아진 기저 교보증권 권우정 I 2025-12-30 N/R 올해 상저하고 실적 전망 교보증권 권우정 I 2025-06-25 N/R 4분기 주문 물량 회복세 교보증권 권우정 I 2024-12-23 N/R 인디브랜드 성장 수혜를 받는 화장품 원료 전문 기업 한국투자증권 이도희,강시온 I 2024-09-06 N/R 사업 순항 중 SK증권 허선재 I 2024-08-28 N/R 매출은 YoY 60%, OPM은 20%대, 정말 좋다! 교보증권 권우정 I 2024-06-27 N/R 화장품 원료도 캐파 부족 (feat. CosRX) SK증권 허선재 I 2024-06-17 N/R K뷰티 시장의 숨은 진주 SK증권 허선재 I 2024-05-08 N/R 패션은 Y2K, 화장품은 J2K 한국투자증권 이도희,강시온 I 2024-04-12 더보기"
420570::2024,420570,제이투케이바이오,SECONDARY_SUMMARY_ONLY,SECONDARY_HUMAN_REPORT_NO_CANONICAL_ACTION,200,https://m.irgo.co.kr/IR-COMP/420570,2024-12-23,,"고승범 I 2026-08-25 N/R 탐방노트: 실적 반등 전망 SK증권 허선재 I 2026-07-28 N/R 사상 최대 실적 전망 교보증권 권우정 I 2026-06-19 N/R 고객사 다변화와 낮아진 기저 교보증권 권우정 I 2025-12-30 N/R 올해 상저하고 실적 전망 교보증권 권우정 I 2025-06-25 N/R 4분기 주문 물량 회복세 교보증권 권우정 I 2024-12-23 N/R 인디브랜드 성장 수혜를 받는 화장품 원료 전문 기업 한국투자증권 이도희,강시온 I 2024-09-06 N/R 사업 순항 중 SK증권 허선재 I 2024-08-28 N/R 매출은 YoY 60%, OPM은 20%대, 정말 좋다! 교보증권 권우정 I 2024-06-27 N/R 화장품 원료도 캐파 부족 (feat. CosRX) SK증권 허선재 I 2024-06-17 N/R K뷰티 시장의 숨은 진주 SK증권 허선재 I 2024-05-08 N/R 패션은 Y2K, 화장품은 J2K 한국투"
420570::2024,420570,제이투케이바이오,SECONDARY_SUMMARY_ONLY,SECONDARY_HUMAN_REPORT_NO_CANONICAL_ACTION,200,https://m.irgo.co.kr/IR-COMP/420570,2024-12-23,,"리포트 N/R 프리미엄 화장품 소재 플랫폼기업 유화증권 고승범 I 2026-08-25 N/R 탐방노트: 실적 반등 전망 SK증권 허선재 I 2026-07-28 N/R 사상 최대 실적 전망 교보증권 권우정 I 2026-06-19 N/R 고객사 다변화와 낮아진 기저 교보증권 권우정 I 2025-12-30 N/R 올해 상저하고 실적 전망 교보증권 권우정 I 2025-06-25 N/R 4분기 주문 물량 회복세 교보증권 권우정 I 2024-12-23 N/R 인디브랜드 성장 수혜를 받는 화장품 원료 전문 기업 한국투자증권 이도희,강시온 I 2024-09-06 N/R 사업 순항 중 SK증권 허선재 I 2024-08-28 N/R 매출은 YoY 60%, OPM은 20"
420570::2024,420570,제이투케이바이오,SECONDARY_SUMMARY_ONLY,SECONDARY_HUMAN_REPORT_NO_CANONICAL_ACTION,200,https://m.irgo.co.kr/IR-COMP/420570,2024-12-23,,"리포트 N/R 프리미엄 화장품 소재 플랫폼기업 유화증권 고승범 I 2026-08-25 N/R 탐방노트: 실적 반등 전망 SK증권 허선재 I 2026-07-28 N/R 사상 최대 실적 전망 교보증권 권우정 I 2026-06-19 N/R 고객사 다변화와 낮아진 기저 교보증권 권우정 I 2025-12-30 N/R 올해 상저하고 실적 전망 교보증권 권우정 I 2025-06-25 N/R 4분기 주문 물량 회복세 교보증권 권우정 I 2024-12-23 N/R 인디브랜드 성장 수혜를 받는 화장품 원료 전문 기업 한국투자증권 이도희,강시온 I 2024-09-06 N/R 사업 순항 중 SK증권 허선재 I 2024-08-28 N/R 매출은 YoY 60%, OPM은 20%대, 정말 좋다! 교보증권 권우정 I 2024-06-27 N/R 화장품 원료도 캐파 부족 (feat. Cos"
420570::2024,420570,제이투케이바이오,SECONDARY_SUMMARY_ONLY,SECONDARY_HUMAN_REPORT_NO_CANONICAL_ACTION,200,https://m.irgo.co.kr/IR-COMP/420570,2024-12-23,,"리포트 N/R 프리미엄 화장품 소재 플랫폼기업 유화증권 고승범 I 2026-08-25 N/R 탐방노트: 실적 반등 전망 SK증권 허선재 I 2026-07-28 N/R 사상 최대 실적 전망 교보증권 권우정 I 2026-06-19 N/R 고객사 다변화와 낮아진 기저 교보증권 권우정 I 2025-12-30 N/R 올해 상저하고 실적 전망 교보증권 권우정 I 2025-06-25 N/R 4분기 주문 물량 회복세 교보증권 권우정 I 2024-12-23 N/R 인디브랜드 성장 수혜를 받는 화장품 원료 전문 기업 한국투자증권 이도희,강시온 I 2024-09-06 N/R 사업 순항 중 SK증권 허선재 I 2024-08-28 N/R 매출은 YoY 60%, OPM은 20%대, 정말 좋다! 교보증권 권우정 I 2024-06-27 N/R 화장품 원료도 캐파 부족 (feat. CosRX) SK증권 허선재 I 2024-06-17 N/R K뷰티"
420570::2024,420570,제이투케이바이오,SECONDARY_SUMMARY_ONLY,SECONDARY_HUMAN_REPORT_NO_CANONICAL_ACTION,200,https://m.irgo.co.kr/IR-COMP/420570,2024-12-23,,"해 상저하고 실적 전망 교보증권 권우정 I 2025-06-25 N/R 4분기 주문 물량 회복세 교보증권 권우정 I 2024-12-23 N/R 인디브랜드 성장 수혜를 받는 화장품 원료 전문 기업 한국투자증권 이도희,강시온 I 2024-09-06 N/R 사업 순항 중 SK증권 허선재 I 2024-08-28 N/R 매출은 YoY 60%, OPM은 20%대, 정말 좋다! 교보증권 권우정 I 2024-06-27 N/R 화장품 원료도 캐파 부족 (feat. CosRX) SK증권 허선재 I 2024-06-17 N/R K뷰티 시장의 숨은 진주 SK증권 허선재 I 2024-05-08 N/R 패션은 Y2K, 화장품은 J2K 한국투자증권 이도희,강시온 I 2024-04-12 더보기"
430690::2024,430690,한싹,PRIMARY_INDEX_AVAILABLE,PRIMARY_INDEX_NO_CANONICAL_ACTION,200,https://m.irgo.co.kr/IR-COMP/430690,2024-07-17,,"리포트 N/R 1Q 비수기 통과, 하반기 N2SF 가시화에 주목 KB증권 성현동 I 2026-05-21 N/R 회사소개 및 주요 사업현황 해당기업 IR팀 I 2025-06-26 N/R AI에 대한 장기 계획 KB증권 이수경,성현동,전소희 I 2024-07-17 N/R 회사소개 및 주요 사업현황 해당기업 IR팀 I 2024-04-25 N/R 4Q23 Review: 외형 성장은 계속된다 KB증권 이수경,성현동,전소희 I 2024-03-27 N/R 기존 사업이 받쳐주고 신사업"
430690::2024,430690,한싹,PRIMARY_INDEX_AVAILABLE,PRIMARY_INDEX_NO_CANONICAL_ACTION,200,https://m.irgo.co.kr/IR-COMP/430690,2024-07-17,,"리포트 N/R 1Q 비수기 통과, 하반기 N2SF 가시화에 주목 KB증권 성현동 I 2026-05-21 N/R 회사소개 및 주요 사업현황 해당기업 IR팀 I 2025-06-26 N/R AI에 대한 장기 계획 KB증권 이수경,성현동,전소희 I 2024-07-17 N/R 회사소개 및 주요 사업현황 해당기업 IR팀 I 2024-04-25 N/R 4Q23 Review: 외형 성장은 계속된다 KB증권 이수경,성현동,전소희 I 2024-03-27 N/R 기존 사업이 받쳐주고 신사업이 이끌고 KB증권 이수경,성현동,김선봉 I 2023-12-05 더보기"
439090::2024,439090,마녀공장,PRIMARY_INDEX_AVAILABLE,SECONDARY_HUMAN_REPORT_NO_CANONICAL_ACTION,200,https://m.irgo.co.kr/IR-COMP/439090,2024-06-05,,"점검: 미국 수출 확대 하나증권 박은정,김다혜 I 2024-06-05 N/R 미국에 한 걸음씩 다가서기 키움증권 조소정 I 2024-05-22 N/R 회사소개 및 주요 경영현황 해당기업 IR팀 I 2024-05-20 N/R 해외 성장 본격화 기대 키움증권 조소정 I 2024-04-24 N/R 회사소개 및 주요 경영현황 해당기업 IR팀 I 2024-04-08 N/R NDR 후기: 신규 마법이 시작된다 유안타증권 이승은 I 2024-03-25 N/R 회사소개 및 주요 경영현황 해당기업 IR팀 I 2024-03-20 N/R 시작을 위한 준비 키움증권 조소정 I 2024-02-28 N/R 2024년 외형 회복 본격화 하나증권 박은정,김다혜 I 2024-02-26 N/R 글로벌 마녀로 거듭나는 중 한국투자증권 김명주,전예원 I 2023-12-21 N/R 건전한 외형 성장에 초점을 한화투자증권 한유정 I 2023-08-22 더보기"
439090::2024,439090,마녀공장,PRIMARY_INDEX_AVAILABLE,SECONDARY_HUMAN_REPORT_NO_CANONICAL_ACTION,200,https://m.irgo.co.kr/IR-COMP/439090,2024-06-26,,"성과에 주목 한국투자증권 전예원,김명주 I 2024-06-26 N/R 2분기 중간 점검: 미국 수출 확대 하나증권 박은정,김다혜 I 2024-06-05 N/R 미국에 한 걸음씩 다가서기 키움증권 조소정 I 2024-05-22 N/R 회사소개 및 주요 경영현황 해당기업 IR팀 I 2024-05-20 N/R 해외 성장 본격화 기대 키움증권 조소정 I 2024-04-24 N/R 회사소개 및 주요 경영현황 해당기업 IR팀 I 2024-04-08 N/R NDR 후기: 신규 마법이 시작된다 유안타증권 이승은 I 2024-03-25 N/R 회사소개 및 주요 경영현황 해당기업 IR팀 I 2024-03-20 N/R 시작을 위한 준비 키움증권 조소정 I 2024-02-28 N/R 2024년 외형 회복 본격화 하나증권 박은정,김다혜 I 2024-02-26 N/R 글로벌 마녀로 거듭나는 중 한국투자증권 김명주,전예원 I 2023-12-21 N/R 건전한 외형 성장에 초점을 한화투자증권"
439090::2024,439090,마녀공장,PRIMARY_INDEX_AVAILABLE,SECONDARY_HUMAN_REPORT_NO_CANONICAL_ACTION,200,https://m.irgo.co.kr/IR-COMP/439090,2024-07-25,,"2024-07-25 N/R IPO 기업 업데이트: 올해는 해외 성과에 주목 한국투자증권 전예원,김명주 I 2024-06-26 N/R 2분기 중간 점검: 미국 수출 확대 하나증권 박은정,김다혜 I 2024-06-05 N/R 미국에 한 걸음씩 다가서기 키움증권 조소정 I 2024-05-22 N/R 회사소개 및 주요 경영현황 해당기업 IR팀 I 2024-05-20 N/R 해외 성장 본격화 기대 키움증권 조소정 I 2024-04-24 N/R 회사소개 및 주요 경영현황 해당기업 IR팀 I 2024-04-08 N/R NDR 후기: 신규 마법이 시작된다 유안타증권 이승은 I 2024-03-25 N/R 회사소개 및 주요 경영현황 해당기업 IR팀 I 2024-03-20 N/R 시작을 위한 준비 키움증권 조소정 I 2024-02-28 N/R 2024년 외형 회복 본격화 하나증권 박은정,김다혜 I 2024-02-26 N/R 글로벌 마녀로 거듭나는 중 한국투자증권 김명주,전예원 I 2"
439090::2024,439090,마녀공장,PRIMARY_INDEX_AVAILABLE,SECONDARY_HUMAN_REPORT_NO_CANONICAL_ACTION,200,https://m.irgo.co.kr/IR-COMP/439090,2024-07-25,,"2Q24 Preview: 분기 최대 실적 예상 하나증권 박은정,김다혜 I 2024-07-25 N/R IPO 기업 업데이트: 올해는 해외 성과에 주목 한국투자증권 전예원,김명주 I 2024-06-26 N/R 2분기 중간 점검: 미국 수출 확대 하나증권 박은정,김다혜 I 2024-06-05 N/R 미국에 한 걸음씩 다가서기 키움증권 조소정 I 2024-05-22 N/R 회사소개 및 주요 경영현황 해당기업 IR팀 I 2024-05-20 N/R 해외 성장 본격화 기대 키움증권 조소정 I 2024-04-24 N/R 회사소개 및 주요 경영현황 해당기업 IR팀 I 2024-04-08 N/R NDR 후기: 신규 마법이 시작된다 유안타증권 이승은 I 2024-03-25 N/R 회사소개 및 주요 경영현황 해당기업 IR팀 I 2024-03-20 N/R 시작을 위한 준비 키움증권 조소정 I 2024-02-28 N/R 2024년 외형 회복 본격화 하나증권 박은정,김다혜 I 2024-02"
439090::2024,439090,마녀공장,PRIMARY_INDEX_AVAILABLE,SECONDARY_HUMAN_REPORT_NO_CANONICAL_ACTION,200,https://m.irgo.co.kr/IR-COMP/439090,2024-08-19,,"view: 분기 최대 매출 기록 하나증권 박은정,김다혜 I 2024-08-19 N/R 2Q24 Preview: 분기 최대 실적 예상 하나증권 박은정,김다혜 I 2024-07-25 N/R IPO 기업 업데이트: 올해는 해외 성과에 주목 한국투자증권 전예원,김명주 I 2024-06-26 N/R 2분기 중간 점검: 미국 수출 확대 하나증권 박은정,김다혜 I 2024-06-05 N/R 미국에 한 걸음씩 다가서기 키움증권 조소정 I 2024-05-22 N/R 회사소개 및 주요 경영현황 해당기업 IR팀 I 2024-05-20 N/R 해외 성장 본격화 기대 키움증권 조소정 I 2024-04-24 N/R 회사소개 및 주요 경영현황 해당기업 IR팀 I 2024-04-08 N/R NDR 후기: 신규 마법이 시작된다 유안타증권 이승은 I 2024-03-25 N/R 회사소개 및 주요 경영현황 해당기업 IR팀 I 2024-03-20 N/R 시작을 위한 준비 키움증권 조소정 I 2024-0"
439090::2024,439090,마녀공장,PRIMARY_INDEX_AVAILABLE,SECONDARY_HUMAN_REPORT_NO_CANONICAL_ACTION,200,https://m.irgo.co.kr/IR-COMP/439090,2024-08-22,,"주요 경영현황 해당기업 IR팀 I 2024-08-22 N/R 2Q24 Review: 분기 최대 매출 기록 하나증권 박은정,김다혜 I 2024-08-19 N/R 2Q24 Preview: 분기 최대 실적 예상 하나증권 박은정,김다혜 I 2024-07-25 N/R IPO 기업 업데이트: 올해는 해외 성과에 주목 한국투자증권 전예원,김명주 I 2024-06-26 N/R 2분기 중간 점검: 미국 수출 확대 하나증권 박은정,김다혜 I 2024-06-05 N/R 미국에 한 걸음씩 다가서기 키움증권 조소정 I 2024-05-22 N/R 회사소개 및 주요 경영현황 해당기업 IR팀 I 2024-05-20 N/R 해외 성장 본격화 기대 키움증권 조소정 I 2024-04-24 N/R 회사소개 및 주요 경영현황 해당기업 IR팀 I 2024-04-08 N/R NDR 후기: 신규 마법이 시작된다 유안타증권 이승은 I 2024-03-25 N/R 회사소개 및 주요 경영현황 해당기업 IR팀 I 2"
439090::2024,439090,마녀공장,PRIMARY_INDEX_AVAILABLE,SECONDARY_HUMAN_REPORT_NO_CANONICAL_ACTION,200,https://m.irgo.co.kr/IR-COMP/439090,2024-09-12,,"장세 지속 키움증권 조소정 I 2024-09-12 N/R 회사소개 및 주요 경영현황 해당기업 IR팀 I 2024-08-22 N/R 2Q24 Review: 분기 최대 매출 기록 하나증권 박은정,김다혜 I 2024-08-19 N/R 2Q24 Preview: 분기 최대 실적 예상 하나증권 박은정,김다혜 I 2024-07-25 N/R IPO 기업 업데이트: 올해는 해외 성과에 주목 한국투자증권 전예원,김명주 I 2024-06-26 N/R 2분기 중간 점검: 미국 수출 확대 하나증권 박은정,김다혜 I 2024-06-05 N/R 미국에 한 걸음씩 다가서기 키움증권 조소정 I 2024-05-22 N/R 회사소개 및 주요 경영현황 해당기업 IR팀 I 2024-05-20 N/R 해외 성장 본격화 기대 키움증권 조소정 I 2024-04-24 N/R 회사소개 및 주요 경영현황 해당기업 IR팀 I 2024-04-08 N/R NDR 후기: 신규 마법이 시작된다 유안타증권 이승은 I 202"
439090::2024,439090,마녀공장,PRIMARY_INDEX_AVAILABLE,SECONDARY_HUMAN_REPORT_NO_CANONICAL_ACTION,200,https://m.irgo.co.kr/IR-COMP/439090,2024-11-25,,"기 실적 해당기업 IR팀 I 2024-11-25 N/R 해외 채널 중심 성장세 지속 키움증권 조소정 I 2024-09-12 N/R 회사소개 및 주요 경영현황 해당기업 IR팀 I 2024-08-22 N/R 2Q24 Review: 분기 최대 매출 기록 하나증권 박은정,김다혜 I 2024-08-19 N/R 2Q24 Preview: 분기 최대 실적 예상 하나증권 박은정,김다혜 I 2024-07-25 N/R IPO 기업 업데이트: 올해는 해외 성과에 주목 한국투자증권 전예원,김명주 I 2024-06-26 N/R 2분기 중간 점검: 미국 수출 확대 하나증권 박은정,김다혜 I 2024-06-05 N/R 미국에 한 걸음씩 다가서기 키움증권 조소정 I 2024-05-22 N/R 회사소개 및 주요 경영현황 해당기업 IR팀 I 2024-05-20 N/R 해외 성장 본격화 기대 키움증권 조소정 I 2024-04-24 N/R 회사소개 및 주요 경영현황 해당기업 IR팀 I 2024-04-0"
439090::2024,439090,마녀공장,PRIMARY_INDEX_AVAILABLE,SECONDARY_HUMAN_REPORT_NO_CANONICAL_ACTION,200,https://m.irgo.co.kr/IR-COMP/439090,2024-12-23,,"날 준비 한국투자증권 김명주 I 2024-12-23 N/R 2024년 3분기 실적 해당기업 IR팀 I 2024-11-25 N/R 해외 채널 중심 성장세 지속 키움증권 조소정 I 2024-09-12 N/R 회사소개 및 주요 경영현황 해당기업 IR팀 I 2024-08-22 N/R 2Q24 Review: 분기 최대 매출 기록 하나증권 박은정,김다혜 I 2024-08-19 N/R 2Q24 Preview: 분기 최대 실적 예상 하나증권 박은정,김다혜 I 2024-07-25 N/R IPO 기업 업데이트: 올해는 해외 성과에 주목 한국투자증권 전예원,김명주 I 2024-06-26 N/R 2분기 중간 점검: 미국 수출 확대 하나증권 박은정,김다혜 I 2024-06-05 N/R 미국에 한 걸음씩 다가서기 키움증권 조소정 I 2024-05-22 N/R 회사소개 및 주요 경영현황 해당기업 IR팀 I 2024-05-20 N/R 해외 성장 본격화 기대 키움증권 조소정 I 2024-04-2"
439090::2024,439090,마녀공장,PRIMARY_INDEX_AVAILABLE,SECONDARY_HUMAN_REPORT_NO_CANONICAL_ACTION,200,https://m.irgo.co.kr/IR-COMP/439090,2024-12-23,,리포트 N/R IPO 기업 업데이트: 글로벌 마녀로 거듭날 준비 한국투자증권 김명주 I 2024-12-23 N/R 2024년 3분기 실적 해당기업 IR팀 I 2024-11-25 N/R 해외 채널 중심 성장세 지속 키움증권 조소정 I 2024-09-12 N/R 회사소개 및 주요 경영현황 해당기업 IR팀 I 2024-08-
439090::2024,439090,마녀공장,PRIMARY_INDEX_AVAILABLE,SECONDARY_HUMAN_REPORT_NO_CANONICAL_ACTION,200,https://m.irgo.co.kr/IR-COMP/439090,2024-12-23,,리포트 N/R IPO 기업 업데이트: 글로벌 마녀로 거듭날 준비 한국투자증권 김명주 I 2024-12-23 N/R 2024년 3분기 실적 해당기업 IR팀 I 2024-11-25 N/R 해외 채널 중심 성장세 지속 키움증권 조소정 I 2024-09-12 N/R 회사소개 및 주요 경영현황 해당기업 IR팀 I 2024-08-22 N/R 2Q24 Review: 분기 최대 매출 기록 하나증권 박은
439090::2024,439090,마녀공장,PRIMARY_INDEX_AVAILABLE,SECONDARY_HUMAN_REPORT_NO_CANONICAL_ACTION,200,https://m.irgo.co.kr/IR-COMP/439090,2024-12-23,,"리포트 N/R IPO 기업 업데이트: 글로벌 마녀로 거듭날 준비 한국투자증권 김명주 I 2024-12-23 N/R 2024년 3분기 실적 해당기업 IR팀 I 2024-11-25 N/R 해외 채널 중심 성장세 지속 키움증권 조소정 I 2024-09-12 N/R 회사소개 및 주요 경영현황 해당기업 IR팀 I 2024-08-22 N/R 2Q24 Review: 분기 최대 매출 기록 하나증권 박은정,김다혜 I 2024-08-19 N/R 2Q24 Preview: 분기 최대"
439090::2024,439090,마녀공장,PRIMARY_INDEX_AVAILABLE,SECONDARY_HUMAN_REPORT_NO_CANONICAL_ACTION,200,https://m.irgo.co.kr/IR-COMP/439090,2024-12-23,,"리포트 N/R IPO 기업 업데이트: 글로벌 마녀로 거듭날 준비 한국투자증권 김명주 I 2024-12-23 N/R 2024년 3분기 실적 해당기업 IR팀 I 2024-11-25 N/R 해외 채널 중심 성장세 지속 키움증권 조소정 I 2024-09-12 N/R 회사소개 및 주요 경영현황 해당기업 IR팀 I 2024-08-22 N/R 2Q24 Review: 분기 최대 매출 기록 하나증권 박은정,김다혜 I 2024-08-19 N/R 2Q24 Preview: 분기 최대 실적 예상 하나증권 박은정,김다혜 I 2024-07-25 N/R IPO"
439090::2024,439090,마녀공장,PRIMARY_INDEX_AVAILABLE,SECONDARY_HUMAN_REPORT_NO_CANONICAL_ACTION,200,https://m.irgo.co.kr/IR-COMP/439090,2024-12-23,,"리포트 N/R IPO 기업 업데이트: 글로벌 마녀로 거듭날 준비 한국투자증권 김명주 I 2024-12-23 N/R 2024년 3분기 실적 해당기업 IR팀 I 2024-11-25 N/R 해외 채널 중심 성장세 지속 키움증권 조소정 I 2024-09-12 N/R 회사소개 및 주요 경영현황 해당기업 IR팀 I 2024-08-22 N/R 2Q24 Review: 분기 최대 매출 기록 하나증권 박은정,김다혜 I 2024-08-19 N/R 2Q24 Preview: 분기 최대 실적 예상 하나증권 박은정,김다혜 I 2024-07-25 N/R IPO 기업 업데이트: 올해는 해외 성과에 주목 한국투자증권 전예원,김명주 I 2024-06-26 N/R"
439090::2024,439090,마녀공장,PRIMARY_INDEX_AVAILABLE,SECONDARY_HUMAN_REPORT_NO_CANONICAL_ACTION,200,https://m.irgo.co.kr/IR-COMP/439090,2024-12-23,,"리포트 N/R IPO 기업 업데이트: 글로벌 마녀로 거듭날 준비 한국투자증권 김명주 I 2024-12-23 N/R 2024년 3분기 실적 해당기업 IR팀 I 2024-11-25 N/R 해외 채널 중심 성장세 지속 키움증권 조소정 I 2024-09-12 N/R 회사소개 및 주요 경영현황 해당기업 IR팀 I 2024-08-22 N/R 2Q24 Review: 분기 최대 매출 기록 하나증권 박은정,김다혜 I 2024-08-19 N/R 2Q24 Preview: 분기 최대 실적 예상 하나증권 박은정,김다혜 I 2024-07-25 N/R IPO 기업 업데이트: 올해는 해외 성과에 주목 한국투자증권 전예원,김명주 I 2024-06-26 N/R 2분기 중간 점검: 미국 수출 확대 하나증권 박은정,김다혜 I 2024-06-05 N/R 미국에 한"
439090::2024,439090,마녀공장,PRIMARY_INDEX_AVAILABLE,SECONDARY_HUMAN_REPORT_NO_CANONICAL_ACTION,200,https://m.irgo.co.kr/IR-COMP/439090,2024-12-23,,"리포트 N/R IPO 기업 업데이트: 글로벌 마녀로 거듭날 준비 한국투자증권 김명주 I 2024-12-23 N/R 2024년 3분기 실적 해당기업 IR팀 I 2024-11-25 N/R 해외 채널 중심 성장세 지속 키움증권 조소정 I 2024-09-12 N/R 회사소개 및 주요 경영현황 해당기업 IR팀 I 2024-08-22 N/R 2Q24 Review: 분기 최대 매출 기록 하나증권 박은정,김다혜 I 2024-08-19 N/R 2Q24 Preview: 분기 최대 실적 예상 하나증권 박은정,김다혜 I 2024-07-25 N/R IPO 기업 업데이트: 올해는 해외 성과에 주목 한국투자증권 전예원,김명주 I 2024-06-26 N/R 2분기 중간 점검: 미국 수출 확대 하나증권 박은정,김다혜 I 2024-06-05 N/R 미국에 한 걸음씩 다가서기 키움증권 조소정 I 2024-05-22 N/R 회사소개 및 주요 경영현황 해당기업 IR팀"
439580::2024,439580,블루엠텍,SECONDARY_SUMMARY_ONLY,SECONDARY_HUMAN_REPORT_NO_CANONICAL_ACTION,200,https://m.irgo.co.kr/IR-COMP/439580,2024-10-10,,"-28 N/R IPO 주관사 업데이트: 위고비 낙수 효과 누리는 중 하나증권 한유건,서지혁 I 2025-06-26 N/R 의약품 유통의 쿠팡! 신영증권 정유경 I 2025-05-20 N/R 회사소개 및 주요 경영현황 해당기업 IR팀 I 2025-04-30 N/R 회사소개 및 주요 경영현황 해당기업 IR팀 I 2024-10-10 N/R 뚜렷한 상저하고 기대 한국투자증권 강시온,이도희 I 2024-09-06 N/R 회사소개 및 주요 경영현황 해당기업 IR팀 I 2024-09-04 N/R 의약품 유통 플랫폼 확장 기대 상상인증권 백영찬,권오휘 I 2024-09-02 N/R IPO 주관사 업데이트: 온라인 의약품 유통 1위 하나증권 김두현 I 2024-06-26 N/R 바닥 짚고 숨 고르기 키움증권 허혜민,오치호 I 2024-05-14 더보기"
439580::2024,439580,블루엠텍,SECONDARY_SUMMARY_ONLY,SECONDARY_HUMAN_REPORT_NO_CANONICAL_ACTION,200,https://m.irgo.co.kr/IR-COMP/439580,2024-10-10,"{""OE"": [""비용"", ""효율""]}","R 비급여 호조와 비용 효율화로 분기 흑자 전환 성공 한국투자증권 강시온,박정인 I 2025-11-28 N/R IPO 주관사 업데이트: 위고비 낙수 효과 누리는 중 하나증권 한유건,서지혁 I 2025-06-26 N/R 의약품 유통의 쿠팡! 신영증권 정유경 I 2025-05-20 N/R 회사소개 및 주요 경영현황 해당기업 IR팀 I 2025-04-30 N/R 회사소개 및 주요 경영현황 해당기업 IR팀 I 2024-10-10 N/R 뚜렷한 상저하고 기대 한국투자증권 강시온,이도희 I 2024-09-06 N/R 회사소개 및 주요 경영현황 해당기업 IR팀 I 2024-09-04 N/R 의약품 유통 플랫폼 확장 기대 상상인증권 백영찬,권오휘 I 2024-09-02 N/R IPO 주관사 업데이트: 온라인 의약품 유통 1위 하나증권 김두현 I 2024-06-26 N/R 바닥 짚고 숨 고르기 키움증권 허혜민,오치호 I 2024-05-14 더보기"
439580::2024,439580,블루엠텍,SECONDARY_SUMMARY_ONLY,SECONDARY_HUMAN_REPORT_NO_CANONICAL_ACTION,200,https://m.irgo.co.kr/IR-COMP/439580,2024-10-10,"{""OE"": [""비용"", ""효율""]}","돌풍에 이어 에스테틱 매출 본격화 하나증권 한유건,신민건 I 2025-12-22 N/R 비급여 호조와 비용 효율화로 분기 흑자 전환 성공 한국투자증권 강시온,박정인 I 2025-11-28 N/R IPO 주관사 업데이트: 위고비 낙수 효과 누리는 중 하나증권 한유건,서지혁 I 2025-06-26 N/R 의약품 유통의 쿠팡! 신영증권 정유경 I 2025-05-20 N/R 회사소개 및 주요 경영현황 해당기업 IR팀 I 2025-04-30 N/R 회사소개 및 주요 경영현황 해당기업 IR팀 I 2024-10-10 N/R 뚜렷한 상저하고 기대 한국투자증권 강시온,이도희 I 2024-09-06 N/R 회사소개 및 주요 경영현황 해당기업 IR팀 I 2024-09-04 N/R 의약품 유통 플랫폼 확장 기대 상상인증권 백영찬,권오휘 I 2024-09-02 N/R IPO 주관사 업데이트: 온라인 의약품 유통 1위 하나증권 김두현 I 2024-06-26 N/R 바닥 짚고 숨 고르기 키"
439580::2024,439580,블루엠텍,SECONDARY_SUMMARY_ONLY,SECONDARY_HUMAN_REPORT_NO_CANONICAL_ACTION,200,https://m.irgo.co.kr/IR-COMP/439580,2024-10-10,"{""OE"": [""비용"", ""효율""]}","리포트 N/R IPO 주관사 업데이트: 원내 의약품 유통의 실리콘투 하나증권 김다혜 I 2026-06-15 N/R IPO 주관사 업데이트: 비만약 돌풍에 이어 에스테틱 매출 본격화 하나증권 한유건,신민건 I 2025-12-22 N/R 비급여 호조와 비용 효율화로 분기 흑자 전환 성공 한국투자증권 강시온,박정인 I 2025-11-28 N/R IPO 주관사 업데이트: 위고비 낙수 효과 누리는 중 하나증권 한유건,서지혁 I 2025-06-26 N/R 의약품 유통의 쿠팡! 신영증권 정유경 I 2025-05-20 N/R 회사소개 및 주요 경영현황 해당기업 IR팀 I 2025-04-30 N/R 회사소개 및 주요 경영현황 해당기업 IR팀 I 2024-10-10 N/R 뚜렷한 상저하고 기대 한국투자증권 강시온,이도희 I 2024-09-06 N/R 회사소개 및 주요 경영현황 해당기업 IR팀 I 2024-09-04 N/R 의약품 유통 플랫폼 확장 기대 상상인증권 백영찬,권오휘"
439580::2024,439580,블루엠텍,SECONDARY_SUMMARY_ONLY,SECONDARY_HUMAN_REPORT_NO_CANONICAL_ACTION,200,https://m.irgo.co.kr/IR-COMP/439580,2024-10-10,"{""OE"": [""비용"", ""효율""]}","증권 김다혜 I 2026-06-15 N/R IPO 주관사 업데이트: 비만약 돌풍에 이어 에스테틱 매출 본격화 하나증권 한유건,신민건 I 2025-12-22 N/R 비급여 호조와 비용 효율화로 분기 흑자 전환 성공 한국투자증권 강시온,박정인 I 2025-11-28 N/R IPO 주관사 업데이트: 위고비 낙수 효과 누리는 중 하나증권 한유건,서지혁 I 2025-06-26 N/R 의약품 유통의 쿠팡! 신영증권 정유경 I 2025-05-20 N/R 회사소개 및 주요 경영현황 해당기업 IR팀 I 2025-04-30 N/R 회사소개 및 주요 경영현황 해당기업 IR팀 I 2024-10-10 N/R 뚜렷한 상저하고 기대 한국투자증권 강시온,이도희 I 2024-09-06 N/R 회사소개 및 주요 경영현황 해당기업 IR팀 I 2024-09-04 N/R 의약품 유통 플랫폼 확장 기대 상상인증권 백영찬,권오휘 I 2024-09-02 N/R IPO 주관사 업데이트: 온라인 의약품 유통 1"
439580::2024,439580,블루엠텍,SECONDARY_SUMMARY_ONLY,SECONDARY_HUMAN_REPORT_NO_CANONICAL_ACTION,200,https://m.irgo.co.kr/IR-COMP/439580,2024-10-10,,"한유건,서지혁 I 2025-06-26 N/R 의약품 유통의 쿠팡! 신영증권 정유경 I 2025-05-20 N/R 회사소개 및 주요 경영현황 해당기업 IR팀 I 2025-04-30 N/R 회사소개 및 주요 경영현황 해당기업 IR팀 I 2024-10-10 N/R 뚜렷한 상저하고 기대 한국투자증권 강시온,이도희 I 2024-09-06 N/R 회사소개 및 주요 경영현황 해당기업 IR팀 I 2024-09-04 N/R 의약품 유통 플랫폼 확장 기대 상상인증권 백영찬,권오휘 I 2024-09-02 N/R IPO 주관사 업데이트: 온라인 의약품 유통 1위 하나증권 김두현 I 2024-06-26 N/R 바닥 짚고 숨 고르기 키움증권 허혜민,오치호 I 2024-05-14 더보기"
448710::2024,448710,코츠테크놀로지,PRIMARY_LATER_REPORT_PENDING,PRIMARY_UNAVAILABLE_AFTER_PASS2,200,https://m.irgo.co.kr/IR-COMP/448710,2024-07-02,,"이 봐야할 기업 한국투자증권 장남현 I 2024-07-02 N/R 방산을 좋게 본다면, 같이 봐야할 기업 한국투자증권 장남현 I 2024-06-25 N/R 방산의 코츠, 광산의 리바이스 현대차증권 곽민정,윤서영 I 2024-04-19 N/R 탐방 後記:해외 수출 관련 K-방산 수혜 기대 유진투자증권 박종선 I 2024-04-18 N/R 방산 성장 사이클에 올라타다 하이투자증권 이상헌 I 2024-04-15 N/R 회사소개 및 주요 경영현황 해당기업 IR팀 I 2024-04-08 N/R K-방산 해외 수출 확대 수혜 기대 유진투자증권 박종선 I 2024-01-08 N/R 국산 무기 수요 확대로 고성장 국면 진입 키움증권 이한결,조재원 I 2024-01-04 N/R 진격의 K-방산, 높아지는 수주 기대감 한국투자증권 강시온,이도희 I 2023-12-12 N/R 코츠가루를 날려~ 더 크게 매출을 터트려~ IR큐더스 장윤선 I 2023-08-17 더보기"
448710::2024,448710,코츠테크놀로지,PRIMARY_LATER_REPORT_PENDING,PRIMARY_UNAVAILABLE_AFTER_PASS2,200,https://m.irgo.co.kr/IR-COMP/448710,2024-07-26,,"방산주의 희망 NH투자증권 강경근,황지현 I 2024-07-26 N/R 방산을 좋게 본다면, 같이 봐야할 기업 한국투자증권 장남현 I 2024-07-02 N/R 방산을 좋게 본다면, 같이 봐야할 기업 한국투자증권 장남현 I 2024-06-25 N/R 방산의 코츠, 광산의 리바이스 현대차증권 곽민정,윤서영 I 2024-04-19 N/R 탐방 後記:해외 수출 관련 K-방산 수혜 기대 유진투자증권 박종선 I 2024-04-18 N/R 방산 성장 사이클에 올라타다 하이투자증권 이상헌 I 2024-04-15 N/R 회사소개 및 주요 경영현황 해당기업 IR팀 I 2024-04-08 N/R K-방산 해외 수출 확대 수혜 기대 유진투자증권 박종선 I 2024-01-08 N/R 국산 무기 수요 확대로 고성장 국면 진입 키움증권 이한결,조재원 I 2024-01-04 N/R 진격의 K-방산, 높아지는 수주 기대감 한국투자증권 강시온,이도희 I 2023-12-12 N/R 코츠가루를 날려"
448710::2024,448710,코츠테크놀로지,PRIMARY_LATER_REPORT_PENDING,PRIMARY_UNAVAILABLE_AFTER_PASS2,200,https://m.irgo.co.kr/IR-COMP/448710,2024-08-21,,"R 신규 수주 모멘텀 지속될 것 하나증권 김성호 I 2024-08-21 N/R 중소형 방산주의 희망 NH투자증권 강경근,황지현 I 2024-07-26 N/R 방산을 좋게 본다면, 같이 봐야할 기업 한국투자증권 장남현 I 2024-07-02 N/R 방산을 좋게 본다면, 같이 봐야할 기업 한국투자증권 장남현 I 2024-06-25 N/R 방산의 코츠, 광산의 리바이스 현대차증권 곽민정,윤서영 I 2024-04-19 N/R 탐방 後記:해외 수출 관련 K-방산 수혜 기대 유진투자증권 박종선 I 2024-04-18 N/R 방산 성장 사이클에 올라타다 하이투자증권 이상헌 I 2024-04-15 N/R 회사소개 및 주요 경영현황 해당기업 IR팀 I 2024-04-08 N/R K-방산 해외 수출 확대 수혜 기대 유진투자증권 박종선 I 2024-01-08 N/R 국산 무기 수요 확대로 고성장 국면 진입 키움증권 이한결,조재원 I 2024-01-04 N/R 진격의 K-방산, 높아지는"
448710::2024,448710,코츠테크놀로지,PRIMARY_LATER_REPORT_PENDING,PRIMARY_UNAVAILABLE_AFTER_PASS2,200,https://m.irgo.co.kr/IR-COMP/448710,2024-09-11,,"신규 수주 모멘텀 지속될 것 하나증권 김성호 I 2024-09-11 N/R 신규 수주 모멘텀 지속될 것 하나증권 김성호 I 2024-08-21 N/R 중소형 방산주의 희망 NH투자증권 강경근,황지현 I 2024-07-26 N/R 방산을 좋게 본다면, 같이 봐야할 기업 한국투자증권 장남현 I 2024-07-02 N/R 방산을 좋게 본다면, 같이 봐야할 기업 한국투자증권 장남현 I 2024-06-25 N/R 방산의 코츠, 광산의 리바이스 현대차증권 곽민정,윤서영 I 2024-04-19 N/R 탐방 後記:해외 수출 관련 K-방산 수혜 기대 유진투자증권 박종선 I 2024-04-18 N/R 방산 성장 사이클에 올라타다 하이투자증권 이상헌 I 2024-04-15 N/R 회사소개 및 주요 경영현황 해당기업 IR팀 I 2024-04-08 N/R K-방산 해외 수출 확대 수혜 기대 유진투자증권 박종선 I 2024-01-08 N/R 국산 무기 수요 확대로 고성장 국면 진입 키움증"
448710::2024,448710,코츠테크놀로지,PRIMARY_LATER_REPORT_PENDING,PRIMARY_UNAVAILABLE_AFTER_PASS2,200,https://m.irgo.co.kr/IR-COMP/448710,2024-09-23,,"/R K-방산이 열어주는 전방시장 하나증권 김성호 I 2024-09-23 N/R 신규 수주 모멘텀 지속될 것 하나증권 김성호 I 2024-09-11 N/R 신규 수주 모멘텀 지속될 것 하나증권 김성호 I 2024-08-21 N/R 중소형 방산주의 희망 NH투자증권 강경근,황지현 I 2024-07-26 N/R 방산을 좋게 본다면, 같이 봐야할 기업 한국투자증권 장남현 I 2024-07-02 N/R 방산을 좋게 본다면, 같이 봐야할 기업 한국투자증권 장남현 I 2024-06-25 N/R 방산의 코츠, 광산의 리바이스 현대차증권 곽민정,윤서영 I 2024-04-19 N/R 탐방 後記:해외 수출 관련 K-방산 수혜 기대 유진투자증권 박종선 I 2024-04-18 N/R 방산 성장 사이클에 올라타다 하이투자증권 이상헌 I 2024-04-15 N/R 회사소개 및 주요 경영현황 해당기업 IR팀 I 2024-04-08 N/R K-방산 해외 수출 확대 수혜 기대 유진투자증권 박종선"
448710::2024,448710,코츠테크놀로지,PRIMARY_LATER_REPORT_PENDING,PRIMARY_UNAVAILABLE_AFTER_PASS2,200,https://m.irgo.co.kr/IR-COMP/448710,2024-10-17,,"12-13 N/R K2와 천궁이 이끄는 성장 NH투자증권 강경근,황지현 I 2024-10-17 N/R K-방산이 열어주는 전방시장 하나증권 김성호 I 2024-09-23 N/R 신규 수주 모멘텀 지속될 것 하나증권 김성호 I 2024-09-11 N/R 신규 수주 모멘텀 지속될 것 하나증권 김성호 I 2024-08-21 N/R 중소형 방산주의 희망 NH투자증권 강경근,황지현 I 2024-07-26 N/R 방산을 좋게 본다면, 같이 봐야할 기업 한국투자증권 장남현 I 2024-07-02 N/R 방산을 좋게 본다면, 같이 봐야할 기업 한국투자증권 장남현 I 2024-06-25 N/R 방산의 코츠, 광산의 리바이스 현대차증권 곽민정,윤서영 I 2024-04-19 N/R 탐방 後記:해외 수출 관련 K-방산 수혜 기대 유진투자증권 박종선 I 2024-04-18 N/R 방산 성장 사이클에 올라타다 하이투자증권 이상헌 I 2024-04-15 N/R 회사소개 및 주요 경영현황 해당"
448710::2024,448710,코츠테크놀로지,PRIMARY_LATER_REPORT_PENDING,PRIMARY_UNAVAILABLE_AFTER_PASS2,200,https://m.irgo.co.kr/IR-COMP/448710,2024-12-13,,"/R 기업 탐방 보고서 다인자산운용 염은서,김성환 I 2026-07-16 N/R [탐방노트] #국산화 #방산수출 #ASP상승 유안타증권 권명준,서석준 I 2026-04-15 N/R 글로벌 진출 성공, 저평가된 방산 핵심부품 수혜주 유진투자증권 박종선 I 2026-04-08 N/R Big Defense Cycle 신한투자증권 허성규,이병화 I 2026-03-23 N/R K2 전차, 천궁-II 등으로 매출 성장 본격화 iM증권 이상헌,장호 I 2026-03-09 N/R IPO 기업 업데이트: 한국 방산 수출 모멘텀 동반 수혜 한국투자증권 장남현 I 2025-06-20 N/R IPO 기업 업데이트: 함께 가자 K-방산 한국투자증권 장남현 I 2024-12-13 N/R K2와 천궁이 이끄는 성장 NH투자증권 강경근,황지현 I 2024-10-17 N/R K-방산이 열어주는 전방시장 하나증권 김성호 I 2024-09-23 N/R 신규 수주 모멘텀 지속될 것 하나증권 김성호 I"
448710::2024,448710,코츠테크놀로지,PRIMARY_LATER_REPORT_PENDING,PRIMARY_UNAVAILABLE_AFTER_PASS2,200,https://m.irgo.co.kr/IR-COMP/448710,2024-12-13,,"0 N/R IPO 기업 업데이트: 함께 가자 K-방산 한국투자증권 장남현 I 2024-12-13 N/R K2와 천궁이 이끄는 성장 NH투자증권 강경근,황지현 I 2024-10-17 N/R K-방산이 열어주는 전방시장 하나증권 김성호 I 2024-09-23 N/R 신규 수주 모멘텀 지속될 것 하나증권 김성호 I 2024-09-11 N/R 신규 수주 모멘텀 지속될 것 하나증권 김성호 I 2024-08-21 N/R 중소형 방산주의 희망 NH투자증권 강경근,황지현 I 2024-07-26 N/R 방산을 좋게 본다면, 같이 봐야할 기업 한국투자증권 장남현 I 2024-07-02 N/R 방산을 좋게 본다면, 같이 봐야할 기업 한국투자증권 장남현 I 2024-06-25 N/R 방산의 코츠, 광산의 리바이스 현대차증권 곽민정,윤서영 I 2024-04-19 N/R 탐방 後記:해외 수출 관련 K-방산 수혜 기대 유진투자증권 박종선 I 2024-04-18 N/R 방산 성장 사이클에 올라"
448710::2024,448710,코츠테크놀로지,PRIMARY_LATER_REPORT_PENDING,PRIMARY_UNAVAILABLE_AFTER_PASS2,200,https://m.irgo.co.kr/IR-COMP/448710,2024-12-13,,"6-04-15 N/R 글로벌 진출 성공, 저평가된 방산 핵심부품 수혜주 유진투자증권 박종선 I 2026-04-08 N/R Big Defense Cycle 신한투자증권 허성규,이병화 I 2026-03-23 N/R K2 전차, 천궁-II 등으로 매출 성장 본격화 iM증권 이상헌,장호 I 2026-03-09 N/R IPO 기업 업데이트: 한국 방산 수출 모멘텀 동반 수혜 한국투자증권 장남현 I 2025-06-20 N/R IPO 기업 업데이트: 함께 가자 K-방산 한국투자증권 장남현 I 2024-12-13 N/R K2와 천궁이 이끄는 성장 NH투자증권 강경근,황지현 I 2024-10-17 N/R K-방산이 열어주는 전방시장 하나증권 김성호 I 2024-09-23 N/R 신규 수주 모멘텀 지속될 것 하나증권 김성호 I 2024-09-11 N/R 신규 수주 모멘텀 지속될 것 하나증권 김성호 I 2024-08-21 N/R 중소형 방산주의 희망 NH투자증권 강경근,황지현 I 20"
448710::2024,448710,코츠테크놀로지,PRIMARY_LATER_REPORT_PENDING,PRIMARY_UNAVAILABLE_AFTER_PASS2,200,https://m.irgo.co.kr/IR-COMP/448710,2024-12-13,,"II 등으로 매출 성장 본격화 iM증권 이상헌,장호 I 2026-03-09 N/R IPO 기업 업데이트: 한국 방산 수출 모멘텀 동반 수혜 한국투자증권 장남현 I 2025-06-20 N/R IPO 기업 업데이트: 함께 가자 K-방산 한국투자증권 장남현 I 2024-12-13 N/R K2와 천궁이 이끄는 성장 NH투자증권 강경근,황지현 I 2024-10-17 N/R K-방산이 열어주는 전방시장 하나증권 김성호 I 2024-09-23 N/R 신규 수주 모멘텀 지속될 것 하나증권 김성호 I 2024-09-11 N/R 신규 수주 모멘텀 지속될 것 하나증권 김성호 I 2024-08-21 N/R 중소형 방산주의 희망 NH투자증권 강경근,황지현 I 2024-07-26 N/R 방산을 좋게 본다면, 같이 봐야할 기업 한국투자증권 장남현 I 2024-07-02 N/R 방산을 좋게 본다면, 같이 봐야할 기업 한국투자증권 장남현 I 2024-06-25 N/R 방산의 코츠, 광산의 리바이"
448710::2024,448710,코츠테크놀로지,PRIMARY_LATER_REPORT_PENDING,PRIMARY_UNAVAILABLE_AFTER_PASS2,200,https://m.irgo.co.kr/IR-COMP/448710,2024-12-13,,"e 신한투자증권 허성규,이병화 I 2026-03-23 N/R K2 전차, 천궁-II 등으로 매출 성장 본격화 iM증권 이상헌,장호 I 2026-03-09 N/R IPO 기업 업데이트: 한국 방산 수출 모멘텀 동반 수혜 한국투자증권 장남현 I 2025-06-20 N/R IPO 기업 업데이트: 함께 가자 K-방산 한국투자증권 장남현 I 2024-12-13 N/R K2와 천궁이 이끄는 성장 NH투자증권 강경근,황지현 I 2024-10-17 N/R K-방산이 열어주는 전방시장 하나증권 김성호 I 2024-09-23 N/R 신규 수주 모멘텀 지속될 것 하나증권 김성호 I 2024-09-11 N/R 신규 수주 모멘텀 지속될 것 하나증권 김성호 I 2024-08-21 N/R 중소형 방산주의 희망 NH투자증권 강경근,황지현 I 2024-07-26 N/R 방산을 좋게 본다면, 같이 봐야할 기업 한국투자증권 장남현 I 2024-07-02 N/R 방산을 좋게 본다면, 같이 봐야할 기업"
448710::2024,448710,코츠테크놀로지,PRIMARY_LATER_REPORT_PENDING,PRIMARY_UNAVAILABLE_AFTER_PASS2,200,https://m.irgo.co.kr/IR-COMP/448710,2024-12-13,,"기업 업데이트: 한국 방산 수출 모멘텀 동반 수혜 한국투자증권 장남현 I 2025-06-20 N/R IPO 기업 업데이트: 함께 가자 K-방산 한국투자증권 장남현 I 2024-12-13 N/R K2와 천궁이 이끄는 성장 NH투자증권 강경근,황지현 I 2024-10-17 N/R K-방산이 열어주는 전방시장 하나증권 김성호 I 2024-09-23 N/R 신규 수주 모멘텀 지속될 것 하나증권 김성호 I 2024-09-11 N/R 신규 수주 모멘텀 지속될 것 하나증권 김성호 I 2024-08-21 N/R 중소형 방산주의 희망 NH투자증권 강경근,황지현 I 2024-07-26 N/R 방산을 좋게 본다면, 같이 봐야할 기업 한국투자증권 장남현 I 2024-07-02 N/R 방산을 좋게 본다면, 같이 봐야할 기업 한국투자증권 장남현 I 2024-06-25 N/R 방산의 코츠, 광산의 리바이스 현대차증권 곽민정,윤서영 I 2024-04-19 N/R 탐방 後記:해외 수출 관련 K-"
448710::2024,448710,코츠테크놀로지,PRIMARY_LATER_REPORT_PENDING,PRIMARY_UNAVAILABLE_AFTER_PASS2,200,https://m.irgo.co.kr/IR-COMP/448710,2024-12-13,,"방노트] #국산화 #방산수출 #ASP상승 유안타증권 권명준,서석준 I 2026-04-15 N/R 글로벌 진출 성공, 저평가된 방산 핵심부품 수혜주 유진투자증권 박종선 I 2026-04-08 N/R Big Defense Cycle 신한투자증권 허성규,이병화 I 2026-03-23 N/R K2 전차, 천궁-II 등으로 매출 성장 본격화 iM증권 이상헌,장호 I 2026-03-09 N/R IPO 기업 업데이트: 한국 방산 수출 모멘텀 동반 수혜 한국투자증권 장남현 I 2025-06-20 N/R IPO 기업 업데이트: 함께 가자 K-방산 한국투자증권 장남현 I 2024-12-13 N/R K2와 천궁이 이끄는 성장 NH투자증권 강경근,황지현 I 2024-10-17 N/R K-방산이 열어주는 전방시장 하나증권 김성호 I 2024-09-23 N/R 신규 수주 모멘텀 지속될 것 하나증권 김성호 I 2024-09-11 N/R 신규 수주 모멘텀 지속될 것 하나증권 김성호 I 2024"
448710::2024,448710,코츠테크놀로지,PRIMARY_LATER_REPORT_PENDING,PRIMARY_UNAVAILABLE_AFTER_PASS2,200,https://m.irgo.co.kr/IR-COMP/448710,2024-12-13,,"투자증권 박종선 I 2026-04-08 N/R Big Defense Cycle 신한투자증권 허성규,이병화 I 2026-03-23 N/R K2 전차, 천궁-II 등으로 매출 성장 본격화 iM증권 이상헌,장호 I 2026-03-09 N/R IPO 기업 업데이트: 한국 방산 수출 모멘텀 동반 수혜 한국투자증권 장남현 I 2025-06-20 N/R IPO 기업 업데이트: 함께 가자 K-방산 한국투자증권 장남현 I 2024-12-13 N/R K2와 천궁이 이끄는 성장 NH투자증권 강경근,황지현 I 2024-10-17 N/R K-방산이 열어주는 전방시장 하나증권 김성호 I 2024-09-23 N/R 신규 수주 모멘텀 지속될 것 하나증권 김성호 I 2024-09-11 N/R 신규 수주 모멘텀 지속될 것 하나증권 김성호 I 2024-08-21 N/R 중소형 방산주의 희망 NH투자증권 강경근,황지현 I 2024-07-26 N/R 방산을 좋게 본다면, 같이 봐야할 기업 한국투자증권"
450080::2024,450080,에코프로머티리얼즈,SECONDARY_SUMMARY_ONLY,EQUITY_MATERIAL_NONCANONICAL_COACTION,200,https://m.irgo.co.kr/IR-COMP/450080,2024-11-07,,"12-11 N/R 2025년 외부 고객사향 매출비중 50% 이상 메리츠증권 노우호 I 2024-11-07 N/R 2024년 3분기 실적발표 해당기업 IR팀 I 2024-11-01 N/R 2024년 2분기 경영실적 해당기업 IR팀 I 2024-07-31 N/R 중국 외 하이니켈 전구체 1위를 향해 신영증권 박진수 I 2024-07-01 N/R Non FEOC 전구체 확보 경쟁 시작 NH투자증권 주민우,양정현 I 2024-05-27 N/R 2024년 1분기 경영실적 해당기업 IR팀 I 2024-05-03 N/R 어디서 많이 본 듯한 흐름 다올투자증권 전혜영,차윤지 I 2024-03-08 N/R 2023년 4분기 경영실적 해당기업 IR팀 I 2024-02-07 더보기"
450080::2024,450080,에코프로머티리얼즈,SECONDARY_SUMMARY_ONLY,EQUITY_MATERIAL_NONCANONICAL_COACTION,200,https://m.irgo.co.kr/IR-COMP/450080,2024-12-11,,"속 Top-tier 전구체 업체의 전략 미래에셋증권 최유진 I 2024-12-11 N/R 2025년 외부 고객사향 매출비중 50% 이상 메리츠증권 노우호 I 2024-11-07 N/R 2024년 3분기 실적발표 해당기업 IR팀 I 2024-11-01 N/R 2024년 2분기 경영실적 해당기업 IR팀 I 2024-07-31 N/R 중국 외 하이니켈 전구체 1위를 향해 신영증권 박진수 I 2024-07-01 N/R Non FEOC 전구체 확보 경쟁 시작 NH투자증권 주민우,양정현 I 2024-05-27 N/R 2024년 1분기 경영실적 해당기업 IR팀 I 2024-05-03 N/R 어디서 많이 본 듯한 흐름 다올투자증권 전혜영,차윤지 I 2024-03-08 N/R 2023년 4분기 경영실적 해당기업 IR팀 I 2024-02-07 더보기"
450080::2024,450080,에코프로머티리얼즈,SECONDARY_SUMMARY_ONLY,EQUITY_MATERIAL_NONCANONICAL_COACTION,200,https://m.irgo.co.kr/IR-COMP/450080,2024-12-23,"{""WC"": [""회수""]}","! DB금융투자 안회수 I 2025-01-07 N/R 하늘이 무너져도 솟아날 구멍이 있다 NH투자증권 주민우,양정현 I 2024-12-23 N/R 공급망 교란 속 Top-tier 전구체 업체의 전략 미래에셋증권 최유진 I 2024-12-11 N/R 2025년 외부 고객사향 매출비중 50% 이상 메리츠증권 노우호 I 2024-11-07 N/R 2024년 3분기 실적발표 해당기업 IR팀 I 2024-11-01 N/R 2024년 2분기 경영실적 해당기업 IR팀 I 2024-07-31 N/R 중국 외 하이니켈 전구체 1위를 향해 신영증권 박진수 I 2024-07-01 N/R Non FEOC 전구체 확보 경쟁 시작 NH투자증권 주민우,양정현 I 2024-05-27 N/R 2024년 1분기 경영실적 해당기업 IR팀 I 2024-05-03 N/R 어디서 많이 본 듯한 흐름 다올투자증권 전혜영,차윤지 I 2024-03-08 N/R 2023년 4분기 경영실적 해당기업 IR팀 I 2"
450080::2024,450080,에코프로머티리얼즈,SECONDARY_SUMMARY_ONLY,EQUITY_MATERIAL_NONCANONICAL_COACTION,200,https://m.irgo.co.kr/IR-COMP/450080,2024-12-23,"{""WC"": [""회수""]}","25-06-04 N/R 2025년 1분기 실적발표 해당기업 IR팀 I 2025-04-30 N/R 하반기부터 판매, 손익 모두 긍정적 신영증권 박진수 I 2025-04-01 N/R 반사수혜 NH투자증권 주민우,양정현 I 2025-03-26 N/R 제련업 통합으로 이익 급증 전망 DB금융투자 안회수 I 2025-02-24 N/R 생각보다 빠르게 시작된 고객사 다변화 미래에셋증권 최유진 I 2025-02-20 N/R 2024년 4분기 실적발표 해당기업 IR팀 I 2025-02-11 N/R 제련업 통합으로 섹터 내 매력도 up! DB금융투자 안회수 I 2025-01-07 N/R 하늘이 무너져도 솟아날 구멍이 있다 NH투자증권 주민우,양정현 I 2024-12-23 N/R 공급망 교란 속 Top-tier 전구체 업체의 전략 미래에셋증권 최유진 I 2024-12-11 N/R 2025년 외부 고객사향 매출비중 50% 이상 메리츠증권 노우호 I 2024-11-07 N/R 2024년"
450080::2024,450080,에코프로머티리얼즈,SECONDARY_SUMMARY_ONLY,EQUITY_MATERIAL_NONCANONICAL_COACTION,200,https://m.irgo.co.kr/IR-COMP/450080,2024-12-23,"{""WC"": [""회수""]}","권 주민우,양정현 I 2025-03-26 N/R 제련업 통합으로 이익 급증 전망 DB금융투자 안회수 I 2025-02-24 N/R 생각보다 빠르게 시작된 고객사 다변화 미래에셋증권 최유진 I 2025-02-20 N/R 2024년 4분기 실적발표 해당기업 IR팀 I 2025-02-11 N/R 제련업 통합으로 섹터 내 매력도 up! DB금융투자 안회수 I 2025-01-07 N/R 하늘이 무너져도 솟아날 구멍이 있다 NH투자증권 주민우,양정현 I 2024-12-23 N/R 공급망 교란 속 Top-tier 전구체 업체의 전략 미래에셋증권 최유진 I 2024-12-11 N/R 2025년 외부 고객사향 매출비중 50% 이상 메리츠증권 노우호 I 2024-11-07 N/R 2024년 3분기 실적발표 해당기업 IR팀 I 2024-11-01 N/R 2024년 2분기 경영실적 해당기업 IR팀 I 2024-07-31 N/R 중국 외 하이니켈 전구체 1위를 향해 신영증권 박진수 I 2"
450080::2024,450080,에코프로머티리얼즈,SECONDARY_SUMMARY_ONLY,EQUITY_MATERIAL_NONCANONICAL_COACTION,200,https://m.irgo.co.kr/IR-COMP/450080,2024-12-23,,"날 구멍이 있다 NH투자증권 주민우,양정현 I 2024-12-23 N/R 공급망 교란 속 Top-tier 전구체 업체의 전략 미래에셋증권 최유진 I 2024-12-11 N/R 2025년 외부 고객사향 매출비중 50% 이상 메리츠증권 노우호 I 2024-11-07 N/R 2024년 3분기 실적발표 해당기업 IR팀 I 2024-11-01 N/R 2024년 2분기 경영실적 해당기업 IR팀 I 2024-07-31 N/R 중국 외 하이니켈 전구체 1위를 향해 신영증권 박진수 I 2024-07-01 N/R Non FEOC 전구체 확보 경쟁 시작 NH투자증권 주민우,양정현 I 2024-05-27 N/R 2024년 1분기 경영실적 해당기업 IR팀 I 2024-05-03 N/R 어디서 많이 본 듯한 흐름 다올투자증권 전혜영,차윤지 I 2024-03-08 N/R 2023년 4분기 경영실적 해당기업 IR팀 I 2024-02-07 더보기"
450080::2024,450080,에코프로머티리얼즈,SECONDARY_SUMMARY_ONLY,EQUITY_MATERIAL_NONCANONICAL_COACTION,200,https://m.irgo.co.kr/IR-COMP/450080,2024-12-23,"{""WC"": [""회수""]}","부터 판매, 손익 모두 긍정적 신영증권 박진수 I 2025-04-01 N/R 반사수혜 NH투자증권 주민우,양정현 I 2025-03-26 N/R 제련업 통합으로 이익 급증 전망 DB금융투자 안회수 I 2025-02-24 N/R 생각보다 빠르게 시작된 고객사 다변화 미래에셋증권 최유진 I 2025-02-20 N/R 2024년 4분기 실적발표 해당기업 IR팀 I 2025-02-11 N/R 제련업 통합으로 섹터 내 매력도 up! DB금융투자 안회수 I 2025-01-07 N/R 하늘이 무너져도 솟아날 구멍이 있다 NH투자증권 주민우,양정현 I 2024-12-23 N/R 공급망 교란 속 Top-tier 전구체 업체의 전략 미래에셋증권 최유진 I 2024-12-11 N/R 2025년 외부 고객사향 매출비중 50% 이상 메리츠증권 노우호 I 2024-11-07 N/R 2024년 3분기 실적발표 해당기업 IR팀 I 2024-11-01 N/R 2024년 2분기 경영실적 해당기업 I"
450080::2024,450080,에코프로머티리얼즈,SECONDARY_SUMMARY_ONLY,EQUITY_MATERIAL_NONCANONICAL_COACTION,200,https://m.irgo.co.kr/IR-COMP/450080,2024-12-23,"{""WC"": [""회수""]}","분기 실적발표 해당기업 IR팀 I 2025-02-11 N/R 제련업 통합으로 섹터 내 매력도 up! DB금융투자 안회수 I 2025-01-07 N/R 하늘이 무너져도 솟아날 구멍이 있다 NH투자증권 주민우,양정현 I 2024-12-23 N/R 공급망 교란 속 Top-tier 전구체 업체의 전략 미래에셋증권 최유진 I 2024-12-11 N/R 2025년 외부 고객사향 매출비중 50% 이상 메리츠증권 노우호 I 2024-11-07 N/R 2024년 3분기 실적발표 해당기업 IR팀 I 2024-11-01 N/R 2024년 2분기 경영실적 해당기업 IR팀 I 2024-07-31 N/R 중국 외 하이니켈 전구체 1위를 향해 신영증권 박진수 I 2024-07-01 N/R Non FEOC 전구체 확보 경쟁 시작 NH투자증권 주민우,양정현 I 2024-05-27 N/R 2024년 1분기 경영실적 해당기업 IR팀 I 2024-05-03 N/R 어디서 많이 본 듯한 흐름 다올투자증"
450080::2024,450080,에코프로머티리얼즈,SECONDARY_SUMMARY_ONLY,EQUITY_MATERIAL_NONCANONICAL_COACTION,200,https://m.irgo.co.kr/IR-COMP/450080,2024-12-23,"{""WC"": [""회수""]}","시작된 고객사 다변화 미래에셋증권 최유진 I 2025-02-20 N/R 2024년 4분기 실적발표 해당기업 IR팀 I 2025-02-11 N/R 제련업 통합으로 섹터 내 매력도 up! DB금융투자 안회수 I 2025-01-07 N/R 하늘이 무너져도 솟아날 구멍이 있다 NH투자증권 주민우,양정현 I 2024-12-23 N/R 공급망 교란 속 Top-tier 전구체 업체의 전략 미래에셋증권 최유진 I 2024-12-11 N/R 2025년 외부 고객사향 매출비중 50% 이상 메리츠증권 노우호 I 2024-11-07 N/R 2024년 3분기 실적발표 해당기업 IR팀 I 2024-11-01 N/R 2024년 2분기 경영실적 해당기업 IR팀 I 2024-07-31 N/R 중국 외 하이니켈 전구체 1위를 향해 신영증권 박진수 I 2024-07-01 N/R Non FEOC 전구체 확보 경쟁 시작 NH투자증권 주민우,양정현 I 2024-05-27 N/R 2024년 1분기 경영실적"
450080::2024,450080,에코프로머티리얼즈,SECONDARY_SUMMARY_ONLY,EQUITY_MATERIAL_NONCANONICAL_COACTION,200,https://m.irgo.co.kr/IR-COMP/450080,2024-12-23,"{""WC"": [""회수""]}","전망 DB금융투자 안회수 I 2025-02-24 N/R 생각보다 빠르게 시작된 고객사 다변화 미래에셋증권 최유진 I 2025-02-20 N/R 2024년 4분기 실적발표 해당기업 IR팀 I 2025-02-11 N/R 제련업 통합으로 섹터 내 매력도 up! DB금융투자 안회수 I 2025-01-07 N/R 하늘이 무너져도 솟아날 구멍이 있다 NH투자증권 주민우,양정현 I 2024-12-23 N/R 공급망 교란 속 Top-tier 전구체 업체의 전략 미래에셋증권 최유진 I 2024-12-11 N/R 2025년 외부 고객사향 매출비중 50% 이상 메리츠증권 노우호 I 2024-11-07 N/R 2024년 3분기 실적발표 해당기업 IR팀 I 2024-11-01 N/R 2024년 2분기 경영실적 해당기업 IR팀 I 2024-07-31 N/R 중국 외 하이니켈 전구체 1위를 향해 신영증권 박진수 I 2024-07-01 N/R Non FEOC 전구체 확보 경쟁 시작 NH투자증"
452160::2024,452160,제이엔비,PRIMARY_INDEX_AVAILABLE,IR_PRIMARY_GROWTH_CAPEX_NONCANONICAL,200,https://m.irgo.co.kr/IR-COMP/452160,2024-09-25,,리포트 N/R 회사소개 및 주요 경영현황 해당기업 IR팀 I 2025-09-12 N/R 회사소개 및 주요 경영현황 해당기업 IR팀 I 2024-09-25 더보기
452190::2024,452190,한빛레이저,SECONDARY_SUMMARY_ONLY,SECONDARY_HUMAN_REPORT_NO_CANONICAL_ACTION,200,https://m.irgo.co.kr/IR-COMP/452190,2024-01-12,,"리포트 N/R 회사소개 및 주요 경영현황 해당기업 IR팀 I 2026-05-19 N/R 레이저? 제가 좀 합니다 한국투자증권 윤철환,이도희 I 2024-01-12 더보기"
452280::2024,452280,한선엔지니어링,SECONDARY_SUMMARY_ONLY,HUMAN_REPORT_OPPOSITE_CX_NO_CANONICAL_ACTION,200,https://m.irgo.co.kr/IR-COMP/452280,2024-11-27,,"리포트 N/R 무한 성장 궤도 한국투자증권 김건우 I 2026-09-16 N/R 나도 블룸 밸류체인 한국투자증권 윤철환 I 2026-04-16 N/R 후진하는 방법을 모른다 한국투자증권 김건우 I 2026-04-07 N/R 트럼프 2.0과 블룸에너지의 수혜 현대차증권 곽민정 I 2024-11-27 N/R 넘치는 수요, 편안한 밸류 현대차증권 곽민정 I 2024-08-27 N/R 알고보니 최선은 한선 현대차증권 곽민정,윤서영 I 2024-06-04 N/R 알고보니 최선은 한선 현대차증권 곽민정,윤서영 I 20"
452280::2024,452280,한선엔지니어링,SECONDARY_SUMMARY_ONLY,HUMAN_REPORT_OPPOSITE_CX_NO_CANONICAL_ACTION,200,https://m.irgo.co.kr/IR-COMP/452280,2024-11-27,,"리포트 N/R 무한 성장 궤도 한국투자증권 김건우 I 2026-09-16 N/R 나도 블룸 밸류체인 한국투자증권 윤철환 I 2026-04-16 N/R 후진하는 방법을 모른다 한국투자증권 김건우 I 2026-04-07 N/R 트럼프 2.0과 블룸에너지의 수혜 현대차증권 곽민정 I 2024-11-27 N/R 넘치는 수요, 편안한 밸류 현대차증권 곽민정 I 2024-08-27 N/R 알고보니 최선은 한선 현대차증권 곽민정,윤서영 I 2024-06-04 N/R 알고보니 최선은 한선 현대차증권 곽민정,윤서영 I 2024-05-23 더보기"
457550::2024,457550,우진엔텍,PRIMARY_INDEX_AVAILABLE,PRIMARY_INDEX_NO_CANONICAL_ACTION,200,https://m.irgo.co.kr/IR-COMP/457550,2024-12-13,,"개 및 주요 경영현황 해당기업 IR팀 I 2025-06-24 N/R 늘어나는 국내 원전 규모와 원전 해체 시장 개화에 거는 기대 KB증권 정혜정 I 2025-06-10 N/R 어서와, 원전 해체는 처음이지? 유안타증권 백종민 I 2025-04-03 N/R 국내 원전설비 증가 전망에도 정책 불확실성의 영향 불가피 KB증권 정혜정 I 2024-12-13 N/R 회사소개 및 주요 사업현황 해당기업 IR팀 I 2024-08-21 N/R 원전 해체 시장으로 포트폴리오 확대 상상인증권 이소중,권오휘 I 2024-07-08 N/R 친원전 정책의 수혜주 KB증권 정혜정 I 2024-06-14 N/R 원자력 정비 + 해체 시장 수혜 대신증권 박장욱 I 2024-04-15 더보기"
457550::2024,457550,우진엔텍,PRIMARY_INDEX_AVAILABLE,PRIMARY_INDEX_NO_CANONICAL_ACTION,200,https://m.irgo.co.kr/IR-COMP/457550,2024-12-13,,"리포트 N/R 원전 정비 물량 증가와 원전 해체 시장 개화 기대 KB증권 정혜정 I 2026-06-15 N/R 원전 해체 시장의 개화를 준비하며 KB증권 정혜정 I 2025-12-15 N/R 회사소개 및 주요 경영현황 해당기업 IR팀 I 2025-06-24 N/R 늘어나는 국내 원전 규모와 원전 해체 시장 개화에 거는 기대 KB증권 정혜정 I 2025-06-10 N/R 어서와, 원전 해체는 처음이지? 유안타증권 백종민 I 2025-04-03 N/R 국내 원전설비 증가 전망에도 정책 불확실성의 영향 불가피 KB증권 정혜정 I 2024-12-13 N/R 회사소개 및 주요 사업현황 해당기업 IR팀 I 2024-08-21 N/R 원전 해체 시장으로 포트폴리오 확대 상상인증권 이소중,권오휘 I 2024-07-08 N/R 친원전 정책의 수혜주 KB증권 정혜정 I"
457550::2024,457550,우진엔텍,PRIMARY_INDEX_AVAILABLE,PRIMARY_INDEX_NO_CANONICAL_ACTION,200,https://m.irgo.co.kr/IR-COMP/457550,2024-12-13,,"리포트 N/R 원전 정비 물량 증가와 원전 해체 시장 개화 기대 KB증권 정혜정 I 2026-06-15 N/R 원전 해체 시장의 개화를 준비하며 KB증권 정혜정 I 2025-12-15 N/R 회사소개 및 주요 경영현황 해당기업 IR팀 I 2025-06-24 N/R 늘어나는 국내 원전 규모와 원전 해체 시장 개화에 거는 기대 KB증권 정혜정 I 2025-06-10 N/R 어서와, 원전 해체는 처음이지? 유안타증권 백종민 I 2025-04-03 N/R 국내 원전설비 증가 전망에도 정책 불확실성의 영향 불가피 KB증권 정혜정 I 2024-12-13 N/R 회사소개 및 주요 사업현황 해당기업 IR팀 I 2024-08-21 N/R 원전 해체 시장으로 포트폴리오 확대 상상인증권 이소중,권오휘 I 2024-07-08 N/R 친원전 정책의 수혜주 KB증권 정혜정 I 2024-06-14 N/R 원자력 정비 + 해체 시장 수혜 대신증권 박장욱"
457550::2024,457550,우진엔텍,PRIMARY_INDEX_AVAILABLE,PRIMARY_INDEX_NO_CANONICAL_ACTION,200,https://m.irgo.co.kr/IR-COMP/457550,2024-12-13,,"장 개화 기대 KB증권 정혜정 I 2026-06-15 N/R 원전 해체 시장의 개화를 준비하며 KB증권 정혜정 I 2025-12-15 N/R 회사소개 및 주요 경영현황 해당기업 IR팀 I 2025-06-24 N/R 늘어나는 국내 원전 규모와 원전 해체 시장 개화에 거는 기대 KB증권 정혜정 I 2025-06-10 N/R 어서와, 원전 해체는 처음이지? 유안타증권 백종민 I 2025-04-03 N/R 국내 원전설비 증가 전망에도 정책 불확실성의 영향 불가피 KB증권 정혜정 I 2024-12-13 N/R 회사소개 및 주요 사업현황 해당기업 IR팀 I 2024-08-21 N/R 원전 해체 시장으로 포트폴리오 확대 상상인증권 이소중,권오휘 I 2024-07-08 N/R 친원전 정책의 수혜주 KB증권 정혜정 I 2024-06-14 N/R 원자력 정비 + 해체 시장 수혜 대신증권 박장욱 I 2024-04-15 더보기"
457550::2024,457550,우진엔텍,PRIMARY_INDEX_AVAILABLE,PRIMARY_INDEX_NO_CANONICAL_ACTION,200,https://m.irgo.co.kr/IR-COMP/457550,2024-12-13,,"체 시장의 개화를 준비하며 KB증권 정혜정 I 2025-12-15 N/R 회사소개 및 주요 경영현황 해당기업 IR팀 I 2025-06-24 N/R 늘어나는 국내 원전 규모와 원전 해체 시장 개화에 거는 기대 KB증권 정혜정 I 2025-06-10 N/R 어서와, 원전 해체는 처음이지? 유안타증권 백종민 I 2025-04-03 N/R 국내 원전설비 증가 전망에도 정책 불확실성의 영향 불가피 KB증권 정혜정 I 2024-12-13 N/R 회사소개 및 주요 사업현황 해당기업 IR팀 I 2024-08-21 N/R 원전 해체 시장으로 포트폴리오 확대 상상인증권 이소중,권오휘 I 2024-07-08 N/R 친원전 정책의 수혜주 KB증권 정혜정 I 2024-06-14 N/R 원자력 정비 + 해체 시장 수혜 대신증권 박장욱 I 2024-04-15 더보기"
457600::2024,457600,벡트,PRIMARY_INDEX_AVAILABLE,IR_IPO_PRIMARY_NONCANONICAL_GROWTH,200,https://m.irgo.co.kr/IR-COMP/457600,,,
475660::2024,475660,에스켐,PRIMARY_INDEX_AVAILABLE,EQUITY_PRIMARY_NONCANONICAL_PRODUCT_PORTFOLIO_EXPANSION,200,https://m.irgo.co.kr/IR-COMP/475660,,,
