No.,firm_key,거래소코드,회사명,검색용 회사명,시장,매핑자료 회계년도,산업코드,산업명,업종코드,영문기업명,상장일,상장폐지일,주거래은행,기업명 매핑 출처,웹 보완 출처,매핑 메모
1,000020::2024,000020,동화약품(주),동화약품(주),KOSPI,2025/12,032102,의약품 제조업,01,"Dong Wha Pharm. Co., Ltd.",1976/03/24,,KEB하나은행,코스피_전업종_폐지사 포함_일반사항.xlsx,,2024-12-31 상장상태를 우선하여 동일 코드 중 매핑 레코드 선택
2,000100::2024,000100,(주)유한양행,유한양행,KOSPI,2025/12,032102,의약품 제조업,01,Yuhan Corporation,1962/11/01,,신한은행,코스피_전업종_폐지사 포함_일반사항.xlsx,,2024-12-31 상장상태를 우선하여 동일 코드 중 매핑 레코드 선택
3,000250::2024,000250,삼천당제약(주),삼천당제약(주),KOSDAQ,2025/12,032102,의약품 제조업,01,"SAM CHUN DANG PHARM. Co., Ltd.",2000/10/04,,신한은행,코스닥_전업종_폐지사 포함_일반사항.xlsx,,2024-12-31 상장상태를 우선하여 동일 코드 중 매핑 레코드 선택
4,000670::2024,000670,(주)영풍,영풍,KOSPI,2025/12,032402,1차 비철금속 제조업,01,Young Poong Corporation,1976/06/12,,KEB하나은행,코스피_전업종_폐지사 포함_일반사항.xlsx,,2024-12-31 상장상태를 우선하여 동일 코드 중 매핑 레코드 선택
5,000680::2024,000680,(주)엘에스네트웍스,엘에스네트웍스,KOSPI,2025/12,074608,상품 종합 도매업,01,LS Networks Corporation Limited,1973/11/15,,SC제일은행,코스피_전업종_폐지사 포함_일반사항.xlsx,,2024-12-31 상장상태를 우선하여 동일 코드 중 매핑 레코드 선택
6,000700::2024,000700,(주)유수홀딩스,유수홀딩스,KOSPI,2025/12,137105,회사 본부 및 경영 컨설팅 서비스업,01,"EUSU HOLDINGS CO.,LTD.",1956/03/03,,KEB하나은행,코스피_전업종_폐지사 포함_일반사항.xlsx,,2024-12-31 상장상태를 우선하여 동일 코드 중 매핑 레코드 선택
7,000860::2024,000860,강남제비스코(주),강남제비스코(주),KOSPI,2025/12,032004,기타 화학제품 제조업,01,"KANGNAM JEVISCO CO., LTD.",1975/11/16,,KEB하나은행,코스피_전업종_폐지사 포함_일반사항.xlsx,,2024-12-31 상장상태를 우선하여 동일 코드 중 매핑 레코드 선택
8,000990::2024,000990,(주)디비하이텍,디비하이텍,KOSPI,2025/12,032601,반도체 제조업,01,"DB HiTek Co., Ltd.",1975/12/12,,KDB산업은행,코스피_전업종_폐지사 포함_일반사항.xlsx,,2024-12-31 상장상태를 우선하여 동일 코드 중 매핑 레코드 선택
9,001060::2024,001060,제이더블유중외제약(주),제이더블유중외제약(주),KOSPI,2025/12,032102,의약품 제조업,01,JW PHARMACEUTICAL CORPORATION,1976/06/14,,우리은행,코스피_전업종_폐지사 포함_일반사항.xlsx,,2024-12-31 상장상태를 우선하여 동일 코드 중 매핑 레코드 선택
10,001120::2024,001120,(주)엘엑스인터내셔널,엘엑스인터내셔널,KOSPI,2025/12,074601,상품 중개업,01,LX INTERNATIONA Corp.,1976/03/10,,우리은행,코스피_전업종_폐지사 포함_일반사항.xlsx,,2024-12-31 상장상태를 우선하여 동일 코드 중 매핑 레코드 선택
11,001210::2024,001210,금호전기(주),금호전기(주),KOSPI,2025/12,032804,전구 및 조명장치 제조업,01,"KUMHO ELECTRIC, INC.",1973/11/05,,우리은행,코스피_전업종_폐지사 포함_일반사항.xlsx,,2024-12-31 상장상태를 우선하여 동일 코드 중 매핑 레코드 선택
12,001230::2024,001230,동국홀딩스(주),동국홀딩스(주),KOSPI,2025/12,137105,회사 본부 및 경영 컨설팅 서비스업,01,"DONGKUK HOLDINGS CO.,LTD.",1988/05/09,,KDB산업은행,코스피_전업종_폐지사 포함_일반사항.xlsx,,2024-12-31 상장상태를 우선하여 동일 코드 중 매핑 레코드 선택
13,001340::2024,001340,피케이씨(주),피케이씨(주),KOSPI,2025/12,032001,기초 화학물질 제조업,01,"Paik kwang Industrial Co.,Ltd.",1976/06/10,,신한은행,코스피_전업종_폐지사 포함_일반사항.xlsx,,2024-12-31 상장상태를 우선하여 동일 코드 중 매핑 레코드 선택
14,001540::2024,001540,안국약품(주),안국약품(주),KOSDAQ,2025/12,032102,의약품 제조업,01,"AHN-GOOK PHARMACEUTICAL Co., Ltd.",2000/06/15,,IBK기업은행,코스닥_전업종_폐지사 포함_일반사항.xlsx,,2024-12-31 상장상태를 우선하여 동일 코드 중 매핑 레코드 선택
15,001560::2024,001560,제일연마공업(주),제일연마공업(주),KOSPI,2025/12,032309,기타 비금속 광물제품 제조업,01,"Cheil Grinding Wheel Ind, Co., Ltd.",2005/12/09,,DGB대구은행,코스피_전업종_폐지사 포함_일반사항.xlsx,,2024-12-31 상장상태를 우선하여 동일 코드 중 매핑 레코드 선택
16,001620::2024,001620,케이비아이동국실업(주),케이비아이동국실업(주),KOSPI,2025/12,033003,자동차 신품 부품 제조업,01,"KBI Dongkook Ind. Co., Ltd.",1990/09/15,,우리은행,코스피_전업종_폐지사 포함_일반사항.xlsx,,2024-12-31 상장상태를 우선하여 동일 코드 중 매핑 레코드 선택
17,001740::2024,001740,에스케이네트웍스(주),에스케이네트웍스(주),KOSPI,2025/12,074607,기타 전문 도매업,01,SK Networks Company Limited,1977/06/30,,KEB하나은행,코스피_전업종_폐지사 포함_일반사항.xlsx,,2024-12-31 상장상태를 우선하여 동일 코드 중 매핑 레코드 선택
18,001780::2024,001780,(주)알루코,알루코,KOSPI,2025/12,032402,1차 비철금속 제조업,01,"ALUKO Co., Ltd.",2007/06/07,,우리은행,코스피_전업종_폐지사 포함_일반사항.xlsx,,2024-12-31 상장상태를 우선하여 동일 코드 중 매핑 레코드 선택
19,001940::2024,001940,KISCO홀딩스(주),KISCO홀딩스(주),KOSPI,2025/12,032401,1차 철강 제조업,01,KISCO Holdings Corp.,1989/11/13,,KEB하나은행,코스피_전업종_폐지사 포함_일반사항.xlsx,,2024-12-31 상장상태를 우선하여 동일 코드 중 매핑 레코드 선택
20,002150::2024,002150,(주)도화엔지니어링,도화엔지니어링,KOSPI,2025/12,137201,"건축기술, 엔지니어링 및 관련 기술 서비스업",01,"DOHWA ENGINEERING Co., Ltd.",2010/08/12,,,코스피_전업종_폐지사 포함_일반사항.xlsx,,2024-12-31 상장상태를 우선하여 동일 코드 중 매핑 레코드 선택
21,002240::2024,002240,고려제강(주),고려제강(주),KOSPI,2025/12,032401,1차 철강 제조업,01,KISWIRE LTD.,1976/05/25,,한국씨티은행,코스피_전업종_폐지사 포함_일반사항.xlsx,,2024-12-31 상장상태를 우선하여 동일 코드 중 매핑 레코드 선택
22,002380::2024,002380,(주)케이씨씨,케이씨씨,KOSPI,2025/12,032004,기타 화학제품 제조업,01,KCC Corporation,1973/06/25,,KEB하나은행,코스피_전업종_폐지사 포함_일반사항.xlsx,,2024-12-31 상장상태를 우선하여 동일 코드 중 매핑 레코드 선택
23,002410::2024,002410,범양건영(주),범양건영(주),KOSPI,2025/12,064101,건물 건설업,01,"BUMYANG CONSTRUCTION CO.,LTD.",1988/05/25,,신한은행,코스피_전업종_폐지사 포함_일반사항.xlsx,,2024-12-31 상장상태를 우선하여 동일 코드 중 매핑 레코드 선택
24,002630::2024,002630,(주)오리엔트바이오,오리엔트바이오,KOSPI,2025/03,032102,의약품 제조업,01,ORIENT BIO Inc.,1976/12/28,,IBK기업은행,코스피_전업종_폐지사 포함_일반사항.xlsx,,2024-12-31 상장상태를 우선하여 동일 코드 중 매핑 레코드 선택
25,002690::2024,002690,동일제강(주),동일제강(주),KOSPI,2025/12,032401,1차 철강 제조업,01,"DONG IL STEEL MFG CO., LTD.",2015/09/24,,,코스피_전업종_폐지사 포함_일반사항.xlsx,,2024-12-31 상장상태를 우선하여 동일 코드 중 매핑 레코드 선택
26,002780::2024,002780,진흥기업(주),진흥기업(주),KOSPI,2025/12,064102,토목 건설업,01,"ChinHung International, Inc.",1977/06/25,,우리은행,코스피_전업종_폐지사 포함_일반사항.xlsx,,2024-12-31 상장상태를 우선하여 동일 코드 중 매핑 레코드 선택
27,002900::2024,002900,티와이엠(주),티와이엠(주),KOSPI,2025/12,032902,특수 목적용 기계 제조업,01,"TYM Co., Ltd.",1973/06/26,,NH농협,코스피_전업종_폐지사 포함_일반사항.xlsx,,2024-12-31 상장상태를 우선하여 동일 코드 중 매핑 레코드 선택
28,002990::2024,002990,금호건설(주),금호건설(주),KOSPI,2025/12,064101,건물 건설업,01,"KUMHO Engineering & Construction Co., Ltd.",1976/06/26,,신한은행,코스피_전업종_폐지사 포함_일반사항.xlsx,,2024-12-31 상장상태를 우선하여 동일 코드 중 매핑 레코드 선택
29,003010::2024,003010,(주)혜인,혜인,KOSPI,2025/12,074605,기계장비 및 관련 물품 도매업,01,Hae In Corporation,1988/09/20,,우리은행,코스피_전업종_폐지사 포함_일반사항.xlsx,,2024-12-31 상장상태를 우선하여 동일 코드 중 매핑 레코드 선택
30,003160::2024,003160,(주)디아이,디아이,KOSPI,2025/12,032702,"측정, 시험, 항해, 제어 및 기타 정밀기기 제조업; 광학기기 제외",01,D.I CORPORATION,1996/07/31,,KEB하나은행,코스피_전업종_폐지사 포함_일반사항.xlsx,,2024-12-31 상장상태를 우선하여 동일 코드 중 매핑 레코드 선택
31,003220::2024,003220,대원제약(주),대원제약(주),KOSPI,2025/12,032102,의약품 제조업,01,"Daewon Pharmaceutical Co., Ltd.",1999/12/15,,신한은행,코스피_전업종_폐지사 포함_일반사항.xlsx,,2024-12-31 상장상태를 우선하여 동일 코드 중 매핑 레코드 선택
32,003380::2024,003380,(주)하림지주,하림지주,KOSDAQ,2025/12,137105,회사 본부 및 경영 컨설팅 서비스업,01,"Harim Holdings Co., Ltd.",2017/06/30,,KDB산업은행,코스닥_전업종_폐지사 포함_일반사항.xlsx,,2024-12-31 상장상태를 우선하여 동일 코드 중 매핑 레코드 선택
33,003800::2024,003800,(주)에이스침대,에이스침대,KOSDAQ,2025/12,033201,가구 제조업,01,"Ace Bed Co., Ltd.",1996/05/03,,KEB하나은행,코스닥_전업종_폐지사 포함_일반사항.xlsx,,2024-12-31 상장상태를 우선하여 동일 코드 중 매핑 레코드 선택
34,003850::2024,003850,(주)보령,보령,KOSPI,2025/12,032102,의약품 제조업,01,Boryung Corporation,1988/10/24,,신한은행,코스피_전업종_폐지사 포함_일반사항.xlsx,,2024-12-31 상장상태를 우선하여 동일 코드 중 매핑 레코드 선택
35,004090::2024,004090,한국석유공업(주),한국석유공업(주),KOSPI,2025/12,032309,기타 비금속 광물제품 제조업,01,"Korea Petroleum Industrial Co.,Ltd.",1977/06/25,,신한은행,코스피_전업종_폐지사 포함_일반사항.xlsx,,2024-12-31 상장상태를 우선하여 동일 코드 중 매핑 레코드 선택
36,004310::2024,004310,현대약품(주),현대약품(주),KOSPI,2025/11,032102,의약품 제조업,01,"Hyundai Pharmaceutical Co., Ltd.",1978/05/30,,신한은행,코스피_전업종_폐지사 포함_일반사항.xlsx,,2024-12-31 상장상태를 우선하여 동일 코드 중 매핑 레코드 선택
37,004430::2024,004430,송원산업(주),송원산업(주),KOSPI,2025/12,032004,기타 화학제품 제조업,01,"SONGWON INDUSTRIAL Co., Ltd.",1977/06/25,,우리은행,코스피_전업종_폐지사 포함_일반사항.xlsx,,2024-12-31 상장상태를 우선하여 동일 코드 중 매핑 레코드 선택
38,004800::2024,004800,(주)효성,효성,KOSPI,2025/12,137105,회사 본부 및 경영 컨설팅 서비스업,01,Hyosung Corporation,1973/06/30,,우리은행,코스피_전업종_폐지사 포함_일반사항.xlsx,,2024-12-31 상장상태를 우선하여 동일 코드 중 매핑 레코드 선택
39,004840::2024,004840,(주)디알비동일,디알비동일,KOSPI,2025/12,032201,고무제품 제조업,01,"DRB Holding Co., Ltd.",1976/05/21,,BNK부산은행,코스피_전업종_폐지사 포함_일반사항.xlsx,,2024-12-31 상장상태를 우선하여 동일 코드 중 매핑 레코드 선택
40,005030::2024,005030,부산주공(주),부산주공(주),KOSPI,2025/12,033003,자동차 신품 부품 제조업,01,"Pusan Cast Iron Co., Ltd.",1975/12/26,,BNK부산은행,코스피_전업종_폐지사 포함_일반사항.xlsx,,2024-12-31 상장상태를 우선하여 동일 코드 중 매핑 레코드 선택
41,005160::2024,005160,동국산업(주),동국산업(주),KOSDAQ,2025/12,032401,1차 철강 제조업,01,"DONGKUK INDUSTRIES CO., LTD.",1999/06/25,,신한은행,코스닥_전업종_폐지사 포함_일반사항.xlsx,,2024-12-31 상장상태를 우선하여 동일 코드 중 매핑 레코드 선택
42,005180::2024,005180,(주)빙그레,빙그레,KOSPI,2025/12,031004,동·식물성 유지 및 낙농제품 제조업,01,"Binggrae Co., Ltd.",1978/08/31,,신한은행,코스피_전업종_폐지사 포함_일반사항.xlsx,,2024-12-31 상장상태를 우선하여 동일 코드 중 매핑 레코드 선택
43,005320::2024,005320,(주)온타이드,온타이드,KOSPI,2025/12,074604,생활용품 도매업,01,ONTIDE Corp.,1996/12/24,,신한은행,코스피_전업종_폐지사 포함_일반사항.xlsx,,2024-12-31 상장상태를 우선하여 동일 코드 중 매핑 레코드 선택
44,005380::2024,005380,현대자동차(주),현대자동차(주),KOSPI,2025/12,033001,자동차용 엔진 및 자동차 제조업,01,Hyundai Motor Company,1974/06/28,,KEB하나은행,코스피_전업종_폐지사 포함_일반사항.xlsx,,2024-12-31 상장상태를 우선하여 동일 코드 중 매핑 레코드 선택
45,005430::2024,005430,한국공항(주),한국공항(주),KOSPI,2025/12,085209,기타 운송관련 서비스업,01,"KOREA AIRPORT SERVICE CO.,LTD.",1976/12/28,,우리은행,코스피_전업종_폐지사 포함_일반사항.xlsx,,2024-12-31 상장상태를 우선하여 동일 코드 중 매핑 레코드 선택
46,005750::2024,005750,대림바스(주),대림바스(주),KOSPI,2025/12,032302,"내화, 비내화 요업제품 제조업",01,"DAELIM BATH CO.,LTD.",1992/12/23,,우리은행,코스피_전업종_폐지사 포함_일반사항.xlsx,,2024-12-31 상장상태를 우선하여 동일 코드 중 매핑 레코드 선택
47,005820::2024,005820,(주)원림,원림,KOSPI,2025/12,031302,직물직조 및 직물제품 제조업,01,Wonlim Corporation,1990/04/20,,우리은행,코스피_전업종_폐지사 포함_일반사항.xlsx,,2024-12-31 상장상태를 우선하여 동일 코드 중 매핑 레코드 선택
48,005850::2024,005850,에스엘(주),에스엘(주),KOSPI,2025/12,033003,자동차 신품 부품 제조업,01,SL Corporation,1988/11/08,,IBK기업은행,코스피_전업종_폐지사 포함_일반사항.xlsx,,2024-12-31 상장상태를 우선하여 동일 코드 중 매핑 레코드 선택
49,005870::2024,005870,(주)휴니드테크놀러지스,휴니드테크놀러지스,KOSPI,2025/12,032604,통신 및 방송 장비 제조업,01,Huneed Technologies,1991/09/03,,신한은행,코스피_전업종_폐지사 포함_일반사항.xlsx,,2024-12-31 상장상태를 우선하여 동일 코드 중 매핑 레코드 선택
50,005880::2024,005880,대한해운(주),대한해운(주),KOSPI,2025/12,085001,해상 운송업,01,Korea Line Corporation,1992/04/23,,한국씨티은행,코스피_전업종_폐지사 포함_일반사항.xlsx,,2024-12-31 상장상태를 우선하여 동일 코드 중 매핑 레코드 선택
51,005950::2024,005950,(주)이수화학,이수화학,KOSPI,2025/12,032001,기초 화학물질 제조업,01,"Isu Chemical Co., Ltd.",1988/04/28,,KDB산업은행,코스피_전업종_폐지사 포함_일반사항.xlsx,,2024-12-31 상장상태를 우선하여 동일 코드 중 매핑 레코드 선택
52,005960::2024,005960,동부건설(주),동부건설(주),KOSPI,2025/12,064102,토목 건설업,01,Dongbu Corporation,1978/10/30,,KDB산업은행,코스피_전업종_폐지사 포함_일반사항.xlsx,,2024-12-31 상장상태를 우선하여 동일 코드 중 매핑 레코드 선택
53,006140::2024,006140,(주)피제이전자,피제이전자,KOSDAQ,2025/12,032701,의료용 기기 제조업,01,"PJ Electronics Co., Ltd.",1993/12/07,,IBK기업은행,코스닥_전업종_폐지사 포함_일반사항.xlsx,,2024-12-31 상장상태를 우선하여 동일 코드 중 매핑 레코드 선택
54,006280::2024,006280,(주)녹십자,녹십자,KOSPI,2025/12,032102,의약품 제조업,01,Green Cross Corporation,1989/08/01,,KEB하나은행,코스피_전업종_폐지사 포함_일반사항.xlsx,,2024-12-31 상장상태를 우선하여 동일 코드 중 매핑 레코드 선택
55,006490::2024,006490,(주)인스코비,인스코비,KOSPI,2025/12,106102,전기 통신업,01,"Inscobee, Inc.",1985/01/17,,NH농협,코스피_전업종_폐지사 포함_일반사항.xlsx,,2024-12-31 상장상태를 우선하여 동일 코드 중 매핑 레코드 선택
56,006620::2024,006620,(주)동구바이오제약,동구바이오제약,KOSDAQ,2025/12,032102,의약품 제조업,01,"DongKoo Bio & Pharma Co., Ltd.",2018/02/13,,KDB산업은행,코스닥_전업종_폐지사 포함_일반사항.xlsx,,2024-12-31 상장상태를 우선하여 동일 코드 중 매핑 레코드 선택
57,006890::2024,006890,태경케미컬(주),태경케미컬(주),KOSPI,2025/12,032001,기초 화학물질 제조업,01,"TaeKyung Chemical Co., Ltd.",2003/01/28,,신한은행,코스피_전업종_폐지사 포함_일반사항.xlsx,,2024-12-31 상장상태를 우선하여 동일 코드 중 매핑 레코드 선택
58,007120::2024,007120,(주)미래아이앤지,미래아이앤지,KOSPI,2025/12,106201,"컴퓨터 프로그래밍, 시스템 통합 및 관리업",01,"MiraeING.Co.,Ltd.",1999/11/26,,KEB하나은행,코스피_전업종_폐지사 포함_일반사항.xlsx,,2024-12-31 상장상태를 우선하여 동일 코드 중 매핑 레코드 선택
59,007390::2024,007390,(주)네이처셀,네이처셀,KOSDAQ,2025/12,032101,기초 의약 물질 제조업,01,"NATURECELL CO.,LTD.",1992/11/30,,국민은행,코스닥_전업종_폐지사 포함_일반사항.xlsx,,2024-12-31 상장상태를 우선하여 동일 코드 중 매핑 레코드 선택
60,007680::2024,007680,(주)대원,대원,KOSDAQ,2025/12,064101,건물 건설업,01,"DAEWON CO., LTD.",2017/12/01,,신한은행,코스닥_전업종_폐지사 포함_일반사항.xlsx,,2024-12-31 상장상태를 우선하여 동일 코드 중 매핑 레코드 선택
61,007770::2024,007770,한일화학공업(주),한일화학공업(주),KOSDAQ,2025/12,032001,기초 화학물질 제조업,01,"Hanil Chemical Ind. Co., Ltd.",1992/09/07,,신한은행,코스닥_전업종_폐지사 포함_일반사항.xlsx,,2024-12-31 상장상태를 우선하여 동일 코드 중 매핑 레코드 선택
62,007820::2024,007820,(주)에스엠코어,에스엠코어,KOSDAQ,2025/12,032901,일반 목적용 기계 제조업,01,SMCore.Inc.,2011/11/08,,IBK기업은행,코스닥_전업종_폐지사 포함_일반사항.xlsx,,2024-12-31 상장상태를 우선하여 동일 코드 중 매핑 레코드 선택
63,008040::2024,008040,사조동아원(주),사조동아원(주),KOSPI,2025/12,031005,"곡물가공품, 전분 및 전분제품 제조업",01,"SAJODONGAONE Co., Ltd.",1989/06/24,,NH농협,코스피_전업종_폐지사 포함_일반사항.xlsx,,2024-12-31 상장상태를 우선하여 동일 코드 중 매핑 레코드 선택
64,008350::2024,008350,(주)남선알미늄,남선알미늄,KOSPI,2025/12,032402,1차 비철금속 제조업,01,"Namsun Aluminum Co., Ltd.",1978/05/22,,KDB산업은행,코스피_전업종_폐지사 포함_일반사항.xlsx,,2024-12-31 상장상태를 우선하여 동일 코드 중 매핑 레코드 선택
65,009180::2024,009180,한솔로지스틱스(주),한솔로지스틱스(주),KOSPI,2025/12,085209,기타 운송관련 서비스업,01,"Hansol Logistics Co., Ltd.",1989/11/13,,우리은행,코스피_전업종_폐지사 포함_일반사항.xlsx,,2024-12-31 상장상태를 우선하여 동일 코드 중 매핑 레코드 선택
66,009200::2024,009200,무림페이퍼(주),무림페이퍼(주),KOSPI,2025/12,031701,"펄프, 종이 및 판지 제조업",01,"Moorim Paper Co., Ltd.",1990/06/09,,KDB산업은행,코스피_전업종_폐지사 포함_일반사항.xlsx,,2024-12-31 상장상태를 우선하여 동일 코드 중 매핑 레코드 선택
67,009310::2024,009310,참엔지니어링(주),참엔지니어링(주),KOSPI,2025/12,032902,특수 목적용 기계 제조업,01,"Charm Engineering Co., Ltd.",1987/11/12,,KDB산업은행,코스피_전업종_폐지사 포함_일반사항.xlsx,,2024-12-31 상장상태를 우선하여 동일 코드 중 매핑 레코드 선택
68,009320::2024,009320,아진전자부품(주),아진전자부품(주),KOSPI,2025/12,033003,자동차 신품 부품 제조업,01,"AJIN ELECTRONIC COMPONENTS CO.,LTD.",1989/08/25,,IBK기업은행,코스피_전업종_폐지사 포함_일반사항.xlsx,,2024-12-31 상장상태를 우선하여 동일 코드 중 매핑 레코드 선택
69,009450::2024,009450,(주)경동나비엔,경동나비엔,KOSPI,2025/12,032805,가정용 기기 제조업,01,"Kyung Dong Navien Co., Ltd.",1993/08/31,,한국씨티은행,코스피_전업종_폐지사 포함_일반사항.xlsx,,2024-12-31 상장상태를 우선하여 동일 코드 중 매핑 레코드 선택
70,009520::2024,009520,(주)포스코엠텍,포스코엠텍,KOSDAQ,2025/12,032401,1차 철강 제조업,01,"POSCO M-TECH Co., Ltd.",1997/11/10,,우리은행,코스닥_전업종_폐지사 포함_일반사항.xlsx,,2024-12-31 상장상태를 우선하여 동일 코드 중 매핑 레코드 선택
71,009540::2024,009540,에이치디한국조선해양(주),에이치디한국조선해양(주),KOSPI,2025/12,137105,회사 본부 및 경영 컨설팅 서비스업,01,"HD KOREA SHIPBUILDING & OFFSHORE ENGINEERING CO., LTD.",1999/08/24,,KEB하나은행,코스피_전업종_폐지사 포함_일반사항.xlsx,,2024-12-31 상장상태를 우선하여 동일 코드 중 매핑 레코드 선택
72,009580::2024,009580,무림피앤피(주),무림피앤피(주),KOSPI,2025/12,031701,"펄프, 종이 및 판지 제조업",01,"Moorim P&P Co., Ltd.",1989/06/20,,KDB산업은행,코스피_전업종_폐지사 포함_일반사항.xlsx,,2024-12-31 상장상태를 우선하여 동일 코드 중 매핑 레코드 선택
73,009620::2024,009620,삼보산업(주),삼보산업(주),KOSDAQ,2025/12,032402,1차 비철금속 제조업,01,"Sambo Industrial Co., Ltd.",1993/12/07,,BNK부산은행,코스닥_전업종_폐지사 포함_일반사항.xlsx,,2024-12-31 상장상태를 우선하여 동일 코드 중 매핑 레코드 선택
74,010060::2024,010060,오씨아이홀딩스(주),오씨아이홀딩스(주),KOSPI,2025/12,137105,회사 본부 및 경영 컨설팅 서비스업,01,OCI Holdings Company Ltd.,1985/07/09,,신한은행,코스피_전업종_폐지사 포함_일반사항.xlsx,,2024-12-31 상장상태를 우선하여 동일 코드 중 매핑 레코드 선택
75,010130::2024,010130,고려아연(주),고려아연(주),KOSPI,2025/12,032402,1차 비철금속 제조업,01,"Korea Zinc Company, Ltd.",1990/07/28,,KEB하나은행,코스피_전업종_폐지사 포함_일반사항.xlsx,,2024-12-31 상장상태를 우선하여 동일 코드 중 매핑 레코드 선택
76,010140::2024,010140,삼성중공업(주),삼성중공업(주),KOSPI,2025/12,033101,선박 및 보트 건조업,01,"Samsung Heavy Industries Co., Ltd.",1994/01/28,,우리은행,코스피_전업종_폐지사 포함_일반사항.xlsx,,2024-12-31 상장상태를 우선하여 동일 코드 중 매핑 레코드 선택
77,010170::2024,010170,대한광통신(주),대한광통신(주),KOSDAQ,2025/12,032803,절연선 및 케이블 제조업,01,"TAIHAN FIBER OPTICS CO., LTD.",1994/11/07,,KEB하나은행,코스닥_전업종_폐지사 포함_일반사항.xlsx,,2024-12-31 상장상태를 우선하여 동일 코드 중 매핑 레코드 선택
78,010240::2024,010240,(주)흥국,흥국,KOSDAQ,2025/12,032902,특수 목적용 기계 제조업,01,"HEUNGKUK METALTECH Co.,Ltd.",2009/05/12,,신한은행,코스닥_전업종_폐지사 포함_일반사항.xlsx,,2024-12-31 상장상태를 우선하여 동일 코드 중 매핑 레코드 선택
79,010280::2024,010280,(주)아이티센엔텍,아이티센엔텍,KOSDAQ,2025/12,106201,"컴퓨터 프로그래밍, 시스템 통합 및 관리업",01,"ITCENENTEC CO.,LTD.",2000/04/14,,KDB산업은행,코스닥_전업종_폐지사 포함_일반사항.xlsx,,2024-12-31 상장상태를 우선하여 동일 코드 중 매핑 레코드 선택
80,010690::2024,010690,(주)화신,화신,KOSPI,2025/12,033003,자동차 신품 부품 제조업,01,"HwaShin Co., Ltd.",1994/01/14,,국민은행,코스피_전업종_폐지사 포함_일반사항.xlsx,,2024-12-31 상장상태를 우선하여 동일 코드 중 매핑 레코드 선택
81,011040::2024,011040,경동제약(주),경동제약(주),KOSDAQ,2025/12,032102,의약품 제조업,01,"Kyungdong Pharmaceutical Co., Ltd.",1992/12/18,,IBK기업은행,코스닥_전업종_폐지사 포함_일반사항.xlsx,,2024-12-31 상장상태를 우선하여 동일 코드 중 매핑 레코드 선택
82,011200::2024,011200,에이치엠엠(주),에이치엠엠(주),KOSPI,2025/12,085001,해상 운송업,01,HMM Company  Limited,1995/10/05,,KEB하나은행,코스피_전업종_폐지사 포함_일반사항.xlsx,,2024-12-31 상장상태를 우선하여 동일 코드 중 매핑 레코드 선택
83,011230::2024,011230,삼화전자공업(주),삼화전자공업(주),KOSPI,2025/12,032605,영상 및 음향기기 제조업,01,"Samwha Electronics Co., Ltd.",1987/05/25,,신한은행,코스피_전업종_폐지사 포함_일반사항.xlsx,,2024-12-31 상장상태를 우선하여 동일 코드 중 매핑 레코드 선택
84,011370::2024,011370,(주)서한,서한,KOSDAQ,2025/12,064101,건물 건설업,01,"SEOHAN Const. & Eng. Co., Ltd.",1994/05/24,,DGB대구은행,코스닥_전업종_폐지사 포함_일반사항.xlsx,,2024-12-31 상장상태를 우선하여 동일 코드 중 매핑 레코드 선택
85,011420::2024,011420,(주)갤럭시아에스엠,갤럭시아에스엠,KOSPI,2025/12,189101,스포츠 서비스업,01,"Galaxia SM, Inc.",1989/11/14,,신한은행,코스피_전업종_폐지사 포함_일반사항.xlsx,,2024-12-31 상장상태를 우선하여 동일 코드 중 매핑 레코드 선택
86,011760::2024,011760,현대코퍼레이션(주),현대코퍼레이션(주),KOSPI,2025/12,074608,상품 종합 도매업,01,Hyundai Corporation,1977/12/01,,KEB하나은행,코스피_전업종_폐지사 포함_일반사항.xlsx,,2024-12-31 상장상태를 우선하여 동일 코드 중 매핑 레코드 선택
87,012330::2024,012330,현대모비스(주),현대모비스(주),KOSPI,2025/12,033003,자동차 신품 부품 제조업,01,HYUNDAI MOBIS,1989/09/05,,KEB하나은행,코스피_전업종_폐지사 포함_일반사항.xlsx,,2024-12-31 상장상태를 우선하여 동일 코드 중 매핑 레코드 선택
88,012340::2024,012340,(주)뉴인텍,뉴인텍,KOSDAQ,2025/12,033003,자동차 신품 부품 제조업,01,"NUINTEK Co., Ltd.",1997/02/12,,KDB산업은행,코스닥_전업종_폐지사 포함_일반사항.xlsx,,2024-12-31 상장상태를 우선하여 동일 코드 중 매핑 레코드 선택
89,012510::2024,012510,(주)더존비즈온,더존비즈온,KOSPI,2025/12,106201,"컴퓨터 프로그래밍, 시스템 통합 및 관리업",01,"DuzonBizon Co., Ltd.",1988/10/28,,국민은행,코스피_전업종_폐지사 포함_일반사항.xlsx,,2024-12-31 상장상태를 우선하여 동일 코드 중 매핑 레코드 선택
90,012750::2024,012750,(주)에스원,에스원,KOSPI,2025/12,147503,"경비, 경호 및 탐정업",01,S-1 Corporation,1996/01/30,,우리은행,코스피_전업종_폐지사 포함_일반사항.xlsx,,2024-12-31 상장상태를 우선하여 동일 코드 중 매핑 레코드 선택
91,013030::2024,013030,하이록코리아(주),하이록코리아(주),KOSDAQ,2025/12,032401,1차 철강 제조업,01,"Hy-Lok Corporation, Ltd.",1989/12/15,,IBK기업은행,코스닥_전업종_폐지사 포함_일반사항.xlsx,,2024-12-31 상장상태를 우선하여 동일 코드 중 매핑 레코드 선택
92,013120::2024,013120,(주)동원개발,동원개발,KOSDAQ,2025/12,064101,건물 건설업,01,"DongWon Development Co., Ltd.",1994/12/29,,BNK부산은행,코스닥_전업종_폐지사 포함_일반사항.xlsx,,2024-12-31 상장상태를 우선하여 동일 코드 중 매핑 레코드 선택
93,013360::2024,013360,일성건설(주),일성건설(주),KOSPI,2025/12,064102,토목 건설업,01,"IlSung Construction Co., Ltd.",1989/12/02,,SC제일은행,코스피_전업종_폐지사 포함_일반사항.xlsx,,2024-12-31 상장상태를 우선하여 동일 코드 중 매핑 레코드 선택
94,013700::2024,013700,(주)까뮤이앤씨,까뮤이앤씨,KOSPI,2025/12,064101,건물 건설업,01,CAMUS ENGINEERING & CONSTRUCTION Inc.,1989/11/30,,KEB하나은행,코스피_전업종_폐지사 포함_일반사항.xlsx,,2024-12-31 상장상태를 우선하여 동일 코드 중 매핑 레코드 선택
95,013720::2024,013720,더큐브앤(주),더큐브앤(주),KOSDAQ,2025/12,033003,자동차 신품 부품 제조업,01,The Cube & Inc.,1993/12/29,,IBK기업은행,코스닥_전업종_폐지사 포함_일반사항.xlsx,,2024-12-31 상장상태를 우선하여 동일 코드 중 매핑 레코드 선택
96,013810::2024,013810,(주)스페코,스페코,KOSDAQ,2025/12,032902,특수 목적용 기계 제조업,01,"SPECO., LTD.",1997/11/03,,NH농협,코스닥_전업종_폐지사 포함_일반사항.xlsx,,2024-12-31 상장상태를 우선하여 동일 코드 중 매핑 레코드 선택
97,013870::2024,013870,지엠비코리아(주),지엠비코리아(주),KOSPI,2025/12,033003,자동차 신품 부품 제조업,01,GMB Korea Corp.,2012/11/20,,,코스피_전업종_폐지사 포함_일반사항.xlsx,,2024-12-31 상장상태를 우선하여 동일 코드 중 매핑 레코드 선택
98,014190::2024,014190,(주)원익큐브,원익큐브,KOSDAQ,2025/12,074607,기타 전문 도매업,01,Wonik Cube Corp.,1996/04/26,,신한은행,코스닥_전업종_폐지사 포함_일반사항.xlsx,,2024-12-31 상장상태를 우선하여 동일 코드 중 매핑 레코드 선택
99,014200::2024,014200,(주)광림,광림,KOSDAQ,,,,,,,,,공개 웹 종목자료 보완,https://www.yna.co.kr/amp/view/AKR20161124139300008,비재무 일반사항 파일에서 미매핑되어 공개 종목자료로 보완
100,014530::2024,014530,극동유화(주),극동유화(주),KOSPI,2025/12,031902,석유 정제품 제조업,01,"Kukdong Oil & Chemicals Co., Ltd.",1991/01/31,,BNK부산은행,코스피_전업종_폐지사 포함_일반사항.xlsx,,2024-12-31 상장상태를 우선하여 동일 코드 중 매핑 레코드 선택
101,014580::2024,014580,(주)태경비케이,태경비케이,KOSPI,2025/12,032303,"시멘트, 석회, 플라스터 및 그 제품 제조업",01,"TAEKYUNG BK Co., Ltd.",1991/03/07,,신한은행,코스피_전업종_폐지사 포함_일반사항.xlsx,,2024-12-31 상장상태를 우선하여 동일 코드 중 매핑 레코드 선택
102,014830::2024,014830,(주)유니드,유니드,KOSPI,2025/12,032001,기초 화학물질 제조업,01,"UNID Co., Ltd.",2004/12/03,,신한은행,코스피_전업종_폐지사 포함_일반사항.xlsx,,2024-12-31 상장상태를 우선하여 동일 코드 중 매핑 레코드 선택
103,014970::2024,014970,삼륭물산(주),삼륭물산(주),KOSDAQ,2025/12,031702,"골판지, 종이 상자 및 종이 용기 제조업",01,"SAMRYOONG Co.,Ltd.",1992/12/29,,신한은행,코스닥_전업종_폐지사 포함_일반사항.xlsx,,2024-12-31 상장상태를 우선하여 동일 코드 중 매핑 레코드 선택
104,015230::2024,015230,대창단조(주),대창단조(주),KOSPI,2025/12,033003,자동차 신품 부품 제조업,01,"Daechang Forging Co., Ltd.",1989/07/25,,BNK부산은행,코스피_전업종_폐지사 포함_일반사항.xlsx,,2024-12-31 상장상태를 우선하여 동일 코드 중 매핑 레코드 선택
105,015710::2024,015710,(주)코콤,코콤,KOSDAQ,2025/12,032604,통신 및 방송 장비 제조업,01,"Kocom Co., Ltd.",1997/09/30,,KEB하나은행,코스닥_전업종_폐지사 포함_일반사항.xlsx,,2024-12-31 상장상태를 우선하여 동일 코드 중 매핑 레코드 선택
106,015890::2024,015890,태경산업(주),태경산업(주),KOSPI,2025/12,032001,기초 화학물질 제조업,01,"Taekyung Industrial Co., Ltd.",1996/01/30,,신한은행,코스피_전업종_폐지사 포함_일반사항.xlsx,,2024-12-31 상장상태를 우선하여 동일 코드 중 매핑 레코드 선택
107,016100::2024,016100,(주)리더스코스메틱,리더스코스메틱,KOSDAQ,2025/12,031702,"골판지, 종이 상자 및 종이 용기 제조업",01,"LEADERS COSMETICS CO., LTD.",2003/01/15,,IBK기업은행,코스닥_전업종_폐지사 포함_일반사항.xlsx,,2024-12-31 상장상태를 우선하여 동일 코드 중 매핑 레코드 선택
108,016450::2024,016450,한세예스24홀딩스(주),한세예스24홀딩스(주),KOSPI,2025/12,031401,봉제의복 제조업,01,"Hansae Yes24 Holdings Co., Ltd.",2000/01/06,,KEB하나은행,코스피_전업종_폐지사 포함_일반사항.xlsx,,2024-12-31 상장상태를 우선하여 동일 코드 중 매핑 레코드 선택
109,016740::2024,016740,(주)두올,두올,KOSPI,2025/12,033003,자동차 신품 부품 제조업,01,"DUAL Co., Ltd.",2016/07/29,,,코스피_전업종_폐지사 포함_일반사항.xlsx,,2024-12-31 상장상태를 우선하여 동일 코드 중 매핑 레코드 선택
110,016880::2024,016880,(주)웅진,웅진,KOSPI,2025/12,137105,회사 본부 및 경영 컨설팅 서비스업,01,"WOONGJIN CO., LTD.",1994/11/05,,우리은행,코스피_전업종_폐지사 포함_일반사항.xlsx,,2024-12-31 상장상태를 우선하여 동일 코드 중 매핑 레코드 선택
111,017000::2024,017000,신원종합개발(주),신원종합개발(주),KOSDAQ,2025/12,064101,건물 건설업,01,"SHINWON Construction co.,Ltd.",1994/12/07,,KEB하나은행,코스닥_전업종_폐지사 포함_일반사항.xlsx,,2024-12-31 상장상태를 우선하여 동일 코드 중 매핑 레코드 선택
112,017250::2024,017250,(주)인터엠,인터엠,KOSDAQ,2025/09,032605,영상 및 음향기기 제조업,01,"INTER-M.Co.,Ltd.",1996/01/03,,신한은행,코스닥_전업종_폐지사 포함_일반사항.xlsx,,2024-12-31 상장상태를 우선하여 동일 코드 중 매핑 레코드 선택
113,017390::2024,017390,서울도시가스(주),서울도시가스(주),KOSPI,2025/12,043502,연료용 가스 제조 및 배관공급업,01,"Seoul City Gas Co., Ltd.",1995/08/18,,KEB하나은행,코스피_전업종_폐지사 포함_일반사항.xlsx,,2024-12-31 상장상태를 우선하여 동일 코드 중 매핑 레코드 선택
114,017480::2024,017480,삼현철강(주),삼현철강(주),KOSDAQ,2025/12,032401,1차 철강 제조업,01,"Samhyun Steel Co., Ltd.",2001/01/09,,KDB산업은행,코스닥_전업종_폐지사 포함_일반사항.xlsx,,2024-12-31 상장상태를 우선하여 동일 코드 중 매핑 레코드 선택
115,017550::2024,017550,(주)수산세보틱스,수산세보틱스,KOSPI,2025/12,032902,특수 목적용 기계 제조업,01,"SOOSAN CEBOTICS CO., LTD.",1991/08/30,,우리은행,코스피_전업종_폐지사 포함_일반사항.xlsx,,2024-12-31 상장상태를 우선하여 동일 코드 중 매핑 레코드 선택
116,017890::2024,017890,한국알콜산업(주),한국알콜산업(주),KOSDAQ,2025/12,032004,기타 화학제품 제조업,01,"Korea Alcohol Industrial Co., Ltd.",1992/08/04,,신한은행,코스닥_전업종_폐지사 포함_일반사항.xlsx,,2024-12-31 상장상태를 우선하여 동일 코드 중 매핑 레코드 선택
117,017960::2024,017960,(주)한국카본,한국카본,KOSPI,2025/12,032501,"구조용 금속제품, 탱크 및 증기발생기 제조업",01,"HANKUK Carbon Co., Ltd.",1995/07/08,,KEB하나은행,코스피_전업종_폐지사 포함_일반사항.xlsx,,2024-12-31 상장상태를 우선하여 동일 코드 중 매핑 레코드 선택
118,018000::2024,018000,유니슨(주),유니슨(주),KOSDAQ,2025/12,032901,일반 목적용 기계 제조업,01,"Unison Co., Ltd.",1996/01/10,,신한은행,코스닥_전업종_폐지사 포함_일반사항.xlsx,,2024-12-31 상장상태를 우선하여 동일 코드 중 매핑 레코드 선택
119,018290::2024,018290,(주)브이티,브이티,KOSDAQ,2025/12,032004,기타 화학제품 제조업,01,"VT Co.,Ltd.",1994/09/07,,KDB산업은행,코스닥_전업종_폐지사 포함_일반사항.xlsx,,2024-12-31 상장상태를 우선하여 동일 코드 중 매핑 레코드 선택
120,018310::2024,018310,삼목에스폼(주),삼목에스폼(주),KOSDAQ,2025/12,032501,"구조용 금속제품, 탱크 및 증기발생기 제조업",01,"SAMMOK S-FORM Co., Ltd.",1996/05/03,,신한은행,코스닥_전업종_폐지사 포함_일반사항.xlsx,,2024-12-31 상장상태를 우선하여 동일 코드 중 매핑 레코드 선택
121,019540::2024,019540,(주)일지테크,일지테크,KOSDAQ,2025/12,033003,자동차 신품 부품 제조업,01,"ILJI TECHNOLOGY CO., LTD.",1992/11/03,,DGB대구은행,코스닥_전업종_폐지사 포함_일반사항.xlsx,,2024-12-31 상장상태를 우선하여 동일 코드 중 매핑 레코드 선택
122,021650::2024,021650,(주)한국큐빅,한국큐빅,KOSDAQ,2025/12,032202,플라스틱제품 제조업,01,Cubic Korea Inc.,2003/01/24,,KEB하나은행,코스닥_전업종_폐지사 포함_일반사항.xlsx,,2024-12-31 상장상태를 우선하여 동일 코드 중 매핑 레코드 선택
123,023350::2024,023350,(주)한국종합기술,한국종합기술,KOSPI,2025/12,137201,"건축기술, 엔지니어링 및 관련 기술 서비스업",01,Korea Engineering Consultants Corp.,2011/04/28,,,코스피_전업종_폐지사 포함_일반사항.xlsx,,2024-12-31 상장상태를 우선하여 동일 코드 중 매핑 레코드 선택
124,023410::2024,023410,유진기업(주),유진기업(주),KOSDAQ,2025/12,032303,"시멘트, 석회, 플라스터 및 그 제품 제조업",01,Eugene Corporation,1994/10/07,,신한은행,코스닥_전업종_폐지사 포함_일반사항.xlsx,,2024-12-31 상장상태를 우선하여 동일 코드 중 매핑 레코드 선택
125,025540::2024,025540,한국단자공업(주),한국단자공업(주),KOSPI,2025/12,032801,"전동기, 발전기 및 전기 변환ㆍ 공급ㆍ제어 장치 제조업",01,"Korea Electric Terminal Co., Ltd.",1996/10/16,,KEB하나은행,코스피_전업종_폐지사 포함_일반사항.xlsx,,2024-12-31 상장상태를 우선하여 동일 코드 중 매핑 레코드 선택
126,025620::2024,025620,차에이아이헬스케어(주),차에이아이헬스케어(주),KOSPI,2025/12,032004,기타 화학제품 제조업,01,"CHA AI Healthkare Co., Ltd.",1995/07/08,,우리은행,코스피_전업종_폐지사 포함_일반사항.xlsx,,2024-12-31 상장상태를 우선하여 동일 코드 중 매핑 레코드 선택
127,025900::2024,025900,동화기업(주),동화기업(주),KOSDAQ,2025/12,031602,나무제품 제조업,01,"DONGWHA ENTERPRISE Co., Ltd.",1995/08/07,,KEB하나은행,코스닥_전업종_폐지사 포함_일반사항.xlsx,,2024-12-31 상장상태를 우선하여 동일 코드 중 매핑 레코드 선택
128,026960::2024,026960,(주)동서,동서,KOSPI,2025/12,074603,음ㆍ식료품 및 담배 도매업,01,DongSuh Companies Inc.,2016/07/15,,한국씨티은행,코스피_전업종_폐지사 포함_일반사항.xlsx,,2024-12-31 상장상태를 우선하여 동일 코드 중 매핑 레코드 선택
129,027050::2024,027050,(주)코리아나화장품,코리아나화장품,KOSDAQ,2025/12,032004,기타 화학제품 제조업,01,"COREANA COSMETICS CO., LTD.",1999/12/10,,신한은행,코스닥_전업종_폐지사 포함_일반사항.xlsx,,2024-12-31 상장상태를 우선하여 동일 코드 중 매핑 레코드 선택
130,028050::2024,028050,삼성이앤에이(주),삼성이앤에이(주),KOSPI,2025/12,137201,"건축기술, 엔지니어링 및 관련 기술 서비스업",01,"SAMSUNG E&A CO.,LTD.",1996/12/24,,KEB하나은행,코스피_전업종_폐지사 포함_일반사항.xlsx,,2024-12-31 상장상태를 우선하여 동일 코드 중 매핑 레코드 선택
131,028100::2024,028100,(주)동아지질,동아지질,KOSPI,2025/12,064201,기반조성 및 시설물 축조관련 전문공사업,01,Dong-Ah Geological Engineering Company Ltd.,2009/06/12,,우리은행,코스피_전업종_폐지사 포함_일반사항.xlsx,,2024-12-31 상장상태를 우선하여 동일 코드 중 매핑 레코드 선택
132,028670::2024,028670,팬오션(주),팬오션(주),KOSPI,2025/12,085001,해상 운송업,01,"Pan Ocean Co., Ltd.",2007/09/21,,KDB산업은행,코스피_전업종_폐지사 포함_일반사항.xlsx,,2024-12-31 상장상태를 우선하여 동일 코드 중 매핑 레코드 선택
133,029460::2024,029460,(주)케이씨,케이씨,KOSPI,2025/12,032702,"측정, 시험, 항해, 제어 및 기타 정밀기기 제조업; 광학기기 제외",01,"KC CO., LTD.",1997/11/25,,KEB하나은행,코스피_전업종_폐지사 포함_일반사항.xlsx,,2024-12-31 상장상태를 우선하여 동일 코드 중 매핑 레코드 선택
134,029960::2024,029960,(주)코엔텍,코엔텍,KOSDAQ,,,,,,,,,공개 웹 종목자료 보완,https://www.yna.co.kr/view/AKR20191127134800008,비재무 일반사항 파일에서 미매핑되어 공개 종목자료로 보완
135,030530::2024,030530,(주)원익홀딩스,원익홀딩스,KOSDAQ,2025/12,032001,기초 화학물질 제조업,01,"WONIK HOLDINGS CO.,LTD.",1996/09/24,,우리은행,코스닥_전업종_폐지사 포함_일반사항.xlsx,,2024-12-31 상장상태를 우선하여 동일 코드 중 매핑 레코드 선택
136,030960::2024,030960,(주)양지사,양지사,KOSDAQ,2025/06,031801,인쇄 및 인쇄관련 산업,01,"Yangjisa Co., Ltd.",1996/10/24,,신한은행,코스닥_전업종_폐지사 포함_일반사항.xlsx,,2024-12-31 상장상태를 우선하여 동일 코드 중 매핑 레코드 선택
137,031310::2024,031310,(주)아이즈비전,아이즈비전,KOSDAQ,2025/12,106102,전기 통신업,01,"EYESVISION Co ., Ltd.",1997/07/25,,IBK기업은행,코스닥_전업종_폐지사 포함_일반사항.xlsx,,2024-12-31 상장상태를 우선하여 동일 코드 중 매핑 레코드 선택
138,031820::2024,031820,(주)아이티센씨티에스,아이티센씨티에스,KOSPI,2025/12,106201,"컴퓨터 프로그래밍, 시스템 통합 및 관리업",01,"ITCENCTS CO.,LTD.",1997/02/12,,국민은행,코스피_전업종_폐지사 포함_일반사항.xlsx,,2024-12-31 상장상태를 우선하여 동일 코드 중 매핑 레코드 선택
139,032080::2024,032080,(주)아즈텍더블유비이,아즈텍더블유비이,KOSDAQ,2025/12,031304,"섬유제품 염색, 정리 및 마무리 가공업",01,"AztechWB Co., Ltd.",2000/10/26,,IBK기업은행,코스닥_전업종_폐지사 포함_일반사항.xlsx,,2024-12-31 상장상태를 우선하여 동일 코드 중 매핑 레코드 선택
140,032560::2024,032560,(주)황금에스티,황금에스티,KOSPI,2025/12,032402,1차 비철금속 제조업,01,"Hwang Kum Steel & Technology Co., Ltd.",2009/10/29,,IBK기업은행,코스피_전업종_폐지사 포함_일반사항.xlsx,,2024-12-31 상장상태를 우선하여 동일 코드 중 매핑 레코드 선택
141,032620::2024,032620,(주)유비케어,유비케어,KOSDAQ,2025/12,105802,소프트웨어 개발 및 공급업,01,"UBcare Co., Ltd.",1997/05/02,,KEB하나은행,코스닥_전업종_폐지사 포함_일반사항.xlsx,,2024-12-31 상장상태를 우선하여 동일 코드 중 매핑 레코드 선택
142,032790::2024,032790,(주)엠젠솔루션,엠젠솔루션,KOSDAQ,2025/12,074605,기계장비 및 관련 물품 도매업,01,"MGEN SOLUTIONS CO.,LTD.",1997/06/26,,IBK기업은행,코스닥_전업종_폐지사 포함_일반사항.xlsx,,2024-12-31 상장상태를 우선하여 동일 코드 중 매핑 레코드 선택
143,032940::2024,032940,(주)원익,원익,KOSDAQ,2025/12,074605,기계장비 및 관련 물품 도매업,01,Wonik Corporation,1997/07/18,,신한은행,코스닥_전업종_폐지사 포함_일반사항.xlsx,,2024-12-31 상장상태를 우선하여 동일 코드 중 매핑 레코드 선택
144,033050::2024,033050,제이엠아이(주),제이엠아이(주),KOSDAQ,2025/12,032004,기타 화학제품 제조업,01,"Jeong Moon Information Co., Ltd.",1997/08/18,,KEB하나은행,코스닥_전업종_폐지사 포함_일반사항.xlsx,,2024-12-31 상장상태를 우선하여 동일 코드 중 매핑 레코드 선택
145,033100::2024,033100,제룡전기(주),제룡전기(주),KOSDAQ,2025/12,032801,"전동기, 발전기 및 전기 변환ㆍ 공급ㆍ제어 장치 제조업",01,"CHERYONG ELECTRIC Co., Ltd.",1997/08/18,,IBK기업은행,코스닥_전업종_폐지사 포함_일반사항.xlsx,,2024-12-31 상장상태를 우선하여 동일 코드 중 매핑 레코드 선택
146,033160::2024,033160,엠케이전자(주),엠케이전자(주),KOSDAQ,2025/12,032602,전자부품 제조업,01,"MK Electron Co., Ltd.",1997/11/10,,KEB하나은행,코스닥_전업종_폐지사 포함_일반사항.xlsx,,2024-12-31 상장상태를 우선하여 동일 코드 중 매핑 레코드 선택
147,033200::2024,033200,(주)모아텍,모아텍,KOSDAQ,2025/03,032602,전자부품 제조업,01,"Moatech Co., Ltd.",1997/10/13,,IBK기업은행,코스닥_전업종_폐지사 포함_일반사항.xlsx,,2024-12-31 상장상태를 우선하여 동일 코드 중 매핑 레코드 선택
148,033250::2024,033250,(주)체시스,체시스,KOSPI,2025/12,033003,자동차 신품 부품 제조업,01,"Chasys Co., Ltd.",1999/08/11,,DGB대구은행,코스피_전업종_폐지사 포함_일반사항.xlsx,,2024-12-31 상장상태를 우선하여 동일 코드 중 매핑 레코드 선택
149,033320::2024,033320,제이씨현시스템(주),제이씨현시스템(주),KOSDAQ,2025/12,074605,기계장비 및 관련 물품 도매업,01,JC hyun System Inc.,1997/11/10,,신한은행,코스닥_전업종_폐지사 포함_일반사항.xlsx,,2024-12-31 상장상태를 우선하여 동일 코드 중 매핑 레코드 선택
150,033500::2024,033500,(주)동성화인텍,동성화인텍,KOSDAQ,2025/12,032001,기초 화학물질 제조업,01,"DONGSUNG FINETEC Co., Ltd.",1997/12/19,,신한은행,코스닥_전업종_폐지사 포함_일반사항.xlsx,,2024-12-31 상장상태를 우선하여 동일 코드 중 매핑 레코드 선택
151,033530::2024,033530,에스제이지세종(주),에스제이지세종(주),KOSPI,2025/12,033003,자동차 신품 부품 제조업,01,"SJG SEJONG CO., LTD.",2002/09/25,,우리은행,코스피_전업종_폐지사 포함_일반사항.xlsx,,2024-12-31 상장상태를 우선하여 동일 코드 중 매핑 레코드 선택
152,033540::2024,033540,(주)파라텍,파라텍,KOSDAQ,2025/12,032902,특수 목적용 기계 제조업,01,Paratech Company Limited,1997/12/26,,우리은행,코스닥_전업종_폐지사 포함_일반사항.xlsx,,2024-12-31 상장상태를 우선하여 동일 코드 중 매핑 레코드 선택
153,033640::2024,033640,(주)네패스,네패스,KOSDAQ,2025/12,032601,반도체 제조업,01,Nepes Corporation,1999/12/14,,KDB산업은행,코스닥_전업종_폐지사 포함_일반사항.xlsx,,2024-12-31 상장상태를 우선하여 동일 코드 중 매핑 레코드 선택
154,033780::2024,033780,(주)케이티앤지,케이티앤지,KOSPI,2025/12,031201,담배 제조업,01,KT&G Corporation,1999/10/08,,NH농협,코스피_전업종_폐지사 포함_일반사항.xlsx,,2024-12-31 상장상태를 우선하여 동일 코드 중 매핑 레코드 선택
155,034230::2024,034230,(주)파라다이스,파라다이스,KOSPI,2025/12,189102,유원지 및 기타 오락관련 서비스업,01,"Paradise Co., Ltd.",2024/06/24,,우리은행,코스피_전업종_폐지사 포함_일반사항.xlsx,,2024-12-31 상장상태를 우선하여 동일 코드 중 매핑 레코드 선택
156,035000::2024,035000,(주)에이치에스애드,에이치에스애드,KOSPI,2025/12,137103,광고업,01,HS Ad Inc.,1999/08/11,,우리은행,코스피_전업종_폐지사 포함_일반사항.xlsx,,2024-12-31 상장상태를 우선하여 동일 코드 중 매핑 레코드 선택
157,035150::2024,035150,(주)백산,백산,KOSPI,2025/12,032202,플라스틱제품 제조업,01,"Baiksan Co., Ltd.",1999/08/11,,신한은행,코스피_전업종_폐지사 포함_일반사항.xlsx,,2024-12-31 상장상태를 우선하여 동일 코드 중 매핑 레코드 선택
158,035760::2024,035760,(주)씨제이이엔엠,씨제이이엔엠,KOSDAQ,2025/12,106002,텔레비전 방송업,01,"CJ ENM CO., Ltd.",1999/11/23,,KEB하나은행,코스닥_전업종_폐지사 포함_일반사항.xlsx,,2024-12-31 상장상태를 우선하여 동일 코드 중 매핑 레코드 선택
159,035890::2024,035890,(주)서희건설,서희건설,KOSDAQ,2025/12,064101,건물 건설업,01,"Seohee Construction Co., Ltd.",1999/12/24,,SC제일은행,코스닥_전업종_폐지사 포함_일반사항.xlsx,,2024-12-31 상장상태를 우선하여 동일 코드 중 매핑 레코드 선택
160,036000::2024,036000,(주)예림당,예림당,KOSDAQ,2025/12,105801,"서적, 잡지 및 기타 인쇄물 출판업",01,"YeaRimDang Publishing Co., Ltd.",1999/11/30,,KEB하나은행,코스닥_전업종_폐지사 포함_일반사항.xlsx,,2024-12-31 상장상태를 우선하여 동일 코드 중 매핑 레코드 선택
161,036010::2024,036010,아비코전자(주),아비코전자(주),KOSDAQ,2025/12,032602,전자부품 제조업,01,"ABCO ELECTRONICS Co., Ltd.",2002/07/03,,신한은행,코스닥_전업종_폐지사 포함_일반사항.xlsx,,2024-12-31 상장상태를 우선하여 동일 코드 중 매핑 레코드 선택
162,036090::2024,036090,(주)위지트,위지트,KOSDAQ,2025/12,032902,특수 목적용 기계 제조업,01,"wizit Co., Ltd.",1999/12/10,,IBK기업은행,코스닥_전업종_폐지사 포함_일반사항.xlsx,,2024-12-31 상장상태를 우선하여 동일 코드 중 매핑 레코드 선택
163,036170::2024,036170,(주)에이치엠넥스,에이치엠넥스,KOSDAQ,2025/12,032601,반도체 제조업,01,"HMNEX Co.,Ltd.",1999/12/21,,신한은행,코스닥_전업종_폐지사 포함_일반사항.xlsx,,2024-12-31 상장상태를 우선하여 동일 코드 중 매핑 레코드 선택
164,036190::2024,036190,(주)금화피에스시,금화피에스시,KOSDAQ,2025/12,064203,전기 및 통신 공사업,01,"GEUMHWA PLANT SERVICE & CONSTRUCTION Co., Ltd.",2000/12/26,,우리은행,코스닥_전업종_폐지사 포함_일반사항.xlsx,,2024-12-31 상장상태를 우선하여 동일 코드 중 매핑 레코드 선택
165,036200::2024,036200,유니셈(주),유니셈(주),KOSDAQ,2025/12,032902,특수 목적용 기계 제조업,01,"Unisem Co., Ltd.",1999/12/10,,한국씨티은행,코스닥_전업종_폐지사 포함_일반사항.xlsx,,2024-12-31 상장상태를 우선하여 동일 코드 중 매핑 레코드 선택
166,036480::2024,036480,(주)대성미생물연구소,대성미생물연구소,KOSDAQ,2025/12,032102,의약품 제조업,01,"DAESUNG MICROBIOLOGICAL LABS. CO., LTD.",2000/04/04,,신한은행,코스닥_전업종_폐지사 포함_일반사항.xlsx,,2024-12-31 상장상태를 우선하여 동일 코드 중 매핑 레코드 선택
167,036540::2024,036540,(주)에스에프에이반도체,에스에프에이반도체,KOSDAQ,2025/12,032601,반도체 제조업,01,"SFA Semicon Co., Ltd.",2001/05/02,,우리은행,코스닥_전업종_폐지사 포함_일반사항.xlsx,,2024-12-31 상장상태를 우선하여 동일 코드 중 매핑 레코드 선택
168,036630::2024,036630,세종텔레콤(주),세종텔레콤(주),KOSDAQ,2025/12,064203,전기 및 통신 공사업,01,"Sejong Telecom, Inc.",2000/01/04,,KEB하나은행,코스닥_전업종_폐지사 포함_일반사항.xlsx,,2024-12-31 상장상태를 우선하여 동일 코드 중 매핑 레코드 선택
169,036930::2024,036930,주성엔지니어링(주),주성엔지니어링(주),KOSDAQ,2025/12,032902,특수 목적용 기계 제조업,01,"Jusung Engineering Co., Ltd.",1999/12/24,,KEB하나은행,코스닥_전업종_폐지사 포함_일반사항.xlsx,,2024-12-31 상장상태를 우선하여 동일 코드 중 매핑 레코드 선택
170,037030::2024,037030,(주)파워넷,파워넷,KOSDAQ,2025/12,032801,"전동기, 발전기 및 전기 변환ㆍ 공급ㆍ제어 장치 제조업",01,POWERNET TECHNOLOGIES CORPORATION,2018/06/07,,국민은행,코스닥_전업종_폐지사 포함_일반사항.xlsx,,2024-12-31 상장상태를 우선하여 동일 코드 중 매핑 레코드 선택
171,037070::2024,037070,(주)파세코,파세코,KOSDAQ,2025/12,032805,가정용 기기 제조업,01,"Paseco Co., Ltd.",2000/01/04,,IBK기업은행,코스닥_전업종_폐지사 포함_일반사항.xlsx,,2024-12-31 상장상태를 우선하여 동일 코드 중 매핑 레코드 선택
172,038070::2024,038070,(주)서린바이오사이언스,서린바이오사이언스,KOSDAQ,2025/12,074607,기타 전문 도매업,01,"Seoulin Bioscience Co.,Ltd.",2005/10/25,,국민은행,코스닥_전업종_폐지사 포함_일반사항.xlsx,,2024-12-31 상장상태를 우선하여 동일 코드 중 매핑 레코드 선택
173,038110::2024,038110,에코플라스틱(주),에코플라스틱(주),KOSDAQ,2025/12,033003,자동차 신품 부품 제조업,01,Ecoplastic Corporation,2000/03/23,,KEB하나은행,코스닥_전업종_폐지사 포함_일반사항.xlsx,,2024-12-31 상장상태를 우선하여 동일 코드 중 매핑 레코드 선택
174,038290::2024,038290,(주)마크로젠,마크로젠,KOSDAQ,2025/12,137309,"그 외 기타 전문, 과학 및 기술 서비스업",01,"Macrogen, Inc.",2000/02/22,,신한은행,코스닥_전업종_폐지사 포함_일반사항.xlsx,,2024-12-31 상장상태를 우선하여 동일 코드 중 매핑 레코드 선택
175,038540::2024,038540,(주)상상인,상상인,KOSDAQ,2025/12,106201,"컴퓨터 프로그래밍, 시스템 통합 및 관리업",01,"Sangsangin Co., Ltd.",2000/08/18,,신한은행,코스닥_전업종_폐지사 포함_일반사항.xlsx,,2024-12-31 상장상태를 우선하여 동일 코드 중 매핑 레코드 선택
176,038680::2024,038680,에스넷시스템(주),에스넷시스템(주),KOSDAQ,2025/12,106201,"컴퓨터 프로그래밍, 시스템 통합 및 관리업",01,"Snet systems Co.,Ltd.",2000/04/27,,KEB하나은행,코스닥_전업종_폐지사 포함_일반사항.xlsx,,2024-12-31 상장상태를 우선하여 동일 코드 중 매핑 레코드 선택
177,039010::2024,039010,현대에이치티(주),현대에이치티(주),KOSDAQ,2025/12,032604,통신 및 방송 장비 제조업,01,"Hyundai HT Co., Ltd.",2000/07/20,,신한은행,코스닥_전업종_폐지사 포함_일반사항.xlsx,,2024-12-31 상장상태를 우선하여 동일 코드 중 매핑 레코드 선택
178,039130::2024,039130,(주)하나투어,하나투어,KOSPI,2025/12,147502,여행사 및 기타 여행보조 서비스업,01,HANATOUR SERVICE INC.,2011/11/01,,,코스피_전업종_폐지사 포함_일반사항.xlsx,,2024-12-31 상장상태를 우선하여 동일 코드 중 매핑 레코드 선택
179,039310::2024,039310,(주)세중,세중,KOSDAQ,2025/12,105802,소프트웨어 개발 및 공급업,01,"SEJOONG Co., Ltd.",2000/06/09,,우리은행,코스닥_전업종_폐지사 포함_일반사항.xlsx,,2024-12-31 상장상태를 우선하여 동일 코드 중 매핑 레코드 선택
180,040160::2024,040160,(주)누리플렉스,누리플렉스,KOSDAQ,2025/12,105802,소프트웨어 개발 및 공급업,01,"NuriFlex Co., Ltd.",2000/08/29,,IBK기업은행,코스닥_전업종_폐지사 포함_일반사항.xlsx,,2024-12-31 상장상태를 우선하여 동일 코드 중 매핑 레코드 선택
181,040910::2024,040910,(주)아이씨디,아이씨디,KOSDAQ,2025/12,032902,특수 목적용 기계 제조업,01,"Innovation for Creative Devices Co., Ltd.",2011/08/05,,IBK기업은행,코스닥_전업종_폐지사 포함_일반사항.xlsx,,2024-12-31 상장상태를 우선하여 동일 코드 중 매핑 레코드 선택
182,041830::2024,041830,(주)인바디,인바디,KOSDAQ,2025/12,032701,의료용 기기 제조업,01,"InBody Co., Ltd.",2000/12/14,,우리은행,코스닥_전업종_폐지사 포함_일반사항.xlsx,,2024-12-31 상장상태를 우선하여 동일 코드 중 매핑 레코드 선택
183,042000::2024,042000,카페24(주),카페24(주),KOSDAQ,2025/12,106301,"자료처리, 호스팅, 포털 및 기타 인터넷 정보매개 서비스업",01,Cafe24 Corp.,2018/02/08,,KEB하나은행,코스닥_전업종_폐지사 포함_일반사항.xlsx,,2024-12-31 상장상태를 우선하여 동일 코드 중 매핑 레코드 선택
184,042420::2024,042420,(주)네오위즈홀딩스,네오위즈홀딩스,KOSDAQ,2025/12,105802,소프트웨어 개발 및 공급업,01,Neowiz Holdings Corporation,2000/06/27,,한국씨티은행,코스닥_전업종_폐지사 포함_일반사항.xlsx,,2024-12-31 상장상태를 우선하여 동일 코드 중 매핑 레코드 선택
185,042510::2024,042510,라온시큐어(주),라온시큐어(주),KOSDAQ,2025/12,105802,소프트웨어 개발 및 공급업,01,"RaonSecure Co., Ltd.",2001/01/03,,국민은행,코스닥_전업종_폐지사 포함_일반사항.xlsx,,2024-12-31 상장상태를 우선하여 동일 코드 중 매핑 레코드 선택
186,042520::2024,042520,한스바이오메드(주),한스바이오메드(주),KOSDAQ,2025/09,032103,의료용품 및 기타 의약 관련제품 제조업,01,HANS BIOMED CORPORATION,2009/10/09,,신한은행,코스닥_전업종_폐지사 포함_일반사항.xlsx,,2024-12-31 상장상태를 우선하여 동일 코드 중 매핑 레코드 선택
187,042660::2024,042660,한화오션(주),한화오션(주),KOSPI,2025/12,033101,선박 및 보트 건조업,01,"Hanwha Ocean Co., Ltd.",2001/02/02,,KDB산업은행,코스피_전업종_폐지사 포함_일반사항.xlsx,,2024-12-31 상장상태를 우선하여 동일 코드 중 매핑 레코드 선택
188,043220::2024,043220,(주)티에스넥스젠,티에스넥스젠,KOSDAQ,2025/12,032902,특수 목적용 기계 제조업,01,"TS Nexgen Co., Ltd.",2001/07/03,,우리은행,코스닥_전업종_폐지사 포함_일반사항.xlsx,,2024-12-31 상장상태를 우선하여 동일 코드 중 매핑 레코드 선택
189,043910::2024,043910,(주)자연과환경,자연과환경,KOSDAQ,2025/12,032303,"시멘트, 석회, 플라스터 및 그 제품 제조업",01,"Nature & Environment Co.,Ltd..",2005/11/18,,IBK기업은행,코스닥_전업종_폐지사 포함_일반사항.xlsx,,2024-12-31 상장상태를 우선하여 동일 코드 중 매핑 레코드 선택
190,044180::2024,044180,케이디(주),케이디(주),KOSDAQ,2025/12,064101,건물 건설업,01,KD Corporation,2000/11/16,,IBK기업은행,코스닥_전업종_폐지사 포함_일반사항.xlsx,,2024-12-31 상장상태를 우선하여 동일 코드 중 매핑 레코드 선택
191,044340::2024,044340,(주)위닉스,위닉스,KOSDAQ,2025/12,032805,가정용 기기 제조업,01,Winix Inc.,2000/10/24,,IBK기업은행,코스닥_전업종_폐지사 포함_일반사항.xlsx,,2024-12-31 상장상태를 우선하여 동일 코드 중 매핑 레코드 선택
192,044380::2024,044380,(주)주연테크,주연테크,KOSPI,2025/12,032603,컴퓨터 및 주변장치 제조업,01,"Jooyontech Co., Ltd.",2006/11/15,,SC제일은행,코스피_전업종_폐지사 포함_일반사항.xlsx,,2024-12-31 상장상태를 우선하여 동일 코드 중 매핑 레코드 선택
193,045060::2024,045060,(주)오공,오공,KOSDAQ,2025/12,032004,기타 화학제품 제조업,01,Okong Corporation,2000/08/10,,KEB하나은행,코스닥_전업종_폐지사 포함_일반사항.xlsx,,2024-12-31 상장상태를 우선하여 동일 코드 중 매핑 레코드 선택
194,045300::2024,045300,성우테크론(주),성우테크론(주),KOSDAQ,2025/12,032602,전자부품 제조업,01,"Sungwoo Techron Co., Ltd.",2001/12/18,,신한은행,코스닥_전업종_폐지사 포함_일반사항.xlsx,,2024-12-31 상장상태를 우선하여 동일 코드 중 매핑 레코드 선택
195,045660::2024,045660,(주)에이텍,에이텍,KOSDAQ,2025/12,032603,컴퓨터 및 주변장치 제조업,01,"Atec Co., Ltd.",2001/05/24,,우리은행,코스닥_전업종_폐지사 포함_일반사항.xlsx,,2024-12-31 상장상태를 우선하여 동일 코드 중 매핑 레코드 선택
196,046940::2024,046940,우원개발(주),우원개발(주),KOSDAQ,2025/12,064201,기반조성 및 시설물 축조관련 전문공사업,01,"Woowon Development Co., Ltd.",2002/06/18,,KEB하나은행,코스닥_전업종_폐지사 포함_일반사항.xlsx,,2024-12-31 상장상태를 우선하여 동일 코드 중 매핑 레코드 선택
197,046970::2024,046970,(주)우리로,우리로,KOSDAQ,2025/12,074607,기타 전문 도매업,01,"WOORIRO Co., Ltd.",2012/11/27,,IBK기업은행,코스닥_전업종_폐지사 포함_일반사항.xlsx,,2024-12-31 상장상태를 우선하여 동일 코드 중 매핑 레코드 선택
198,047400::2024,047400,유니온머티리얼(주),유니온머티리얼(주),KOSPI,2025/12,032302,"내화, 비내화 요업제품 제조업",01,Union Materials Corp.,2009/09/29,,KEB하나은행,코스피_전업종_폐지사 포함_일반사항.xlsx,,2024-12-31 상장상태를 우선하여 동일 코드 중 매핑 레코드 선택
199,048430::2024,048430,(주)유라테크,유라테크,KOSDAQ,2025/12,032801,"전동기, 발전기 및 전기 변환ㆍ 공급ㆍ제어 장치 제조업",01,"Yura Tech Co., Ltd.",2001/01/11,,IBK기업은행,코스닥_전업종_폐지사 포함_일반사항.xlsx,,2024-12-31 상장상태를 우선하여 동일 코드 중 매핑 레코드 선택
200,048830::2024,048830,(주)엔피케이,엔피케이,KOSDAQ,2025/12,032002,합성고무 및 플라스틱 물질 제조업,01,"NPK Co., Ltd.",2000/10/12,,신한은행,코스닥_전업종_폐지사 포함_일반사항.xlsx,,2024-12-31 상장상태를 우선하여 동일 코드 중 매핑 레코드 선택
201,049180::2024,049180,(주)셀루메드,셀루메드,KOSDAQ,2025/12,032101,기초 의약 물질 제조업,01,"CELLUMED Co., Ltd.",2002/05/23,,IBK기업은행,코스닥_전업종_폐지사 포함_일반사항.xlsx,,2024-12-31 상장상태를 우선하여 동일 코드 중 매핑 레코드 선택
202,049480::2024,049480,(주)오픈베이스,오픈베이스,KOSDAQ,2025/12,106201,"컴퓨터 프로그래밍, 시스템 통합 및 관리업",01,Openbase Inc.,2001/01/09,,신한은행,코스닥_전업종_폐지사 포함_일반사항.xlsx,,2024-12-31 상장상태를 우선하여 동일 코드 중 매핑 레코드 선택
203,050760::2024,050760,(주)에스폴리텍,에스폴리텍,KOSDAQ,2025/12,032202,플라스틱제품 제조업,01,"SPOLYTECH Co., Ltd.",2002/05/16,,한국씨티은행,코스닥_전업종_폐지사 포함_일반사항.xlsx,,2024-12-31 상장상태를 우선하여 동일 코드 중 매핑 레코드 선택
204,051490::2024,051490,나라엠앤디(주),나라엠앤디(주),KOSDAQ,2025/12,032902,특수 목적용 기계 제조업,01,"Nara Mold & Die Co., Ltd.",2001/06/12,,우리은행,코스닥_전업종_폐지사 포함_일반사항.xlsx,,2024-12-31 상장상태를 우선하여 동일 코드 중 매핑 레코드 선택
205,051600::2024,051600,한전케이피에스(주),한전케이피에스(주),KOSPI,2025/12,064203,전기 및 통신 공사업,01,"KEPCO Plant Service & Engineering Co., Ltd.",2007/12/14,,NH농협,코스피_전업종_폐지사 포함_일반사항.xlsx,,2024-12-31 상장상태를 우선하여 동일 코드 중 매핑 레코드 선택
206,052900::2024,052900,(주)케이엑스하이텍,케이엑스하이텍,KOSDAQ,2025/12,032202,플라스틱제품 제조업,01,"KX HITECH CO.,LTD.",2005/01/18,,KEB하나은행,코스닥_전업종_폐지사 포함_일반사항.xlsx,,2024-12-31 상장상태를 우선하여 동일 코드 중 매핑 레코드 선택
207,053060::2024,053060,(주)세동,세동,KOSDAQ,2025/12,033003,자동차 신품 부품 제조업,01,"SAEDONG Co., Ltd.",2001/08/17,,BNK부산은행,코스닥_전업종_폐지사 포함_일반사항.xlsx,,2024-12-31 상장상태를 우선하여 동일 코드 중 매핑 레코드 선택
208,053080::2024,053080,케이엔솔(주),케이엔솔(주),KOSDAQ,2025/12,032901,일반 목적용 기계 제조업,01,"K-ENSOL CO., LTD.",2020/09/24,,우리은행,코스닥_전업종_폐지사 포함_일반사항.xlsx,,2024-12-31 상장상태를 우선하여 동일 코드 중 매핑 레코드 선택
209,053260::2024,053260,금강철강(주),금강철강(주),KOSDAQ,2025/12,032401,1차 철강 제조업,01,"Keum Kang Steel Co., Ltd.",2002/01/04,,한국씨티은행,코스닥_전업종_폐지사 포함_일반사항.xlsx,,2024-12-31 상장상태를 우선하여 동일 코드 중 매핑 레코드 선택
210,053580::2024,053580,웹케시(주),웹케시(주),KOSDAQ,2025/12,105802,소프트웨어 개발 및 공급업,01,WebCash Corporation,2019/01/25,,IBK기업은행,코스닥_전업종_폐지사 포함_일반사항.xlsx,,2024-12-31 상장상태를 우선하여 동일 코드 중 매핑 레코드 선택
211,053700::2024,053700,삼보모터스(주),삼보모터스(주),KOSDAQ,2025/12,033003,자동차 신품 부품 제조업,01,"Sambo Motos Co., Ltd.",2001/11/06,,신한은행,코스닥_전업종_폐지사 포함_일반사항.xlsx,,2024-12-31 상장상태를 우선하여 동일 코드 중 매핑 레코드 선택
212,054090::2024,054090,(주)삼진엘앤디,삼진엘앤디,KOSDAQ,2025/12,033309,그 외 기타 제품 제조업,01,"Samjin LND Co., Ltd.",2004/02/06,,IBK기업은행,코스닥_전업종_폐지사 포함_일반사항.xlsx,,2024-12-31 상장상태를 우선하여 동일 코드 중 매핑 레코드 선택
213,054540::2024,054540,삼영엠텍(주),삼영엠텍(주),KOSDAQ,2025/12,032501,"구조용 금속제품, 탱크 및 증기발생기 제조업",01,"Samyoung M-Tek Co., Ltd.",2001/11/15,,KDB산업은행,코스닥_전업종_폐지사 포함_일반사항.xlsx,,2024-12-31 상장상태를 우선하여 동일 코드 중 매핑 레코드 선택
214,054930::2024,054930,(주)유신,유신,KOSDAQ,2025/12,137201,"건축기술, 엔지니어링 및 관련 기술 서비스업",01,Yooshin Engineering Corporation,2002/01/15,,KEB하나은행,코스닥_전업종_폐지사 포함_일반사항.xlsx,,2024-12-31 상장상태를 우선하여 동일 코드 중 매핑 레코드 선택
215,055490::2024,055490,(주)테이팩스,테이팩스,KOSPI,2025/12,032202,플라스틱제품 제조업,01,"TAPEX Inc.,",2017/10/31,,,코스피_전업종_폐지사 포함_일반사항.xlsx,,2024-12-31 상장상태를 우선하여 동일 코드 중 매핑 레코드 선택
216,056190::2024,056190,(주)에스에프에이,에스에프에이,KOSDAQ,2025/12,032902,특수 목적용 기계 제조업,01,SFA Engineering Corp.,2001/12/18,,우리은행,코스닥_전업종_폐지사 포함_일반사항.xlsx,,2024-12-31 상장상태를 우선하여 동일 코드 중 매핑 레코드 선택
217,058730::2024,058730,다스코(주),다스코(주),KOSPI,2025/12,032501,"구조용 금속제품, 탱크 및 증기발생기 제조업",01,"Development Advance Solution Co.,Ltd.",2004/08/02,,KEB하나은행,코스피_전업종_폐지사 포함_일반사항.xlsx,,2024-12-31 상장상태를 우선하여 동일 코드 중 매핑 레코드 선택
218,059120::2024,059120,(주)아진엑스텍,아진엑스텍,KOSDAQ,2025/12,032601,반도체 제조업,01,"AJINEXTEK Co., Ltd.",2014/07/24,,신한은행,코스닥_전업종_폐지사 포함_일반사항.xlsx,,2024-12-31 상장상태를 우선하여 동일 코드 중 매핑 레코드 선택
219,060150::2024,060150,인선이엔티(주),인선이엔티(주),KOSDAQ,2025/12,053802,폐기물 처리업,01,"INSUN Environmental New Technology Co., Ltd.",2002/06/14,,신한은행,코스닥_전업종_폐지사 포함_일반사항.xlsx,,2024-12-31 상장상태를 우선하여 동일 코드 중 매핑 레코드 선택
220,060250::2024,060250,엔에이치엔케이씨피(주),엔에이치엔케이씨피(주),KOSDAQ,2025/12,147509,기타 사업지원 서비스업,01,NHN KCP Corp.,2002/01/08,,IBK기업은행,코스닥_전업종_폐지사 포함_일반사항.xlsx,,2024-12-31 상장상태를 우선하여 동일 코드 중 매핑 레코드 선택
221,060310::2024,060310,(주)삼에스코리아,삼에스코리아,KOSDAQ,2025/03,032702,"측정, 시험, 항해, 제어 및 기타 정밀기기 제조업; 광학기기 제외",01,"3S Korea Co., Ltd.",2002/04/23,,KEB하나은행,코스닥_전업종_폐지사 포함_일반사항.xlsx,,2024-12-31 상장상태를 우선하여 동일 코드 중 매핑 레코드 선택
222,060850::2024,060850,(주)영림원소프트랩,영림원소프트랩,KOSDAQ,2025/12,105802,소프트웨어 개발 및 공급업,01,"YoungLimWon SoftLab. Co., Ltd.",2020/08/12,,IBK기업은행,코스닥_전업종_폐지사 포함_일반사항.xlsx,,2024-12-31 상장상태를 우선하여 동일 코드 중 매핑 레코드 선택
223,061040::2024,061040,(주)알에프텍,알에프텍,KOSDAQ,2025/12,032604,통신 및 방송 장비 제조업,01,"RFTech Co., Ltd.",2002/05/16,,우리은행,코스닥_전업종_폐지사 포함_일반사항.xlsx,,2024-12-31 상장상태를 우선하여 동일 코드 중 매핑 레코드 선택
224,062040::2024,062040,산일전기(주),산일전기(주),KOSPI,2025/12,032801,"전동기, 발전기 및 전기 변환ㆍ 공급ㆍ제어 장치 제조업",01,"SANIL ELECTRIC.,LTD.",2024/07/29,,,코스피_전업종_폐지사 포함_일반사항.xlsx,,2024-12-31 상장상태를 우선하여 동일 코드 중 매핑 레코드 선택
225,062970::2024,062970,(주)한국첨단소재,한국첨단소재,KOSDAQ,2025/12,032604,통신 및 방송 장비 제조업,01,"KOREA ADVANCED MATERIALS Co., Ltd.",2019/12/26,,IBK기업은행,코스닥_전업종_폐지사 포함_일반사항.xlsx,,2024-12-31 상장상태를 우선하여 동일 코드 중 매핑 레코드 선택
226,063080::2024,063080,(주)컴투스홀딩스,컴투스홀딩스,KOSDAQ,2025/12,105802,소프트웨어 개발 및 공급업,01,Com2uS Holdings Corporation,2009/07/30,,국민은행,코스닥_전업종_폐지사 포함_일반사항.xlsx,,2024-12-31 상장상태를 우선하여 동일 코드 중 매핑 레코드 선택
227,064240::2024,064240,(주)홈캐스트,홈캐스트,KOSDAQ,2025/12,074607,기타 전문 도매업,01,"Homecast Co., Ltd.",2003/06/11,,국민은행,코스닥_전업종_폐지사 포함_일반사항.xlsx,,2024-12-31 상장상태를 우선하여 동일 코드 중 매핑 레코드 선택
228,064480::2024,064480,(주)브리지텍,브리지텍,KOSDAQ,2025/12,105802,소프트웨어 개발 및 공급업,01,BRIDGETEC Corp.,2008/06/04,,신한은행,코스닥_전업종_폐지사 포함_일반사항.xlsx,,2024-12-31 상장상태를 우선하여 동일 코드 중 매핑 레코드 선택
229,065370::2024,065370,(주)위세아이텍,위세아이텍,KOSDAQ,2025/12,105802,소프트웨어 개발 및 공급업,01,"WISE iTech Co., Ltd.",2020/02/10,,신한은행,코스닥_전업종_폐지사 포함_일반사항.xlsx,,2024-12-31 상장상태를 우선하여 동일 코드 중 매핑 레코드 선택
230,065690::2024,065690,(주)파커스,파커스,KOSDAQ,2025/12,032201,고무제품 제조업,01,"PAKERS CO., Ltd.",2002/07/16,,IBK기업은행,코스닥_전업종_폐지사 포함_일반사항.xlsx,,2024-12-31 상장상태를 우선하여 동일 코드 중 매핑 레코드 선택
231,066700::2024,066700,(주)테라젠이텍스,테라젠이텍스,KOSDAQ,2025/12,032102,의약품 제조업,01,"Theragen Etex Co., Ltd.",2004/05/27,,IBK기업은행,코스닥_전업종_폐지사 포함_일반사항.xlsx,,2024-12-31 상장상태를 우선하여 동일 코드 중 매핑 레코드 선택
232,066830::2024,066830,(주)제노텍,제노텍,KONEX,2024/12,032004,기타 화학제품 제조업,01,GENOTECH CORP.,2016/07/18,,우리은행,코넥스_전업종_일반사항.xlsx,,2024-12-31 상장상태를 우선하여 동일 코드 중 매핑 레코드 선택
233,067280::2024,067280,(주)멀티캠퍼스,멀티캠퍼스,KOSDAQ,2025/12,168506,기타 교육기관,01,Multicampus Corporation,2006/11/16,,KEB하나은행,코스닥_전업종_폐지사 포함_일반사항.xlsx,,2024-12-31 상장상태를 우선하여 동일 코드 중 매핑 레코드 선택
234,067570::2024,067570,엔브이에이치코리아(주),엔브이에이치코리아(주),KOSDAQ,2025/12,033003,자동차 신품 부품 제조업,01,NVH KOREA INC.,2013/12/03,,KEB하나은행,코스닥_전업종_폐지사 포함_일반사항.xlsx,,2024-12-31 상장상태를 우선하여 동일 코드 중 매핑 레코드 선택
235,067730::2024,067730,(주)로지시스,로지시스,KOSDAQ,2025/12,106201,"컴퓨터 프로그래밍, 시스템 통합 및 관리업",01,LOGISYS INC.,2015/07/29,,국민은행,코스닥_전업종_폐지사 포함_일반사항.xlsx,,2024-12-31 상장상태를 우선하여 동일 코드 중 매핑 레코드 선택
236,068940::2024,068940,(주)셀피글로벌,셀피글로벌,KOSDAQ,2025/12,032602,전자부품 제조업,01,"Cellfie Global Co.,Ltd.",2010/10/19,,IBK기업은행,코스닥_전업종_폐지사 포함_일반사항.xlsx,,2024-12-31 상장상태를 우선하여 동일 코드 중 매핑 레코드 선택
237,069140::2024,069140,(주)누리플랜,누리플랜,KOSDAQ,2025/12,032501,"구조용 금속제품, 탱크 및 증기발생기 제조업",01,"Nuriplan Co.,Ltd.",2010/10/26,,IBK기업은행,코스닥_전업종_폐지사 포함_일반사항.xlsx,,2024-12-31 상장상태를 우선하여 동일 코드 중 매핑 레코드 선택
238,069260::2024,069260,티케이지휴켐스(주),티케이지휴켐스(주),KOSPI,2025/12,032004,기타 화학제품 제조업,01,"TKG Huchems Co.,Ltd.",2002/10/07,,신한은행,코스피_전업종_폐지사 포함_일반사항.xlsx,,2024-12-31 상장상태를 우선하여 동일 코드 중 매핑 레코드 선택
239,069460::2024,069460,(주)대호에이엘,대호에이엘,KOSPI,2025/12,032402,1차 비철금속 제조업,01,"Daeho Al Co., Ltd.",2002/11/11,,KDB산업은행,코스피_전업종_폐지사 포함_일반사항.xlsx,,2024-12-31 상장상태를 우선하여 동일 코드 중 매핑 레코드 선택
240,069510::2024,069510,에스텍(주),에스텍(주),KOSDAQ,2025/12,032605,영상 및 음향기기 제조업,01,ESTec Corporation,2003/11/14,,신한은행,코스닥_전업종_폐지사 포함_일반사항.xlsx,,2024-12-31 상장상태를 우선하여 동일 코드 중 매핑 레코드 선택
241,071200::2024,071200,(주)인피니트헬스케어,인피니트헬스케어,KOSDAQ,2025/12,105802,소프트웨어 개발 및 공급업,01,"INFINITT Healthcare Co., Ltd.",2010/05/26,,KEB하나은행,코스닥_전업종_폐지사 포함_일반사항.xlsx,,2024-12-31 상장상태를 우선하여 동일 코드 중 매핑 레코드 선택
242,071970::2024,071970,에이치디현대마린엔진(주),에이치디현대마린엔진(주),KOSPI,2025/12,032901,일반 목적용 기계 제조업,01,"HD-Hyundai Marine Engine Co., Ltd.",2009/05/15,,KDB산업은행,코스피_전업종_폐지사 포함_일반사항.xlsx,,2024-12-31 상장상태를 우선하여 동일 코드 중 매핑 레코드 선택
243,072990::2024,072990,(주)에이치시티,에이치시티,KOSDAQ,2025/12,137209,기타 과학기술 서비스업,01,"HCT CO.,LTD.",2016/10/17,,KEB하나은행,코스닥_전업종_폐지사 포함_일반사항.xlsx,,2024-12-31 상장상태를 우선하여 동일 코드 중 매핑 레코드 선택
244,073190::2024,073190,(주)듀오백,듀오백,KOSDAQ,2025/12,033201,가구 제조업,01,"DUOBACK CO., LTD.",2004/02/06,,한국씨티은행,코스닥_전업종_폐지사 포함_일반사항.xlsx,,2024-12-31 상장상태를 우선하여 동일 코드 중 매핑 레코드 선택
245,073240::2024,073240,금호타이어(주),금호타이어(주),KOSPI,2025/12,032201,고무제품 제조업,01,"Kumho Tire Co.,Inc.",2005/02/17,,KDB산업은행,코스피_전업종_폐지사 포함_일반사항.xlsx,,2024-12-31 상장상태를 우선하여 동일 코드 중 매핑 레코드 선택
246,075130::2024,075130,(주)플랜티넷,플랜티넷,KOSDAQ,2025/12,106201,"컴퓨터 프로그래밍, 시스템 통합 및 관리업",01,"Plantynet Co., Ltd.",2005/06/10,,IBK기업은행,코스닥_전업종_폐지사 포함_일반사항.xlsx,,2024-12-31 상장상태를 우선하여 동일 코드 중 매핑 레코드 선택
247,078070::2024,078070,(주)유비쿼스홀딩스,유비쿼스홀딩스,KOSDAQ,2025/12,137105,회사 본부 및 경영 컨설팅 서비스업,01,Ubiquoss Holdings Inc.,2009/01/23,,IBK기업은행,코스닥_전업종_폐지사 포함_일반사항.xlsx,,2024-12-31 상장상태를 우선하여 동일 코드 중 매핑 레코드 선택
248,078140::2024,078140,대봉엘에스(주),대봉엘에스(주),KOSDAQ,2025/12,032102,의약품 제조업,01,"Deabongls Co., Ltd.",2005/12/23,,신한은행,코스닥_전업종_폐지사 포함_일반사항.xlsx,,2024-12-31 상장상태를 우선하여 동일 코드 중 매핑 레코드 선택
249,078150::2024,078150,(주)에이치비테크놀러지,에이치비테크놀러지,KOSDAQ,2025/12,032902,특수 목적용 기계 제조업,01,"HB Technology Co., Ltd.",2004/12/08,,IBK기업은행,코스닥_전업종_폐지사 포함_일반사항.xlsx,,2024-12-31 상장상태를 우선하여 동일 코드 중 매핑 레코드 선택
250,079160::2024,079160,씨제이씨지브이(주),씨제이씨지브이(주),KOSPI,2025/12,105901,"영화, 비디오물, 방송프로그램 제작 및 배급업",01,"CJ CGV Co., Ltd.",2004/12/24,,우리은행,코스피_전업종_폐지사 포함_일반사항.xlsx,,2024-12-31 상장상태를 우선하여 동일 코드 중 매핑 레코드 선택
251,079190::2024,079190,(주)케스피온,케스피온,KOSDAQ,2025/12,032604,통신 및 방송 장비 제조업,01,"KESPION Co., Ltd.",2005/11/29,,IBK기업은행,코스닥_전업종_폐지사 포함_일반사항.xlsx,,2024-12-31 상장상태를 우선하여 동일 코드 중 매핑 레코드 선택
252,079550::2024,079550,엘아이지넥스원(주),엘아이지넥스원(주),KOSPI,2025/12,032502,무기 및 총포탄 제조업,01,"LIG Nex1 Co., Ltd.",2015/10/02,,,코스피_전업종_폐지사 포함_일반사항.xlsx,,2024-12-31 상장상태를 우선하여 동일 코드 중 매핑 레코드 선택
253,079650::2024,079650,(주)서산,서산,KOSDAQ,2025/12,032303,"시멘트, 석회, 플라스터 및 그 제품 제조업",01,"SeoSanCo., Ltd.",2005/01/21,,광주은행,코스닥_전업종_폐지사 포함_일반사항.xlsx,,2024-12-31 상장상태를 우선하여 동일 코드 중 매핑 레코드 선택
254,079810::2024,079810,(주)디이엔티,디이엔티,KOSDAQ,2025/12,032809,기타 전기장비 제조업,01,"DE&T Co., Ltd.",2005/01/26,,KEB하나은행,코스닥_전업종_폐지사 포함_일반사항.xlsx,,2024-12-31 상장상태를 우선하여 동일 코드 중 매핑 레코드 선택
255,079900::2024,079900,전진건설로봇(주),전진건설로봇(주),KOSPI,2025/12,032902,특수 목적용 기계 제조업,01,"JUNJIN CONSTRUCTION AND ROBOT CO.,LTD.",2024/08/19,,,코스피_전업종_폐지사 포함_일반사항.xlsx,,2024-12-31 상장상태를 우선하여 동일 코드 중 매핑 레코드 선택
256,079940::2024,079940,(주)가비아,가비아,KOSDAQ,2025/12,105802,소프트웨어 개발 및 공급업,01,Gabia Inc.,2005/10/19,,국민은행,코스닥_전업종_폐지사 포함_일반사항.xlsx,,2024-12-31 상장상태를 우선하여 동일 코드 중 매핑 레코드 선택
257,079950::2024,079950,인베니아(주),인베니아(주),KOSDAQ,2025/12,032902,특수 목적용 기계 제조업,01,"INVENIA Co.,Ltd.",2005/02/04,,IBK기업은행,코스닥_전업종_폐지사 포함_일반사항.xlsx,,2024-12-31 상장상태를 우선하여 동일 코드 중 매핑 레코드 선택
258,079960::2024,079960,동양이엔피(주),동양이엔피(주),KOSDAQ,2025/12,032801,"전동기, 발전기 및 전기 변환ㆍ 공급ㆍ제어 장치 제조업",01,DONGYANG E&P Inc.,2005/02/01,,KEB하나은행,코스닥_전업종_폐지사 포함_일반사항.xlsx,,2024-12-31 상장상태를 우선하여 동일 코드 중 매핑 레코드 선택
259,079980::2024,079980,(주)휴비스,휴비스,KOSPI,2025/12,032005,화학섬유 제조업,01,HUVIS CORPORATION,2012/02/23,,,코스피_전업종_폐지사 포함_일반사항.xlsx,,2024-12-31 상장상태를 우선하여 동일 코드 중 매핑 레코드 선택
260,080010::2024,080010,(주)이상네트웍스,이상네트웍스,KOSDAQ,2025/12,074601,상품 중개업,01,"eSang Networks Co., Ltd.",2005/09/30,,IBK기업은행,코스닥_전업종_폐지사 포함_일반사항.xlsx,,2024-12-31 상장상태를 우선하여 동일 코드 중 매핑 레코드 선택
261,080520::2024,080520,(주)오디텍,오디텍,KOSDAQ,2025/12,032601,반도체 제조업,01,"ODTech Co.,Ltd.",2007/10/08,,신한은행,코스닥_전업종_폐지사 포함_일반사항.xlsx,,2024-12-31 상장상태를 우선하여 동일 코드 중 매핑 레코드 선택
262,080530::2024,080530,(주)코디,코디,KOSDAQ,2025/12,032004,기타 화학제품 제조업,01,"KODI Co., Ltd.",2010/01/05,,우리은행,코스닥_전업종_폐지사 포함_일반사항.xlsx,,2024-12-31 상장상태를 우선하여 동일 코드 중 매핑 레코드 선택
263,081660::2024,081660,(주)미스토홀딩스,미스토홀딩스,KOSPI,2025/12,074604,생활용품 도매업,01,Misto Holdings Corporation,2010/09/28,,,코스피_전업종_폐지사 포함_일반사항.xlsx,,2024-12-31 상장상태를 우선하여 동일 코드 중 매핑 레코드 선택
264,083310::2024,083310,(주)엘오티베큠,엘오티베큠,KOSDAQ,2025/12,032902,특수 목적용 기계 제조업,01,"LOT VACUUM Co., Ltd.",2005/10/05,,국민은행,코스닥_전업종_폐지사 포함_일반사항.xlsx,,2024-12-31 상장상태를 우선하여 동일 코드 중 매핑 레코드 선택
265,083450::2024,083450,(주)글로벌스탠다드테크놀로지,글로벌스탠다드테크놀로지,KOSDAQ,2025/12,032902,특수 목적용 기계 제조업,01,"Global Standard Technology, Limited",2006/02/01,,IBK기업은행,코스닥_전업종_폐지사 포함_일반사항.xlsx,,2024-12-31 상장상태를 우선하여 동일 코드 중 매핑 레코드 선택
266,083930::2024,083930,(주)아바코,아바코,KOSDAQ,2025/12,032902,특수 목적용 기계 제조업,01,"Avaco Co., Ltd.",2005/10/11,,KEB하나은행,코스닥_전업종_폐지사 포함_일반사항.xlsx,,2024-12-31 상장상태를 우선하여 동일 코드 중 매핑 레코드 선택
267,084650::2024,084650,(주)랩지노믹스,랩지노믹스,KOSDAQ,2025/12,137001,자연과학 및 공학 연구개발업,01,"LabGenomics Co., Ltd.",2014/12/16,,IBK기업은행,코스닥_전업종_폐지사 포함_일반사항.xlsx,,2024-12-31 상장상태를 우선하여 동일 코드 중 매핑 레코드 선택
268,085670::2024,085670,(주)뉴프렉스,뉴프렉스,KOSDAQ,2025/12,032602,전자부품 제조업,01,"Newflex Technolgy Co., Ltd.",2006/01/17,,IBK기업은행,코스닥_전업종_폐지사 포함_일반사항.xlsx,,2024-12-31 상장상태를 우선하여 동일 코드 중 매핑 레코드 선택
269,086280::2024,086280,현대글로비스(주),현대글로비스(주),KOSPI,2025/12,085209,기타 운송관련 서비스업,01,"HYUNDAI GLOVIS Co., Ltd.",2005/12/26,,신한은행,코스피_전업종_폐지사 포함_일반사항.xlsx,,2024-12-31 상장상태를 우선하여 동일 코드 중 매핑 레코드 선택
270,086450::2024,086450,동국제약(주),동국제약(주),KOSDAQ,2025/12,032102,의약품 제조업,01,"DongKook Pharmaceutical Co., Ltd.",2007/05/29,,IBK기업은행,코스닥_전업종_폐지사 포함_일반사항.xlsx,,2024-12-31 상장상태를 우선하여 동일 코드 중 매핑 레코드 선택
271,086520::2024,086520,(주)에코프로,에코프로,KOSDAQ,2025/12,137105,회사 본부 및 경영 컨설팅 서비스업,01,"ECOPRO Co., Ltd.",2007/07/20,,KDB산업은행,코스닥_전업종_폐지사 포함_일반사항.xlsx,,2024-12-31 상장상태를 우선하여 동일 코드 중 매핑 레코드 선택
272,086670::2024,086670,(주)비엠티,비엠티,KOSDAQ,2025/12,032901,일반 목적용 기계 제조업,01,"BMT Co., Ltd.",2007/11/02,,IBK기업은행,코스닥_전업종_폐지사 포함_일반사항.xlsx,,2024-12-31 상장상태를 우선하여 동일 코드 중 매핑 레코드 선택
273,086710::2024,086710,선진뷰티사이언스(주),선진뷰티사이언스(주),KOSDAQ,2025/12,032004,기타 화학제품 제조업,01,"SUNJIN BEAUTY SCIENCE CO., LTD.",2021/01/27,,KDB산업은행,코스닥_전업종_폐지사 포함_일반사항.xlsx,,2024-12-31 상장상태를 우선하여 동일 코드 중 매핑 레코드 선택
274,086890::2024,086890,(주)이수앱지스,이수앱지스,KOSDAQ,2025/12,032103,의료용품 및 기타 의약 관련제품 제조업,01,"ISU Abxis Co., Ltd.",2009/02/03,,IBK기업은행,코스닥_전업종_폐지사 포함_일반사항.xlsx,,2024-12-31 상장상태를 우선하여 동일 코드 중 매핑 레코드 선택
275,087260::2024,087260,모바일어플라이언스(주),모바일어플라이언스(주),KOSDAQ,2025/12,105802,소프트웨어 개발 및 공급업,01,"MOBILE APPLIANCE, INC.",2017/02/24,,KEB하나은행,코스닥_전업종_폐지사 포함_일반사항.xlsx,,2024-12-31 상장상태를 우선하여 동일 코드 중 매핑 레코드 선택
276,087600::2024,087600,(주)픽셀플러스,픽셀플러스,KOSDAQ,2025/12,032602,전자부품 제조업,01,"Pixelplus. Co., Ltd.",2015/06/12,,IBK기업은행,코스닥_전업종_폐지사 포함_일반사항.xlsx,,2024-12-31 상장상태를 우선하여 동일 코드 중 매핑 레코드 선택
277,088290::2024,088290,이원컴포텍(주),이원컴포텍(주),KOSDAQ,2025/12,033003,자동차 신품 부품 제조업,01,"EWON COMFORTECH Co., Ltd.",2009/12/01,,IBK기업은행,코스닥_전업종_폐지사 포함_일반사항.xlsx,,2024-12-31 상장상태를 우선하여 동일 코드 중 매핑 레코드 선택
278,088800::2024,088800,(주)에이스테크놀로지,에이스테크놀로지,KOSDAQ,2025/12,032604,통신 및 방송 장비 제조업,01,Ace Technologies Corp.,2006/03/27,,신한은행,코스닥_전업종_폐지사 포함_일반사항.xlsx,,2024-12-31 상장상태를 우선하여 동일 코드 중 매핑 레코드 선택
279,089150::2024,089150,(주)케이씨티,케이씨티,KOSDAQ,2025/12,106201,"컴퓨터 프로그래밍, 시스템 통합 및 관리업",01,Korea Computer Terminal Inc.,2006/12/13,,우리은행,코스닥_전업종_폐지사 포함_일반사항.xlsx,,2024-12-31 상장상태를 우선하여 동일 코드 중 매핑 레코드 선택
280,089470::2024,089470,에이치디씨현대이피(주),에이치디씨현대이피(주),KOSPI,2025/12,032004,기타 화학제품 제조업,01,"HDC Hyundai Engineering Plastics Co., Ltd.",2006/09/25,,국민은행,코스피_전업종_폐지사 포함_일반사항.xlsx,,2024-12-31 상장상태를 우선하여 동일 코드 중 매핑 레코드 선택
281,089860::2024,089860,롯데렌탈(주),롯데렌탈(주),KOSPI,2025/12,147601,운송장비 임대업,01,"LOTTE rental Co., Ltd.",2021/08/19,,,코스피_전업종_폐지사 포함_일반사항.xlsx,,2024-12-31 상장상태를 우선하여 동일 코드 중 매핑 레코드 선택
282,089970::2024,089970,브이엠(주),브이엠(주),KOSDAQ,2025/12,032902,특수 목적용 기계 제조업,01,VM Inc.,2018/08/23,,KDB산업은행,코스닥_전업종_폐지사 포함_일반사항.xlsx,,2024-12-31 상장상태를 우선하여 동일 코드 중 매핑 레코드 선택
283,089980::2024,089980,(주)상아프론테크,상아프론테크,KOSDAQ,2025/12,032202,플라스틱제품 제조업,01,"SANG-A  FLONTEC Co., Ltd.",2011/07/21,,IBK기업은행,코스닥_전업종_폐지사 포함_일반사항.xlsx,,2024-12-31 상장상태를 우선하여 동일 코드 중 매핑 레코드 선택
284,090150::2024,090150,(주)아이윈,아이윈,KOSDAQ,2025/12,033003,자동차 신품 부품 제조업,01,"iWIN CO.,LTD.",2006/10/20,,IBK기업은행,코스닥_전업종_폐지사 포함_일반사항.xlsx,,2024-12-31 상장상태를 우선하여 동일 코드 중 매핑 레코드 선택
285,090360::2024,090360,(주)로보스타,로보스타,KOSDAQ,2025/12,032902,특수 목적용 기계 제조업,01,"ROBOSTAR Co., Ltd.",2011/10/17,,IBK기업은행,코스닥_전업종_폐지사 포함_일반사항.xlsx,,2024-12-31 상장상태를 우선하여 동일 코드 중 매핑 레코드 선택
286,090710::2024,090710,휴림로봇(주),휴림로봇(주),KOSDAQ,2025/12,032902,특수 목적용 기계 제조업,01,"Hyulim ROBOT Co.,Ltd.",2006/12/05,,IBK기업은행,코스닥_전업종_폐지사 포함_일반사항.xlsx,,2024-12-31 상장상태를 우선하여 동일 코드 중 매핑 레코드 선택
287,091120::2024,091120,(주)이엠텍,이엠텍,KOSDAQ,2025/12,032602,전자부품 제조업,01,"EM-Tech. Co., Ltd.",2007/05/02,,우리은행,코스닥_전업종_폐지사 포함_일반사항.xlsx,,2024-12-31 상장상태를 우선하여 동일 코드 중 매핑 레코드 선택
288,091580::2024,091580,상신이디피(주),상신이디피(주),KOSDAQ,2025/12,032802,일차전지 및 이차전지 제조업,01,"SANGSIN ENERGY DISPLAY PRECISION Co., Ltd.",2007/05/23,,KDB산업은행,코스닥_전업종_폐지사 포함_일반사항.xlsx,,2024-12-31 상장상태를 우선하여 동일 코드 중 매핑 레코드 선택
289,091590::2024,091590,남화토건(주),남화토건(주),KOSDAQ,2025/12,064101,건물 건설업,01,"Nam Hwa Construction Co., Ltd.",2012/01/31,,SC제일은행,코스닥_전업종_폐지사 포함_일반사항.xlsx,,2024-12-31 상장상태를 우선하여 동일 코드 중 매핑 레코드 선택
290,091810::2024,091810,(주)티웨이항공,티웨이항공,KOSPI,2025/12,085101,항공 여객 운송업,01,"Tway Air Co., Ltd.",2018/08/01,,,코스피_전업종_폐지사 포함_일반사항.xlsx,,2024-12-31 상장상태를 우선하여 동일 코드 중 매핑 레코드 선택
291,092730::2024,092730,(주)네오팜,네오팜,KOSDAQ,2025/12,032004,기타 화학제품 제조업,01,"Neopharm Co., Ltd.",2007/01/30,,신한은행,코스닥_전업종_폐지사 포함_일반사항.xlsx,,2024-12-31 상장상태를 우선하여 동일 코드 중 매핑 레코드 선택
292,092870::2024,092870,(주)엑시콘,엑시콘,KOSDAQ,2025/12,032902,특수 목적용 기계 제조업,01,"Exicon Co.,Ltd.",2015/10/22,,IBK기업은행,코스닥_전업종_폐지사 포함_일반사항.xlsx,,2024-12-31 상장상태를 우선하여 동일 코드 중 매핑 레코드 선택
293,093370::2024,093370,(주)후성,후성,KOSPI,2025/12,032001,기초 화학물질 제조업,01,"Foosung Co., Ltd.",2006/12/22,,신한은행,코스피_전업종_폐지사 포함_일반사항.xlsx,,2024-12-31 상장상태를 우선하여 동일 코드 중 매핑 레코드 선택
294,094280::2024,094280,효성아이티엑스(주),효성아이티엑스(주),KOSPI,2025/12,147509,기타 사업지원 서비스업,01,"HYOSUNG ITX Co., Ltd.",2007/10/25,,우리은행,코스피_전업종_폐지사 포함_일반사항.xlsx,,2024-12-31 상장상태를 우선하여 동일 코드 중 매핑 레코드 선택
295,094480::2024,094480,갤럭시아머니트리(주),갤럭시아머니트리(주),KOSDAQ,2025/12,105802,소프트웨어 개발 및 공급업,01,"GalaxiaMoneytree Co.,Ltd.",2007/07/20,,KEB하나은행,코스닥_전업종_폐지사 포함_일반사항.xlsx,,2024-12-31 상장상태를 우선하여 동일 코드 중 매핑 레코드 선택
296,094850::2024,094850,참좋은여행(주),참좋은여행(주),KOSDAQ,2025/12,147502,여행사 및 기타 여행보조 서비스업,01,"Very Good Tour Co.,Ltd.",2007/04/30,,국민은행,코스닥_전업종_폐지사 포함_일반사항.xlsx,,2024-12-31 상장상태를 우선하여 동일 코드 중 매핑 레코드 선택
297,094970::2024,094970,제이엠티(주),제이엠티(주),KOSDAQ,2025/12,032602,전자부품 제조업,01,"JMT Co., Ltd.",2007/10/12,,KEB하나은행,코스닥_전업종_폐지사 포함_일반사항.xlsx,,2024-12-31 상장상태를 우선하여 동일 코드 중 매핑 레코드 선택
298,095610::2024,095610,(주)테스,테스,KOSDAQ,2025/12,032902,특수 목적용 기계 제조업,01,"TES Co.,Ltd.",2008/05/20,,KEB하나은행,코스닥_전업종_폐지사 포함_일반사항.xlsx,,2024-12-31 상장상태를 우선하여 동일 코드 중 매핑 레코드 선택
299,095910::2024,095910,(주)에스에너지,에스에너지,KOSDAQ,2025/12,032801,"전동기, 발전기 및 전기 변환ㆍ 공급ㆍ제어 장치 제조업",01,"S-Energy Co., Ltd.",2007/10/16,,국민은행,코스닥_전업종_폐지사 포함_일반사항.xlsx,,2024-12-31 상장상태를 우선하여 동일 코드 중 매핑 레코드 선택
300,096350::2024,096350,(주)대창솔루션,대창솔루션,KOSDAQ,2025/12,032501,"구조용 금속제품, 탱크 및 증기발생기 제조업",01,"Daechang Solution Co., Ltd.",2007/12/17,,IBK기업은행,코스닥_전업종_폐지사 포함_일반사항.xlsx,,2024-12-31 상장상태를 우선하여 동일 코드 중 매핑 레코드 선택
301,096690::2024,096690,(주)에이루트,에이루트,KOSDAQ,2025/12,032603,컴퓨터 및 주변장치 제조업,01,"Aroot Co., Ltd.",2010/12/01,,신한은행,코스닥_전업종_폐지사 포함_일반사항.xlsx,,2024-12-31 상장상태를 우선하여 동일 코드 중 매핑 레코드 선택
302,099320::2024,099320,(주)쎄트렉아이,쎄트렉아이,KOSDAQ,2025/12,033103,"항공기, 우주선 및 부품 제조업",01,"Satrec Initiative Co.,Ltd.",2008/06/13,,KEB하나은행,코스닥_전업종_폐지사 포함_일반사항.xlsx,,2024-12-31 상장상태를 우선하여 동일 코드 중 매핑 레코드 선택
303,099520::2024,099520,(주)디지아이티엑스,디지아이티엑스,KOSDAQ,2025/12,032605,영상 및 음향기기 제조업,01,"DG-ITX Co., Ltd.",2009/12/22,,IBK기업은행,코스닥_전업종_폐지사 포함_일반사항.xlsx,,2024-12-31 상장상태를 우선하여 동일 코드 중 매핑 레코드 선택
304,099750::2024,099750,이지케어텍(주),이지케어텍(주),KOSDAQ,2025/03,105802,소프트웨어 개발 및 공급업,01,"ezCaretech Co.,Ltd.",2019/03/22,,신한은행,코스닥_전업종_폐지사 포함_일반사항.xlsx,,2024-12-31 상장상태를 우선하여 동일 코드 중 매핑 레코드 선택
305,100030::2024,100030,(주)인지소프트,인지소프트,KOSDAQ,2025/12,105802,소프트웨어 개발 및 공급업,01,"Inzisoft Co.,Ltd.",2010/05/25,,KEB하나은행,코스닥_전업종_폐지사 포함_일반사항.xlsx,,2024-12-31 상장상태를 우선하여 동일 코드 중 매핑 레코드 선택
306,100090::2024,100090,에스케이오션플랜트(주),에스케이오션플랜트(주),KOSPI,2025/12,032401,1차 철강 제조업,01,"SK oceanplant Co.,Ltd.",2023/04/19,,신한은행,코스피_전업종_폐지사 포함_일반사항.xlsx,,2024-12-31 상장상태를 우선하여 동일 코드 중 매핑 레코드 선택
307,100120::2024,100120,(주)뷰웍스,뷰웍스,KOSDAQ,2025/12,032701,의료용 기기 제조업,01,"Vieworks Co., Ltd.",2009/04/10,,IBK기업은행,코스닥_전업종_폐지사 포함_일반사항.xlsx,,2024-12-31 상장상태를 우선하여 동일 코드 중 매핑 레코드 선택
308,100590::2024,100590,(주)머큐리,머큐리,KOSDAQ,2025/12,032604,통신 및 방송 장비 제조업,01,Mercury Corporation,2018/12/14,,IBK기업은행,코스닥_전업종_폐지사 포함_일반사항.xlsx,,2024-12-31 상장상태를 우선하여 동일 코드 중 매핑 레코드 선택
309,101400::2024,101400,엔시트론(주),엔시트론(주),KOSDAQ,2025/12,032601,반도체 제조업,01,"N CITRON, INC.",2009/03/31,,IBK기업은행,코스닥_전업종_폐지사 포함_일반사항.xlsx,,2024-12-31 상장상태를 우선하여 동일 코드 중 매핑 레코드 선택
310,101490::2024,101490,(주)에스앤에스텍,에스앤에스텍,KOSDAQ,2025/12,032602,전자부품 제조업,01,S&S TECH CORPORATION,2009/04/14,,KDB산업은행,코스닥_전업종_폐지사 포함_일반사항.xlsx,,2024-12-31 상장상태를 우선하여 동일 코드 중 매핑 레코드 선택
311,101670::2024,101670,(주)하이드로리튬,하이드로리튬,KOSDAQ,2025/12,032501,"구조용 금속제품, 탱크 및 증기발생기 제조업",01,Hydro Lithium Inc.,2008/07/15,,국민은행,코스닥_전업종_폐지사 포함_일반사항.xlsx,,2024-12-31 상장상태를 우선하여 동일 코드 중 매핑 레코드 선택
312,102710::2024,102710,(주)이엔에프테크놀로지,이엔에프테크놀로지,KOSDAQ,2025/12,032004,기타 화학제품 제조업,01,"ENF Technology Co., Ltd.",2009/05/28,,우리은행,코스닥_전업종_폐지사 포함_일반사항.xlsx,,2024-12-31 상장상태를 우선하여 동일 코드 중 매핑 레코드 선택
313,102950::2024,102950,(주)아하,아하,KONEX,2024/12,032602,전자부품 제조업,01,"AHAINC Co.,Ltd.",2022/11/30,,KDB산업은행,코넥스_전업종_일반사항.xlsx,,2024-12-31 상장상태를 우선하여 동일 코드 중 매핑 레코드 선택
314,104620::2024,104620,(주)노랑풍선,노랑풍선,KOSDAQ,2025/12,147502,여행사 및 기타 여행보조 서비스업,01,"Yellow Balloon Tour Co.,Ltd.",2019/01/30,,국민은행,코스닥_전업종_폐지사 포함_일반사항.xlsx,,2024-12-31 상장상태를 우선하여 동일 코드 중 매핑 레코드 선택
315,104700::2024,104700,한국철강(주),한국철강(주),KOSPI,2025/12,032401,1차 철강 제조업,01,KISCO Corp.,2008/09/29,,KEB하나은행,코스피_전업종_폐지사 포함_일반사항.xlsx,,2024-12-31 상장상태를 우선하여 동일 코드 중 매핑 레코드 선택
316,104830::2024,104830,(주)원익머트리얼즈,원익머트리얼즈,KOSDAQ,2025/12,032001,기초 화학물질 제조업,01,"WONIK Materials Co.,Ltd.",2011/12/28,,국민은행,코스닥_전업종_폐지사 포함_일반사항.xlsx,,2024-12-31 상장상태를 우선하여 동일 코드 중 매핑 레코드 선택
317,105630::2024,105630,한세실업(주),한세실업(주),KOSPI,2025/12,031401,봉제의복 제조업,01,"HANSAE Co.,Ltd.",2009/03/20,,,코스피_전업종_폐지사 포함_일반사항.xlsx,,2024-12-31 상장상태를 우선하여 동일 코드 중 매핑 레코드 선택
318,105760::2024,105760,(주)포스뱅크,포스뱅크,KOSDAQ,2025/12,032901,일반 목적용 기계 제조업,01,"POSBANK CO., LTD.",2024/01/29,,신한은행,코스닥_전업종_폐지사 포함_일반사항.xlsx,,2024-12-31 상장상태를 우선하여 동일 코드 중 매핑 레코드 선택
319,105840::2024,105840,(주)우진,우진,KOSPI,2025/12,032702,"측정, 시험, 항해, 제어 및 기타 정밀기기 제조업; 광학기기 제외",01,WOOJIN INC.,2010/07/26,,,코스피_전업종_폐지사 포함_일반사항.xlsx,,2024-12-31 상장상태를 우선하여 동일 코드 중 매핑 레코드 선택
320,106520::2024,106520,(주)노블엠앤비,노블엠앤비,KOSDAQ,2025/12,032703,사진장비 및 광학기기 제조업,01,"Noble M&B Co., Ltd.",2012/07/13,,국민은행,코스닥_전업종_폐지사 포함_일반사항.xlsx,,2024-12-31 상장상태를 우선하여 동일 코드 중 매핑 레코드 선택
321,108230::2024,108230,(주)톱텍,톱텍,KOSDAQ,2025/12,032902,특수 목적용 기계 제조업,01,"TOPTEC Co., Ltd.",2009/09/15,,IBK기업은행,코스닥_전업종_폐지사 포함_일반사항.xlsx,,2024-12-31 상장상태를 우선하여 동일 코드 중 매핑 레코드 선택
322,108380::2024,108380,대양전기공업(주),대양전기공업(주),KOSDAQ,2025/12,033101,선박 및 보트 건조업,01,"DAEYANG ELECTRIC Co., Ltd.",2011/07/08,,IBK기업은행,코스닥_전업종_폐지사 포함_일반사항.xlsx,,2024-12-31 상장상태를 우선하여 동일 코드 중 매핑 레코드 선택
323,109610::2024,109610,에스와이(주),에스와이(주),KOSDAQ,2025/12,032501,"구조용 금속제품, 탱크 및 증기발생기 제조업",01,"SY CO., LTD.",2015/12/29,,IBK기업은행,코스닥_전업종_폐지사 포함_일반사항.xlsx,,2024-12-31 상장상태를 우선하여 동일 코드 중 매핑 레코드 선택
324,109670::2024,109670,씨싸이트(주),씨싸이트(주),KOSDAQ,2025/12,031401,봉제의복 제조업,01,"C-Site Co.,Ltd.",2023/12/21,,KEB하나은행,코스닥_전업종_폐지사 포함_일반사항.xlsx,,2024-12-31 상장상태를 우선하여 동일 코드 중 매핑 레코드 선택
325,109740::2024,109740,(주)디에스케이,디에스케이,KOSDAQ,2025/12,032902,특수 목적용 기계 제조업,01,"DSK Co.,Ltd.",2009/09/23,,IBK기업은행,코스닥_전업종_폐지사 포함_일반사항.xlsx,,2024-12-31 상장상태를 우선하여 동일 코드 중 매핑 레코드 선택
326,109860::2024,109860,동일금속(주),동일금속(주),KOSDAQ,2025/12,032403,금속 주조업,01,"DONGIL METAL Co., Ltd.",2009/07/28,,DGB대구은행,코스닥_전업종_폐지사 포함_일반사항.xlsx,,2024-12-31 상장상태를 우선하여 동일 코드 중 매핑 레코드 선택
327,110790::2024,110790,(주)크리스에프앤씨,크리스에프앤씨,KOSDAQ,2025/12,031401,봉제의복 제조업,01,"Creas F&C Co., Ltd.",2018/10/01,,IBK기업은행,코스닥_전업종_폐지사 포함_일반사항.xlsx,,2024-12-31 상장상태를 우선하여 동일 코드 중 매핑 레코드 선택
328,110990::2024,110990,디아이티(주),디아이티(주),KOSDAQ,2025/12,032902,특수 목적용 기계 제조업,01,DIT Corp.,2018/08/07,,우리은행,코스닥_전업종_폐지사 포함_일반사항.xlsx,,2024-12-31 상장상태를 우선하여 동일 코드 중 매핑 레코드 선택
329,111870::2024,111870,KH 미래물산,KH 미래물산,KOSDAQ,,,,,,,,,공개 웹 종목자료 보완,https://www.k5.co.kr/stock/111870,비재무 일반사항 파일에서 미매핑되어 공개 종목자료로 보완
330,114840::2024,114840,(주)아이패밀리에스씨,아이패밀리에스씨,KOSDAQ,2025/12,032004,기타 화학제품 제조업,01,"iFamilySC Co., Ltd.",2021/10/28,,신한은행,코스닥_전업종_폐지사 포함_일반사항.xlsx,,2024-12-31 상장상태를 우선하여 동일 코드 중 매핑 레코드 선택
331,115310::2024,115310,(주)인포바인,인포바인,KOSDAQ,2025/12,106102,전기 통신업,01,"INFOvine co., Ltd.",2010/02/09,,신한은행,코스닥_전업종_폐지사 포함_일반사항.xlsx,,2024-12-31 상장상태를 우선하여 동일 코드 중 매핑 레코드 선택
332,115450::2024,115450,에이치엘비테라퓨틱스(주),에이치엘비테라퓨틱스(주),KOSDAQ,2025/12,074607,기타 전문 도매업,01,"HLB Therapeutics Co.,Ltd.",2010/03/26,,IBK기업은행,코스닥_전업종_폐지사 포함_일반사항.xlsx,,2024-12-31 상장상태를 우선하여 동일 코드 중 매핑 레코드 선택
333,119500::2024,119500,(주)포메탈,포메탈,KOSDAQ,2025/12,032509,기타 금속 가공제품 제조업,01,"FORMETAL Co., Ltd.",2010/09/17,,IBK기업은행,코스닥_전업종_폐지사 포함_일반사항.xlsx,,2024-12-31 상장상태를 우선하여 동일 코드 중 매핑 레코드 선택
334,119830::2024,119830,아이텍(주),아이텍(주),KOSDAQ,2025/12,137309,"그 외 기타 전문, 과학 및 기술 서비스업",01,"ITEK, Inc.",2010/10/26,,IBK기업은행,코스닥_전업종_폐지사 포함_일반사항.xlsx,,2024-12-31 상장상태를 우선하여 동일 코드 중 매핑 레코드 선택
335,120240::2024,120240,대정화금(주),대정화금(주),KOSDAQ,2025/12,032001,기초 화학물질 제조업,01,"Daejung Chemicals & Metals Co., Ltd.",2010/12/20,,신한은행,코스닥_전업종_폐지사 포함_일반사항.xlsx,,2024-12-31 상장상태를 우선하여 동일 코드 중 매핑 레코드 선택
336,121060::2024,121060,(주)유니포인트,유니포인트,KONEX,2024/12,106201,"컴퓨터 프로그래밍, 시스템 통합 및 관리업",01,UNIPOINT Corp.,2014/10/24,,우리은행,코넥스_전업종_일반사항.xlsx,,2024-12-31 상장상태를 우선하여 동일 코드 중 매핑 레코드 선택
337,121600::2024,121600,(주)나노신소재,나노신소재,KOSDAQ,2025/12,032004,기타 화학제품 제조업,01,"Advanced Nano Products Co., Ltd.",2011/02/09,,국민은행,코스닥_전업종_폐지사 포함_일반사항.xlsx,,2024-12-31 상장상태를 우선하여 동일 코드 중 매핑 레코드 선택
338,122350::2024,122350,(주)삼기,삼기,KOSDAQ,2025/12,033003,자동차 신품 부품 제조업,01,SAMKEE CORP.,2010/03/19,,KEB하나은행,코스닥_전업종_폐지사 포함_일반사항.xlsx,,2024-12-31 상장상태를 우선하여 동일 코드 중 매핑 레코드 선택
339,122640::2024,122640,(주)예스티,예스티,KOSDAQ,2025/12,032902,특수 목적용 기계 제조업,01,"YEST Co.,Ltd.",2015/12/16,,IBK기업은행,코스닥_전업종_폐지사 포함_일반사항.xlsx,,2024-12-31 상장상태를 우선하여 동일 코드 중 매핑 레코드 선택
340,123330::2024,123330,(주)제닉,제닉,KOSDAQ,2025/12,032004,기타 화학제품 제조업,01,"GENIC Co., Ltd.",2011/08/03,,NH농협,코스닥_전업종_폐지사 포함_일반사항.xlsx,,2024-12-31 상장상태를 우선하여 동일 코드 중 매핑 레코드 선택
341,123410::2024,123410,코리아에프티(주),코리아에프티(주),KOSDAQ,2025/12,033003,자동차 신품 부품 제조업,01,KOREA FUEL-TECH CORPORATION,2010/08/27,,국민은행,코스닥_전업종_폐지사 포함_일반사항.xlsx,,2024-12-31 상장상태를 우선하여 동일 코드 중 매핑 레코드 선택
342,123570::2024,123570,(주)이엠넷,이엠넷,KOSDAQ,2025/12,137103,광고업,01,EMNET INC.,2011/11/25,,IBK기업은행,코스닥_전업종_폐지사 포함_일반사항.xlsx,,2024-12-31 상장상태를 우선하여 동일 코드 중 매핑 레코드 선택
343,123840::2024,123840,(주)뉴온,뉴온,KOSDAQ,2025/12,031008,기타 식품 제조업,01,"NUON CO., LTD.",2010/10/05,,우리은행,코스닥_전업종_폐지사 포함_일반사항.xlsx,,2024-12-31 상장상태를 우선하여 동일 코드 중 매핑 레코드 선택
344,124500::2024,124500,(주)아이티센글로벌,아이티센글로벌,KOSDAQ,2025/12,106201,"컴퓨터 프로그래밍, 시스템 통합 및 관리업",01,"ITCENGLOBAL CO., Ltd.",2014/12/23,,IBK기업은행,코스닥_전업종_폐지사 포함_일반사항.xlsx,,2024-12-31 상장상태를 우선하여 동일 코드 중 매핑 레코드 선택
345,124560::2024,124560,(주)태웅로직스,태웅로직스,KOSDAQ,2025/12,085209,기타 운송관련 서비스업,01,"Taewoong Logistics Co., Ltd.",2019/12/10,,IBK기업은행,코스닥_전업종_폐지사 포함_일반사항.xlsx,,2024-12-31 상장상태를 우선하여 동일 코드 중 매핑 레코드 선택
346,126600::2024,126600,(주)비지에프에코머티리얼즈,비지에프에코머티리얼즈,KOSDAQ,2025/12,032002,합성고무 및 플라스틱 물질 제조업,01,"BGFecomaterials CO., LTD.",2010/11/12,,신한은행,코스닥_전업종_폐지사 포함_일반사항.xlsx,,2024-12-31 상장상태를 우선하여 동일 코드 중 매핑 레코드 선택
347,126640::2024,126640,(주)화신정공,화신정공,KOSDAQ,2025/12,033003,자동차 신품 부품 제조업,01,"HWASHIN PRECISION Co., Ltd.",2010/08/31,,우리은행,코스닥_전업종_폐지사 포함_일반사항.xlsx,,2024-12-31 상장상태를 우선하여 동일 코드 중 매핑 레코드 선택
348,126720::2024,126720,(주)수산인더스트리,수산인더스트리,KOSPI,2025/12,064202,건물설비 설치 공사업,01,SOOSAN INDUSTRIES,2022/08/01,,,코스피_전업종_폐지사 포함_일반사항.xlsx,,2024-12-31 상장상태를 우선하여 동일 코드 중 매핑 레코드 선택
349,126730::2024,126730,코칩(주),코칩(주),KOSDAQ,2025/12,032602,전자부품 제조업,01,KORCHIP CORPORATION,2024/05/07,,국민은행,코스닥_전업종_폐지사 포함_일반사항.xlsx,,2024-12-31 상장상태를 우선하여 동일 코드 중 매핑 레코드 선택
350,128660::2024,128660,(주)피제이메탈,피제이메탈,KOSDAQ,2025/12,032402,1차 비철금속 제조업,01,"PJ METAL Co., Ltd.",2010/12/13,,국민은행,코스닥_전업종_폐지사 포함_일반사항.xlsx,,2024-12-31 상장상태를 우선하여 동일 코드 중 매핑 레코드 선택
351,128820::2024,128820,대성산업(주),대성산업(주),KOSPI,2025/12,074707,연료 소매업,01,"DAESUNG INDUSTRIAL Co., Ltd.",2010/07/30,,,코스피_전업종_폐지사 포함_일반사항.xlsx,,2024-12-31 상장상태를 우선하여 동일 코드 중 매핑 레코드 선택
352,129890::2024,129890,(주)앱코,앱코,KOSDAQ,2025/12,032603,컴퓨터 및 주변장치 제조업,01,"ABKO Co., Ltd.",2020/12/02,,KDB산업은행,코스닥_전업종_폐지사 포함_일반사항.xlsx,,2024-12-31 상장상태를 우선하여 동일 코드 중 매핑 레코드 선택
353,130500::2024,130500,지에이치신소재(주),지에이치신소재(주),KOSDAQ,2025/12,031309,기타 섬유제품 제조업,01,GH Advanced Materials Inc.,2013/08/01,,신한은행,코스닥_전업종_폐지사 포함_일반사항.xlsx,,2024-12-31 상장상태를 우선하여 동일 코드 중 매핑 레코드 선택
354,131030::2024,131030,(주)옵투스제약,옵투스제약,KOSDAQ,2025/12,032102,의약품 제조업,01,"OPTUS Pharmaceutical Co., Ltd.",2010/12/03,,신한은행,코스닥_전업종_폐지사 포함_일반사항.xlsx,,2024-12-31 상장상태를 우선하여 동일 코드 중 매핑 레코드 선택
355,131090::2024,131090,(주)시큐브,시큐브,KOSDAQ,2025/12,105802,소프트웨어 개발 및 공급업,01,"SECUVE Co.,Ltd.",2011/12/21,,국민은행,코스닥_전업종_폐지사 포함_일반사항.xlsx,,2024-12-31 상장상태를 우선하여 동일 코드 중 매핑 레코드 선택
356,131290::2024,131290,(주)티에스이,티에스이,KOSDAQ,2025/12,032702,"측정, 시험, 항해, 제어 및 기타 정밀기기 제조업; 광학기기 제외",01,"TSE CO., Ltd.",2011/01/05,,KEB하나은행,코스닥_전업종_폐지사 포함_일반사항.xlsx,,2024-12-31 상장상태를 우선하여 동일 코드 중 매핑 레코드 선택
357,131400::2024,131400,(주)이브이첨단소재,이브이첨단소재,KOSDAQ,2025/12,032602,전자부품 제조업,01,"EV ADVANCED MATERIAL Co., Ltd.",2010/12/27,,우리은행,코스닥_전업종_폐지사 포함_일반사항.xlsx,,2024-12-31 상장상태를 우선하여 동일 코드 중 매핑 레코드 선택
358,136490::2024,136490,(주)선진,선진,KOSPI,2025/12,031009,동물용 사료 및 조제식품 제조업,01,"Sunjin Co., Ltd.",2011/02/16,,,코스피_전업종_폐지사 포함_일반사항.xlsx,,2024-12-31 상장상태를 우선하여 동일 코드 중 매핑 레코드 선택
359,136540::2024,136540,(주)윈스테크넷,윈스테크넷,KOSDAQ,2025/12,106201,"컴퓨터 프로그래밍, 시스템 통합 및 관리업",01,"WINS Technet Co., Ltd.",2011/05/02,,국민은행,코스닥_전업종_폐지사 포함_일반사항.xlsx,,2024-12-31 상장상태를 우선하여 동일 코드 중 매핑 레코드 선택
360,137080::2024,137080,(주)나래나노텍,나래나노텍,KOSDAQ,2025/12,032902,특수 목적용 기계 제조업,01,NARAE NANOTECH CORPORATION,2022/02/08,,IBK기업은행,코스닥_전업종_폐지사 포함_일반사항.xlsx,,2024-12-31 상장상태를 우선하여 동일 코드 중 매핑 레코드 선택
361,138080::2024,138080,(주)오이솔루션,오이솔루션,KOSDAQ,2025/12,032604,통신 및 방송 장비 제조업,01,"OE Solutions Co., Ltd.",2014/02/27,,IBK기업은행,코스닥_전업종_폐지사 포함_일반사항.xlsx,,2024-12-31 상장상태를 우선하여 동일 코드 중 매핑 레코드 선택
362,138490::2024,138490,코오롱이앤피(주),코오롱이앤피(주),KOSPI,2025/12,032002,합성고무 및 플라스틱 물질 제조업,01,"KOLON ENP, INC.",2011/06/15,,,코스피_전업종_폐지사 포함_일반사항.xlsx,,2024-12-31 상장상태를 우선하여 동일 코드 중 매핑 레코드 선택
363,140070::2024,140070,(주)서플러스글로벌,서플러스글로벌,KOSDAQ,2025/12,074605,기계장비 및 관련 물품 도매업,01,"SurplusGLOBAL, Inc.",2017/01/25,,KDB산업은행,코스닥_전업종_폐지사 포함_일반사항.xlsx,,2024-12-31 상장상태를 우선하여 동일 코드 중 매핑 레코드 선택
364,140430::2024,140430,(주)카티스,카티스,KOSDAQ,2025/12,106201,"컴퓨터 프로그래밍, 시스템 통합 및 관리업",01,CATIS INC.,2024/05/03,,IBK기업은행,코스닥_전업종_폐지사 포함_일반사항.xlsx,,2024-12-31 상장상태를 우선하여 동일 코드 중 매핑 레코드 선택
365,140670::2024,140670,알에스오토메이션(주),알에스오토메이션(주),KOSDAQ,2025/12,032602,전자부품 제조업,01,"RS AUTOMATION CO.,LTD.",2017/08/11,,IBK기업은행,코스닥_전업종_폐지사 포함_일반사항.xlsx,,2024-12-31 상장상태를 우선하여 동일 코드 중 매핑 레코드 선택
366,141080::2024,141080,(주)리가켐 바이오사이언스,리가켐 바이오사이언스,KOSDAQ,2025/12,137001,자연과학 및 공학 연구개발업,01,LigaChem Biosciences Inc.,2013/05/10,,KEB하나은행,코스닥_전업종_폐지사 포함_일반사항.xlsx,,2024-12-31 상장상태를 우선하여 동일 코드 중 매핑 레코드 선택
367,142210::2024,142210,(주)유니트론텍,유니트론텍,KOSDAQ,2025/12,074502,자동차 부품 및 내장품 판매업,01,"Unitrontech Co., Ltd.",2016/02/02,,한국씨티은행,코스닥_전업종_폐지사 포함_일반사항.xlsx,,2024-12-31 상장상태를 우선하여 동일 코드 중 매핑 레코드 선택
368,146060::2024,146060,(주)율촌,율촌,KOSDAQ,2025/12,032401,1차 철강 제조업,01,"YULCHON CO.,LTD.",2023/09/08,,신한은행,코스닥_전업종_폐지사 포함_일반사항.xlsx,,2024-12-31 상장상태를 우선하여 동일 코드 중 매핑 레코드 선택
369,146320::2024,146320,비씨엔씨(주),비씨엔씨(주),KOSDAQ,2025/12,032601,반도체 제조업,01,"BCnC Co., Ltd.",2022/03/03,,IBK기업은행,코스닥_전업종_폐지사 포함_일반사항.xlsx,,2024-12-31 상장상태를 우선하여 동일 코드 중 매핑 레코드 선택
370,147830::2024,147830,제룡산업(주),제룡산업(주),KOSDAQ,2025/12,032501,"구조용 금속제품, 탱크 및 증기발생기 제조업",01,"CHERYONG INDUSTRIAL CO.,LTD.",2012/02/13,,IBK기업은행,코스닥_전업종_폐지사 포함_일반사항.xlsx,,2024-12-31 상장상태를 우선하여 동일 코드 중 매핑 레코드 선택
371,149950::2024,149950,(주)아바텍,아바텍,KOSDAQ,2025/12,032602,전자부품 제조업,01,"AVATEC CO.,LTD.",2012/11/06,,우리은행,코스닥_전업종_폐지사 포함_일반사항.xlsx,,2024-12-31 상장상태를 우선하여 동일 코드 중 매핑 레코드 선택
372,155650::2024,155650,와이엠씨(주),와이엠씨(주),KOSDAQ,2025/12,032602,전자부품 제조업,01,"YMC Co., Ltd.",2012/11/15,,IBK기업은행,코스닥_전업종_폐지사 포함_일반사항.xlsx,,2024-12-31 상장상태를 우선하여 동일 코드 중 매핑 레코드 선택
373,161580::2024,161580,(주)필옵틱스,필옵틱스,KOSDAQ,2025/12,032902,특수 목적용 기계 제조업,01,"PHILOPTICS CO., LTD.",2017/06/01,,IBK기업은행,코스닥_전업종_폐지사 포함_일반사항.xlsx,,2024-12-31 상장상태를 우선하여 동일 코드 중 매핑 레코드 선택
374,162120::2024,162120,(주)루켄테크놀러지스,루켄테크놀러지스,KONEX,2024/12,032809,기타 전기장비 제조업,01,"LUKEN Technologies Co., Ltd.",2017/07/25,,IBK기업은행,코넥스_전업종_일반사항.xlsx,,2024-12-31 상장상태를 우선하여 동일 코드 중 매핑 레코드 선택
375,163280::2024,163280,(주)에어레인,에어레인,KOSDAQ,2025/12,032901,일반 목적용 기계 제조업,01,"Airrane Co., Ltd.",2024/11/08,,IBK기업은행,코스닥_전업종_폐지사 포함_일반사항.xlsx,,2024-12-31 상장상태를 우선하여 동일 코드 중 매핑 레코드 선택
376,163560::2024,163560,동일고무벨트(주),동일고무벨트(주),KOSPI,2025/12,032201,고무제품 제조업,01,"DRB Industrial Co.,Ltd.",2012/10/19,,,코스피_전업종_폐지사 포함_일반사항.xlsx,,2024-12-31 상장상태를 우선하여 동일 코드 중 매핑 레코드 선택
377,163730::2024,163730,(주)핑거,핑거,KOSDAQ,2025/12,105802,소프트웨어 개발 및 공급업,01,FINGER,2021/01/29,,국민은행,코스닥_전업종_폐지사 포함_일반사항.xlsx,,2024-12-31 상장상태를 우선하여 동일 코드 중 매핑 레코드 선택
378,166090::2024,166090,하나머티리얼즈(주),하나머티리얼즈(주),KOSDAQ,2025/12,032601,반도체 제조업,01,Hana Materials Inc.,2017/04/28,,KDB산업은행,코스닥_전업종_폐지사 포함_일반사항.xlsx,,2024-12-31 상장상태를 우선하여 동일 코드 중 매핑 레코드 선택
379,169330::2024,169330,(주)마크로밀엠브레인,마크로밀엠브레인,KOSDAQ,2025/06,137104,시장조사 및 여론조사업,01,"Macromill Embrain Co., Ltd.",2020/07/01,,우리은행,코스닥_전업종_폐지사 포함_일반사항.xlsx,,2024-12-31 상장상태를 우선하여 동일 코드 중 매핑 레코드 선택
380,170030::2024,170030,(주)현대공업,현대공업,KOSDAQ,2025/12,033003,자동차 신품 부품 제조업,01,"Hyundai Industrial Co.,Ltd.",2013/12/04,,IBK기업은행,코스닥_전업종_폐지사 포함_일반사항.xlsx,,2024-12-31 상장상태를 우선하여 동일 코드 중 매핑 레코드 선택
381,171010::2024,171010,램테크놀러지(주),램테크놀러지(주),KOSDAQ,2025/12,032001,기초 화학물질 제조업,01,"RAM TECHNOLOGY CO., LTD.",2013/11/18,,IBK기업은행,코스닥_전업종_폐지사 포함_일반사항.xlsx,,2024-12-31 상장상태를 우선하여 동일 코드 중 매핑 레코드 선택
382,172670::2024,172670,(주)에이엘티,에이엘티,KOSDAQ,2025/12,032601,반도체 제조업,01,"ALT CO.,LTD.",2023/07/27,,KDB산업은행,코스닥_전업종_폐지사 포함_일반사항.xlsx,,2024-12-31 상장상태를 우선하여 동일 코드 중 매핑 레코드 선택
383,174880::2024,174880,장원테크,장원테크,KOSDAQ,,,,,,,,,공개 웹 종목자료 보완,https://kr.investing.com/equities/jang-won-tech-co-ltd,비재무 일반사항 파일에서 미매핑되어 공개 종목자료로 보완
384,175140::2024,175140,(주)휴먼테크놀로지,휴먼테크놀로지,KOSDAQ,2025/12,032604,통신 및 방송 장비 제조업,01,"HUMAN TECHNOLOGY Co., Ltd.",2015/09/23,,우리은행,코스닥_전업종_폐지사 포함_일반사항.xlsx,,2024-12-31 상장상태를 우선하여 동일 코드 중 매핑 레코드 선택
385,183490::2024,183490,(주)엔지켐생명과학,엔지켐생명과학,KOSDAQ,2025/12,032101,기초 의약 물질 제조업,01,ENZYCHEM LIFESCIENCES CORPORATION,2018/02/21,,우리은행,코스닥_전업종_폐지사 포함_일반사항.xlsx,,2024-12-31 상장상태를 우선하여 동일 코드 중 매핑 레코드 선택
386,184230::2024,184230,에스지에이솔루션즈(주),에스지에이솔루션즈(주),KOSDAQ,2025/12,105802,소프트웨어 개발 및 공급업,01,"SGA Solutions Co.,Ltd.",2013/12/20,,우리은행,코스닥_전업종_폐지사 포함_일반사항.xlsx,,2024-12-31 상장상태를 우선하여 동일 코드 중 매핑 레코드 선택
387,185750::2024,185750,(주)종근당,종근당,KOSPI,2025/12,032102,의약품 제조업,01,Chong Kun Dang Pharmaceutical Corp.,2013/12/06,,,코스피_전업종_폐지사 포함_일반사항.xlsx,,2024-12-31 상장상태를 우선하여 동일 코드 중 매핑 레코드 선택
388,186230::2024,186230,(주)그린플러스,그린플러스,KOSDAQ,2025/12,032402,1차 비철금속 제조업,01,"GREEN PLUS Co.,Ltd.",2019/08/07,,IBK기업은행,코스닥_전업종_폐지사 포함_일반사항.xlsx,,2024-12-31 상장상태를 우선하여 동일 코드 중 매핑 레코드 선택
389,187790::2024,187790,(주)나노,나노,KOSDAQ,2025/12,032001,기초 화학물질 제조업,01,"NANO. Co., Ltd.",2014/05/08,,신한은행,코스닥_전업종_폐지사 포함_일반사항.xlsx,,2024-12-31 상장상태를 우선하여 동일 코드 중 매핑 레코드 선택
390,189300::2024,189300,(주)인텔리안테크놀로지스,인텔리안테크놀로지스,KOSDAQ,2025/12,032604,통신 및 방송 장비 제조업,01,Intellian Technologies Inc.,2016/10/18,,KDB산업은행,코스닥_전업종_폐지사 포함_일반사항.xlsx,,2024-12-31 상장상태를 우선하여 동일 코드 중 매핑 레코드 선택
391,191410::2024,191410,(주)육일씨엔에쓰,육일씨엔에쓰,KOSDAQ,2025/12,032602,전자부품 제조업,01,"RYUK-IL C&S., Ltd.",2015/12/24,,국민은행,코스닥_전업종_폐지사 포함_일반사항.xlsx,,2024-12-31 상장상태를 우선하여 동일 코드 중 매핑 레코드 선택
392,192410::2024,192410,(주)오늘이엔엠,오늘이엔엠,KOSDAQ,2025/12,032604,통신 및 방송 장비 제조업,01,"ONEUL E&M co.,Ltd.",2014/08/14,,IBK기업은행,코스닥_전업종_폐지사 포함_일반사항.xlsx,,2024-12-31 상장상태를 우선하여 동일 코드 중 매핑 레코드 선택
393,194700::2024,194700,(주)노바렉스,노바렉스,KOSDAQ,2025/12,031008,기타 식품 제조업,01,"NOVAREX Co.,Ltd.",2018/11/14,,신한은행,코스닥_전업종_폐지사 포함_일반사항.xlsx,,2024-12-31 상장상태를 우선하여 동일 코드 중 매핑 레코드 선택
394,196700::2024,196700,(주)웹스,웹스,KOSDAQ,2025/12,032002,합성고무 및 플라스틱 물질 제조업,01,"WAPS Co., Ltd.",2015/08/24,,우리은행,코스닥_전업종_폐지사 포함_일반사항.xlsx,,2024-12-31 상장상태를 우선하여 동일 코드 중 매핑 레코드 선택
395,197140::2024,197140,(주)디지캡,디지캡,KOSDAQ,2025/12,105802,소프트웨어 개발 및 공급업,01,"DigiCAP Co., Ltd.",2018/09/07,,KDB산업은행,코스닥_전업종_폐지사 포함_일반사항.xlsx,,2024-12-31 상장상태를 우선하여 동일 코드 중 매핑 레코드 선택
396,198440::2024,198440,(주)강동씨앤엘,강동씨앤엘,KOSDAQ,2025/12,032303,"시멘트, 석회, 플라스터 및 그 제품 제조업",01,"KANGDONG C&L CO., LTD.",2014/08/13,,우리은행,코스닥_전업종_폐지사 포함_일반사항.xlsx,,2024-12-31 상장상태를 우선하여 동일 코드 중 매핑 레코드 선택
397,199150::2024,199150,(주)데이터스트림즈,데이터스트림즈,KONEX,2024/12,105802,소프트웨어 개발 및 공급업,01,Data Streams Corp.,2014/06/25,,KEB하나은행,코넥스_전업종_일반사항.xlsx,,2024-12-31 상장상태를 우선하여 동일 코드 중 매핑 레코드 선택
398,199480::2024,199480,뱅크웨어글로벌(주),뱅크웨어글로벌(주),KOSDAQ,2025/12,105802,소프트웨어 개발 및 공급업,01,"Bankware Global Co., Ltd.",2024/08/12,,KDB산업은행,코스닥_전업종_폐지사 포함_일반사항.xlsx,,2024-12-31 상장상태를 우선하여 동일 코드 중 매핑 레코드 선택
399,200130::2024,200130,콜마비앤에이치(주),콜마비앤에이치(주),KOSDAQ,2025/12,032101,기초 의약 물질 제조업,01,"Kolmar BNH Co., Ltd.",2014/07/23,,국민은행,코스닥_전업종_폐지사 포함_일반사항.xlsx,,2024-12-31 상장상태를 우선하여 동일 코드 중 매핑 레코드 선택
400,200350::2024,200350,(주)아티스트스튜디오,아티스트스튜디오,KOSDAQ,2025/12,105901,"영화, 비디오물, 방송프로그램 제작 및 배급업",01,Artist Studio Inc.,2021/12/30,,국민은행,코스닥_전업종_폐지사 포함_일반사항.xlsx,,2024-12-31 상장상태를 우선하여 동일 코드 중 매핑 레코드 선택
401,200710::2024,200710,(주)에이디테크놀로지,에이디테크놀로지,KOSDAQ,2025/12,032601,반도체 제조업,01,"ADTechnology.Co., Ltd.",2014/12/16,,KEB하나은행,코스닥_전업종_폐지사 포함_일반사항.xlsx,,2024-12-31 상장상태를 우선하여 동일 코드 중 매핑 레코드 선택
402,200880::2024,200880,(주)서연이화,서연이화,KOSPI,2025/12,033003,자동차 신품 부품 제조업,01,"SEOYON E-HWA CO.,LTD.",2014/08/08,,,코스피_전업종_폐지사 포함_일반사항.xlsx,,2024-12-31 상장상태를 우선하여 동일 코드 중 매핑 레코드 선택
403,203650::2024,203650,(주)드림시큐리티,드림시큐리티,KOSDAQ,2025/12,105802,소프트웨어 개발 및 공급업,01,"Dream Security Co.,Ltd.",2014/10/13,,신한은행,코스닥_전업종_폐지사 포함_일반사항.xlsx,,2024-12-31 상장상태를 우선하여 동일 코드 중 매핑 레코드 선택
404,204020::2024,204020,(주)그리티,그리티,KOSDAQ,2025/12,031401,봉제의복 제조업,01,"GRITEE, Inc.",2018/07/23,,우리은행,코스닥_전업종_폐지사 포함_일반사항.xlsx,,2024-12-31 상장상태를 우선하여 동일 코드 중 매핑 레코드 선택
405,206560::2024,206560,(주)덱스터스튜디오,덱스터스튜디오,KOSDAQ,2025/12,105901,"영화, 비디오물, 방송프로그램 제작 및 배급업",01,"Dexter studios Co.,Ltd.",2015/12/22,,신한은행,코스닥_전업종_폐지사 포함_일반사항.xlsx,,2024-12-31 상장상태를 우선하여 동일 코드 중 매핑 레코드 선택
406,208350::2024,208350,(주)지란지교시큐리티,지란지교시큐리티,KOSDAQ,2025/12,105802,소프트웨어 개발 및 공급업,01,"Jiransecurity Co., Ltd.",2014/12/24,,국민은행,코스닥_전업종_폐지사 포함_일반사항.xlsx,,2024-12-31 상장상태를 우선하여 동일 코드 중 매핑 레코드 선택
407,209640::2024,209640,와이제이링크(주),와이제이링크(주),KOSDAQ,2025/12,032902,특수 목적용 기계 제조업,01,"YJ LINK CO.,LTD.",2024/10/18,,아이엠뱅크,코스닥_전업종_폐지사 포함_일반사항.xlsx,,2024-12-31 상장상태를 우선하여 동일 코드 중 매핑 레코드 선택
408,210980::2024,210980,에스케이디앤디(주),에스케이디앤디(주),KOSPI,2025/12,126801,부동산 임대 및 공급업,01,"SK D&D Co., Ltd.",2015/06/23,,,코스피_전업종_폐지사 포함_일반사항.xlsx,,2024-12-31 상장상태를 우선하여 동일 코드 중 매핑 레코드 선택
409,212710::2024,212710,(주)아이에스티이,아이에스티이,KOSDAQ,2025/12,032601,반도체 제조업,01,"ISTE Co., Ltd.",2025/02/12,,IBK기업은행,코스닥_전업종_폐지사 포함_일반사항.xlsx,,2024-12-31 상장상태를 우선하여 동일 코드 중 매핑 레코드 선택
410,214180::2024,214180,(주)헥토이노베이션,헥토이노베이션,KOSDAQ,2025/12,106309,기타 정보 서비스업,01,"Hecto Innovation Co., Ltd.",2015/06/30,,IBK기업은행,코스닥_전업종_폐지사 포함_일반사항.xlsx,,2024-12-31 상장상태를 우선하여 동일 코드 중 매핑 레코드 선택
411,214260::2024,214260,(주)라파스,라파스,KOSDAQ,2025/12,032004,기타 화학제품 제조업,01,"RAPHAS CO., LTD.",2019/11/11,,KDB산업은행,코스닥_전업종_폐지사 포함_일반사항.xlsx,,2024-12-31 상장상태를 우선하여 동일 코드 중 매핑 레코드 선택
412,214270::2024,214270,(주)에프에스엔,에프에스엔,KOSDAQ,2025/12,105802,소프트웨어 개발 및 공급업,01,"FSN Co., Ltd.",2015/03/25,,국민은행,코스닥_전업종_폐지사 포함_일반사항.xlsx,,2024-12-31 상장상태를 우선하여 동일 코드 중 매핑 레코드 선택
413,214330::2024,214330,(주)금호에이치티,금호에이치티,KOSPI,2025/12,033003,자동차 신품 부품 제조업,01,"KUMHO HT, INC.",2015/11/11,,,코스피_전업종_폐지사 포함_일반사항.xlsx,,2024-12-31 상장상태를 우선하여 동일 코드 중 매핑 레코드 선택
414,215090::2024,215090,(주)솔디펜스,솔디펜스,KOSDAQ,2025/12,032702,"측정, 시험, 항해, 제어 및 기타 정밀기기 제조업; 광학기기 제외",01,"SolDefense Co., Ltd.",2015/04/28,,우리은행,코스닥_전업종_폐지사 포함_일반사항.xlsx,,2024-12-31 상장상태를 우선하여 동일 코드 중 매핑 레코드 선택
415,215480::2024,215480,(주)토박스코리아,토박스코리아,KOSDAQ,2025/12,074704,"섬유, 의복, 신발 및 가죽제품 소매업",01,"TOEBOX KOREA, Ltd.",2015/05/13,,우리은행,코스닥_전업종_폐지사 포함_일반사항.xlsx,,2024-12-31 상장상태를 우선하여 동일 코드 중 매핑 레코드 선택
416,215600::2024,215600,신라젠(주),신라젠(주),KOSDAQ,2025/12,137001,자연과학 및 공학 연구개발업,01,"Sillajen, Inc.",2016/12/06,,신한은행,코스닥_전업종_폐지사 포함_일반사항.xlsx,,2024-12-31 상장상태를 우선하여 동일 코드 중 매핑 레코드 선택
417,217480::2024,217480,(주)에스디생명공학,에스디생명공학,KOSDAQ,2025/12,032004,기타 화학제품 제조업,01,"SD BIOTECHNOLOGIES CO., LTD.",2017/03/02,,IBK기업은행,코스닥_전업종_폐지사 포함_일반사항.xlsx,,2024-12-31 상장상태를 우선하여 동일 코드 중 매핑 레코드 선택
418,217500::2024,217500,(주)러셀,러셀,KOSDAQ,2025/12,032902,특수 목적용 기계 제조업,01,"RUSSELL CO., LTD.",2015/06/16,,우리은행,코스닥_전업종_폐지사 포함_일반사항.xlsx,,2024-12-31 상장상태를 우선하여 동일 코드 중 매핑 레코드 선택
419,218150::2024,218150,(주)미래생명자원,미래생명자원,KOSDAQ,2025/12,031009,동물용 사료 및 조제식품 제조업,01,"MILAE BIORESOURCES CO., LTD.",2015/06/18,,KEB하나은행,코스닥_전업종_폐지사 포함_일반사항.xlsx,,2024-12-31 상장상태를 우선하여 동일 코드 중 매핑 레코드 선택
420,219130::2024,219130,(주)타이거일렉,타이거일렉,KOSDAQ,2025/12,032602,전자부품 제조업,01,"TigerElec Co.,Ltd.",2015/09/25,,IBK기업은행,코스닥_전업종_폐지사 포함_일반사항.xlsx,,2024-12-31 상장상태를 우선하여 동일 코드 중 매핑 레코드 선택
421,219550::2024,219550,(주)디와이디,디와이디,KOSDAQ,2025/12,074604,생활용품 도매업,01,"DYD Co.,LTD.",2015/07/22,,우리은행,코스닥_전업종_폐지사 포함_일반사항.xlsx,,2024-12-31 상장상태를 우선하여 동일 코드 중 매핑 레코드 선택
422,220180::2024,220180,(주)핸디소프트,핸디소프트,KOSDAQ,2025/12,105802,소프트웨어 개발 및 공급업,01,"HANDYSOFT, Inc.",2016/11/24,,우리은행,코스닥_전업종_폐지사 포함_일반사항.xlsx,,2024-12-31 상장상태를 우선하여 동일 코드 중 매핑 레코드 선택
423,220260::2024,220260,(주)켐트로스,켐트로스,KOSDAQ,2025/12,032004,기타 화학제품 제조업,01,"Chemtros Co., Ltd.",2015/07/27,,우리은행,코스닥_전업종_폐지사 포함_일반사항.xlsx,,2024-12-31 상장상태를 우선하여 동일 코드 중 매핑 레코드 선택
424,221840::2024,221840,하이즈항공(주),하이즈항공(주),KOSDAQ,2025/12,033103,"항공기, 우주선 및 부품 제조업",01,"HIZEAERO Co., Ltd.",2015/11/25,,우리은행,코스닥_전업종_폐지사 포함_일반사항.xlsx,,2024-12-31 상장상태를 우선하여 동일 코드 중 매핑 레코드 선택
425,222080::2024,222080,씨아이에스(주),씨아이에스(주),KOSDAQ,2025/12,032902,특수 목적용 기계 제조업,01,Creative & Innovative System Corporation,2015/09/02,,국민은행,코스닥_전업종_폐지사 포함_일반사항.xlsx,,2024-12-31 상장상태를 우선하여 동일 코드 중 매핑 레코드 선택
426,222810::2024,222810,세토피아,세토피아,KOSDAQ,,,,,,,,,공개 웹 종목자료 보완,https://kr.investing.com/equities/nics-tech-co-ltd-scoreboard,비재무 일반사항 파일에서 미매핑되어 공개 종목자료로 보완
427,222980::2024,222980,한국맥널티(주),한국맥널티(주),KOSDAQ,2025/12,031008,기타 식품 제조업,01,"Mcnulty Korea Co., Ltd.",2015/12/23,,IBK기업은행,코스닥_전업종_폐지사 포함_일반사항.xlsx,,2024-12-31 상장상태를 우선하여 동일 코드 중 매핑 레코드 선택
428,223310::2024,223310,사토시홀딩스(주),사토시홀딩스(주),KOSDAQ,2025/12,074608,상품 종합 도매업,01,"Satoshi Holdings Co., Ltd.",2015/12/24,,국민은행,코스닥_전업종_폐지사 포함_일반사항.xlsx,,2024-12-31 상장상태를 우선하여 동일 코드 중 매핑 레코드 선택
429,224760::2024,224760,(주)엔에스컴퍼니,엔에스컴퍼니,KONEX,2024/12,064102,토목 건설업,01,"NSCompany Co., Ltd.",2015/07/31,,IBK기업은행,코넥스_전업종_일반사항.xlsx,,2024-12-31 상장상태를 우선하여 동일 코드 중 매핑 레코드 선택
430,225430::2024,225430,케이엠제약(주),케이엠제약(주),KOSDAQ,2025/12,032004,기타 화학제품 제조업,01,"KMPHARMACEUTICAL Co.,Ltd.",2015/10/08,,우리은행,코스닥_전업종_폐지사 포함_일반사항.xlsx,,2024-12-31 상장상태를 우선하여 동일 코드 중 매핑 레코드 선택
431,232140::2024,232140,(주)와이씨,와이씨,KOSDAQ,2025/12,032902,특수 목적용 기계 제조업,01,YC Corporation,2015/12/24,,우리은행,코스닥_전업종_폐지사 포함_일반사항.xlsx,,2024-12-31 상장상태를 우선하여 동일 코드 중 매핑 레코드 선택
432,234080::2024,234080,제이더블유생명과학(주),제이더블유생명과학(주),KOSPI,2025/12,032102,의약품 제조업,01,JW Life Science Corporation,2016/10/27,,,코스피_전업종_폐지사 포함_일반사항.xlsx,,2024-12-31 상장상태를 우선하여 동일 코드 중 매핑 레코드 선택
433,234100::2024,234100,(주)폴라리스세원,폴라리스세원,KOSDAQ,2025/12,033003,자동차 신품 부품 제조업,01,"Sewon Co., Ltd.",2017/10/20,,국민은행,코스닥_전업종_폐지사 포함_일반사항.xlsx,,2024-12-31 상장상태를 우선하여 동일 코드 중 매핑 레코드 선택
434,236200::2024,236200,(주)슈프리마,슈프리마,KOSDAQ,2025/12,032604,통신 및 방송 장비 제조업,01,Suprema Inc.,2016/02/05,,IBK기업은행,코스닥_전업종_폐지사 포함_일반사항.xlsx,,2024-12-31 상장상태를 우선하여 동일 코드 중 매핑 레코드 선택
435,237750::2024,237750,피앤씨테크(주),피앤씨테크(주),KOSDAQ,2025/12,032801,"전동기, 발전기 및 전기 변환ㆍ 공급ㆍ제어 장치 제조업",01,"PNC Technologies Co., Ltd.",2016/07/04,,IBK기업은행,코스닥_전업종_폐지사 포함_일반사항.xlsx,,2024-12-31 상장상태를 우선하여 동일 코드 중 매핑 레코드 선택
436,238170::2024,238170,(주)엔에스엠,엔에스엠,KONEX,2024/12,032002,합성고무 및 플라스틱 물질 제조업,01,"NSM CO.,LTD.",2019/12/26,,우리은행,코넥스_전업종_일반사항.xlsx,,2024-12-31 상장상태를 우선하여 동일 코드 중 매핑 레코드 선택
437,238490::2024,238490,(주)힘스,힘스,KOSDAQ,2025/12,032902,특수 목적용 기계 제조업,01,"HIMS CO., LTD.",2017/07/20,,IBK기업은행,코스닥_전업종_폐지사 포함_일반사항.xlsx,,2024-12-31 상장상태를 우선하여 동일 코드 중 매핑 레코드 선택
438,239610::2024,239610,(주)에이치엘사이언스,에이치엘사이언스,KOSDAQ,2025/12,031008,기타 식품 제조업,01,"HLSCIENCE CO., LTD.",2016/10/28,,국민은행,코스닥_전업종_폐지사 포함_일반사항.xlsx,,2024-12-31 상장상태를 우선하여 동일 코드 중 매핑 레코드 선택
439,240600::2024,240600,(주)유진테크놀로지,유진테크놀로지,KOSDAQ,2025/12,032509,기타 금속 가공제품 제조업,01,"YUJIN TECHNOLOGY CO.,LTD.",2023/11/02,,IBK기업은행,코스닥_전업종_폐지사 포함_일반사항.xlsx,,2024-12-31 상장상태를 우선하여 동일 코드 중 매핑 레코드 선택
440,241770::2024,241770,(주)메카로,메카로,KOSDAQ,2025/12,032601,반도체 제조업,01,"MECARO CO., LTD.",2017/12/06,,IBK기업은행,코스닥_전업종_폐지사 포함_일반사항.xlsx,,2024-12-31 상장상태를 우선하여 동일 코드 중 매핑 레코드 선택
441,244920::2024,244920,(주)에이플러스에셋어드바이저,에이플러스에셋어드바이저,KOSPI,2025/12,147509,기타 사업지원 서비스업,01,"APLUS ASSET ADVISOR CO., LTD.",2020/11/20,,,코스피_전업종_폐지사 포함_일반사항.xlsx,,2024-12-31 상장상태를 우선하여 동일 코드 중 매핑 레코드 선택
442,247540::2024,247540,(주)에코프로비엠,에코프로비엠,KOSDAQ,2025/12,032802,일차전지 및 이차전지 제조업,01,"ECOPRO BM CO.,LTD.",2019/03/05,,KDB산업은행,코스닥_전업종_폐지사 포함_일반사항.xlsx,,2024-12-31 상장상태를 우선하여 동일 코드 중 매핑 레코드 선택
443,250030::2024,250030,(주)진코스텍,진코스텍,KONEX,2024/12,032004,기타 화학제품 제조업,01,"JINCOSTECH CO.,LTD.",2019/11/29,,IBK기업은행,코넥스_전업종_일반사항.xlsx,,2024-12-31 상장상태를 우선하여 동일 코드 중 매핑 레코드 선택
444,250930::2024,250930,(주)예선테크,예선테크,KOSDAQ,2025/12,032202,플라스틱제품 제조업,01,"YeSUN Tech Co., Ltd.",2016/09/29,,국민은행,코스닥_전업종_폐지사 포함_일반사항.xlsx,,2024-12-31 상장상태를 우선하여 동일 코드 중 매핑 레코드 선택
445,251370::2024,251370,와이엠티(주),와이엠티(주),KOSDAQ,2025/12,032001,기초 화학물질 제조업,01,"YMT CO., LTD.",2017/04/27,,IBK기업은행,코스닥_전업종_폐지사 포함_일반사항.xlsx,,2024-12-31 상장상태를 우선하여 동일 코드 중 매핑 레코드 선택
446,251970::2024,251970,펌텍코리아(주),펌텍코리아(주),KOSDAQ,2025/12,032202,플라스틱제품 제조업,01,"PUM-TECH KOREA CO., LTD.",2019/07/04,,IBK기업은행,코스닥_전업종_폐지사 포함_일반사항.xlsx,,2024-12-31 상장상태를 우선하여 동일 코드 중 매핑 레코드 선택
447,252990::2024,252990,(주)샘씨엔에스,샘씨엔에스,KOSDAQ,2025/12,032602,전자부품 제조업,01,"SEMCNS Co., Ltd.",2021/05/20,,IBK기업은행,코스닥_전업종_폐지사 포함_일반사항.xlsx,,2024-12-31 상장상태를 우선하여 동일 코드 중 매핑 레코드 선택
448,253450::2024,253450,스튜디오드래곤(주),스튜디오드래곤(주),KOSDAQ,2025/12,105901,"영화, 비디오물, 방송프로그램 제작 및 배급업",01,Studio Dragon Corporation,2017/11/24,,우리은행,코스닥_전업종_폐지사 포함_일반사항.xlsx,,2024-12-31 상장상태를 우선하여 동일 코드 중 매핑 레코드 선택
449,253590::2024,253590,(주)네오셈,네오셈,KOSDAQ,2025/12,032902,특수 목적용 기계 제조업,01,Neosem Inc.,2018/04/04,,우리은행,코스닥_전업종_폐지사 포함_일반사항.xlsx,,2024-12-31 상장상태를 우선하여 동일 코드 중 매핑 레코드 선택
450,254490::2024,254490,미래반도체(주),미래반도체(주),KOSDAQ,2025/12,074607,기타 전문 도매업,01,"MIRAI SEMICONDUCTORS CO., LTD.",2023/01/27,,신한은행,코스닥_전업종_폐지사 포함_일반사항.xlsx,,2024-12-31 상장상태를 우선하여 동일 코드 중 매핑 레코드 선택
451,255440::2024,255440,(주)야스,야스,KOSDAQ,2025/12,032902,특수 목적용 기계 제조업,01,"YAS Co., Ltd.",2017/09/29,,IBK기업은행,코스닥_전업종_폐지사 포함_일반사항.xlsx,,2024-12-31 상장상태를 우선하여 동일 코드 중 매핑 레코드 선택
452,256940::2024,256940,(주)킵스바이오파마,킵스바이오파마,KOSDAQ,2025/12,032902,특수 목적용 기계 제조업,01,Keeps Biopharma Inc.,2017/09/06,,KDB산업은행,코스닥_전업종_폐지사 포함_일반사항.xlsx,,2024-12-31 상장상태를 우선하여 동일 코드 중 매핑 레코드 선택
453,258790::2024,258790,소프트캠프(주),소프트캠프(주),KOSDAQ,2025/12,105802,소프트웨어 개발 및 공급업,01,"SOFTCAMP CO., LTD.",2017/04/27,,국민은행,코스닥_전업종_폐지사 포함_일반사항.xlsx,,2024-12-31 상장상태를 우선하여 동일 코드 중 매핑 레코드 선택
454,259630::2024,259630,(주)엠플러스,엠플러스,KOSDAQ,2025/12,032902,특수 목적용 기계 제조업,01,mPLUS corp.,2017/09/20,,신한은행,코스닥_전업종_폐지사 포함_일반사항.xlsx,,2024-12-31 상장상태를 우선하여 동일 코드 중 매핑 레코드 선택
455,262260::2024,262260,(주)에이프로,에이프로,KOSDAQ,2025/12,032809,기타 전기장비 제조업,01,"APRO Co., Ltd.",2020/07/16,,IBK기업은행,코스닥_전업종_폐지사 포함_일반사항.xlsx,,2024-12-31 상장상태를 우선하여 동일 코드 중 매핑 레코드 선택
456,263020::2024,263020,(주)디케이앤디,디케이앤디,KOSDAQ,2025/12,032202,플라스틱제품 제조업,01,"DKND CO., LTD.",2018/11/20,,IBK기업은행,코스닥_전업종_폐지사 포함_일반사항.xlsx,,2024-12-31 상장상태를 우선하여 동일 코드 중 매핑 레코드 선택
457,263770::2024,263770,(주)유에스티,유에스티,KOSDAQ,2025/12,032401,1차 철강 제조업,01,"UST CO., LTD.",2017/04/06,,우리은행,코스닥_전업종_폐지사 포함_일반사항.xlsx,,2024-12-31 상장상태를 우선하여 동일 코드 중 매핑 레코드 선택
458,263920::2024,263920,(주)휴엠앤씨,휴엠앤씨,KOSDAQ,2025/12,033309,그 외 기타 제품 제조업,01,"HuM&C Co., Ltd.",2017/09/28,,국민은행,코스닥_전업종_폐지사 포함_일반사항.xlsx,,2024-12-31 상장상태를 우선하여 동일 코드 중 매핑 레코드 선택
459,264450::2024,264450,(주)유비쿼스,유비쿼스,KOSDAQ,2025/12,032604,통신 및 방송 장비 제조업,01,Ubiquoss Inc.,2017/03/31,,IBK기업은행,코스닥_전업종_폐지사 포함_일반사항.xlsx,,2024-12-31 상장상태를 우선하여 동일 코드 중 매핑 레코드 선택
460,265520::2024,265520,에이피시스템(주),에이피시스템(주),KOSDAQ,2025/12,032902,특수 목적용 기계 제조업,01,Advanced Process Systems Corporation,2017/04/07,,우리은행,코스닥_전업종_폐지사 포함_일반사항.xlsx,,2024-12-31 상장상태를 우선하여 동일 코드 중 매핑 레코드 선택
461,265740::2024,265740,(주)엔에프씨,엔에프씨,KOSDAQ,2025/12,032004,기타 화학제품 제조업,01,NFC Corporation,2020/12/02,,IBK기업은행,코스닥_전업종_폐지사 포함_일반사항.xlsx,,2024-12-31 상장상태를 우선하여 동일 코드 중 매핑 레코드 선택
462,267080::2024,267080,세븐브로이맥주(주),세븐브로이맥주(주),KONEX,2024/12,031101,알코올음료 제조업,01,"Sevenbrau Co.,Ltd.",2024/01/17,,IBK기업은행,코넥스_전업종_일반사항.xlsx,,2024-12-31 상장상태를 우선하여 동일 코드 중 매핑 레코드 선택
463,267850::2024,267850,아시아나아이디티(주),아시아나아이디티(주),KOSPI,2025/12,106201,"컴퓨터 프로그래밍, 시스템 통합 및 관리업",01,AsianaIDT,2018/11/23,,,코스피_전업종_폐지사 포함_일반사항.xlsx,,2024-12-31 상장상태를 우선하여 동일 코드 중 매핑 레코드 선택
464,269620::2024,269620,(주)시스웍,시스웍,KOSDAQ,2025/12,032702,"측정, 시험, 항해, 제어 및 기타 정밀기기 제조업; 광학기기 제외",01,"SYSWORK CO., LTD.",2017/12/26,,KDB산업은행,코스닥_전업종_폐지사 포함_일반사항.xlsx,,2024-12-31 상장상태를 우선하여 동일 코드 중 매핑 레코드 선택
465,270870::2024,270870,(주)뉴트리,뉴트리,KOSDAQ,2025/12,031008,기타 식품 제조업,01,"Newtree Co.,Ltd.",2018/12/13,,IBK기업은행,코스닥_전업종_폐지사 포함_일반사항.xlsx,,2024-12-31 상장상태를 우선하여 동일 코드 중 매핑 레코드 선택
466,271830::2024,271830,팸텍(주),팸텍(주),KOSDAQ,2025/12,032902,특수 목적용 기계 제조업,01,"PAMTEK CO., LTD.",2023/05/23,,IBK기업은행,코스닥_전업종_폐지사 포함_일반사항.xlsx,,2024-12-31 상장상태를 우선하여 동일 코드 중 매핑 레코드 선택
467,272110::2024,272110,(주)케이엔제이,케이엔제이,KOSDAQ,2025/12,032601,반도체 제조업,01,"KnJ Co., Ltd.",2019/10/25,,우리은행,코스닥_전업종_폐지사 포함_일반사항.xlsx,,2024-12-31 상장상태를 우선하여 동일 코드 중 매핑 레코드 선택
468,275630::2024,275630,(주)에스에스알,에스에스알,KOSDAQ,2025/12,105802,소프트웨어 개발 및 공급업,01,SSR Inc.,2018/08/06,,우리은행,코스닥_전업종_폐지사 포함_일반사항.xlsx,,2024-12-31 상장상태를 우선하여 동일 코드 중 매핑 레코드 선택
469,277410::2024,277410,(주)인산가,인산가,KOSDAQ,2025/12,031008,기타 식품 제조업,01,INSAN Inc.,2017/09/29,,우리은행,코스닥_전업종_폐지사 포함_일반사항.xlsx,,2024-12-31 상장상태를 우선하여 동일 코드 중 매핑 레코드 선택
470,277810::2024,277810,(주)레인보우로보틱스,레인보우로보틱스,KOSDAQ,2025/12,032902,특수 목적용 기계 제조업,01,Rainbow Robotics,2021/02/03,,우리은행,코스닥_전업종_폐지사 포함_일반사항.xlsx,,2024-12-31 상장상태를 우선하여 동일 코드 중 매핑 레코드 선택
471,281740::2024,281740,(주)레이크머티리얼즈,레이크머티리얼즈,KOSDAQ,2025/12,032004,기타 화학제품 제조업,01,"Lake Materials Co., Ltd.",2017/12/12,,국민은행,코스닥_전업종_폐지사 포함_일반사항.xlsx,,2024-12-31 상장상태를 우선하여 동일 코드 중 매핑 레코드 선택
472,281820::2024,281820,(주)케이씨텍,케이씨텍,KOSPI,2025/12,032702,"측정, 시험, 항해, 제어 및 기타 정밀기기 제조업; 광학기기 제외",01,"KCTECH CO., LTD.",2017/12/05,,,코스피_전업종_폐지사 포함_일반사항.xlsx,,2024-12-31 상장상태를 우선하여 동일 코드 중 매핑 레코드 선택
473,282330::2024,282330,(주)비지에프리테일,비지에프리테일,KOSPI,2025/12,074701,종합 소매업,01,"BGF Retail CO., LTD.",2017/12/08,,,코스피_전업종_폐지사 포함_일반사항.xlsx,,2024-12-31 상장상태를 우선하여 동일 코드 중 매핑 레코드 선택
474,288620::2024,288620,에스퓨얼셀(주),에스퓨얼셀(주),KOSDAQ,2025/12,032801,"전동기, 발전기 및 전기 변환ㆍ 공급ㆍ제어 장치 제조업",01,"S-Fuelcell Co., Ltd.",2018/10/15,,IBK기업은행,코스닥_전업종_폐지사 포함_일반사항.xlsx,,2024-12-31 상장상태를 우선하여 동일 코드 중 매핑 레코드 선택
475,289220::2024,289220,(주)자이언트스텝,자이언트스텝,KOSDAQ,2025/12,105901,"영화, 비디오물, 방송프로그램 제작 및 배급업",01,GIANTSTEP Inc.,2021/03/24,,신한은행,코스닥_전업종_폐지사 포함_일반사항.xlsx,,2024-12-31 상장상태를 우선하여 동일 코드 중 매핑 레코드 선택
476,290560::2024,290560,파라택시스이더리움(주),파라택시스이더리움(주),KOSDAQ,2025/12,105802,소프트웨어 개발 및 공급업,01,"Parataxis Ethereum, Inc.",2023/11/03,,국민은행,코스닥_전업종_폐지사 포함_일반사항.xlsx,,2024-12-31 상장상태를 우선하여 동일 코드 중 매핑 레코드 선택
477,290720::2024,290720,(주)푸드나무,푸드나무,KOSDAQ,2025/12,074709,무점포 소매업,01,"FOODNAMOO, INC.",2018/10/04,,국민은행,코스닥_전업종_폐지사 포함_일반사항.xlsx,,2024-12-31 상장상태를 우선하여 동일 코드 중 매핑 레코드 선택
478,294140::2024,294140,(주)레몬,레몬,KOSDAQ,2025/12,032005,화학섬유 제조업,01,"LEMON Co., Ltd.",2020/02/28,,IBK기업은행,코스닥_전업종_폐지사 포함_일반사항.xlsx,,2024-12-31 상장상태를 우선하여 동일 코드 중 매핑 레코드 선택
479,294570::2024,294570,(주)쿠콘,쿠콘,KOSDAQ,2025/12,106309,기타 정보 서비스업,01,Coocon Corporation,2021/04/28,,신한은행,코스닥_전업종_폐지사 포함_일반사항.xlsx,,2024-12-31 상장상태를 우선하여 동일 코드 중 매핑 레코드 선택
480,297090::2024,297090,씨에스베어링(주),씨에스베어링(주),KOSDAQ,2025/12,032901,일반 목적용 기계 제조업,01,"CS BEARING Co., Ltd.",2019/11/21,,IBK기업은행,코스닥_전업종_폐지사 포함_일반사항.xlsx,,2024-12-31 상장상태를 우선하여 동일 코드 중 매핑 레코드 선택
481,297890::2024,297890,에이치비솔루션(주),에이치비솔루션(주),KOSDAQ,2025/12,032902,특수 목적용 기계 제조업,01,"HB SOLUTION CO.,LTD.",2020/06/22,,우리은행,코스닥_전업종_폐지사 포함_일반사항.xlsx,,2024-12-31 상장상태를 우선하여 동일 코드 중 매핑 레코드 선택
482,298000::2024,298000,효성화학(주),효성화학(주),KOSPI,2025/12,032001,기초 화학물질 제조업,01,Hyosung Chemical Corporation,2018/07/13,,,코스피_전업종_폐지사 포함_일반사항.xlsx,,2024-12-31 상장상태를 우선하여 동일 코드 중 매핑 레코드 선택
483,298020::2024,298020,효성티앤씨(주),효성티앤씨(주),KOSPI,2025/12,032005,화학섬유 제조업,01,Hyosung TNC Corporation,2018/07/13,,,코스피_전업종_폐지사 포함_일반사항.xlsx,,2024-12-31 상장상태를 우선하여 동일 코드 중 매핑 레코드 선택
484,298690::2024,298690,에어부산(주),에어부산(주),KOSPI,2025/12,085101,항공 여객 운송업,01,"Air Busan Co.,Ltd.",2018/12/27,,,코스피_전업종_폐지사 포함_일반사항.xlsx,,2024-12-31 상장상태를 우선하여 동일 코드 중 매핑 레코드 선택
485,298830::2024,298830,슈어소프트테크(주),슈어소프트테크(주),KOSDAQ,2025/12,105802,소프트웨어 개발 및 공급업,01,Suresofttech Inc.,2023/04/28,,신한은행,코스닥_전업종_폐지사 포함_일반사항.xlsx,,2024-12-31 상장상태를 우선하여 동일 코드 중 매핑 레코드 선택
486,299900::2024,299900,(주)위지윅스튜디오,위지윅스튜디오,KOSDAQ,2025/12,105901,"영화, 비디오물, 방송프로그램 제작 및 배급업",01,"WYSIWYG STUDIOS CO., LTD.",2018/12/20,,우리은행,코스닥_전업종_폐지사 포함_일반사항.xlsx,,2024-12-31 상장상태를 우선하여 동일 코드 중 매핑 레코드 선택
487,302440::2024,302440,에스케이바이오사이언스(주),에스케이바이오사이언스(주),KOSPI,2025/12,032101,기초 의약 물질 제조업,01,"SK bioscience Co.,Ltd.",2021/03/18,,,코스피_전업종_폐지사 포함_일반사항.xlsx,,2024-12-31 상장상태를 우선하여 동일 코드 중 매핑 레코드 선택
488,303530::2024,303530,이노뎁(주),이노뎁(주),KOSDAQ,2025/12,105802,소프트웨어 개발 및 공급업,01,INNODEP INC.,2021/06/18,,IBK기업은행,코스닥_전업종_폐지사 포함_일반사항.xlsx,,2024-12-31 상장상태를 우선하여 동일 코드 중 매핑 레코드 선택
489,306040::2024,306040,(주)에스제이그룹,에스제이그룹,KOSDAQ,2025/12,031501,"가죽, 가방 및 유사제품 제조업",01,"SJ Group Co.,Ltd.",2019/11/18,,IBK기업은행,코스닥_전업종_폐지사 포함_일반사항.xlsx,,2024-12-31 상장상태를 우선하여 동일 코드 중 매핑 레코드 선택
490,307280::2024,307280,(주)원바이오젠,원바이오젠,KOSDAQ,2025/12,032103,의료용품 및 기타 의약 관련제품 제조업,01,"Wonbiogen Co.,Ltd.",2018/12/05,,국민은행,코스닥_전업종_폐지사 포함_일반사항.xlsx,,2024-12-31 상장상태를 우선하여 동일 코드 중 매핑 레코드 선택
491,307870::2024,307870,(주)비투엔,비투엔,KOSDAQ,2025/12,105802,소프트웨어 개발 및 공급업,01,"B2En Co., Ltd.",2018/12/12,,우리은행,코스닥_전업종_폐지사 포함_일반사항.xlsx,,2024-12-31 상장상태를 우선하여 동일 코드 중 매핑 레코드 선택
492,307950::2024,307950,현대오토에버(주),현대오토에버(주),KOSPI,2025/12,105802,소프트웨어 개발 및 공급업,01,HYUNDAI AUTOEVER Corp.,2019/03/28,,,코스피_전업종_폐지사 포함_일반사항.xlsx,,2024-12-31 상장상태를 우선하여 동일 코드 중 매핑 레코드 선택
493,308170::2024,308170,(주)씨티알모빌리티,씨티알모빌리티,KOSPI,2025/12,033003,자동차 신품 부품 제조업,01,"CTR Mobility Co.,Ltd.",2019/11/25,,,코스피_전업종_폐지사 포함_일반사항.xlsx,,2024-12-31 상장상태를 우선하여 동일 코드 중 매핑 레코드 선택
494,310870::2024,310870,디와이씨(주),디와이씨(주),KOSDAQ,2025/12,033003,자동차 신품 부품 제조업,01,"DYC Co., LTD.",2018/12/20,,국민은행,코스닥_전업종_폐지사 포함_일반사항.xlsx,,2024-12-31 상장상태를 우선하여 동일 코드 중 매핑 레코드 선택
495,311390::2024,311390,(주)네오크레마,네오크레마,KOSDAQ,2025/12,031008,기타 식품 제조업,01,"Neo Cremar Co., Ltd.",2019/08/22,,IBK기업은행,코스닥_전업종_폐지사 포함_일반사항.xlsx,,2024-12-31 상장상태를 우선하여 동일 코드 중 매핑 레코드 선택
496,314140::2024,314140,(주)알피바이오,알피바이오,KOSDAQ,2025/12,032102,의약품 제조업,01,RPbio Inc.,2022/09/29,,국민은행,코스닥_전업종_폐지사 포함_일반사항.xlsx,,2024-12-31 상장상태를 우선하여 동일 코드 중 매핑 레코드 선택
497,317120::2024,317120,(주)라닉스,라닉스,KOSDAQ,2025/12,032601,반도체 제조업,01,Ranix INC.,2019/09/18,,국민은행,코스닥_전업종_폐지사 포함_일반사항.xlsx,,2024-12-31 상장상태를 우선하여 동일 코드 중 매핑 레코드 선택
498,317240::2024,317240,(주)티에스트릴리온,티에스트릴리온,KOSDAQ,2025/12,032004,기타 화학제품 제조업,01,"TS Trillion Co., Ltd.",2019/04/29,,우리은행,코스닥_전업종_폐지사 포함_일반사항.xlsx,,2024-12-31 상장상태를 우선하여 동일 코드 중 매핑 레코드 선택
499,317330::2024,317330,(주)덕산테코피아,덕산테코피아,KOSDAQ,2025/12,032004,기타 화학제품 제조업,01,"Duksan Techopia Co., Ltd.",2019/08/02,,IBK기업은행,코스닥_전업종_폐지사 포함_일반사항.xlsx,,2024-12-31 상장상태를 우선하여 동일 코드 중 매핑 레코드 선택
500,317400::2024,317400,자이에스앤디(주),자이에스앤디(주),KOSPI,2025/12,126801,부동산 임대 및 공급업,01,"Xi S&D, Inc.",2019/11/06,,,코스피_전업종_폐지사 포함_일반사항.xlsx,,2024-12-31 상장상태를 우선하여 동일 코드 중 매핑 레코드 선택
501,317770::2024,317770,(주)엑스페릭스,엑스페릭스,KOSDAQ,2025/12,032602,전자부품 제조업,01,Xperix Inc.,2019/08/01,,IBK기업은행,코스닥_전업종_폐지사 포함_일반사항.xlsx,,2024-12-31 상장상태를 우선하여 동일 코드 중 매핑 레코드 선택
502,317830::2024,317830,(주)에스피시스템스,에스피시스템스,KOSDAQ,2025/12,032902,특수 목적용 기계 제조업,01,"SP SYSTEMS CO.,LTD.",2019/08/14,,IBK기업은행,코스닥_전업종_폐지사 포함_일반사항.xlsx,,2024-12-31 상장상태를 우선하여 동일 코드 중 매핑 레코드 선택
503,317850::2024,317850,대모엔지니어링(주),대모엔지니어링(주),KOSDAQ,2025/12,032902,특수 목적용 기계 제조업,01,"DAEMO Engineering Co.,Ltd.",2019/07/24,,KDB산업은행,코스닥_전업종_폐지사 포함_일반사항.xlsx,,2024-12-31 상장상태를 우선하여 동일 코드 중 매핑 레코드 선택
504,318160::2024,318160,(주)셀바이오휴먼텍,셀바이오휴먼텍,KOSDAQ,2025/12,031309,기타 섬유제품 제조업,01,"Cell Bio Human Tech Co.,Ltd.",2023/04/20,,IBK기업은행,코스닥_전업종_폐지사 포함_일반사항.xlsx,,2024-12-31 상장상태를 우선하여 동일 코드 중 매핑 레코드 선택
505,319400::2024,319400,현대무벡스(주),현대무벡스(주),KOSDAQ,2025/12,032901,일반 목적용 기계 제조업,01,"HUYNDAI MOVEX Co., Ltd.",2019/05/08,,NH농협,코스닥_전업종_폐지사 포함_일반사항.xlsx,,2024-12-31 상장상태를 우선하여 동일 코드 중 매핑 레코드 선택
506,320000::2024,320000,(주)한울반도체,한울반도체,KOSDAQ,2025/12,032902,특수 목적용 기계 제조업,01,"HanWool Semiconductor, Inc.",2019/09/18,,KEB하나은행,코스닥_전업종_폐지사 포함_일반사항.xlsx,,2024-12-31 상장상태를 우선하여 동일 코드 중 매핑 레코드 선택
507,321820::2024,321820,(주)아티스트컴퍼니,아티스트컴퍼니,KOSDAQ,2025/12,105802,소프트웨어 개발 및 공급업,01,Artist Company Inc.,2021/02/03,,KEB하나은행,코스닥_전업종_폐지사 포함_일반사항.xlsx,,2024-12-31 상장상태를 우선하여 동일 코드 중 매핑 레코드 선택
508,328380::2024,328380,솔트웨어(주),솔트웨어(주),KOSDAQ,2025/12,106200,"컴퓨터 프로그래밍, 시스템 통합 및 관리업",01,"Saltware Co., Ltd.",2019/08/20,,신한은행,코스닥_전업종_폐지사 포함_일반사항.xlsx,,2024-12-31 상장상태를 우선하여 동일 코드 중 매핑 레코드 선택
509,332290::2024,332290,(주)누보,누보,KOSDAQ,2025/12,032003,"비료, 농약 및 살균, 살충제 제조업",01,"NOUSBO CO., LTD.",2019/10/11,,국민은행,코스닥_전업종_폐지사 포함_일반사항.xlsx,,2024-12-31 상장상태를 우선하여 동일 코드 중 매핑 레코드 선택
510,332570::2024,332570,(주)피에스일렉트로닉스,피에스일렉트로닉스,KOSDAQ,2025/12,032602,전자부품 제조업,01,"Pentastone Electronics, Inc.",2020/07/31,,우리은행,코스닥_전업종_폐지사 포함_일반사항.xlsx,,2024-12-31 상장상태를 우선하여 동일 코드 중 매핑 레코드 선택
511,333620::2024,333620,(주)엔시스,엔시스,KOSDAQ,2025/12,032809,기타 전기장비 제조업,01,"Nsys Co., Ltd.",2021/04/01,,신한은행,코스닥_전업종_폐지사 포함_일반사항.xlsx,,2024-12-31 상장상태를 우선하여 동일 코드 중 매핑 레코드 선택
512,335870::2024,335870,(주)윙스풋,윙스풋,KOSDAQ,2025/12,074704,"섬유, 의복, 신발 및 가죽제품 소매업",01,WINGS'FOOT INC.,2019/12/09,,IBK기업은행,코스닥_전업종_폐지사 포함_일반사항.xlsx,,2024-12-31 상장상태를 우선하여 동일 코드 중 매핑 레코드 선택
513,339770::2024,339770,교촌에프앤비(주),교촌에프앤비(주),KOSPI,2025/12,074603,음ㆍ식료품 및 담배 도매업,01,kyochon F&B,2020/11/12,,,코스피_전업종_폐지사 포함_일반사항.xlsx,,2024-12-31 상장상태를 우선하여 동일 코드 중 매핑 레코드 선택
514,347000::2024,347000,(주)센코,센코,KOSDAQ,2025/12,032702,"측정, 시험, 항해, 제어 및 기타 정밀기기 제조업; 광학기기 제외",01,"SENKO Co.,Ltd.",2020/10/29,,우리은행,코스닥_전업종_폐지사 포함_일반사항.xlsx,,2024-12-31 상장상태를 우선하여 동일 코드 중 매핑 레코드 선택
515,348340::2024,348340,(주)뉴로메카,뉴로메카,KOSDAQ,2025/12,032902,특수 목적용 기계 제조업,01,"Neuromeka Co., Ltd.",2022/11/04,,IBK기업은행,코스닥_전업종_폐지사 포함_일반사항.xlsx,,2024-12-31 상장상태를 우선하여 동일 코드 중 매핑 레코드 선택
516,352090::2024,352090,(주)스톰테크,스톰테크,KOSDAQ,2025/12,032202,플라스틱제품 제조업,01,"STORMTEC CO., LTD.",2023/11/20,,우리은행,코스닥_전업종_폐지사 포함_일반사항.xlsx,,2024-12-31 상장상태를 우선하여 동일 코드 중 매핑 레코드 선택
517,352700::2024,352700,(주)씨앤투스,씨앤투스,KOSDAQ,2025/12,032005,화학섬유 제조업,01,"CNTUS Co., Ltd.",2021/01/28,,우리은행,코스닥_전업종_폐지사 포함_일반사항.xlsx,,2024-12-31 상장상태를 우선하여 동일 코드 중 매핑 레코드 선택
518,353190::2024,353190,(주)휴럼,휴럼,KOSDAQ,2025/12,031008,기타 식품 제조업,01,"Hurum Co., Ltd.",2020/06/17,,NH농협,코스닥_전업종_폐지사 포함_일반사항.xlsx,,2024-12-31 상장상태를 우선하여 동일 코드 중 매핑 레코드 선택
519,353590::2024,353590,오토앤(주),오토앤(주),KOSDAQ,2025/12,074502,자동차 부품 및 내장품 판매업,01,AUTO& Inc.,2022/01/20,,IBK기업은행,코스닥_전업종_폐지사 포함_일반사항.xlsx,,2024-12-31 상장상태를 우선하여 동일 코드 중 매핑 레코드 선택
520,354320::2024,354320,(주)알멕,알멕,KOSDAQ,2025/12,032402,1차 비철금속 제조업,01,"ALMAC.CO.,LTD.",2023/06/30,,BNK경남은행,코스닥_전업종_폐지사 포함_일반사항.xlsx,,2024-12-31 상장상태를 우선하여 동일 코드 중 매핑 레코드 선택
521,354390::2024,354390,(주)바스칸바이오제약,바스칸바이오제약,KONEX,2024/12,032102,의약품 제조업,01,BASKHANBIO PHARMA INC.,2022/07/20,,IBK기업은행,코넥스_전업종_일반사항.xlsx,,2024-12-31 상장상태를 우선하여 동일 코드 중 매핑 레코드 선택
522,355390::2024,355390,(주)크라우드웍스,크라우드웍스,KOSDAQ,2025/12,105802,소프트웨어 개발 및 공급업,01,CROWDWORKS INC.,2023/08/31,,KEB하나은행,코스닥_전업종_폐지사 포함_일반사항.xlsx,,2024-12-31 상장상태를 우선하여 동일 코드 중 매핑 레코드 선택
523,357230::2024,357230,(주)에이치피오,에이치피오,KOSDAQ,2025/12,031008,기타 식품 제조업,01,"H.PIO Co., Ltd.",2021/05/14,,국민은행,코스닥_전업종_폐지사 포함_일반사항.xlsx,,2024-12-31 상장상태를 우선하여 동일 코드 중 매핑 레코드 선택
524,357580::2024,357580,(주)아모센스,아모센스,KOSDAQ,2025/12,032602,전자부품 제조업,01,"Amosense Co., Ltd.",2021/06/25,,KDB산업은행,코스닥_전업종_폐지사 포함_일반사항.xlsx,,2024-12-31 상장상태를 우선하여 동일 코드 중 매핑 레코드 선택
525,360350::2024,360350,(주)코셈,코셈,KOSDAQ,2025/12,032702,"측정, 시험, 항해, 제어 및 기타 정밀기기 제조업; 광학기기 제외",01,"COXEM CO., LTD.",2024/02/24,,IBK기업은행,코스닥_전업종_폐지사 포함_일반사항.xlsx,,2024-12-31 상장상태를 우선하여 동일 코드 중 매핑 레코드 선택
526,362990::2024,362990,(주)드림인사이트,드림인사이트,KOSDAQ,2025/12,137103,광고업,01,"DREAMINSIGHT Co., Ltd.",2024/01/25,,국민은행,코스닥_전업종_폐지사 포함_일반사항.xlsx,,2024-12-31 상장상태를 우선하여 동일 코드 중 매핑 레코드 선택
527,368600::2024,368600,(주)아이씨에이치,아이씨에이치,KOSDAQ,2025/12,032602,전자부품 제조업,01,"ICH CO.,LTD.",2022/07/29,,우리은행,코스닥_전업종_폐지사 포함_일반사항.xlsx,,2024-12-31 상장상태를 우선하여 동일 코드 중 매핑 레코드 선택
528,370090::2024,370090,(주)퓨런티어,퓨런티어,KOSDAQ,2025/12,032702,"측정, 시험, 항해, 제어 및 기타 정밀기기 제조업; 광학기기 제외",01,Furonteer Inc.,2022/02/23,,IBK기업은행,코스닥_전업종_폐지사 포함_일반사항.xlsx,,2024-12-31 상장상태를 우선하여 동일 코드 중 매핑 레코드 선택
529,372910::2024,372910,(주)한컴라이프케어,한컴라이프케어,KOSPI,2025/12,032701,의료용 기기 제조업,01,HANCOM LIFECARE INC.,2021/08/17,,,코스피_전업종_폐지사 포함_일반사항.xlsx,,2024-12-31 상장상태를 우선하여 동일 코드 중 매핑 레코드 선택
530,373170::2024,373170,엠아이큐브솔루션(주),엠아이큐브솔루션(주),KOSDAQ,2025/12,105802,소프트웨어 개발 및 공급업,01,"MICUBE SOLUTION, INC.",2023/08/04,,IBK기업은행,코스닥_전업종_폐지사 포함_일반사항.xlsx,,2024-12-31 상장상태를 우선하여 동일 코드 중 매핑 레코드 선택
531,373200::2024,373200,(주)엑스플러스,엑스플러스,KOSDAQ,2025/12,033309,그 외 기타 제품 제조업,01,Xplus INC.,2021/02/26,,IBK기업은행,코스닥_전업종_폐지사 포함_일반사항.xlsx,,2024-12-31 상장상태를 우선하여 동일 코드 중 매핑 레코드 선택
532,377220::2024,377220,(주)프롬바이오,프롬바이오,KOSDAQ,2025/12,031008,기타 식품 제조업,01,"Form Bio Co., Ltd.",2021/09/28,,국민은행,코스닥_전업종_폐지사 포함_일반사항.xlsx,,2024-12-31 상장상태를 우선하여 동일 코드 중 매핑 레코드 선택
533,378340::2024,378340,(주)필에너지,필에너지,KOSDAQ,2025/12,032902,특수 목적용 기계 제조업,01,"Philenergy Co., Ltd.",2023/07/14,,국민은행,코스닥_전업종_폐지사 포함_일반사항.xlsx,,2024-12-31 상장상태를 우선하여 동일 코드 중 매핑 레코드 선택
534,381620::2024,381620,제닉스 로보틱스(주),제닉스 로보틱스(주),KOSDAQ,2025/12,032902,특수 목적용 기계 제조업,01,"ZENIX ROBOTICS Co., Ltd.",2024/09/30,,KEB하나은행,코스닥_전업종_폐지사 포함_일반사항.xlsx,,2024-12-31 상장상태를 우선하여 동일 코드 중 매핑 레코드 선택
535,382480::2024,382480,(주)지아이텍,지아이텍,KOSDAQ,2025/12,032902,특수 목적용 기계 제조업,01,"G.I. Tech Co., Ltd.",2021/10/21,,KDB산업은행,코스닥_전업종_폐지사 포함_일반사항.xlsx,,2024-12-31 상장상태를 우선하여 동일 코드 중 매핑 레코드 선택
536,382800::2024,382800,(주)지앤비에스에코,지앤비에스에코,KOSDAQ,2025/12,032902,특수 목적용 기계 제조업,01,"GnBS eco Co., Ltd.",2021/10/29,,KEB하나은행,코스닥_전업종_폐지사 포함_일반사항.xlsx,,2024-12-31 상장상태를 우선하여 동일 코드 중 매핑 레코드 선택
537,382840::2024,382840,(주)원준,원준,KOSDAQ,2025/12,032902,특수 목적용 기계 제조업,01,"ONEJOON Co., Ltd.",2021/10/07,,우리은행,코스닥_전업종_폐지사 포함_일반사항.xlsx,,2024-12-31 상장상태를 우선하여 동일 코드 중 매핑 레코드 선택
538,383310::2024,383310,(주)에코프로에이치엔,에코프로에이치엔,KOSDAQ,2025/12,032004,기타 화학제품 제조업,01,"ECOPRO HN CO., LTD.",2021/05/28,,KDB산업은행,코스닥_전업종_폐지사 포함_일반사항.xlsx,,2024-12-31 상장상태를 우선하여 동일 코드 중 매핑 레코드 선택
539,388050::2024,388050,지투파워(주),지투파워(주),KOSDAQ,2025/12,032801,"전동기, 발전기 및 전기 변환ㆍ 공급ㆍ제어 장치 제조업",01,"G2Power Co.,Ltd.",2022/04/01,,IBK기업은행,코스닥_전업종_폐지사 포함_일반사항.xlsx,,2024-12-31 상장상태를 우선하여 동일 코드 중 매핑 레코드 선택
540,389680::2024,389680,(주)유디엠텍,유디엠텍,KOSDAQ,2025/12,105802,소프트웨어 개발 및 공급업,01,"UDMTEK Co., Ltd.",2024/11/20,,우리은행,코스닥_전업종_폐지사 포함_일반사항.xlsx,,2024-12-31 상장상태를 우선하여 동일 코드 중 매핑 레코드 선택
541,391710::2024,391710,코닉오토메이션(주),코닉오토메이션(주),KOSDAQ,2025/12,032902,특수 목적용 기계 제조업,01,"Kornic Automation Co., Ltd.",2021/10/15,,NH농협,코스닥_전업종_폐지사 포함_일반사항.xlsx,,2024-12-31 상장상태를 우선하여 동일 코드 중 매핑 레코드 선택
542,393210::2024,393210,(주)토마토시스템,토마토시스템,KOSDAQ,2025/12,105802,소프트웨어 개발 및 공급업,01,"TOMATOSYSTEM CO.,LTD.",2023/04/27,,IBK기업은행,코스닥_전업종_폐지사 포함_일반사항.xlsx,,2024-12-31 상장상태를 우선하여 동일 코드 중 매핑 레코드 선택
543,398120::2024,398120,(주)에스지헬스케어,에스지헬스케어,KOSDAQ,2025/12,032701,의료용 기기 제조업,01,"SGHEALTHCARE CO.,LTD.",2024/12/19,,우리은행,코스닥_전업종_폐지사 포함_일반사항.xlsx,,2024-12-31 상장상태를 우선하여 동일 코드 중 매핑 레코드 선택
544,399720::2024,399720,(주)가온칩스,가온칩스,KOSDAQ,2025/12,032601,반도체 제조업,01,"GAONCHIPS CO.,LTD.",2022/05/20,,우리은행,코스닥_전업종_폐지사 포함_일반사항.xlsx,,2024-12-31 상장상태를 우선하여 동일 코드 중 매핑 레코드 선택
545,403490::2024,403490,농업회사법인우듬지팜(주),농업회사법인우듬지팜(주),KOSDAQ,2025/12,031003,"과실, 채소 가공 및 저장 처리업",01,"WooDeumGeeFarm Co.,Ltd.",2023/09/19,,NH농협,코스닥_전업종_폐지사 포함_일반사항.xlsx,,2024-12-31 상장상태를 우선하여 동일 코드 중 매핑 레코드 선택
546,406820::2024,406820,(주)뷰티스킨,뷰티스킨,KOSDAQ,2025/12,032004,기타 화학제품 제조업,01,"BEAUTYSKIN Co., Ltd.",2023/07/24,,IBK기업은행,코스닥_전업종_폐지사 포함_일반사항.xlsx,,2024-12-31 상장상태를 우선하여 동일 코드 중 매핑 레코드 선택
547,415380::2024,415380,(주)스튜디오삼익,스튜디오삼익,KOSDAQ,2025/12,074705,기타 생활용품 소매업,01,"Studio Samick Co.,Ltd.",2024/02/06,,IBK기업은행,코스닥_전업종_폐지사 포함_일반사항.xlsx,,2024-12-31 상장상태를 우선하여 동일 코드 중 매핑 레코드 선택
548,417200::2024,417200,엘에스머트리얼즈(주),엘에스머트리얼즈(주),KOSDAQ,2025/12,032602,전자부품 제조업,01,"LS Materials Co.,Ltd.",2023/12/12,,신한은행,코스닥_전업종_폐지사 포함_일반사항.xlsx,,2024-12-31 상장상태를 우선하여 동일 코드 중 매핑 레코드 선택
549,419050::2024,419050,(주)삼기에너지솔루션즈,삼기에너지솔루션즈,KOSDAQ,2025/12,033003,자동차 신품 부품 제조업,01,"SAMKEE ENERGY SOLUTIONS CO., LTD.",2023/02/03,,KDB산업은행,코스닥_전업종_폐지사 포함_일반사항.xlsx,,2024-12-31 상장상태를 우선하여 동일 코드 중 매핑 레코드 선택
550,419080::2024,419080,엔젯(주),엔젯(주),KOSDAQ,2025/12,032902,특수 목적용 기계 제조업,01,"ENJET Co.,LTD.",2022/11/18,,IBK기업은행,코스닥_전업종_폐지사 포함_일반사항.xlsx,,2024-12-31 상장상태를 우선하여 동일 코드 중 매핑 레코드 선택
551,419530::2024,419530,(주)에스에이엠지엔터테인먼트,에스에이엠지엔터테인먼트,KOSDAQ,2025/12,105901,"영화, 비디오물, 방송프로그램 제작 및 배급업",01,"SAMG Entertainment Co., Ltd.",2022/12/06,,신한은행,코스닥_전업종_폐지사 포함_일반사항.xlsx,,2024-12-31 상장상태를 우선하여 동일 코드 중 매핑 레코드 선택
552,420570::2024,420570,(주)제이투케이바이오,제이투케이바이오,KOSDAQ,2025/12,032004,기타 화학제품 제조업,01,"J2KBIO Co., Ltd.",2024/03/25,,신한은행,코스닥_전업종_폐지사 포함_일반사항.xlsx,,2024-12-31 상장상태를 우선하여 동일 코드 중 매핑 레코드 선택
553,430690::2024,430690,(주)한싹,한싹,KOSDAQ,2025/12,105802,소프트웨어 개발 및 공급업,01,"Hanssak Co.,Ltd.",2023/10/04,,국민은행,코스닥_전업종_폐지사 포함_일반사항.xlsx,,2024-12-31 상장상태를 우선하여 동일 코드 중 매핑 레코드 선택
554,432980::2024,432980,엠에프씨(주),엠에프씨(주),KOSDAQ,2025/12,032101,기초 의약 물질 제조업,01,"MFC Co., Ltd.",2024/12/26,,IBK기업은행,코스닥_전업종_폐지사 포함_일반사항.xlsx,,2024-12-31 상장상태를 우선하여 동일 코드 중 매핑 레코드 선택
555,439090::2024,439090,(주)마녀공장,마녀공장,KOSDAQ,2025/12,032004,기타 화학제품 제조업,01,"Manyo Factory Co., Ltd.",2023/06/08,,국민은행,코스닥_전업종_폐지사 포함_일반사항.xlsx,,2024-12-31 상장상태를 우선하여 동일 코드 중 매핑 레코드 선택
556,439580::2024,439580,(주)블루엠텍,블루엠텍,KOSDAQ,2025/12,074607,기타 전문 도매업,01,"BLUEMTEC CO., LTD.",2023/12/13,,IBK기업은행,코스닥_전업종_폐지사 포함_일반사항.xlsx,,2024-12-31 상장상태를 우선하여 동일 코드 중 매핑 레코드 선택
557,444530::2024,444530,(주)심플랫폼,심플랫폼,KOSDAQ,2025/12,105802,소프트웨어 개발 및 공급업,01,"Simplatform Co., Ltd.",2025/03/21,,IBK기업은행,코스닥_전업종_폐지사 포함_일반사항.xlsx,,2024-12-31 상장상태를 우선하여 동일 코드 중 매핑 레코드 선택
558,448710::2024,448710,코츠테크놀로지(주),코츠테크놀로지(주),KOSDAQ,2025/12,032603,컴퓨터 및 주변장치 제조업,01,"COTS Technology Co., Ltd.",2023/08/10,,신한은행,코스닥_전업종_폐지사 포함_일반사항.xlsx,,2024-12-31 상장상태를 우선하여 동일 코드 중 매핑 레코드 선택
559,450080::2024,450080,(주)에코프로머티리얼즈,에코프로머티리얼즈,KOSPI,2025/12,032802,일차전지 및 이차전지 제조업,01,"ECOPRO MATERIALS CO.,LTD.",2023/11/17,,,코스피_전업종_폐지사 포함_일반사항.xlsx,,2024-12-31 상장상태를 우선하여 동일 코드 중 매핑 레코드 선택
560,450520::2024,450520,(주)인스웨이브,인스웨이브,KOSDAQ,2025/12,105802,소프트웨어 개발 및 공급업,01,"Inswave Co., Ltd.",2023/09/25,,IBK기업은행,코스닥_전업종_폐지사 포함_일반사항.xlsx,,2024-12-31 상장상태를 우선하여 동일 코드 중 매핑 레코드 선택
561,451250::2024,451250,(주)삐아,삐아,KOSDAQ,2025/12,032004,기타 화학제품 제조업,01,"BBIA CO.,LTD.",2024/04/25,,국민은행,코스닥_전업종_폐지사 포함_일반사항.xlsx,,2024-12-31 상장상태를 우선하여 동일 코드 중 매핑 레코드 선택
562,452160::2024,452160,(주)제이엔비,제이엔비,KOSDAQ,2025/12,032902,특수 목적용 기계 제조업,01,"JNB Co.,Ltd.",2023/11/24,,IBK기업은행,코스닥_전업종_폐지사 포함_일반사항.xlsx,,2024-12-31 상장상태를 우선하여 동일 코드 중 매핑 레코드 선택
563,452190::2024,452190,(주)한빛레이저,한빛레이저,KOSDAQ,2025/12,032902,특수 목적용 기계 제조업,01,HBL Corporation,2024/01/04,,우리은행,코스닥_전업종_폐지사 포함_일반사항.xlsx,,2024-12-31 상장상태를 우선하여 동일 코드 중 매핑 레코드 선택
564,452280::2024,452280,한선엔지니어링(주),한선엔지니어링(주),KOSDAQ,2025/12,032509,기타 금속 가공제품 제조업,01,"HANSUN ENGINEERING CO., LTD.",2023/11/24,,BNK부산은행,코스닥_전업종_폐지사 포함_일반사항.xlsx,,2024-12-31 상장상태를 우선하여 동일 코드 중 매핑 레코드 선택
565,456700::2024,456700,길교이앤씨,길교이앤씨,KONEX,,,,,,,,,공개 웹 종목자료 보완,https://kr.investing.com/equities/gilgyo-e-c,비재무 일반사항 파일에서 미매핑되어 공개 종목자료로 보완
566,457370::2024,457370,(주)한켐,한켐,KOSDAQ,2025/12,032001,기초 화학물질 제조업,01,"HANCHEM CO.,LTD.",2024/10/22,,우리은행,코스닥_전업종_폐지사 포함_일반사항.xlsx,,2024-12-31 상장상태를 우선하여 동일 코드 중 매핑 레코드 선택
567,457550::2024,457550,(주)우진엔텍,우진엔텍,KOSDAQ,2025/12,137309,"그 외 기타 전문, 과학 및 기술 서비스업",01,WOOJIN Ntec Inc.,2024/01/24,,IBK기업은행,코스닥_전업종_폐지사 포함_일반사항.xlsx,,2024-12-31 상장상태를 우선하여 동일 코드 중 매핑 레코드 선택
568,457600::2024,457600,(주)벡트,벡트,KOSDAQ,2025/12,032605,영상 및 음향기기 제조업,01,"VECT Co.,Ltd.",2024/12/16,,국민은행,코스닥_전업종_폐지사 포함_일반사항.xlsx,,2024-12-31 상장상태를 우선하여 동일 코드 중 매핑 레코드 선택
569,460930::2024,460930,현대힘스(주),현대힘스(주),KOSDAQ,2025/12,033101,선박 및 보트 건조업,01,"HYUNDAI HYMS CO., LTD.",2024/01/26,,KDB산업은행,코스닥_전업종_폐지사 포함_일반사항.xlsx,,2024-12-31 상장상태를 우선하여 동일 코드 중 매핑 레코드 선택
570,469750::2024,469750,(주)아이비젼웍스,아이비젼웍스,KOSDAQ,2025/12,032902,특수 목적용 기계 제조업,01,"IVISIONWORKS CO.,LTD.",2024/09/03,,신한은행,코스닥_전업종_폐지사 포함_일반사항.xlsx,,2024-12-31 상장상태를 우선하여 동일 코드 중 매핑 레코드 선택
571,475580::2024,475580,(주)에이럭스,에이럭스,KOSDAQ,2025/12,033309,그 외 기타 제품 제조업,01,"ALUX Co., Ltd.",2024/11/01,,KEB하나은행,코스닥_전업종_폐지사 포함_일반사항.xlsx,,2024-12-31 상장상태를 우선하여 동일 코드 중 매핑 레코드 선택
572,475660::2024,475660,(주)에스켐,에스켐,KOSDAQ,2025/12,032004,기타 화학제품 제조업,01,"S-CHEM Co.,Ltd.",2024/11/18,,KEB하나은행,코스닥_전업종_폐지사 포함_일반사항.xlsx,,2024-12-31 상장상태를 우선하여 동일 코드 중 매핑 레코드 선택
573,476080::2024,476080,(주)엠83,엠83,KOSDAQ,2025/12,105901,"영화, 비디오물, 방송프로그램 제작 및 배급업",01,"M eighty-three Co.,Ltd.",2024/08/22,,IBK기업은행,코스닥_전업종_폐지사 포함_일반사항.xlsx,,2024-12-31 상장상태를 우선하여 동일 코드 중 매핑 레코드 선택
574,478560::2024,478560,(주)블랙야크아이앤씨,블랙야크아이앤씨,KOSDAQ,2025/12,031502,신발 및 신발 부분품 제조업,01,"BLACK YAK I&C CO.,LTD.",2025/01/21,,신한은행,코스닥_전업종_폐지사 포함_일반사항.xlsx,,2024-12-31 상장상태를 우선하여 동일 코드 중 매핑 레코드 선택
575,479960::2024,479960,(주)위너스,위너스,KOSDAQ,2025/12,032809,기타 전기장비 제조업,01,"Winners Co., Ltd.",2025/02/24,,우리은행,코스닥_전업종_폐지사 포함_일반사항.xlsx,,2024-12-31 상장상태를 우선하여 동일 코드 중 매핑 레코드 선택